parameter,parameter_label,objective,cell,parameter_value,n_seeds,loss_mean,loss_std,gradient_mean,gradient_std,slope_mean,slope_std,seed_alignment_fraction,seed_qualified_fraction,update_positive_fraction,slope_positive_fraction,interior_fraction,update_nonzero_fraction,secant_consistency_fraction,cv_stencil_valid_fraction,cv_stencil_invalid_fraction,firing_rate_mean_hz,firing_rate_std_hz,spike_count_mean,sim_cv_mean,cv_valid_fraction,loss_sem,gradient_sem,slope_sem,firing_rate_sem_hz,raw_aligned,classification,qualified_status,aligned
Strf_alpha,STRF alpha (ms),PSTH SSE,1,0.1000000014901161,3,10930.666666666666,19.8578280114754,0.0,0.0,0.0,0.0,0.0,0.0,0.0,0.0,0.0,0.0,0.0,1.0,0.0,3.254924331398275,0.15377254773181562,97.0,0.6054372588793436,1.0,11.464922347946615,0.0,0.0,0.08878062182693833,False,red,inconclusive,False
Strf_alpha,STRF alpha (ms),PSTH SSE,1,0.1919383108615875,3,10930.666666666666,19.8578280114754,0.0,0.0,-5.176300841554621,8.965616052840442,0.0,0.0,0.0,0.3333333333333333,1.0,0.0,0.0,1.0,0.0,3.254924331398275,0.15377254773181562,97.0,0.6054389476776123,1.0,11.464922347946615,0.0,5.17630084155826,0.08878062182693833,False,red,inconclusive,False
Strf_alpha,STRF alpha (ms),PSTH SSE,1,0.3684031367301941,3,10928.0,24.43358344574123,-1.468598680165467e-12,2.5436875299751842e-12,-27.80197551577597,11.079773414319341,0.3333333333333333,0.0,0.0,0.0,1.0,0.0,0.3333333333333333,1.0,0.0,3.254924331398275,0.15377254773181562,97.0,0.6051974296569824,1.0,14.106735979665885,1.468598680165467e-12,6.39691016331733,0.08878062182693833,True,green,inconclusive,True
Strf_alpha,STRF alpha (ms),PSTH SSE,1,0.7071067690849304,3,10910.333333333334,15.176736583776076,-2.5492186412752933e-05,4.315113703471933e-05,-91.7249752761818,31.24479315509034,1.0,0.6666666666666666,0.0,0.0,1.0,0.6666666666666666,1.0,1.0,0.0,3.3332214802635254,0.15131202821458614,99.33333333333333,0.6206749280293783,1.0,8.76229295206316,2.4913320582833636e-05,18.039189738865584,0.08736004022131956,True,green,inconclusive,True
Strf_alpha,STRF alpha (ms),PSTH SSE,1,1.3572088479995728,3,10801.333333333334,15.04437879519594,-0.0034676424814581892,0.005626025229868948,-203.56902249604823,35.52440258088492,1.0,1.0,0.0,0.0,1.0,1.0,1.0,1.0,0.0,3.590483540820778,0.14626686834470934,107.0,0.6326275865236918,1.0,8.685876147197074,0.0032481871809324635,20.510023392874544,0.08444721581234149,True,green,stable_green,True
Strf_alpha,STRF alpha (ms),PSTH SSE,1,2.605003595352173,3,10461.333333333334,41.47690120215527,-0.41228389243284863,0.17973972961832305,-330.0819766659724,45.365861641485026,1.0,1.0,0.0,0.0,1.0,1.0,1.0,1.0,0.0,4.731384852857286,0.08878062182693831,141.0,0.8040239413579305,1.0,23.946700074215858,0.10377278127920937,26.1919924307307,0.051257515910605206,True,green,stable_green,True
Strf_alpha,STRF alpha (ms),PSTH SSE,1,5.0,3,9406.0,265.98684177981437,-8.204551378885904,3.316170046830176,-344.7461616375331,59.86380095110252,1.0,1.0,0.0,0.0,1.0,1.0,1.0,1.0,0.0,8.690983524042817,0.08878062182693831,259.0,1.2133484681447346,1.0,153.56757470247425,1.914591669215976,34.562381593833216,0.051257515910605206,True,green,stable_green,True
Strf_alpha,STRF alpha (ms),PSTH SSE,1,9.596915245056152,3,8667.333333333334,221.07540191828997,-78.913023630778,26.206964292801086,-115.0149920358905,12.390537575327853,1.0,1.0,0.0,0.0,1.0,1.0,1.0,1.0,0.0,15.961433061530373,0.23806579928853328,475.6666666666667,1.6800446510314941,1.0,127.63794280872943,15.130597889091618,7.153680204519709,0.13744735330407812,True,green,stable_green,True
Strf_alpha,STRF alpha (ms),PSTH SSE,1,18.42015838623047,3,8426.0,344.8303930920243,42.08609263102213,77.63592835888089,-278.0528020420347,21.513709877154486,0.3333333333333333,1.0,0.6666666666666666,0.0,1.0,1.0,1.0,1.0,0.0,28.377123810162967,0.5037115197117621,845.6666666666666,1.7608701785405476,1.0,199.0879202764447,44.82312413678638,12.420946188842654,0.29081798149950133,False,red,inconclusive,False
Strf_alpha,STRF alpha (ms),PSTH SSE,1,25.93766021728516,3,4730.0,79.22120928135344,140.3731231689453,79.20119456168487,-294.8236032656843,30.54821629453467,0.0,1.0,1.0,0.0,1.0,1.0,1.0,1.0,0.0,44.6629307741351,0.17756124365387968,1331.0,1.0019974907239277,1.0,45.73838650411709,45.72683100032869,17.637020900912503,0.10251503182121217,False,red,stable_red,False
Strf_alpha,STRF alpha (ms),PSTH SSE,1,35.35533905029297,3,4275.666666666667,107.82083904947748,805.1928914388021,46.949959515991,-36.46301477097629,12.927384460987088,0.0,0.3333333333333333,1.0,0.0,1.0,1.0,0.3333333333333333,1.0,0.0,45.52419941165285,0.07749407995565898,1356.6666666666667,0.7960669994354248,1.0,62.25039044946714,27.106571764999437,7.463628898468681,0.04474122792300209,False,red,inconclusive,False
Strf_alpha,STRF alpha (ms),PSTH SSE,1,67.86044311523438,3,4412.0,213.40337391897066,17.276789347330723,96.3933034041108,6.703227926300183,3.4663756164949113,0.6666666666666666,0.6666666666666666,0.6666666666666666,1.0,1.0,1.0,0.6666666666666666,1.0,0.0,44.34974217867409,0.15131202821458556,1321.6666666666667,0.7429823676745096,1.0,123.20849537809208,55.65269966844064,2.0013128952956922,0.08736004022131923,True,green,inconclusive,True
Strf_alpha,STRF alpha (ms),PSTH SSE,1,130.25018310546875,3,5130.666666666667,240.22558842332634,-92.6217041015625,23.771472733940914,11.510225392524703,4.449431175054699,0.0,1.0,0.0,1.0,1.0,1.0,1.0,1.0,0.0,44.21551849490509,0.06985221970625247,1317.6666666666667,0.8940925399462382,1.0,138.69430814244373,13.724466181974638,2.5688802866585436,0.040329197850897745,False,red,stable_red,False
Strf_alpha,STRF alpha (ms),PSTH SSE,1,250.0,3,6507.0,573.3227712205403,-5.102056960264842,4.073050143962095,11.493406579030752,3.6088096386359694,0.0,0.0,0.0,1.0,0.0,1.0,0.0,1.0,0.0,36.84440119459078,0.4943095823179164,1098.0,1.1620932817459106,1.0,331.0080562967212,2.35157659703936,2.0835472163205933,0.2853897704142605,False,red,inconclusive,False
Strf_alpha,STRF alpha (ms),PSTH SSE,2,0.1000000014901161,3,1853.0,50.46781152378217,0.0,0.0,0.0,0.0,0.0,0.0,0.0,0.0,0.0,0.0,0.0,1.0,0.0,4.2727872666465325,0.2380657992885335,127.33333333333333,0.5687967538833618,1.0,29.137604568666934,0.0,0.0,0.13744735330407823,False,red,inconclusive,False
Strf_alpha,STRF alpha (ms),PSTH SSE,2,0.1919383108615875,3,1853.0,50.46781152378217,0.0,0.0,3.88222563116733,6.724212039626393,0.0,0.0,0.0,0.6666666666666666,1.0,0.0,0.0,1.0,0.0,4.2727872666465325,0.2380657992885335,127.33333333333333,0.5687989592552185,1.0,29.137604568666934,0.0,3.882225631166421,0.13744735330407823,False,red,inconclusive,False
Strf_alpha,STRF alpha (ms),PSTH SSE,2,0.3684031367301941,3,1855.0,47.085029467974216,-7.958750258583887e-14,8.510736001586953e-14,-6.707016078326736,16.046605967361227,0.3333333333333333,0.0,0.0,0.3333333333333333,1.0,0.0,0.0,1.0,0.0,4.2727872666465325,0.2380657992885335,127.33333333333333,0.5678003629048666,1.0,27.184554438136377,4.913675721518067e-14,9.26451227483586,0.13744735330407823,True,green,inconclusive,True
Strf_alpha,STRF alpha (ms),PSTH SSE,2,0.7071067690849304,3,1841.0,46.76537180435969,0.0001264330474211587,0.0002192722401009424,-27.175576763408117,18.37990271342691,0.6666666666666666,0.0,0.3333333333333333,0.0,1.0,0.6666666666666666,0.3333333333333333,1.0,0.0,4.362269722492534,0.23489144659575167,130.0,0.5637721021970113,1.0,27.000000000000004,0.00012659688684809136,10.61164177927616,0.13561463992239783,False,red,inconclusive,False
Strf_alpha,STRF alpha (ms),PSTH SSE,2,1.3572088479995728,3,1841.0,40.0374824383352,0.020439591073833682,0.04544004086518589,-12.17015721223828,14.17884509345437,1.0,0.3333333333333333,0.3333333333333333,0.3333333333333333,1.0,1.0,0.3333333333333333,1.0,0.0,4.496493406261535,0.18683146078420199,134.0,0.5902834534645081,1.0,23.115651263447745,0.02623481982550267,8.186160031503885,0.10786719417685003,False,red,inconclusive,False
Strf_alpha,STRF alpha (ms),PSTH SSE,2,2.605003595352173,3,1796.6666666666667,16.92138686199605,-0.041198285141338935,0.03956465854015059,-35.51609519113389,9.453458078036638,0.6666666666666666,1.0,0.3333333333333333,0.0,1.0,1.0,1.0,1.0,0.0,4.932720378510788,0.23489144659575167,147.0,0.6100253661473592,1.0,9.769567259835219,0.022842666258551574,5.4579565661272955,0.13561463992239783,True,green,inconclusive,True
Strf_alpha,STRF alpha (ms),PSTH SSE,2,5.0,3,1711.6666666666667,66.90540586031393,-0.6384491225083669,0.4061851569576628,-32.64810231564119,12.835038623291522,1.0,1.0,0.0,0.0,1.0,1.0,1.0,1.0,0.0,5.838730243951545,0.2663418654808152,174.0,0.6703554590543112,1.0,38.627854083693414,0.234511109710337,7.410313004216604,0.15377254773181576,True,green,stable_green,True
Strf_alpha,STRF alpha (ms),PSTH SSE,2,9.596915245056152,3,1586.6666666666667,48.952357791360065,-2.8615280787150064,1.354917769285123,-22.976456358767248,4.176730469006861,1.0,1.0,0.0,0.0,1.0,1.0,1.0,1.0,0.0,7.952753263313312,0.298251549186792,237.0,0.7141096591949463,1.0,28.26265694830861,0.7822621388265731,2.4114364606136234,0.17219561220921725,True,green,stable_green,True
Strf_alpha,STRF alpha (ms),PSTH SSE,2,18.42015838623047,3,1455.3333333333333,18.448125469362306,-2.8138697147369385,1.8881794953778497,-10.259084140882186,0.7902317985621494,1.0,1.0,0.0,0.0,1.0,1.0,1.0,1.0,0.0,12.046575618267843,0.15377254773181565,359.0,0.8131707708040873,1.0,10.65103020578032,1.0901409399347333,0.4562405416220591,0.08878062182693834,True,green,stable_green,True
Strf_alpha,STRF alpha (ms),PSTH SSE,2,29.200740814208984,3,1405.6666666666667,73.63649457526702,35.143798828125,3.6474766709937567,-4.087698518056054,7.117508717651554,0.3333333333333333,0.6666666666666666,1.0,0.3333333333333333,1.0,1.0,0.6666666666666666,1.0,0.0,17.605673187700635,0.24274950968323927,524.6666666666666,0.5966308911641439,1.0,42.51404996521084,2.1058716378611257,4.109295574095633,0.14015149476126787,False,red,inconclusive,False
Strf_alpha,STRF alpha (ms),PSTH SSE,2,35.35533905029297,3,1382.3333333333333,118.09459485231888,32.61041545867919,62.971479671908114,-3.3215160310829894,5.592334764702304,0.6666666666666666,0.3333333333333333,0.6666666666666666,0.3333333333333333,1.0,1.0,0.3333333333333333,1.0,0.0,18.164938536738138,0.3427525574319544,541.3333333333334,0.573531448841095,1.0,68.1819461278261,36.3566007398452,3.228735981799378,0.19788828129877153,False,red,inconclusive,False
Strf_alpha,STRF alpha (ms),PSTH SSE,2,67.86044311523438,3,1355.0,30.805843601498726,-13.960495313008627,3.4559325318683825,-0.16487452561122287,1.9204832873519022,0.6666666666666666,0.3333333333333333,0.0,0.3333333333333333,1.0,1.0,0.3333333333333333,1.0,0.0,18.41101529031464,0.40033399702858646,548.6666666666666,0.5668737888336182,1.0,17.7857620959388,1.9952835775753957,1.1087915429267983,0.23113294095021325,True,green,inconclusive,True
Strf_alpha,STRF alpha (ms),PSTH SSE,2,130.25018310546875,3,1425.6666666666667,47.03544762552315,-4.0188984870910645,1.5775269310641304,0.6703123374309775,0.18493171158684024,0.0,0.3333333333333333,0.0,1.0,1.0,1.0,0.3333333333333333,1.0,0.0,17.046407838663132,0.2867019142081642,508.0,0.5933580795923868,1.0,27.155928348050335,0.9107855983037599,0.10677037346636045,0.1655274273452646,False,red,inconclusive,False
Strf_alpha,STRF alpha (ms),PSTH SSE,2,250.0,3,1399.6666666666667,44.185216230469365,0.10328944275776546,0.4650224003888272,-0.21711932990176763,0.7095184005721057,0.3333333333333333,0.0,0.3333333333333333,0.3333333333333333,0.0,1.0,0.0,1.0,0.0,12.348578906748097,0.20955665911876892,368.0,0.6344457864761353,1.0,25.510346484863312,0.26848080804369534,0.40964063956529795,0.12098759355269989,False,red,inconclusive,False
Strf_alpha,STRF alpha (ms),PSTH SSE,7,0.1000000014901161,3,3738.6666666666665,60.21074101298988,0.0,0.0,0.0,0.0,0.0,0.0,0.0,0.0,0.0,0.0,0.0,1.0,0.0,2.796326745187521,0.33778886324936525,83.33333333333333,0.6810136834780375,1.0,34.76268753195655,0.0,0.0,0.19502249112627873,False,red,inconclusive,False
Strf_alpha,STRF alpha (ms),PSTH SSE,7,0.1919383108615875,3,3738.6666666666665,60.21074101298988,0.0,0.0,1.5158245029548805e-12,1.3892761050119104e-12,0.0,0.0,0.0,0.6666666666666666,1.0,0.0,0.0,1.0,0.0,2.796326745187521,0.33778886324936525,83.33333333333333,0.6810136834780375,1.0,34.76268753195655,0.0,8.020989332073413e-13,0.19502249112627873,False,red,inconclusive,False
Strf_alpha,STRF alpha (ms),PSTH SSE,7,0.3684031367301941,3,3738.6666666666665,60.21074101298988,0.0,0.0,-3.03396305121017,3.0339630512098665,0.0,0.0,0.0,0.0,1.0,0.0,0.0,1.0,0.0,2.796326745187521,0.33778886324936525,83.33333333333333,0.6810076038042704,1.0,34.76268753195655,0.0,1.7516593843273949,0.19502249112627873,False,red,inconclusive,False
Strf_alpha,STRF alpha (ms),PSTH SSE,7,0.7071067690849304,3,3735.6666666666665,61.027316288145435,2.3928293972982718e-08,4.144502100329599e-08,-17.766380744732942,2.348526496319765,0.6666666666666666,0.3333333333333333,0.3333333333333333,0.0,1.0,0.3333333333333333,0.6666666666666666,1.0,0.0,2.807512052168272,0.3224396341375474,83.66666666666667,0.6859808166821798,1.0,35.2341374868812,2.3928294032822635e-08,1.355922404849185,0.18616060956671746,False,red,inconclusive,False
Strf_alpha,STRF alpha (ms),PSTH SSE,7,1.3572088479995728,3,3713.0,58.077534382926416,0.00032289162125800154,0.0005599332701035401,-28.41357107717776,23.433727322309814,0.6666666666666666,0.3333333333333333,0.3333333333333333,0.0,1.0,0.6666666666666666,0.6666666666666666,1.0,0.0,2.8969945080142723,0.2606440543993164,86.33333333333333,0.6778075695037842,1.0,33.53108010985231,0.00032327762422250633,13.52946877765186,0.1504829149701208,False,red,inconclusive,False
Strf_alpha,STRF alpha (ms),PSTH SSE,7,2.605003595352173,3,3693.0,100.01499887516871,0.010473814384719518,0.017074678188255046,-14.924001374518525,20.75181737586682,0.6666666666666666,0.6666666666666666,0.6666666666666666,0.3333333333333333,1.0,1.0,0.6666666666666666,1.0,0.0,3.0983300336677737,0.2931745561576489,92.33333333333333,0.726824680964152,1.0,57.74368652357878,0.009858070048315282,11.981067348130663,0.16926440891716768,False,red,inconclusive,False
Strf_alpha,STRF alpha (ms),PSTH SSE,7,5.0,3,3662.3333333333335,78.99578047803138,-0.06293711190422373,0.40269563842324846,-43.41556206000436,9.02876949636555,0.6666666666666666,1.0,0.3333333333333333,0.0,1.0,1.0,1.0,1.0,0.0,3.657595382705278,0.4733645172868659,109.0,0.8431028326352438,1.0,45.608235123836,0.2324964352451507,5.212762499177733,0.2732971314803893,True,green,inconclusive,True
Strf_alpha,STRF alpha (ms),PSTH SSE,7,9.596915245056152,3,3192.6666666666665,108.03857335846925,-0.5506233933071295,1.9350367085379532,-82.83116535085385,9.442408645724752,0.6666666666666666,1.0,0.3333333333333333,0.0,1.0,1.0,1.0,1.0,0.0,6.8230372582575525,0.3427525574319557,203.33333333333334,0.9353086352348328,1.0,62.37609941137536,1.1171939645661948,5.451577173407635,0.1978882812987723,True,green,inconclusive,True
Strf_alpha,STRF alpha (ms),PSTH SSE,7,18.42015838623047,3,2789.3333333333335,69.71609092120227,6.158334891001385,11.917590206887843,-7.940061536314464,8.566866049782023,0.6666666666666666,0.0,0.6666666666666666,0.3333333333333333,1.0,1.0,0.0,1.0,0.0,15.033052582128116,0.728248529049721,448.0,1.1200945377349854,1.0,40.250603860204556,6.8806239140383445,4.946082419953117,0.42045448428380544,False,red,inconclusive,False
Strf_alpha,STRF alpha (ms),PSTH SSE,7,35.35533905029297,3,3882.6666666666665,184.84948832315803,300.52110799153644,42.55255768239475,43.762913334845244,9.121744550174936,1.0,1.0,1.0,1.0,1.0,1.0,1.0,1.0,0.0,31.766271825330247,0.33778886324936724,946.6666666666666,0.862987756729126,1.0,106.72290184293988,24.567730632637687,5.266441671522502,0.19502249112627987,True,green,stable_green,True
Strf_alpha,STRF alpha (ms),PSTH SSE,7,67.86044311523438,3,4007.6666666666665,165.7417670152377,-88.23022969563802,10.145809714092039,3.4653129058676604,0.7751515707548922,0.0,0.6666666666666666,0.0,1.0,1.0,1.0,0.6666666666666666,1.0,0.0,32.8288759885015,0.273297131480387,978.3333333333334,0.8365848859151205,1.0,95.69105380221174,5.8576859695777586,0.44753396803809825,0.157788172428954,False,red,inconclusive,False
Strf_alpha,STRF alpha (ms),PSTH SSE,7,130.25018310546875,3,4178.333333333333,219.27684176249278,-32.17347081502279,3.6936289763736365,0.47504817655124515,1.8466058075065213,0.3333333333333333,0.3333333333333333,0.0,0.6666666666666666,1.0,1.0,0.3333333333333333,1.0,0.0,28.578459335816472,0.41956084993816944,851.6666666666666,0.9164206782976786,1.0,126.59954361862619,2.132517683795921,1.0661383600510164,0.2422335696532303,False,red,inconclusive,False
Strf_alpha,STRF alpha (ms),PSTH SSE,7,250.0,3,3715.6666666666665,65.68358496103366,-2.0885492165883384,0.7306516399874813,-3.8636106397904295,1.8623718148780655,1.0,0.0,0.0,0.0,0.0,1.0,0.0,1.0,0.0,16.69966332225988,0.2183284822203206,497.6666666666667,0.9585171341896057,1.0,37.92243545859244,0.42184192103061385,1.075240868651023,0.12605200798166455,True,green,inconclusive,True
Strf_gain,STRF gain,PSTH SSE,1,0.0010000000474974,3,8912.0,48.28043081829324,-39308.523763020836,25693.909005832425,-2113556.5944164917,386967.251058504,1.0,0.0,0.0,0.0,0.0,1.0,0.0,1.0,0.0,12.337393599767346,0.19080704349106795,367.6666666666667,1.2384514808654785,1.0,27.874719729532707,14834.385281051102,223415.64656619678,0.11016249792284472,True,green,inconclusive,True
Strf_gain,STRF gain,PSTH SSE,1,0.0015182418283075,3,7816.666666666667,162.54332755709578,-100671.015625,56623.060625395,-1600964.1338213666,195721.28519204297,1.0,1.0,0.0,0.0,1.0,1.0,1.0,1.0,0.0,17.594487880719885,0.3975113954546677,524.3333333333334,1.2864356835683186,1.0,93.84443392006676,32691.339294412304,112999.73669176553,0.22950331117169617,True,green,stable_green,True
Strf_gain,STRF gain,PSTH SSE,1,0.0023050580639392,3,7169.333333333333,176.51156713749185,-124125.57291666667,16453.059672703013,-714086.9317015779,42085.90834797055,1.0,1.0,0.0,0.0,1.0,1.0,1.0,1.0,0.0,23.25425321297943,0.45393608464375895,693.0,1.2909977038701375,1.0,101.90900080191362,9499.178431028062,24298.31051379072,0.26208012066395897,True,green,stable_green,True
Strf_gain,STRF gain,PSTH SSE,1,0.0034996354952454,3,6513.333333333333,249.83461196025934,-108774.1640625,43956.452187260635,-464640.29935863946,149142.7402320006,1.0,1.0,0.0,0.0,1.0,1.0,1.0,1.0,0.0,29.137724684853975,0.23568904293709747,868.3333333333334,1.2652846177419026,1.0,144.24208046814144,25378.269502935844,86107.60122062398,0.1360751323847785,True,green,stable_green,True
Strf_gain,STRF gain,PSTH SSE,1,0.0053132930770516,3,5903.333333333333,418.80106653796065,-64249.770182291664,83086.40124232057,-251809.33793227724,63478.4356661476,0.6666666666666666,1.0,0.3333333333333333,0.0,1.0,1.0,1.0,1.0,0.0,34.685636947306016,0.41686845304037506,1033.6666666666667,1.1956247886021931,1.0,241.79490850259396,47969.95612325104,36649.291919586656,0.24067911357952343,True,green,inconclusive,True
Strf_gain,STRF gain,PSTH SSE,1,0.0080668628215789,3,5563.333333333333,417.1430609914701,86301.005859375,125001.68349203083,-125451.59046255481,14945.19810179356,0.3333333333333333,1.0,0.6666666666666666,0.0,1.0,1.0,1.0,1.0,0.0,39.94273122825856,0.2853897704142596,1190.3333333333333,1.174461841583252,1.0,240.83765855400978,72169.7556132804,8628.614147162796,0.1647698607726383,False,red,inconclusive,False
Strf_gain,STRF gain,PSTH SSE,1,0.0122474487870931,3,5026.333333333333,387.0275614647274,-54288.91796875,96826.13022931947,-112550.80643538137,75089.3551995927,0.6666666666666666,0.6666666666666666,0.3333333333333333,0.0,1.0,1.0,0.6666666666666666,1.0,0.0,43.41017639229108,0.10786719417684812,1293.6666666666667,1.063032865524292,1.0,223.45046679546482,55902.592352487365,43352.85943776027,0.0622771535947329,True,green,inconclusive,True
Strf_gain,STRF gain,PSTH SSE,1,0.0151687059551477,3,4730.0,79.22120928135344,-151271.4453125,32345.468521018167,-40109.126627281505,61020.64858879537,0.6666666666666666,0.6666666666666666,0.0,0.3333333333333333,1.0,1.0,0.6666666666666666,1.0,0.0,44.6629307741351,0.17756124365387968,1331.0,1.0019974907239277,1.0,45.73838650411709,18674.664957674406,35230.287888866565,0.10251503182121217,True,green,inconclusive,True
Strf_gain,STRF gain,PSTH SSE,1,0.0185945890843868,3,4839.0,179.30142219179413,-248295.61458333334,55661.22732385038,29241.92320477719,55866.6936884401,0.3333333333333333,0.6666666666666666,0.0,0.6666666666666666,1.0,1.0,0.6666666666666666,1.0,0.0,45.2221961231726,0.051257515910607725,1347.6666666666667,0.9517375628153483,1.0,103.51972436851509,32136.02457884997,32254.650639755262,0.0295935406089809,False,red,inconclusive,False
Strf_gain,STRF gain,PSTH SSE,1,0.0282310806214809,3,5051.0,371.50908468030764,-658068.5416666666,151215.5703946735,20021.940199836394,14534.790529788886,0.0,0.6666666666666666,0.0,1.0,1.0,1.0,0.6666666666666666,1.0,0.0,46.03872353276736,0.23489144659575245,1372.0,0.85562135775884,1.0,214.4908700465671,87304.35027302755,8391.665224988437,0.13561463992239828,False,red,inconclusive,False
Strf_gain,STRF gain,PSTH SSE,1,0.0428616069257259,3,5300.0,471.36291750624594,-2524189.0833333335,135792.0286887115,25337.357537942564,14324.166276829876,0.0,0.6666666666666666,0.0,1.0,1.0,1.0,0.6666666666666666,1.0,0.0,46.00516761182511,0.17436167990022117,1371.0,0.7927675843238831,1.0,272.1415073082385,78399.56431723297,8270.061255844688,0.10066776282674805,False,red,inconclusive,False
Strf_gain,STRF gain,PSTH SSE,1,0.0650742799043655,3,6143.333333333333,986.3758580446569,-4766174.5,306817.5193103386,191103.4601519478,10676.958795894832,0.0,1.0,0.0,1.0,1.0,1.0,1.0,1.0,0.0,45.08797243940359,0.16889443162468298,1343.6666666666667,0.771969755490621,1.0,569.4843671642308,177141.1773659172,6164.345034936425,0.09751124556313957,False,red,stable_red,False
Strf_gain,STRF gain,PSTH SSE,1,0.0987984910607338,3,20429.0,172.53115660656772,25571304.0,3286031.7655117093,548209.7997246882,23798.948331336618,1.0,1.0,1.0,1.0,1.0,1.0,1.0,1.0,0.0,47.873113877610365,0.2853897704142614,1426.6666666666667,1.1304666996002197,1.0,99.61090971039935,1897191.3243838467,13740.329225527192,0.16476986077263933,True,green,stable_green,True
Strf_gain,STRF gain,PSTH SSE,1,0.1500000059604644,3,58184.666666666664,5181.707472767382,37074628.0,2925906.615335493,737393.5466676069,102867.81896213804,1.0,0.0,1.0,1.0,0.0,1.0,0.0,1.0,0.0,41.37445052179457,0.153772547731816,1233.0,2.4592529932657876,1.0,2991.6602042641434,1689272.9719876538,59390.76296874009,0.08878062182693855,True,green,inconclusive,True
Strf_gain,STRF gain,PSTH SSE,2,0.0010000000474974,3,1702.3333333333333,43.89001405027499,-2087.224782307943,1854.8582476933552,-171734.51330164436,5105.245098009734,1.0,0.0,0.0,0.0,0.0,1.0,0.0,1.0,0.0,6.644072346565551,0.26208012066395925,198.0,0.6769977807998657,1.0,25.339911426662724,1070.9029086143562,2947.514631614937,0.15131202821458647,True,green,inconclusive,True
Strf_gain,STRF gain,PSTH SSE,2,0.0015182418283075,3,1613.3333333333333,41.28357219685981,-5818.404378255208,1991.5278526465718,-141558.6933784664,23881.59020822885,1.0,1.0,0.0,0.0,1.0,1.0,1.0,1.0,0.0,7.908012035390311,0.35247030315736005,235.66666666666666,0.6887678702672323,1.0,23.835081520966362,1149.8091418241356,13788.042535397257,0.20349882440925085,True,green,stable_green,True
Strf_gain,STRF gain,PSTH SSE,2,0.0023050580639392,3,1538.0,78.54298186343577,-4328.350662231445,7517.157773567754,-83874.57045832854,21048.403960709547,0.6666666666666666,1.0,0.3333333333333333,0.0,1.0,1.0,1.0,1.0,0.0,9.518696240618324,0.4248944646873728,283.6666666666667,0.6725077629089355,1.0,45.34681172181054,4340.033064110231,12152.301692727642,0.24531293356443665,True,green,inconclusive,True
Strf_gain,STRF gain,PSTH SSE,2,0.0034996354952454,3,1459.3333333333333,36.11555528208497,-2240.5757649739585,7307.997070934501,-58313.54251615633,31246.512202318547,0.6666666666666666,1.0,0.3333333333333333,0.0,1.0,1.0,1.0,1.0,0.0,11.464939655268838,0.5309192884491953,341.6666666666667,0.6574548681577047,1.0,20.85132556404457,4219.2740761410305,18040.18223124554,0.30652639410410754,True,green,inconclusive,True
Strf_gain,STRF gain,PSTH SSE,2,0.0053132930770516,3,1374.3333333333333,19.85782801147533,-230.577392578125,7789.362133317756,-37677.72900739223,5143.079854646406,0.3333333333333333,1.0,0.6666666666666666,0.0,1.0,1.0,1.0,1.0,0.0,13.422368376900103,0.3781560239449896,400.0,0.6403650244077047,1.0,11.464922347946574,4497.190324486484,2969.3585385438437,0.2183284822203183,True,green,inconclusive,True
Strf_gain,STRF gain,PSTH SSE,2,0.0080668628215789,3,1309.0,48.38388161361178,-4890.017761230469,7102.138770343951,-14146.504836675784,12235.844118522387,1.0,0.3333333333333333,0.0,0.0,1.0,1.0,0.3333333333333333,1.0,0.0,15.256758721743116,0.3556505507775945,454.6666666666667,0.611506183942159,1.0,27.934447074057747,4100.421730880158,7064.3678955912,0.20533494122888285,True,green,inconclusive,True
Strf_gain,STRF gain,PSTH SSE,2,0.0122474487870931,3,1310.6666666666667,114.45668758676065,-7723.544352213542,28067.8515318419,25204.022870269506,5495.273244681085,0.6666666666666666,0.6666666666666666,0.6666666666666666,1.0,1.0,1.0,0.6666666666666666,1.0,0.0,16.78914577810588,0.3741648196073437,500.3333333333333,0.5895974238713583,1.0,66.08159938876916,16204.981637483372,3172.6974870871727,0.21602415932158767,False,red,inconclusive,False
Strf_gain,STRF gain,PSTH SSE,2,0.0146536584943532,3,1405.6666666666667,73.63649457526702,19790.629557291668,4712.480913624584,29035.017759482773,12902.569536293742,1.0,1.0,1.0,1.0,1.0,1.0,1.0,1.0,0.0,17.605673187700635,0.24274950968323927,524.6666666666666,0.5966308911641439,1.0,42.51404996521084,2720.752124032127,7449.301995017057,0.14015149476126787,True,green,stable_green,True
Strf_gain,STRF gain,PSTH SSE,2,0.0185945890843868,3,1452.6666666666667,57.95112883571235,37424.685221354164,44975.604550808996,5713.480195927266,4840.236376659641,0.6666666666666666,0.0,0.6666666666666666,1.0,1.0,1.0,0.0,1.0,0.0,18.15375322975739,0.4661737522046177,541.0,0.5829502741495768,1.0,33.45809983314121,25966.677394375733,2794.5117750058625,0.26914554132447394,True,green,inconclusive,True
Strf_gain,STRF gain,PSTH SSE,2,0.0282310806214809,3,1361.3333333333333,87.96211305632292,40249.799479166664,10946.463231912763,-6175.594612357073,1626.7263591158753,0.0,0.3333333333333333,1.0,0.0,1.0,1.0,0.3333333333333333,1.0,0.0,18.780130420679395,0.39323950720327133,559.6666666666666,0.5731086333592733,1.0,50.78494965155634,6319.943493619175,939.1909013334105,0.22703693533980449,False,red,inconclusive,False
Strf_gain,STRF gain,PSTH SSE,2,0.0428616069257259,3,1344.3333333333333,70.31595361888607,226195.30208333334,43115.99697176752,-444.29800927942534,2787.3121591529157,0.6666666666666666,1.0,1.0,0.6666666666666666,1.0,1.0,1.0,1.0,0.0,19.216357392928646,0.4653679197054816,572.6666666666666,0.5570253928502401,1.0,40.596934750189114,24893.03245802907,1609.255425402453,0.26868029371417596,False,red,inconclusive,False
Strf_gain,STRF gain,PSTH SSE,2,0.0650742799043655,3,1358.6666666666667,62.803927690338995,203513.453125,162027.88839341895,13039.30632838847,1064.2279576154708,1.0,0.6666666666666666,1.0,1.0,1.0,1.0,0.6666666666666666,1.0,0.0,19.563101909331902,0.41234205991223566,583.0,0.5476116935412089,1.0,36.25986455818301,93546.84498016708,614.4322978084177,0.23806579928853405,True,green,inconclusive,True
Strf_gain,STRF gain,PSTH SSE,2,0.0987984910607338,3,2433.0,158.2055624812225,631434.375,50621.635135435485,14273.560430284853,976.610026440445,1.0,0.0,1.0,1.0,1.0,1.0,0.0,1.0,0.0,16.73321924320213,0.43277165469062595,498.6666666666667,1.030226747194926,1.0,91.34002408582998,29226.414672262697,563.8460616586785,0.24986083133327266,True,green,inconclusive,True
Strf_gain,STRF gain,PSTH SSE,2,0.1500000059604644,3,1797.0,90.71383576941281,111437.45052083333,22279.715867660816,-12421.507473860824,2665.346467601761,0.0,0.0,1.0,0.0,0.0,1.0,0.0,1.0,0.0,9.552252161560572,0.2853897704142605,284.6666666666667,0.9270967642466227,1.0,52.373657500693994,12863.19995366235,1538.8385005534951,0.1647698607726388,False,red,inconclusive,False
Strf_gain,STRF gain,PSTH SSE,7,0.0010000000474974,3,3656.3333333333335,49.217205663602314,624.0927963256836,466.6531505235902,-260496.17186204475,100654.18759066457,0.0,0.0,1.0,0.0,0.0,1.0,0.0,1.0,0.0,3.4115186291287762,0.2931745561576489,101.66666666666667,0.8236342469851176,1.0,28.415566938641973,269.4223220729818,58112.722300533285,0.16926440891716768,False,red,inconclusive,False
Strf_gain,STRF gain,PSTH SSE,7,0.0015182418283075,3,3521.3333333333335,21.079215671683137,-454.8228759765625,389.8949186317681,-248738.81420498644,22032.2227089191,1.0,1.0,0.0,0.0,1.0,1.0,1.0,1.0,0.0,4.608346476069035,0.4141585535513039,137.33333333333334,0.9108688831329346,1.0,12.170090842352439,225.10593622771856,12720.30971184023,0.23911455238003135,True,green,stable_green,True
Strf_gain,STRF gain,PSTH SSE,7,0.0023050580639392,3,3339.6666666666665,98.73871243505937,-1767.840067545573,1438.2693546896446,-241809.22951426127,85041.75571977388,1.0,1.0,0.0,0.0,1.0,1.0,1.0,1.0,0.0,6.6105164256233016,0.5734038284163304,197.0,0.9429104129473368,1.0,57.00682220381858,830.3851990972557,49098.88055716985,0.33105485469053036,True,green,stable_green,True
Strf_gain,STRF gain,PSTH SSE,7,0.0034996354952454,3,3031.0,130.0884314610642,-3690.177490234375,7351.262425223018,-191398.6596602037,21177.523521813713,0.6666666666666666,1.0,0.3333333333333333,0.0,1.0,1.0,1.0,1.0,0.0,9.294990101003322,0.38112199897991794,277.0,0.9705600738525391,1.0,75.10659092250161,4244.253340086091,12226.848906088779,0.2200408887051439,True,green,inconclusive,True
Strf_gain,STRF gain,PSTH SSE,7,0.0053132930770516,3,2868.3333333333335,38.81151032017859,-7831.212076822917,11785.196674504674,-60718.086179201724,63094.63653258595,0.3333333333333333,0.6666666666666666,0.3333333333333333,0.3333333333333333,1.0,1.0,0.6666666666666666,1.0,0.0,12.807176492958847,0.5911305106863893,381.6666666666667,1.062200665473938,1.0,22.40783593101105,6804.186472477956,36427.7053865101,0.3412893594709879,True,green,inconclusive,True
Strf_gain,STRF gain,PSTH SSE,7,0.0069215721450746,3,2812.0,89.06177631284928,915.4404296875,14142.719835185007,31669.012875701534,35856.083051581525,0.3333333333333333,0.3333333333333333,0.6666666666666666,0.6666666666666666,1.0,1.0,0.3333333333333333,1.0,0.0,15.055423196089615,0.7176052227484736,448.6666666666667,1.1215395132700603,1.0,51.419840528729765,8165.303103917524,20701.519201916173,0.4143095685257126,True,green,inconclusive,True
Strf_gain,STRF gain,PSTH SSE,7,0.0080668628215789,3,2902.6666666666665,101.79063480170136,-23713.287109375,11473.000739859895,73886.06467242447,65037.23962096393,0.0,0.6666666666666666,0.0,1.0,1.0,1.0,0.6666666666666666,1.0,0.0,16.442401261702628,0.41911331823753556,490.0,1.1556509733200073,1.0,58.76885040374517,6623.940065570887,37549.26780251372,0.24197518710539845,False,red,inconclusive,False
Strf_gain,STRF gain,PSTH SSE,7,0.0122474487870931,3,3131.0,52.602281319349636,5657.973063151042,39123.71348669649,88297.91843847795,25394.23578216612,0.6666666666666666,1.0,0.6666666666666666,1.0,1.0,1.0,1.0,1.0,0.0,19.921031732715903,0.5517202982064806,593.6666666666666,1.2792917887369792,1.0,30.369941279714936,22588.08651324201,14661.368864698437,0.3185358626868922,True,green,inconclusive,True
Strf_gain,STRF gain,PSTH SSE,7,0.0185945890843868,3,4016.0,137.44817205041323,110472.6953125,30858.247689087937,135491.5672138799,1324.6292236180725,1.0,1.0,1.0,1.0,1.0,1.0,1.0,1.0,0.0,23.06410299430668,0.41006012728484215,687.3333333333334,1.3708202441533406,1.0,79.35573913292808,17816.017610015067,764.7750388323392,0.23674832487183584,True,green,stable_green,True
Strf_gain,STRF gain,PSTH SSE,7,0.0282310806214809,3,5264.0,89.44830909525345,277314.3333333333,54173.57197592923,90827.6022229264,16457.28805710694,1.0,1.0,1.0,1.0,1.0,1.0,1.0,1.0,0.0,26.621030614185205,0.1655274273452664,793.3333333333334,1.4061009486516316,1.0,51.643005334701435,31277.12636326631,9501.619689901905,0.09556730473605578,True,green,stable_green,True
Strf_gain,STRF gain,PSTH SSE,7,0.0428616069257259,3,5733.666666666667,287.6548858151609,472887.4479166667,42523.1246439935,27583.627703125854,11467.716293889811,1.0,1.0,1.0,1.0,1.0,1.0,1.0,1.0,0.0,28.824536089392968,0.06711184188449959,859.0,1.3599111239115398,1.0,166.07762575909422,24550.737459993656,6620.88908926754,0.03874703997782744,True,green,stable_green,True
Strf_gain,STRF gain,PSTH SSE,7,0.0650742799043655,3,6194.0,325.3352117432111,881636.9791666666,168293.54796813938,25886.48701306096,4165.8003078566235,1.0,1.0,1.0,1.0,1.0,1.0,1.0,1.0,0.0,31.58730691363824,0.10786719417684756,941.3333333333334,1.3009696006774902,1.0,187.83237207680685,97164.32522228247,2405.1259291312476,0.06227715359473258,True,green,stable_green,True
Strf_gain,STRF gain,PSTH SSE,7,0.0987984910607338,3,7331.333333333333,130.4696644179531,1895848.2083333333,225763.18116226394,78050.18966384066,13255.794388592984,1.0,1.0,1.0,1.0,1.0,1.0,1.0,1.0,0.0,34.49548672863327,0.5644979645401407,1028.0,1.3275757630666096,1.0,75.32669587278536,130344.43341713934,7653.23645857649,0.32591305178424607,True,green,stable_green,True
Strf_gain,STRF gain,PSTH SSE,7,0.1500000059604644,3,14773.333333333334,907.4647835223876,8891164.333333334,384110.7199940318,145347.26198187462,15278.566560959809,1.0,0.0,1.0,1.0,0.0,1.0,0.0,1.0,0.0,34.540227956556265,0.4653679197054853,1029.3333333333333,1.6432437896728516,1.0,523.925037046756,221766.42758717525,8821.08451680176,0.2686802937141781,True,green,inconclusive,True
abs_ref,Absolute refractory period (ms),CV squared error,1,0.0,3,0.1072402869661649,0.020801435162987266,2.212937871615092,0.5680681194693548,0.20817832648754112,0.019390140463759035,1.0,0.0,1.0,1.0,0.0,1.0,0.0,0.0,0.0,44.6629307741351,0.17756124365387968,1331.0,1.0019974907239277,1.0,0.012009714190881246,0.3279742816936765,0.011194902816375933,0.10251503182121217,True,green,inconclusive,True
abs_ref,Absolute refractory period (ms),CV squared error,1,0.5,3,0.21132945020993546,0.026412498728739128,2.4981367588043213,0.420132680989048,0.18800853441158927,0.022618756298405804,1.0,1.0,1.0,1.0,1.0,1.0,1.0,1.0,0.0,42.54890775477333,0.12098759355269914,1268.0,0.8692907094955444,1.0,0.015249263251008184,0.24256371646438604,0.013058945037619134,0.06985221970625588,True,green,stable_green,True
abs_ref,Absolute refractory period (ms),CV squared error,1,1.0,3,0.29524882137775416,0.043263939736818004,1.6172939538955688,0.35040629223326514,0.14512845708264246,0.02408087995713938,1.0,1.0,1.0,1.0,1.0,1.0,1.0,1.0,0.0,41.150744382179575,0.09686759994456937,1226.3333333333333,0.7860307296117147,1.0,0.024978447253255622,0.20230716714661431,0.013903102525577487,0.0559265349037501,True,green,stable_green,True
abs_ref,Absolute refractory period (ms),CV squared error,1,2.0,3,0.3949567079544067,0.041712617234943745,0.8370790580908457,0.3622102406188947,0.0775020942091942,0.0044212032799946545,1.0,1.0,1.0,1.0,1.0,1.0,1.0,1.0,0.0,39.81969285147031,0.11784452146855053,1186.6666666666667,0.7005259792009989,1.0,0.024082790789198595,0.20912217992455798,0.00255258290384697,0.06803756619239028,True,green,stable_green,True
abs_ref,Absolute refractory period (ms),CV squared error,1,3.0,3,0.4502530097961426,0.04250296705549271,0.25305975973606104,0.11288359374672984,0.044140656789143896,0.0025516879855366206,1.0,1.0,1.0,1.0,1.0,1.0,1.0,1.0,0.0,39.09264789772155,0.18683146078420568,1165.0,0.6578806042671204,1.0,0.024539099470846513,0.06517337323676684,0.001473217745337502,0.10786719417685216,True,green,stable_green,True
abs_ref,Absolute refractory period (ms),CV squared error,1,4.0,3,0.4832380215326945,0.04250728199384465,0.26415808995564777,0.12558478384577645,0.028609886765480052,0.011260556538522357,1.0,1.0,1.0,1.0,1.0,1.0,1.0,1.0,0.0,38.5669384696263,0.22342633195125247,1149.3333333333333,0.6336836616198221,1.0,0.024541590701665544,0.07250640875948,0.006501285348740883,0.1289952528961063,True,green,stable_green,True
abs_ref,Absolute refractory period (ms),CV squared error,1,5.0,3,0.5074727833271027,0.022370350378769437,0.17518687496582666,0.09554939062913997,0.02693330077897933,0.01397975020459972,1.0,1.0,1.0,1.0,1.0,1.0,1.0,1.0,0.0,38.1866380322808,0.33048749376853387,1138.0,0.6161224444707235,1.0,0.012915527813048782,0.05516546640063867,0.008071212543829375,0.1908070434910678,True,green,stable_green,True
abs_ref,Absolute refractory period (ms),CV squared error,1,7.5,3,0.591671903928121,0.03592820886570795,0.40605949362119037,0.09453955871769404,0.03276400367418925,0.0034200066031611783,1.0,1.0,1.0,1.0,1.0,1.0,1.0,1.0,0.0,37.41485185060904,0.23248223986696873,1115.0,0.5594163537025452,1.0,0.020743161060117588,0.05458243967472909,0.001974541732965404,0.13422368376900154,True,green,stable_green,True
abs_ref,Absolute refractory period (ms),CV squared error,1,10.0,3,0.671292801698049,0.019232997969097453,0.32507536808649695,0.26829239038307107,0.03178374767303468,0.006071688668381026,1.0,1.0,1.0,1.0,1.0,1.0,1.0,1.0,0.0,36.49765667818753,0.21832848222031923,1087.6666666666667,0.5091099341710409,1.0,0.011104176554781941,0.15489868380919425,0.0035054910871253862,0.12605200798166374,True,green,stable_green,True
abs_ref,Absolute refractory period (ms),CV squared error,1,15.0,3,0.829565425713857,0.017890474356612725,0.4012010196844737,0.11134744341121433,0.030950395928488843,0.003495879921583263,1.0,1.0,1.0,1.0,1.0,1.0,1.0,1.0,0.0,34.104000984307014,0.051257515910606365,1016.3333333333334,0.4176087975502014,1.0,0.010329070185720454,0.06428647642704122,0.0020183472137807047,0.02959354060898011,True,green,stable_green,True
abs_ref,Absolute refractory period (ms),CV squared error,1,25.0,3,1.1249868075052898,0.020599466529368293,0.807531863451004,0.32460438324533386,0.02954213817914327,0.002883706507142134,1.0,0.0,1.0,1.0,0.0,1.0,0.0,0.0,0.0,28.365938503182218,0.24734454534519076,845.3333333333334,0.267753779888153,1.0,0.011893107545893471,0.18741042804682595,0.0016649087281623866,0.1428044398376315,True,green,inconclusive,True
abs_ref,Absolute refractory period (ms),CV squared error,2,0.0,3,0.10803766051928197,0.010760567494836178,0.0948799923062324,0.037313710865435334,0.19793038566907248,0.02063431580484435,1.0,0.0,1.0,1.0,0.0,1.0,0.0,0.0,0.0,19.75325212800465,0.5968176267889952,588.6666666666666,0.8718981544176737,1.0,0.006212616539776805,0.021543081012622957,0.011913227784470636,0.34457281748374,True,green,inconclusive,True
abs_ref,Absolute refractory period (ms),CV squared error,2,0.5,3,0.20700285335381818,0.02104712605672445,0.10860300312439597,0.05454052459435102,0.1776203513145447,0.01899460496153583,1.0,1.0,1.0,1.0,1.0,1.0,1.0,1.0,0.0,18.735389192756394,0.4946890906903818,558.3333333333334,0.7457379500071207,1.0,0.01215156389451785,0.03148898655629197,0.010966540287693312,0.28560887967526316,True,green,stable_green,True
abs_ref,Absolute refractory period (ms),CV squared error,2,1.0,3,0.2856580118338267,0.028581446581300456,0.062989010165135,0.03143314712917449,0.12190626064936323,0.011646964073840013,1.0,1.0,1.0,1.0,1.0,1.0,1.0,1.0,0.0,17.918861783161635,0.47573728662654785,534.0,0.6662952105204264,1.0,0.01650150587754273,0.018147935956506007,0.006724377843273432,0.27466705049737955,True,green,stable_green,True
abs_ref,Absolute refractory period (ms),CV squared error,2,2.0,3,0.3367561598618825,0.008643868179637887,0.012100992413858534,0.0019447163381677889,0.036570643385251365,0.014112879300431532,1.0,1.0,1.0,1.0,1.0,1.0,1.0,1.0,0.0,17.549746652796884,0.2620801206639612,523.0,0.6200336019198099,1.0,0.0049905396203535745,0.0011227825013386363,0.008148074663144843,0.1513120282145876,True,green,stable_green,True
abs_ref,Absolute refractory period (ms),CV squared error,2,3.0,3,0.3587992986043294,0.01431079616875394,0.007998174599682233,0.004224627019963872,0.013964017085546565,0.004934308105391183,1.0,1.0,1.0,1.0,1.0,1.0,1.0,1.0,0.0,17.650414415623633,0.234891446595753,526.0,0.6013888716697693,1.0,0.008262342020347953,0.002439089547201908,0.002848824112912152,0.1356146399223986,True,green,stable_green,True
abs_ref,Absolute refractory period (ms),CV squared error,2,3.653932094573975,3,0.36447596549987793,0.010372295421435028,0.0103097697719931,0.005664830258968341,0.019632238081667957,0.0092763581610898,1.0,1.0,1.0,1.0,1.0,1.0,1.0,1.0,0.0,17.605673187700635,0.24274950968323927,524.6666666666666,0.5966308911641439,1.0,0.005988447553679836,0.0032705912749289093,0.005355707881404578,0.14015149476126787,True,green,stable_green,True
abs_ref,Absolute refractory period (ms),CV squared error,2,4.0,3,0.3732757270336151,0.012236814088795485,0.003996690851636167,0.0024095302854462014,0.022543223797698617,0.009625614819906451,1.0,1.0,1.0,1.0,1.0,1.0,1.0,1.0,0.0,17.560931959777637,0.2540813326532791,523.3333333333334,0.5894005298614502,1.0,0.007064927908189479,0.0013911429589229202,0.005557351307388641,0.14669392580342955,True,green,stable_green,True
abs_ref,Absolute refractory period (ms),CV squared error,2,5.0,3,0.38748352726300556,0.012681861247364064,0.0024621653525779,0.00037853727014124246,0.014372021811349047,0.002385136499358919,1.0,1.0,1.0,1.0,1.0,1.0,1.0,1.0,0.0,17.482634810912383,0.2663418654808153,521.0,0.5778822700182596,1.0,0.007321876004991126,0.00021854859481435244,0.0013770591999588738,0.1537725477318158,True,green,stable_green,True
abs_ref,Absolute refractory period (ms),CV squared error,2,7.5,3,0.4244399666786194,0.007212479821554661,0.0022190194576978,0.0017470164587008003,0.01207806468009949,0.0029850906602154736,1.0,1.0,1.0,1.0,1.0,1.0,1.0,1.0,0.0,17.180631522432133,0.2906027998337109,512.0,0.548833966255188,1.0,0.0041641271664993275,0.001008640422709614,0.0017234428962308414,0.16777960471125195,True,green,stable_green,True
abs_ref,Absolute refractory period (ms),CV squared error,2,10.0,3,0.447873850663503,0.004864862170438557,0.0021231252855310333,0.0007641063706520653,0.010255079799228255,0.003229481482742911,1.0,1.0,1.0,1.0,1.0,1.0,1.0,1.0,0.0,16.822701699048128,0.22342633195125455,501.3333333333333,0.5310816963513693,1.0,0.002808729483673128,0.0004411570187854779,0.0018645420034045315,0.1289952528961075,True,green,stable_green,True
abs_ref,Absolute refractory period (ms),CV squared error,2,15.0,3,0.5079645117123922,0.014101244423079815,0.003938447218388267,0.0010366509160937853,0.013001575734880243,0.0023438101965299204,1.0,1.0,1.0,1.0,1.0,1.0,1.0,1.0,0.0,16.453586568683377,0.16552742734526465,490.3333333333333,0.4876386920611064,1.0,0.00814135726357384,0.0005985106854624192,0.0013531994478959393,0.09556730473605478,True,green,stable_green,True
abs_ref,Absolute refractory period (ms),CV squared error,2,25.0,3,0.6576491395632426,0.027934456725952423,0.0081178024411201,0.004595206285040373,0.014968462785085042,0.001890194116646439,1.0,0.0,1.0,1.0,0.0,1.0,0.0,0.0,0.0,15.68180038701162,0.08444721581234031,467.3333333333333,0.38947389523188275,1.0,0.016127966110394583,0.00265304358564992,0.0010913040820664686,0.048755622781569107,True,green,inconclusive,True
abs_ref,Absolute refractory period (ms),CV squared error,7,0.0,3,0.3361158271630605,0.03287880695071375,0.6303027272224426,0.09780935429072103,0.3024675448735555,0.04511831245078717,1.0,0.0,1.0,1.0,0.0,1.0,0.0,0.0,0.0,15.055423196089615,0.7176052227484736,448.6666666666667,1.1215395132700603,1.0,0.01898258804362832,0.05647025702901127,0.02604906983884362,0.4143095685257126,True,green,inconclusive,True
abs_ref,Absolute refractory period (ms),CV squared error,7,0.5,3,0.48734959959983826,0.04817201287000233,0.4353630443414052,0.14950160584910385,0.252342810233434,0.02271522717053136,1.0,1.0,1.0,1.0,1.0,1.0,1.0,1.0,0.0,13.892151270091608,0.6268763361051456,414.0,1.0032790899276733,1.0,0.02781212459790196,0.08631479238126144,0.013114642521609782,0.36192722139891215,True,green,stable_green,True
abs_ref,Absolute refractory period (ms),CV squared error,7,1.0,3,0.5884586373964945,0.04886740271729242,0.2769537319739659,0.05713076652214371,0.17411703533596468,0.013319487936787954,1.0,1.0,1.0,1.0,1.0,1.0,1.0,1.0,0.0,13.265774079169603,0.5309192884491949,395.3333333333333,0.9341488281885783,1.0,0.028213608113426627,0.032984463430569336,0.007690009945772499,0.30652639410410726,True,green,stable_green,True
abs_ref,Absolute refractory period (ms),CV squared error,7,2.0,3,0.7063735922177633,0.07358232650919941,0.04917799650381003,0.03488239080149164,0.0724973479906718,0.021132572045256537,1.0,1.0,1.0,1.0,1.0,1.0,1.0,1.0,0.0,12.728879344093599,0.5537574262378927,379.3333333333333,0.8611398736635844,1.0,0.042482776017685214,0.020139357719218928,0.012200896158998022,0.3197119991042017,True,green,stable_green,True
abs_ref,Absolute refractory period (ms),CV squared error,7,3.0,3,0.7334533333778381,0.0710587043530336,0.008585177827626399,0.006654430467168414,0.014078249533971151,0.006295671042033568,1.0,0.6666666666666666,1.0,1.0,1.0,1.0,0.6666666666666666,1.0,0.0,12.684138116170596,0.4943095823179164,378.0,0.8450947006543478,1.0,0.04102576208648998,0.003841937221523331,0.003634807370847412,0.2853897704142605,True,green,inconclusive,True
abs_ref,Absolute refractory period (ms),CV squared error,7,4.0,3,0.7345300912857056,0.07768218021930064,-0.0005648151533629639,0.0004858520606852423,0.001858055591583252,0.012764228896875729,0.3333333333333333,0.6666666666666666,0.0,0.6666666666666666,1.0,1.0,0.6666666666666666,1.0,0.0,12.661767502209097,0.5092693729665544,377.3333333333333,0.8445820212364197,1.0,0.044849827660850244,0.0002805068180229591,0.0073694309896092025,0.2940268095722721,False,red,inconclusive,False
abs_ref,Absolute refractory period (ms),CV squared error,7,5.0,3,0.7371694445610046,0.06782106321267523,0.0023766828623289667,0.005147315654042277,0.002813763277871232,0.00813267576251818,0.3333333333333333,0.3333333333333333,0.6666666666666666,0.6666666666666666,1.0,1.0,0.3333333333333333,1.0,0.0,12.650582195228347,0.520927978801384,377.0,0.8428466320037842,1.0,0.03915650910256467,0.0029718040784652835,0.004695402540721816,0.30075790878938674,True,green,inconclusive,True
abs_ref,Absolute refractory period (ms),CV squared error,7,7.5,3,0.745293915271759,0.06112232304759915,0.0013243963185231974,0.0027072659675636793,0.004666141668955477,0.0033076444569611983,0.6666666666666666,1.0,0.6666666666666666,1.0,1.0,1.0,1.0,1.0,0.0,12.628211581266848,0.43794440791588396,376.3333333333333,0.8380032976468405,1.0,0.03528898966502664,0.001563040735140803,0.0019096694176101215,0.2528473218003269,True,green,inconclusive,True
abs_ref,Absolute refractory period (ms),CV squared error,7,10.0,3,0.7605001529057821,0.06820628269998273,0.0024517515363792,0.0011665930231683425,0.006471131907569039,0.002977122149812148,1.0,0.6666666666666666,1.0,1.0,1.0,1.0,0.6666666666666666,1.0,0.0,12.538729125420845,0.45558676676210635,373.6666666666667,0.8293342789014181,1.0,0.03937891567725875,0.0006735327959609819,0.0017188422746044411,0.26303314242933334,True,green,inconclusive,True
abs_ref,Absolute refractory period (ms),CV squared error,7,15.0,3,0.7967421809832255,0.03428967253855558,0.056011601040760604,0.07307553227607627,0.01009611487388611,0.0038514740171733458,1.0,0.6666666666666666,1.0,1.0,1.0,1.0,0.6666666666666666,1.0,0.0,12.348578906748095,0.49430958231791716,368.0,0.8083570003509521,1.0,0.019797151670559184,0.04219017823076782,0.0022236495605918805,0.28538977041426095,True,green,inconclusive,True
abs_ref,Absolute refractory period (ms),CV squared error,7,25.0,3,0.954657514890035,0.05690235740378258,0.044335832819342565,0.04510394480873171,0.01579153339068094,0.0022728878390648665,1.0,0.0,1.0,1.0,0.0,1.0,0.0,0.0,0.0,11.565607418095588,0.35565055077759555,344.6666666666667,0.7240440050760905,1.0,0.032852591364598165,0.026040774676835274,0.0013122524057219275,0.20533494122888346,True,green,inconclusive,True
off_ron_gSYN,off -> ron gSYN,PSTH SSE,1,0.0010000000474974,3,4730.0,79.22120928135344,57445.100260416664,68614.20745626665,-23798.41570097693,118011.06530001874,0.0,0.0,0.6666666666666666,0.3333333333333333,0.0,1.0,0.0,1.0,0.0,44.6629307741351,0.17756124365387968,1331.0,1.0019974907239277,1.0,45.73838650411709,39614.431145108385,68133.72031832032,0.10251503182121217,False,red,inconclusive,False
off_ron_gSYN,off -> ron gSYN,PSTH SSE,1,0.0015182418283075,3,4717.666666666667,56.50073745831394,277685.71875,110639.08681764675,21821.826728028554,103259.12017178154,0.6666666666666666,0.6666666666666666,1.0,0.6666666666666666,1.0,1.0,0.6666666666666666,1.0,0.0,45.50182879769135,0.12098759355269396,1356.0,1.011198878288269,1.0,32.620715980969926,63877.50655706273,59616.68082746199,0.0698522197062529,True,green,inconclusive,True
off_ron_gSYN,off -> ron gSYN,PSTH SSE,1,0.0023050580639392,3,4789.333333333333,138.90404361764763,402483.3854166667,65070.82301967108,203617.4702107395,12885.107732383683,1.0,0.6666666666666666,1.0,1.0,1.0,1.0,0.6666666666666666,1.0,0.0,46.89999217028511,0.19661975360163425,1397.6666666666667,1.038401444753011,1.0,80.19628697417639,37568.657186797594,7439.2204178290485,0.11351846766990144,True,green,inconclusive,True
off_ron_gSYN,off -> ron gSYN,PSTH SSE,1,0.0034996354952454,3,5236.666666666667,98.18519915615248,875762.1458333334,84108.95840762366,467781.0284817044,88237.94977066363,1.0,1.0,1.0,1.0,1.0,1.0,1.0,1.0,0.0,48.93571804078163,0.2562875795530274,1458.3333333333333,1.0613616307576497,1.0,56.687251163241655,48560.329777900566,50944.20405283333,0.147967703044898,True,green,stable_green,True
off_ron_gSYN,off -> ron gSYN,PSTH SSE,1,0.0053132930770516,3,6342.0,145.557548756497,1810145.7916666667,100243.66166452346,684994.3788881603,50054.36992475281,1.0,1.0,1.0,1.0,1.0,1.0,1.0,1.0,0.0,52.403163204814156,0.15131202821458734,1561.6666666666667,1.0884240468343098,1.0,84.03768995714563,57875.70504656639,28898.903950173146,0.08736004022132025,True,green,stable_green,True
off_ron_gSYN,off -> ron gSYN,PSTH SSE,1,0.0080668628215789,3,8544.0,158.64110438344787,3507439.9166666665,161817.36896987713,1039769.2236653221,11529.259925984798,1.0,1.0,1.0,1.0,1.0,1.0,1.0,1.0,0.0,58.0181873091507,0.153772547731816,1729.0,1.144510547320048,1.0,91.59148432032315,93425.30153431557,6656.421321824488,0.08878062182693855,True,green,stable_green,True
off_ron_gSYN,off -> ron gSYN,PSTH SSE,1,0.0122474487870931,3,14414.666666666666,83.50049900050499,6811156.833333333,261193.75375874393,1743839.64713943,48258.56687403178,1.0,1.0,1.0,1.0,1.0,1.0,1.0,1.0,0.0,67.43621578694227,0.19661975360163092,2009.6666666666667,1.2285229762395222,1.0,48.20903557540964,150800.28404325966,27862.096575427804,0.11351846766989951,True,green,stable_green,True
off_ron_gSYN,off -> ron gSYN,PSTH SSE,1,0.0185945890843868,3,28755.333333333332,501.4143329955111,12114896.0,307947.9553609668,2719592.6654145964,34708.9642776488,1.0,1.0,1.0,1.0,1.0,1.0,1.0,1.0,0.0,83.43120476941489,0.30447876668156776,2486.3333333333335,1.3855916659037273,1.0,289.49170013049496,177793.83492404904,20039.229868993643,0.17579089790612842,True,green,stable_green,True
off_ron_gSYN,off -> ron gSYN,PSTH SSE,1,0.0282310806214809,3,61695.666666666664,1180.8879427504266,20251517.333333332,499790.4952370875,4318880.541640578,90334.23501421262,1.0,1.0,1.0,1.0,1.0,1.0,1.0,1.0,0.0,110.24238560227286,0.47494768062731724,3285.3333333333335,1.6336421171824138,1.0,681.7859716297422,288554.1769635489,52154.49490249458,0.27421117126117,True,green,stable_green,True
off_ron_gSYN,off -> ron gSYN,PSTH SSE,1,0.0428616069257259,3,144887.66666666666,4498.197120328693,37861964.0,2673466.860841181,6762617.007839911,67441.18994026736,1.0,1.0,1.0,1.0,1.0,1.0,1.0,1.0,0.0,153.9545652830442,0.4697828931915069,4588.0,1.9911731878916423,1.0,2597.0353182897707,1543526.8117761998,38937.18916648204,0.2712292798447977,True,green,stable_green,True
off_ron_gSYN,off -> ron gSYN,PSTH SSE,1,0.0650742799043655,3,331405.0,4389.1429687354685,56319589.333333336,4621898.614957855,9205169.894622127,571549.2825857868,1.0,1.0,1.0,1.0,1.0,1.0,1.0,1.0,0.0,222.82250036352244,1.0623686569265212,6640.333333333333,2.4031718571980796,1.0,2534.072874511176,2668454.4095130763,329984.1321560415,0.6133588300551482,True,green,stable_green,True
off_ron_gSYN,off -> ron gSYN,PSTH SSE,1,0.0987984910607338,3,683227.3333333334,34286.447560710236,72056282.66666667,2282453.5997818946,10838500.796632975,523531.26837932627,1.0,1.0,1.0,1.0,1.0,1.0,1.0,1.0,0.0,328.5012807176493,1.8102582245080276,9789.666666666666,2.8973275820414224,1.0,19795.289728732045,1317775.2002469073,302260.91872799024,1.0451530732224439,True,green,stable_green,True
off_ron_gSYN,off -> ron gSYN,PSTH SSE,1,0.1500000059604644,3,1269748.6666666667,31187.31685049761,99213922.66666667,636829.0082002651,11455155.857828327,274903.9957251936,1.0,0.0,1.0,1.0,0.0,1.0,0.0,1.0,0.0,490.6434907106025,2.15969132755287,14621.666666666666,3.5181020895640054,1.0,18006.005778936946,367673.3993121855,158715.89593324426,1.24689836932915,True,green,inconclusive,True
off_ron_gSYN,off -> ron gSYN,PSTH SSE,2,0.0010000000474974,3,1354.6666666666667,94.32037602413027,-36804.590494791664,23868.550824725353,164612.91835237716,72963.25300010272,0.0,0.0,0.0,1.0,0.0,1.0,0.0,1.0,0.0,16.822701699048128,0.30997631982262386,501.3333333333333,0.5748685201009115,1.0,54.455894487598336,13780.514243821448,42125.35376056008,0.17896491169200143,False,red,inconclusive,False
off_ron_gSYN,off -> ron gSYN,PSTH SSE,2,0.0013098177732899,3,1405.6666666666667,73.63649457526702,213878.55729166666,33096.38004585591,202926.00193025498,84660.37661372765,1.0,1.0,1.0,1.0,1.0,1.0,1.0,1.0,0.0,17.605673187700635,0.24274950968323927,524.6666666666666,0.5966308911641439,1.0,42.51404996521084,19108.20392867707,48878.69122763076,0.14015149476126787,True,green,stable_green,True
off_ron_gSYN,off -> ron gSYN,PSTH SSE,2,0.0015182418283075,3,1453.3333333333333,57.8129166651652,224743.109375,32475.679415536983,176458.46004684278,69582.84918541418,1.0,0.3333333333333333,1.0,1.0,1.0,1.0,0.3333333333333333,1.0,0.0,17.862935248257887,0.28538977041425984,532.3333333333334,0.597365121046702,1.0,33.37830299927053,18749.842252676266,40173.676708180006,0.16476986077263842,True,green,inconclusive,True
off_ron_gSYN,off -> ron gSYN,PSTH SSE,2,0.0023050580639392,3,1437.0,65.13831437794502,233501.83854166666,51379.05500739303,33580.28017540253,19191.80079640111,1.0,0.3333333333333333,1.0,1.0,1.0,1.0,0.3333333333333333,1.0,0.0,19.283469234813147,0.3044787666815687,574.6666666666666,0.6043624679247538,1.0,37.60762334066503,29663.711239226956,11080.391356035854,0.17579089790612895,True,green,inconclusive,True
off_ron_gSYN,off -> ron gSYN,PSTH SSE,2,0.0034996354952454,3,1575.6666666666667,97.2128249426655,471495.09375,66420.21093007096,143624.98287064207,21046.439090007516,1.0,1.0,1.0,1.0,1.0,1.0,1.0,1.0,0.0,21.878460454347167,0.3236015825305492,652.0,0.6520206729571024,1.0,56.1258506493319,38347.726660108194,12151.167274098902,0.1868314607842015,True,green,stable_green,True
off_ron_gSYN,off -> ron gSYN,PSTH SSE,2,0.0053132930770516,3,1912.0,108.58637115218465,813700.6666666666,23030.27958389216,200303.34130440527,37225.92272693701,1.0,1.0,1.0,1.0,1.0,1.0,1.0,1.0,0.0,25.80450320459045,0.26208012066395764,769.0,0.7137247920036316,1.0,62.69237061503843,13296.538117272481,21492.396507229292,0.15131202821458556,True,green,stable_green,True
off_ron_gSYN,off -> ron gSYN,PSTH SSE,2,0.0080668628215789,3,2525.6666666666665,72.50057471036585,1362462.6666666667,46581.57491908907,276147.4097559634,8108.0102062031365,1.0,1.0,1.0,1.0,1.0,1.0,1.0,1.0,0.0,32.23605471852175,0.30447876668156776,960.6666666666666,0.8003253738085429,1.0,41.858226325432305,26893.884818812796,4681.161875143614,0.17579089790612842,True,green,stable_green,True
off_ron_gSYN,off -> ron gSYN,PSTH SSE,2,0.0122474487870931,3,4018.3333333333335,79.8394221755977,2205345.0,60167.22211210602,404456.4241182159,5408.186010528092,1.0,1.0,1.0,1.0,1.0,1.0,1.0,1.0,0.0,41.24022683802557,0.08878062182693831,1229.0,0.9361765384674072,1.0,46.09531188502552,34737.561882816415,3122.417649005962,0.051257515910605206,True,green,stable_green,True
off_ron_gSYN,off -> ron gSYN,PSTH SSE,2,0.0185945890843868,3,7042.333333333333,94.24082625557438,3210318.8333333335,45788.14468378621,515315.1592739215,9579.990477055831,1.0,1.0,1.0,1.0,1.0,1.0,1.0,1.0,0.0,53.80132657740791,0.13970443941251104,1603.3333333333333,1.0946616331736247,1.0,54.40996640730862,26435.7976588775,5531.010080762236,0.08065839570179902,True,green,stable_green,True
off_ron_gSYN,off -> ron gSYN,PSTH SSE,2,0.0282310806214809,3,12577.0,280.36939918614513,5169559.833333333,124597.32796325677,582632.9414064473,17408.59002589889,1.0,1.0,1.0,1.0,1.0,1.0,1.0,1.0,0.0,70.13187476930305,0.1462668683447138,2090.0,1.2304842074712117,1.0,161.87134809265456,71936.3008398944,10050.854137664559,0.08444721581234407,True,green,stable_green,True
off_ron_gSYN,off -> ron gSYN,PSTH SSE,2,0.0428616069257259,3,21285.333333333332,463.85809611704934,7160940.0,53475.61571408038,587737.6536127175,10585.59976400999,1.0,1.0,1.0,1.0,1.0,1.0,1.0,1.0,0.0,89.28112032034717,0.381614086982136,2660.6666666666665,1.3413094282150269,1.0,267.80859665896577,30874.16112760529,6111.598873284807,0.2203249958456895,True,green,stable_green,True
off_ron_gSYN,off -> ron gSYN,PSTH SSE,2,0.0650742799043655,3,34088.333333333336,627.6514425485951,11641552.333333334,228468.3806357752,531118.99462609,5784.953999620587,1.0,1.0,1.0,1.0,1.0,1.0,1.0,1.0,0.0,110.80165095131035,0.8743877199285561,3302.0,1.4302719831466675,1.0,362.3747293126884,131906.2810613827,3339.944748930548,0.504827985476855,True,green,stable_green,True
off_ron_gSYN,off -> ron gSYN,PSTH SSE,2,0.0987984910607338,3,49682.333333333336,742.7343625639868,24259316.666666668,505023.63560662465,398218.50986210164,7472.023177373191,1.0,1.0,1.0,1.0,1.0,1.0,1.0,1.0,0.0,131.85239868908204,0.6895993486481842,3929.3333333333335,1.5000306367874146,1.0,428.8178841627029,291575.53196460824,4313.974592847535,0.39814036957501975,True,green,stable_green,True
off_ron_gSYN,off -> ron gSYN,PSTH SSE,2,0.1500000059604644,3,65082.666666666664,658.7217419619112,36223294.666666664,479162.01152150414,300778.86100620753,6347.748876056813,1.0,0.0,1.0,1.0,0.0,1.0,0.0,1.0,0.0,149.4692571837634,0.8583584462691307,4454.333333333333,1.5689343611399333,1.0,380.31317504276865,276644.316337383,3664.874522339546,0.49557348001467155,True,green,inconclusive,True
off_ron_gSYN,off -> ron gSYN,PSTH SSE,7,0.0010000000474974,3,2736.6666666666665,20.599352740640555,-8377.245035807291,10025.236276134721,53385.63522111042,113327.46119547807,0.6666666666666666,0.0,0.3333333333333333,0.6666666666666666,0.0,1.0,0.0,1.0,0.0,11.63271925998009,0.6043172000599594,346.6666666666667,1.237715760866801,1.0,11.89304184994088,5788.072862715983,65429.640227786134,0.3489026981305385,False,red,inconclusive,False
off_ron_gSYN,off -> ron gSYN,PSTH SSE,7,0.0015182418283075,3,2764.3333333333335,66.3048515067588,-11700.031087239584,23196.58967083678,54224.42984849642,67554.91600141113,0.6666666666666666,0.6666666666666666,0.3333333333333333,0.6666666666666666,1.0,1.0,0.6666666666666666,1.0,0.0,12.247911143921344,0.6049379677634957,365.0,1.2254541714986165,1.0,38.28112386600536,13392.557290738909,39002.84893849727,0.34926109853127946,False,red,inconclusive,False
off_ron_gSYN,off -> ron gSYN,PSTH SSE,7,0.0023050580639392,3,2808.0,79.01898506055365,9874.066813151041,17858.971043484085,34789.24623090999,5204.034762377109,0.6666666666666666,0.6666666666666666,0.6666666666666666,1.0,1.0,1.0,0.6666666666666666,1.0,0.0,13.332885921054102,0.5212881087986322,397.3333333333333,1.1970996061960857,1.0,45.62163229580167,10310.88173940527,3004.550870930594,0.30096582994024124,True,green,inconclusive,True
off_ron_gSYN,off -> ron gSYN,PSTH SSE,7,0.0034996354952454,3,2812.0,89.06177631284928,40209.501302083336,16004.782551502509,40481.201280535,19272.523279903755,1.0,0.6666666666666666,1.0,1.0,1.0,1.0,0.6666666666666666,1.0,0.0,15.055423196089615,0.7176052227484736,448.6666666666667,1.1215287844340007,1.0,51.419840528729765,9240.3655144314,11126.996503615763,0.4143095685257126,True,green,inconclusive,True
off_ron_gSYN,off -> ron gSYN,PSTH SSE,7,0.0053132930770516,3,2987.6666666666665,91.15005942583551,199319.23958333334,46552.94186292478,152470.66747308726,53335.43628023369,1.0,1.0,1.0,1.0,1.0,1.0,1.0,1.0,0.0,18.31034752748789,0.573731020356458,545.6666666666666,0.9999138712882996,1.0,52.62551134615652,26877.353516128624,30793.228493739054,0.33124375904523967,True,green,stable_green,True
off_ron_gSYN,off -> ron gSYN,PSTH SSE,7,0.0080668628215789,3,3640.0,100.17983829094555,855371.25,57396.56825379458,363326.29710198153,26886.60695302149,1.0,1.0,1.0,1.0,1.0,1.0,1.0,1.0,0.0,24.518192901804188,0.20503006364242035,730.6666666666666,0.9508669972419739,1.0,57.838856604650594,33137.924131889034,15522.989761922623,0.1183741624359175,True,green,stable_green,True
off_ron_gSYN,off -> ron gSYN,PSTH SSE,7,0.0122474487870931,3,5961.333333333333,192.25070437668958,2286856.0,58786.3178123745,759139.5242221174,43734.921254791174,1.0,1.0,1.0,1.0,1.0,1.0,1.0,1.0,0.0,35.725870496515775,0.06985221970625574,1064.6666666666667,1.0585408608118694,1.0,110.9959959237769,33940.296413641314,25250.368559440773,0.04032919785089964,True,green,stable_green,True
off_ron_gSYN,off -> ron gSYN,PSTH SSE,7,0.0185945890843868,3,12744.333333333334,238.83118166046364,5256286.166666667,91622.78233923772,1434465.9227272125,37543.315573395004,1.0,1.0,1.0,1.0,1.0,1.0,1.0,1.0,0.0,54.58429806606043,0.4195608499381765,1626.6666666666667,1.316205342610677,1.0,137.8892470225451,52898.438047461386,21675.643352570678,0.2422335696532344,True,green,stable_green,True
off_ron_gSYN,off -> ron gSYN,PSTH SSE,7,0.0282310806214809,3,31919.333333333332,656.5259578518842,10729121.0,16325.661364857475,2519130.283470323,72001.12491554431,1.0,1.0,1.0,1.0,1.0,1.0,1.0,1.0,0.0,85.85841638423767,0.8276371367263292,2558.6666666666665,1.679559548695882,1.0,379.04543849576226,9425.624983699137,41569.86885194538,0.4778365236802773,True,green,stable_green,True
off_ron_gSYN,off -> ron gSYN,PSTH SSE,7,0.0428616069257259,3,80532.66666666667,1566.374901909925,19964280.666666668,303307.1713384521,4167099.427924022,144771.44119207232,1.0,1.0,1.0,1.0,1.0,1.0,1.0,1.0,0.0,135.27510262519152,1.0311736871465922,4031.3333333333335,2.088138977686564,1.0,904.3469712695689,175114.47701939926,83583.83054321303,0.595348405855344,True,green,stable_green,True
off_ron_gSYN,off -> ron gSYN,PSTH SSE,7,0.0650742799043655,3,201570.66666666666,7330.542976705981,36757233.333333336,878822.3536013018,6701809.43500936,182878.85779404134,1.0,1.0,1.0,1.0,1.0,1.0,1.0,1.0,0.0,211.2457076384461,1.7578733934991047,6295.333333333333,2.5672229131062827,1.0,4232.2909609073195,507388.3224215721,105585.15777648106,1.0149086769379891,True,green,stable_green,True
off_ron_gSYN,off -> ron gSYN,PSTH SSE,7,0.0987984910607338,3,491727.0,9596.544117545649,61478833.333333336,802262.9113634352,10184567.22765958,90464.28067101627,1.0,1.0,1.0,1.0,1.0,1.0,1.0,1.0,0.0,328.65787501537983,2.4498886563847835,9794.333333333334,3.15252677599589,1.0,5540.5673295551005,463186.7078365322,52229.576797457106,1.4144438752483655,True,green,stable_green,True
off_ron_gSYN,off -> ron gSYN,PSTH SSE,7,0.1500000059604644,3,1136075.3333333333,15181.984861451227,93045472.0,1213662.1888614642,12584556.035015354,109491.69031915716,1.0,0.0,1.0,1.0,0.0,1.0,0.0,1.0,0.0,506.99640951645915,3.8475342452959422,15109.0,3.8286876678466797,1.0,8765.32304659169,700708.1914444368,63215.05687979253,2.221374932237916,True,green,inconclusive,True
off_sonoff_gSYN,off -> sonoff gSYN,PSTH SSE,1,0.0010000000474974,3,4730.0,79.22120928135344,155867.48177083334,60170.793672082444,-227049.74979580694,128377.71313315645,0.0,0.0,1.0,0.0,0.0,1.0,0.0,1.0,0.0,44.6629307741351,0.17756124365387968,1331.0,1.0019974907239277,1.0,45.73838650411709,34739.62392393023,74118.90723537643,0.10251503182121217,False,red,inconclusive,False
off_sonoff_gSYN,off -> sonoff gSYN,PSTH SSE,1,0.0015182418283075,3,4612.333333333333,64.53164598345015,3445079.8333333335,372479.34477215755,-1797.6117196536313,33933.23143982938,0.6666666666666666,0.0,1.0,0.6666666666666666,1.0,1.0,0.0,1.0,0.0,43.84640336454034,0.15857909554218033,1306.6666666666667,0.9971542557080587,1.0,37.257363179794574,215051.0499717806,19591.36030625937,0.0915556834991252,False,red,inconclusive,False
off_sonoff_gSYN,off -> sonoff gSYN,PSTH SSE,1,0.0023050580639392,3,4880.0,86.97125962063559,7802352.5,274200.35881586664,200002.3385344462,35521.461147216236,1.0,0.3333333333333333,1.0,1.0,1.0,1.0,0.3333333333333333,1.0,0.0,41.352079907833065,0.23568904293710374,1232.3333333333333,1.0422467788060505,1.0,50.212880153734794,158309.6509742326,20508.325155354127,0.1360751323847821,True,green,inconclusive,True
off_sonoff_gSYN,off -> sonoff gSYN,PSTH SSE,1,0.0034996354952454,3,4864.666666666667,60.92892033618626,9110569.0,375778.55017682957,-28028.134747060674,69723.66283578999,0.6666666666666666,0.3333333333333333,1.0,0.6666666666666666,1.0,1.0,0.3333333333333333,1.0,0.0,39.696654474682056,0.3236015825305539,1183.0,1.047266165415446,1.0,35.1773285575304,216955.84710027985,40254.97550713006,0.18683146078420418,False,red,inconclusive,False
off_sonoff_gSYN,off -> sonoff gSYN,PSTH SSE,1,0.0053132930770516,3,4772.0,139.08270920570968,9934103.666666666,272702.38686585275,-31813.82115078671,40893.331923876925,0.3333333333333333,0.0,1.0,0.3333333333333333,1.0,1.0,0.0,1.0,0.0,38.24256456718454,0.2712292798448027,1139.6666666666667,1.0382081270217896,1.0,80.29943959953893,157444.79646565355,23609.77619431106,0.1565942977305052,False,red,inconclusive,False
off_sonoff_gSYN,off -> sonoff gSYN,PSTH SSE,1,0.0080668628215789,3,4765.0,78.54298186343577,10056973.666666666,97971.6854317272,8092.71612261032,19495.07645594716,0.6666666666666666,0.3333333333333333,1.0,0.6666666666666666,1.0,1.0,0.3333333333333333,1.0,0.0,37.56026084135879,0.06985221970625602,1119.3333333333333,1.0153875946998596,1.0,45.34681172181054,56563.97895696903,11255.487639713429,0.0403291978508998,True,green,inconclusive,True
off_sonoff_gSYN,off -> sonoff gSYN,PSTH SSE,1,0.0122474487870931,3,4866.333333333333,94.73295801004694,9468570.0,43275.927338417605,14363.393443060902,17220.068100218312,0.6666666666666666,0.6666666666666666,1.0,0.6666666666666666,1.0,1.0,0.6666666666666666,1.0,0.0,37.09047794816728,0.08444721581234266,1105.3333333333333,1.006915807723999,1.0,54.69409880823012,24985.36829826609,9942.01095312473,0.04875562278157046,True,green,inconclusive,True
off_sonoff_gSYN,off -> sonoff gSYN,PSTH SSE,1,0.0185945890843868,3,4862.333333333333,55.084783137753476,8906924.666666666,65409.996623859406,-2302.9985735875184,4752.96815020681,0.3333333333333333,0.3333333333333333,1.0,0.3333333333333333,1.0,1.0,0.3333333333333333,1.0,0.0,36.79965996666778,0.01937351998891295,1096.6666666666667,0.9978648026784263,1.0,31.80321437283413,37764.47915847774,2744.1274409716193,0.011185306980749488,False,red,inconclusive,False
off_sonoff_gSYN,off -> sonoff gSYN,PSTH SSE,1,0.0282310806214809,3,4815.666666666667,99.60087014345487,10788568.0,61971.76267462464,-2358.71830432247,3115.065359180433,0.3333333333333333,0.0,1.0,0.3333333333333333,1.0,1.0,0.0,1.0,0.0,36.66543628289878,0.15131202821458542,1092.6666666666667,0.9912209113438925,1.0,57.50458918884463,35779.41386235014,1798.4838236661014,0.08736004022131914,False,red,inconclusive,False
off_sonoff_gSYN,off -> sonoff gSYN,PSTH SSE,1,0.0428616069257259,3,4836.333333333333,76.56587577591817,14174506.0,97960.0165169443,1399.8729521382193,5704.913445296374,0.6666666666666666,0.3333333333333333,1.0,0.6666666666666666,1.0,1.0,0.3333333333333333,1.0,0.0,36.48647137120678,0.08444721581233855,1087.3333333333333,0.9920222560564677,1.0,44.20532898996581,56557.241905877985,3293.733313345377,0.048755622781568086,True,green,inconclusive,True
off_sonoff_gSYN,off -> sonoff gSYN,PSTH SSE,1,0.0650742799043655,3,4867.0,55.86591089385369,13636973.0,88217.87218585586,522.2814315072707,454.27091215953965,1.0,0.0,1.0,1.0,1.0,1.0,0.0,1.0,0.0,36.30750645951478,0.03355592094225113,1082.0,0.9839559396107992,1.0,32.254198693090075,50932.61225383988,262.2734334203271,0.01937351998891449,True,green,inconclusive,True
off_sonoff_gSYN,off -> sonoff gSYN,PSTH SSE,1,0.0987984910607338,3,4840.666666666667,108.93270093655683,10254293.0,99316.98208765709,-134.68935647823915,702.8449361418391,0.3333333333333333,0.3333333333333333,1.0,0.3333333333333333,1.0,1.0,0.3333333333333333,1.0,0.0,36.29632115253403,0.05125751591060424,1081.6666666666667,0.9837294220924377,1.0,62.892324209274086,57340.68634341007,405.78771308005616,0.029593540608978886,False,red,inconclusive,False
off_sonoff_gSYN,off -> sonoff gSYN,PSTH SSE,1,0.1500000059604644,3,4884.0,61.87891401761993,5860925.5,61615.31470137923,846.3291255775194,1060.127569749909,1.0,0.0,1.0,1.0,0.0,1.0,0.0,1.0,0.0,36.22920931064953,0.01937351998891295,1079.6666666666667,0.9834440350532532,1.0,35.725807665234576,35573.618529044805,612.0649377704538,0.011185306980749488,True,green,inconclusive,True
off_sonoff_gSYN,off -> sonoff gSYN,PSTH SSE,2,0.0010000000474974,3,1405.6666666666667,73.63649457526702,4993.6884765625,1459.3497321550822,11577.607638313106,40429.63654340047,0.6666666666666666,0.0,1.0,0.6666666666666666,0.0,1.0,0.0,1.0,0.0,17.605673187700635,0.24274950968323927,524.6666666666666,0.5966308911641439,1.0,42.51404996521084,842.555960701545,23342.061541570994,0.14015149476126787,True,green,inconclusive,True
off_sonoff_gSYN,off -> sonoff gSYN,PSTH SSE,2,0.0015182418283075,3,1411.6666666666667,66.39528095680694,692143.125,30223.225426025325,22120.97096522362,41187.53173932716,0.6666666666666666,0.3333333333333333,1.0,0.6666666666666666,1.0,1.0,0.3333333333333333,1.0,0.0,17.516190731854635,0.2982515491867942,522.0,0.5957007805506388,1.0,38.33333333333332,17449.387335494463,23779.632536956793,0.17219561220921856,True,green,inconclusive,True
off_sonoff_gSYN,off -> sonoff gSYN,PSTH SSE,2,0.0023050580639392,3,1441.6666666666667,101.04124570359043,1779570.7083333333,64509.03715448681,12460.826162008278,28203.726733353375,0.6666666666666666,0.0,1.0,0.6666666666666666,1.0,1.0,0.0,1.0,0.0,16.66610740131763,0.2794088788250232,496.6666666666667,0.6176372369130453,1.0,58.33619040622306,37244.30996630653,16283.429221652217,0.16131679140359867,True,green,inconclusive,True
off_sonoff_gSYN,off -> sonoff gSYN,PSTH SSE,2,0.0034996354952454,3,1410.0,49.36598018878993,2228435.8333333335,121576.2206139459,-8245.742382427872,41291.9926914791,0.3333333333333333,0.3333333333333333,1.0,0.3333333333333333,1.0,1.0,0.3333333333333333,1.0,0.0,15.357426484569869,0.3293498398115404,457.6666666666667,0.6333302656809489,1.0,28.501461950807602,70192.06369851899,23839.94309580152,0.190150218672753,False,red,inconclusive,False
off_sonoff_gSYN,off -> sonoff gSYN,PSTH SSE,2,0.0053132930770516,3,1445.3333333333333,31.021497922139925,2578599.0833333335,141693.1038958701,9630.399437275997,11386.562391364998,0.6666666666666666,0.3333333333333333,1.0,0.6666666666666666,1.0,1.0,0.3333333333333333,1.0,0.0,14.373119470263859,0.4843379997228488,428.3333333333333,0.6328325867652893,1.0,17.910270176012904,81806.55167659422,6574.034861799051,0.2796326745187517,True,green,inconclusive,True
off_sonoff_gSYN,off -> sonoff gSYN,PSTH SSE,2,0.0080668628215789,3,1430.6666666666667,10.016652800877784,2684091.0,180282.6679337548,-5459.3171121922205,9397.591401877531,0.3333333333333333,0.6666666666666666,1.0,0.3333333333333333,1.0,1.0,0.6666666666666666,1.0,0.0,13.836224735187855,0.5737310203564612,412.3333333333333,0.6551905473073324,1.0,5.783117190965808,104086.24686177725,5425.701925608106,0.33124375904524156,False,red,inconclusive,False
off_sonoff_gSYN,off -> sonoff gSYN,PSTH SSE,2,0.0122474487870931,3,1407.0,29.0,2593930.25,168282.52093800472,-3600.7482666924384,3144.185906763038,0.3333333333333333,0.3333333333333333,1.0,0.3333333333333333,1.0,1.0,0.3333333333333333,1.0,0.0,13.332885921054102,0.5158597611981782,397.3333333333333,0.662430206934611,1.0,16.74315780649915,97157.95876346587,1815.2965796518677,0.2978317719918643,False,red,inconclusive,False
off_sonoff_gSYN,off -> sonoff gSYN,PSTH SSE,2,0.0185945890843868,3,1404.0,39.153543900903784,2458375.0,149597.11123610477,456.7858787985654,3256.201953908852,0.6666666666666666,1.0,1.0,0.6666666666666666,1.0,1.0,1.0,1.0,0.0,12.784805878997348,0.43880060503412627,381.0,0.657234787940979,1.0,22.605309110914632,86369.93244215548,1879.9690746250612,0.2533416474370235,True,green,inconclusive,True
off_sonoff_gSYN,off -> sonoff gSYN,PSTH SSE,2,0.0282310806214809,3,1422.0,58.94913061275798,2954566.1666666665,166221.93146707752,1153.294274838896,1267.4386420608907,1.0,0.3333333333333333,1.0,1.0,1.0,1.0,0.3333333333333333,1.0,0.0,12.740064651074348,0.4195608499381674,379.6666666666667,0.6599615414937338,1.0,34.03429642777023,95968.27687773673,731.756041175189,0.24223356965322915,True,green,inconclusive,True
off_sonoff_gSYN,off -> sonoff gSYN,PSTH SSE,2,0.0428616069257259,3,1423.0,60.09991680526688,3983000.4166666665,192214.0411056014,-95.85106689845998,351.4089824350697,0.3333333333333333,0.3333333333333333,1.0,0.3333333333333333,1.0,1.0,0.3333333333333333,1.0,0.0,12.549914432401598,0.4082253971543378,374.0,0.6550641655921936,1.0,34.69870314579495,110974.82837434477,202.88607060453995,0.23568904293709883,False,red,inconclusive,False
off_sonoff_gSYN,off -> sonoff gSYN,PSTH SSE,2,0.0650742799043655,3,1415.3333333333333,38.88873015840625,3777054.1666666665,161692.37914214085,-15.764151212832076,491.0391938150064,0.6666666666666666,0.3333333333333333,1.0,0.6666666666666666,1.0,1.0,0.3333333333333333,1.0,0.0,12.493987897497846,0.2814166331198967,372.3333333333333,0.6578153173128763,1.0,22.452418825398567,93353.13862362606,283.50161073175076,0.16247596888621052,False,red,inconclusive,False
off_sonoff_gSYN,off -> sonoff gSYN,PSTH SSE,2,0.0987984910607338,3,1431.6666666666667,48.91148467725479,2924318.25,147356.06214264652,209.26855238997996,391.94481621331596,0.6666666666666666,0.6666666666666666,1.0,0.6666666666666666,1.0,1.0,0.6666666666666666,1.0,0.0,12.438061362594096,0.3680968797893649,370.6666666666667,0.6719476779301962,1.0,28.23905884487731,85076.0621447802,226.28944514823638,0.21252083263425114,True,green,inconclusive,True
off_sonoff_gSYN,off -> sonoff gSYN,PSTH SSE,2,0.1500000059604644,3,1421.0,25.0,1664105.5,75835.64060921075,-208.32716937292787,558.3632094839804,0.3333333333333333,0.0,1.0,0.3333333333333333,0.0,1.0,0.0,1.0,0.0,12.370949520709594,0.36809687978936617,368.6666666666667,0.6734241048494974,1.0,14.433756729740645,43783.72751989555,322.3711493011595,0.2125208326342519,False,red,inconclusive,False
off_sonoff_gSYN,off -> sonoff gSYN,PSTH SSE,7,0.0010000000474974,3,2800.6666666666665,79.38723658960134,33957.13671875,94332.22201416483,34089.62249058858,113868.27642684514,1.0,0.0,0.3333333333333333,0.3333333333333333,0.0,1.0,0.0,1.0,0.0,15.301499949666118,0.7990255964424451,456.0,1.1266371409098308,1.0,45.834242415226846,54462.73377313361,65741.88004719776,0.461317643195447,True,green,inconclusive,True
off_sonoff_gSYN,off -> sonoff gSYN,PSTH SSE,7,0.0015182418283075,3,2818.3333333333335,111.50037369145151,71899.46647135417,73304.97197074935,13785.102473702049,91314.61588004188,1.0,0.3333333333333333,0.6666666666666666,0.6666666666666666,1.0,1.0,0.3333333333333333,1.0,0.0,15.245573414762367,0.780009770214025,454.3333333333333,1.1235318581263225,1.0,64.3747707655034,42322.64530025011,52720.518059289454,0.4503388508036055,True,green,inconclusive,True
off_sonoff_gSYN,off -> sonoff gSYN,PSTH SSE,7,0.0021330225281417,3,2812.0,89.06177631284928,127647.46614583333,37577.46375864458,17428.7075437624,225725.03941722043,0.6666666666666666,0.0,1.0,0.6666666666666666,1.0,1.0,0.0,1.0,0.0,15.055423196089615,0.7176052227484736,448.6666666666667,1.1215395132700603,1.0,51.419840528729765,21695.35881651686,130322.4122703711,0.4143095685257126,True,green,inconclusive,True
off_sonoff_gSYN,off -> sonoff gSYN,PSTH SSE,7,0.0023050580639392,3,2816.3333333333335,111.3388222199846,150072.83854166666,26736.84149183583,19629.124066643515,296420.94497711275,0.6666666666666666,1.0,1.0,0.6666666666666666,1.0,1.0,1.0,1.0,0.0,14.999496661185866,0.7555672795676468,447.0,1.1347565253575642,1.0,64.281498979964,15436.522632591772,171138.71237597932,0.4362269722492541,True,green,inconclusive,True
off_sonoff_gSYN,off -> sonoff gSYN,PSTH SSE,7,0.0034996354952454,3,2793.6666666666665,200.300607421279,510870.4270833333,77866.94614415496,-11658.710452226884,56697.887760184196,0.3333333333333333,0.3333333333333333,1.0,0.3333333333333333,1.0,1.0,0.3333333333333333,1.0,0.0,14.216525172533359,0.6561305269873482,423.6666666666667,1.186955451965332,1.0,115.643609613521,44956.502317301965,32734.540760825534,0.3788171363796765,False,red,inconclusive,False
off_sonoff_gSYN,off -> sonoff gSYN,PSTH SSE,7,0.0053132930770516,3,2792.6666666666665,143.6291521012825,941709.5416666666,65742.18283667046,3080.637317153722,43427.930439774915,0.6666666666666666,1.0,1.0,0.6666666666666666,1.0,1.0,1.0,1.0,0.0,13.556592060669104,0.4697828931915051,404.0,1.2883299986521404,1.0,82.92432962915316,37956.266957865286,25073.12732975239,0.2712292798447967,True,green,inconclusive,True
off_sonoff_gSYN,off -> sonoff gSYN,PSTH SSE,7,0.0080668628215789,3,2816.3333333333335,79.10962857537206,1117745.75,58085.37623874769,11451.005716563785,15909.470419281954,0.6666666666666666,0.6666666666666666,1.0,0.6666666666666666,1.0,1.0,0.6666666666666666,1.0,0.0,13.20984754426585,0.43794440791588407,393.6666666666667,1.334620475769043,1.0,45.67396535348237,33535.60760742167,9185.337029236825,0.25284732180032693,True,green,inconclusive,True
off_sonoff_gSYN,off -> sonoff gSYN,PSTH SSE,7,0.0122474487870931,3,2882.3333333333335,109.09781543795147,1190473.875,35619.743104465604,5347.1675790865265,3526.5143609700835,1.0,0.0,1.0,1.0,1.0,1.0,0.0,1.0,0.0,12.98614140465085,0.4613176431954465,387.0,1.3596441745758057,1.0,62.987653111101395,20565.068269828535,2036.0340156071588,0.2663418654808148,True,green,inconclusive,True
off_sonoff_gSYN,off -> sonoff gSYN,PSTH SSE,7,0.0185945890843868,3,2815.6666666666665,94.44751628991281,1116986.25,46408.59557860079,-6126.443250926241,2066.586010444544,0.0,0.3333333333333333,1.0,0.0,1.0,1.0,0.3333333333333333,1.0,0.0,12.82954710692035,0.3889206995450658,382.3333333333333,1.3736506700515747,1.0,54.52929895427273,26794.015150017643,1193.1439894336725,0.22454347057576132,False,red,inconclusive,False
off_sonoff_gSYN,off -> sonoff gSYN,PSTH SSE,7,0.0282310806214809,3,2820.6666666666665,85.03136676152714,1202803.375,36762.98191179376,14.257555159706195,703.0623472322472,0.3333333333333333,0.3333333333333333,1.0,0.3333333333333333,1.0,1.0,0.3333333333333333,1.0,0.0,12.8183617999396,0.48742790665863406,382.0,1.3772381941477458,1.0,49.09288248932949,21225.117502987472,405.9132354316281,0.2814166331198982,True,green,inconclusive,True
off_sonoff_gSYN,off -> sonoff gSYN,PSTH SSE,7,0.0428616069257259,3,2809.6666666666665,90.52255704150951,1524012.5,91472.29316993001,-89.78510359463446,2658.2199957908756,0.6666666666666666,0.6666666666666666,1.0,0.6666666666666666,1.0,1.0,0.6666666666666666,1.0,0.0,12.87428833484335,0.5048279854768516,383.6666666666667,1.3715148369471233,1.0,52.26322267564878,52811.55308505146,1534.724030135108,0.29146257330951675,False,red,inconclusive,False
off_sonoff_gSYN,off -> sonoff gSYN,PSTH SSE,7,0.0650742799043655,3,2830.0,83.28865468957942,1641927.3333333333,72221.4518246584,783.4633384811132,1483.2747208586704,0.6666666666666666,0.6666666666666666,1.0,0.6666666666666666,1.0,1.0,0.6666666666666666,1.0,0.0,12.930214869747099,0.5756902668795341,385.3333333333333,1.3662925163904827,1.0,48.08672720547047,41697.07465223212,856.3690593699205,0.33237493055274653,True,green,inconclusive,True
off_sonoff_gSYN,off -> sonoff gSYN,PSTH SSE,7,0.0987984910607338,3,2849.6666666666665,61.07645481962209,1607752.375,32568.92326546696,118.91643580857514,570.6645542731471,0.6666666666666666,0.3333333333333333,1.0,0.6666666666666666,1.0,1.0,0.3333333333333333,1.0,0.0,12.91902956276635,0.5821734697794525,385.0,1.3729398647944133,1.0,35.26250763125683,18803.676614533615,329.4733340265793,0.33611800949222537,True,green,inconclusive,True
off_sonoff_gSYN,off -> sonoff gSYN,PSTH SSE,7,0.1500000059604644,3,2819.6666666666665,44.50093631973757,953459.0625,31027.975513097954,-585.9201638613596,488.2668032177997,0.0,0.0,1.0,0.0,0.0,1.0,0.0,1.0,0.0,13.00851201861235,0.6244768006535726,387.6666666666667,1.3591454426447551,1.0,25.692627563390882,17914.010014896223,281.9009702741547,0.3605418489600164,False,red,inconclusive,False
on_ron_gSYN,on -> ron gSYN,PSTH SSE,1,0.0010000000474974,3,10170.666666666666,26.40706976045119,-355007.3125,40501.960839986365,-266928.17610555206,134814.56344734385,1.0,0.0,0.0,0.0,0.0,1.0,0.0,1.0,0.0,6.006509848662797,0.17756124365387663,179.0,0.8983174959818522,1.0,15.246128834705722,23383.81799367381,77835.22449700587,0.10251503182121041,True,green,inconclusive,True
on_ron_gSYN,on -> ron gSYN,PSTH SSE,1,0.0015182418283075,3,10032.333333333334,95.21204405606119,-550167.5,16840.711209767276,-361630.8461963649,75151.97242998416,1.0,1.0,0.0,0.0,1.0,1.0,1.0,1.0,0.0,6.755925416373052,0.15498815991131173,201.33333333333334,0.9518890778223673,1.0,54.97069926586144,9722.989150303885,43389.01151258269,0.0894824558460006,True,green,stable_green,True
on_ron_gSYN,on -> ron gSYN,PSTH SSE,1,0.0023050580639392,3,9634.666666666666,94.12934363594255,-1089835.8125,61660.35601099254,-508929.09711382183,42741.234634764805,1.0,1.0,0.0,0.0,1.0,1.0,1.0,1.0,0.0,8.109347561043812,0.21310871987805427,241.66666666666666,0.855755607287089,1.0,54.34560188685422,35599.6231412747,24676.66332187842,0.12303837678825119,True,green,stable_green,True
on_ron_gSYN,on -> ron gSYN,PSTH SSE,1,0.0034996354952454,3,9020.333333333334,106.80979980008064,-1436040.9583333333,79275.70807555241,-515719.2450332101,20936.366190040375,1.0,1.0,0.0,0.0,1.0,1.0,1.0,1.0,0.0,10.40233549209758,0.18683146078420157,310.0,0.7383260329564413,1.0,61.6666666666666,45769.851397618375,12087.616655672391,0.1078671941768498,True,green,stable_green,True
on_ron_gSYN,on -> ron gSYN,PSTH SSE,1,0.0053132930770516,3,8081.0,154.79341071247185,-1779870.125,112703.63627736518,-523959.65825645253,8216.851287205925,1.0,1.0,0.0,0.0,1.0,1.0,1.0,1.0,0.0,14.20533986555261,0.2606440543993173,423.3333333333333,0.6959014534950256,1.0,89.37001734362593,65069.47474338646,4744.001302559464,0.1504829149701213,True,green,stable_green,True
on_ron_gSYN,on -> ron gSYN,PSTH SSE,1,0.0080668628215789,3,6613.0,55.018178813915675,-1807190.4166666667,41864.724575174376,-470803.7665272828,14942.41126928503,1.0,1.0,0.0,0.0,1.0,1.0,1.0,1.0,0.0,21.050747737771662,0.21310871987805835,627.3333333333334,0.7235345641771952,1.0,31.76476034853718,24170.610003026468,8627.00516866381,0.12303837678825355,True,green,stable_green,True
on_ron_gSYN,on -> ron gSYN,PSTH SSE,1,0.0122474487870931,3,5040.333333333333,187.17460653981186,-1251904.4166666667,208559.5509007235,-225284.22441878976,11343.197284826096,1.0,1.0,0.0,0.0,1.0,1.0,1.0,1.0,0.0,32.41501963021375,0.2746670504973837,966.0,0.8592697381973267,1.0,108.06530947122268,120411.91285460017,6548.998005865379,0.15857909554218502,True,green,stable_green,True
on_ron_gSYN,on -> ron gSYN,PSTH SSE,1,0.016436368227005,3,4730.0,79.22120928135344,1304.03515625,1229.0313026098236,25061.108900312876,31066.214826655087,1.0,0.0,1.0,1.0,1.0,1.0,0.0,1.0,0.0,44.6629307741351,0.17756124365387968,1331.0,1.0019974907239277,1.0,45.73838650411709,709.5815534042581,17936.08749287206,0.10251503182121217,True,green,inconclusive,True
on_ron_gSYN,on -> ron gSYN,PSTH SSE,1,0.0185945890843868,3,4894.333333333333,72.817122528519,781178.0416666666,77141.91644337073,162197.03153025257,30308.120238342693,1.0,1.0,1.0,1.0,1.0,1.0,1.0,1.0,0.0,51.09448228806639,0.1655274273452644,1522.6666666666667,1.0677724281946819,1.0,42.040985293454405,44537.90622438371,17498.4013782387,0.09556730473605463,True,green,stable_green,True
on_ron_gSYN,on -> ron gSYN,PSTH SSE,1,0.0282310806214809,3,10160.0,123.92336341465236,5256056.666666667,67748.17983040836,916596.0746004652,10083.655921374173,1.0,1.0,1.0,1.0,1.0,1.0,1.0,1.0,0.0,80.56776618234288,0.15377254773181795,2401.0,1.342902660369873,1.0,71.54718722633336,39114.42986219344,5821.801460620943,0.08878062182693967,True,green,stable_green,True
on_ron_gSYN,on -> ron gSYN,PSTH SSE,1,0.0428616069257259,3,31792.666666666668,534.1744409210654,13993312.0,154917.50831006805,2026943.2244475994,32928.685211209566,1.0,1.0,1.0,1.0,1.0,1.0,1.0,1.0,0.0,126.06959498003421,0.15377254773182453,3757.0,1.6471000115076702,1.0,308.40575725999497,89441.66512500388,19011.385270752293,0.08878062182694348,True,green,stable_green,True
on_ron_gSYN,on -> ron gSYN,PSTH SSE,1,0.0650742799043655,3,95309.0,921.8551947025086,29680277.333333332,449186.76799003466,3769033.185269505,39688.25305169308,1.0,1.0,1.0,1.0,1.0,1.0,1.0,1.0,0.0,195.631019093319,0.6933988228506358,5830.0,2.0149056911468506,1.0,532.2333448153482,259338.1014154645,22914.023583060985,0.40033399702858424,True,green,stable_green,True
on_ron_gSYN,on -> ron gSYN,PSTH SSE,1,0.0987984910607338,3,268988.0,3714.3531065314723,56584002.666666664,888802.3976775337,6472906.117764849,37218.108080140686,1.0,1.0,1.0,1.0,1.0,1.0,1.0,1.0,0.0,302.2158093128866,0.6544121551317034,9006.333333333334,2.4744208653767905,1.0,2144.4827659212683,513150.3035555089,21487.884718797814,0.3778250339262521,True,green,stable_green,True
on_ron_gSYN,on -> ron gSYN,PSTH SSE,1,0.1500000059604644,3,703250.0,4039.327543044758,98986552.0,2438791.9828374046,8481428.739958726,100338.2155280891,1.0,0.0,1.0,1.0,0.0,1.0,0.0,1.0,0.0,465.8792210552219,1.8929624384112054,13883.666666666666,3.0748809973398843,1.0,2332.1068443219606,1408037.2077886767,57930.295745148935,1.0929023733825598,True,green,inconclusive,True
on_ron_gSYN,on -> ron gSYN,PSTH SSE,2,0.0010000000474974,3,1618.3333333333333,43.43193909248511,-74425.71875,16639.903110168885,-68822.44540552788,26760.538977510514,1.0,0.0,0.0,0.0,0.0,1.0,0.0,1.0,0.0,8.83639251479257,0.31178729717719356,263.3333333333333,0.812984844048818,1.0,25.07544172647371,9607.052539945298,15450.20438232517,0.18001047995515856,True,green,inconclusive,True
on_ron_gSYN,on -> ron gSYN,PSTH SSE,2,0.0015182418283075,3,1582.6666666666667,51.53962876596348,-109373.23697916667,39588.791390980914,-80354.42222763381,5151.281913906803,1.0,1.0,0.0,0.0,1.0,1.0,1.0,1.0,0.0,9.608178696464323,0.47966581976872247,286.3333333333333,0.7879330317179362,1.0,29.756418541962397,22856.59936647477,2974.0939996657435,0.27693519016453444,True,green,stable_green,True
on_ron_gSYN,on -> ron gSYN,PSTH SSE,2,0.0023050580639392,3,1505.6666666666667,43.500957843860526,-143305.11979166666,21807.706094197565,-81605.83076557587,18117.560904984464,1.0,1.0,0.0,0.0,1.0,1.0,1.0,1.0,0.0,11.051083296981085,0.6928573164635909,329.3333333333333,0.7216901779174805,1.0,25.11528972115944,12590.684983893207,10460.178665552221,0.40002135817025597,True,green,stable_green,True
on_ron_gSYN,on -> ron gSYN,PSTH SSE,2,0.0034996354952454,3,1437.6666666666667,50.08326400438904,-133921.59375,16998.25691537614,-41172.60323664845,11214.012234649832,1.0,1.0,0.0,0.0,1.0,1.0,1.0,1.0,0.0,13.724371665380355,0.43880060503412605,409.0,0.6405363082885742,1.0,28.915585954829105,9813.948205846833,6474.412982370837,0.25334164743702337,True,green,stable_green,True
on_ron_gSYN,on -> ron gSYN,PSTH SSE,2,0.0049576153978705,3,1405.6666666666667,73.63649457526702,29107.154947916668,23130.745396759383,33365.0995048744,100336.95889397217,0.3333333333333333,0.6666666666666666,1.0,0.3333333333333333,1.0,1.0,0.6666666666666666,1.0,0.0,17.605673187700635,0.24274950968323927,524.6666666666666,0.5966308911641439,1.0,42.51404996521084,13354.542081375728,57929.57022710325,0.14015149476126787,True,green,inconclusive,True
on_ron_gSYN,on -> ron gSYN,PSTH SSE,2,0.0053132930770516,3,1422.3333333333333,37.8065250100209,119623.875,19390.597147263878,52175.28402575148,117513.02329186602,0.6666666666666666,0.3333333333333333,1.0,0.6666666666666666,1.0,1.0,0.3333333333333333,1.0,0.0,18.522868360122143,0.24197518710539986,552.0,0.5898226499557495,1.0,21.827607391659885,11195.16648272039,67846.17563084561,0.13970443941251268,True,green,inconclusive,True
on_ron_gSYN,on -> ron gSYN,PSTH SSE,2,0.0080668628215789,3,1679.3333333333333,55.53677460326025,824049.2083333334,50634.697828166616,163701.06318208278,7601.190060088593,1.0,1.0,1.0,1.0,1.0,1.0,1.0,1.0,0.0,26.99014574454996,0.1966197536016363,804.3333333333334,0.5991249680519104,1.0,32.06417176711588,29233.956421427356,4388.549127353657,0.11351846766990262,True,green,stable_green,True
on_ron_gSYN,on -> ron gSYN,PSTH SSE,2,0.0122474487870931,3,2810.3333333333335,53.9104195247387,2201206.75,55011.79850325292,380265.26159920666,6108.300155845333,1.0,1.0,1.0,1.0,1.0,1.0,1.0,1.0,0.0,39.97628714920081,0.08444721581234196,1191.3333333333333,0.6476323405901591,1.0,31.125195224733545,31761.076674458527,3526.6287392683366,0.04875562278157006,True,green,stable_green,True
on_ron_gSYN,on -> ron gSYN,PSTH SSE,2,0.0185945890843868,3,6281.333333333333,104.03044426192419,4203447.25,139796.87947585777,646028.7030869153,17946.50888597085,1.0,1.0,1.0,1.0,1.0,1.0,1.0,1.0,0.0,58.0852991510352,0.23489144659575079,1731.0,0.7122281789779663,1.0,60.06200499853829,80711.76599725615,10361.421736329281,0.13561463992239733,True,green,stable_green,True
on_ron_gSYN,on -> ron gSYN,PSTH SSE,2,0.0282310806214809,3,13957.666666666666,178.11325984702333,6663397.333333333,115720.48689010648,853076.315605471,17168.491425752498,1.0,1.0,1.0,1.0,1.0,1.0,1.0,1.0,0.0,82.07778262474413,0.03355592094224491,2446.0,0.7895063757896423,1.0,102.83373851892068,66811.25425675754,9912.233146237988,0.0193735199889109,True,green,stable_green,True
on_ron_gSYN,on -> ron gSYN,PSTH SSE,2,0.0428616069257259,3,27693.333333333332,632.0516856502582,8797722.0,91546.19837546506,953798.3527059654,16055.69585903363,1.0,1.0,1.0,1.0,1.0,1.0,1.0,1.0,0.0,110.79046564432959,0.4366569644406487,3301.6666666666665,0.8540424307187399,1.0,364.9152108519333,52854.22227536164,9269.760326239826,0.25210401596333337,True,green,stable_green,True
on_ron_gSYN,on -> ron gSYN,PSTH SSE,2,0.0650742799043655,3,49384.333333333336,495.44962744292616,12537581.666666666,154274.62145905077,911063.0908431305,9942.49276441437,1.0,1.0,1.0,1.0,1.0,1.0,1.0,1.0,0.0,143.11600281869735,0.4400817774102929,4265.0,0.91010848681132,1.0,286.0479757740732,89070.49422851058,5740.300873950543,0.2540813326532816,True,green,stable_green,True
on_ron_gSYN,on -> ron gSYN,PSTH SSE,2,0.0987984910607338,3,76758.0,310.0435453287167,33588734.0,77658.15792304116,711624.0662978723,9920.067391905774,1.0,1.0,1.0,1.0,1.0,1.0,1.0,1.0,0.0,174.6361978904511,0.19080704349106226,5204.333333333333,0.9564678271611532,1.0,179.00372435604052,44835.95838163829,5727.353579096028,0.11016249792284143,True,green,stable_green,True
on_ron_gSYN,on -> ron gSYN,PSTH SSE,2,0.1500000059604644,3,105415.33333333333,93.46835471609181,70151682.66666667,798595.9330458273,559696.9814165424,5268.734413465707,1.0,0.0,1.0,1.0,0.0,1.0,0.0,1.0,0.0,202.0625706072503,0.08444721581234242,6021.666666666667,0.9896095395088196,1.0,53.96397975604704,461069.5769177488,3041.905231903071,0.04875562278157032,True,green,inconclusive,True
on_ron_gSYN,on -> ron gSYN,PSTH SSE,7,0.0010000000474974,3,3810.0,25.514701644346147,-32762.6650390625,28726.298705385096,-48883.23225065531,70432.64917313925,0.6666666666666666,0.0,0.0,0.3333333333333333,0.0,1.0,0.0,1.0,0.0,6.330883751104548,0.4701821987401694,188.66666666666666,0.8171582023302714,1.0,14.730919862656236,16585.136290375685,40664.308959850416,0.27145981901080696,True,green,inconclusive,True
on_ron_gSYN,on -> ron gSYN,PSTH SSE,7,0.0015182418283075,3,3784.6666666666665,15.044378795195682,-44717.178385416664,37588.83152718873,-49491.16093935523,56679.685568373425,1.0,0.6666666666666666,0.0,0.0,1.0,1.0,0.6666666666666666,1.0,0.0,6.4427368209120495,0.5273726937183887,192.0,0.8190505504608154,1.0,8.685876147196925,21701.922000745908,32724.031720483745,0.3044787666815698,True,green,inconclusive,True
on_ron_gSYN,on -> ron gSYN,PSTH SSE,7,0.0023050580639392,3,3745.0,40.28647415696737,-56091.5478515625,43743.836480710284,-72501.20392991828,21444.9521962282,1.0,1.0,0.0,0.0,1.0,1.0,1.0,1.0,0.0,6.6552576535463,0.5455632763221455,198.33333333333334,0.7818080186843872,1.0,23.259406699226016,25255.515767525056,12381.248923251009,0.3149811044445649,True,green,stable_green,True
on_ron_gSYN,on -> ron gSYN,PSTH SSE,7,0.0034996354952454,3,3618.3333333333335,41.18656738954257,-96729.46875,36709.08619461887,-114870.70291996065,10443.528706889425,1.0,1.0,0.0,0.0,1.0,1.0,1.0,1.0,0.0,7.080299318814805,0.5724211304732052,211.0,0.7618574102719625,1.0,23.779075769349063,21194.00079616838,6029.574110212194,0.3304874937685349,True,green,stable_green,True
on_ron_gSYN,on -> ron gSYN,PSTH SSE,7,0.0053132930770516,3,3385.6666666666665,58.380932960456704,-155528.28125,16165.523297399308,-127048.89642422569,21467.377317856382,1.0,1.0,0.0,0.0,1.0,1.0,1.0,1.0,0.0,8.221200630851314,0.4757372866265506,245.0,0.7544196049372355,1.0,33.70624736026117,9333.169227344657,12394.196073259649,0.27466705049738116,True,green,stable_green,True
on_ron_gSYN,on -> ron gSYN,PSTH SSE,7,0.0080668628215789,3,3041.0,37.749172176353746,-175505.23958333334,40605.247810357716,-98707.25942775032,19470.25103109613,1.0,1.0,0.0,0.0,1.0,1.0,1.0,1.0,0.0,10.63722693869333,0.4943095823179167,317.0,0.8701245188713074,1.0,21.79449471770337,23443.45075382149,11241.15467399294,0.2853897704142607,True,green,stable_green,True
on_ron_gSYN,on -> ron gSYN,PSTH SSE,7,0.0116072902455925,3,2812.0,89.06177631284928,5619.51123046875,48736.833278759,74761.92964971268,102508.7663257128,1.0,0.3333333333333333,0.6666666666666666,0.6666666666666666,1.0,1.0,0.3333333333333333,1.0,0.0,15.055423196089615,0.7176052227484736,448.6666666666667,1.1215395132700603,1.0,51.419840528729765,28138.223812941418,59183.46383244673,0.4143095685257126,True,green,inconclusive,True
on_ron_gSYN,on -> ron gSYN,PSTH SSE,7,0.0122474487870931,3,2876.0,81.28345465099278,53137.902994791664,26449.83782659793,106847.61579088405,112248.18967984227,1.0,0.6666666666666666,1.0,1.0,1.0,1.0,0.6666666666666666,1.0,0.0,15.883135912665123,0.7742139516871792,473.3333333333333,1.1791809399922688,1.0,46.92902442341342,15270.820989208261,64806.52252770511,0.4469926334169569,True,green,inconclusive,True
on_ron_gSYN,on -> ron gSYN,PSTH SSE,7,0.0185945890843868,3,3986.6666666666665,211.8781096133655,844048.2708333334,92055.0813743448,345001.26926673535,23000.569829226788,1.0,1.0,1.0,1.0,1.0,1.0,1.0,1.0,0.0,25.234052548572194,0.735938800693311,752.0,1.6615595817565918,1.0,122.32788362066562,53148.02601175087,13279.385182418871,0.42489446468737346,True,green,stable_green,True
on_ron_gSYN,on -> ron gSYN,PSTH SSE,7,0.0282310806214809,3,9798.666666666666,452.8060659193219,2737022.5,101543.94135576233,870228.33439371,22137.234267020896,1.0,1.0,1.0,1.0,1.0,1.0,1.0,1.0,0.0,41.09481784727581,1.1552857361542959,1224.6666666666667,2.2321604092915854,1.0,261.42770404921595,58626.42187632496,12780.938163178324,0.6670045307596177,True,green,stable_green,True
on_ron_gSYN,on -> ron gSYN,PSTH SSE,7,0.0428616069257259,3,28463.666666666668,735.0539662727722,6186023.5,181597.69968600923,1653254.580361681,43587.34500442937,1.0,1.0,1.0,1.0,1.0,1.0,1.0,1.0,0.0,66.80983859602027,1.773391532059171,1991.0,2.974263350168864,1.0,424.38360529648713,104845.48079793426,25165.16537156839,1.0238680784129655,True,green,stable_green,True
on_ron_gSYN,on -> ron gSYN,PSTH SSE,7,0.0650742799043655,3,77917.66666666667,2222.2820103068248,12279590.0,474536.0607287922,2877809.270669846,58750.70364057117,1.0,1.0,1.0,1.0,1.0,1.0,1.0,1.0,0.0,105.80181873091504,2.7905939916501983,3153.0,3.789865255355835,1.0,1283.035116865908,273973.5224019528,33919.73456196369,1.6111501922781943,True,green,stable_green,True
on_ron_gSYN,on -> ron gSYN,PSTH SSE,7,0.0987984910607338,3,208323.33333333334,4042.324867366965,22347476.0,711861.7365781083,4645932.945804741,101931.31306107822,1.0,1.0,1.0,1.0,1.0,1.0,1.0,1.0,0.0,167.1084862924063,3.5706716564659526,4980.0,4.796660741170247,1.0,2333.8373503262355,410993.5652391653,58850.07103466553,2.061528242048385,True,green,stable_green,True
on_ron_gSYN,on -> ron gSYN,PSTH SSE,7,0.1500000059604644,3,506767.0,13422.556574661923,34882200.0,1664593.505093661,5828805.402557277,199659.59315566142,1.0,0.0,1.0,1.0,0.0,1.0,0.0,1.0,0.0,257.54169323177075,6.754582675726059,7675.0,5.957755247751872,1.0,7749.516651594043,961053.5082571278,115273.51985471229,3.8997601260940233,True,green,inconclusive,True
on_sonoff_gSYN,on -> sonoff gSYN,PSTH SSE,1,0.0010000000474974,3,4810.666666666667,73.17331025266873,-1146.1264088948567,1486.3683469301948,0.0,0.0,0.0,0.0,0.0,0.0,0.0,1.0,0.0,1.0,0.0,44.730042616019595,0.20411269857717057,1333.0,1.0053473512331645,1.0,42.246630371874296,858.1551652150871,0.0,0.11784452146855037,False,red,inconclusive,False
on_sonoff_gSYN,on -> sonoff gSYN,PSTH SSE,1,0.0015182418283075,3,4810.666666666667,73.17331025266873,-3091.8243408203125,3009.994825978078,-1.5522042910257974e-10,2.6884966957831096e-10,0.3333333333333333,0.0,0.0,0.0,1.0,1.0,0.0,1.0,0.0,44.730042616019595,0.20411269857717057,1333.0,1.0053473512331645,1.0,42.246630371874296,1737.8213230378242,1.5522042910257977e-10,0.11784452146855037,True,green,inconclusive,True
on_sonoff_gSYN,on -> sonoff gSYN,PSTH SSE,1,0.0023050580639392,3,4810.666666666667,73.17331025266873,-11926.749837239584,8495.528780373388,-3989.0500264785564,4359.65838649924,1.0,0.0,0.0,0.0,1.0,1.0,0.0,1.0,0.0,44.730042616019595,0.20411269857717057,1333.0,1.0053473512331645,1.0,42.246630371874296,4904.895828256789,2517.0499430201457,0.11784452146855037,True,green,inconclusive,True
on_sonoff_gSYN,on -> sonoff gSYN,PSTH SSE,1,0.0034996354952454,3,4798.666666666667,84.35836255720776,-23068.837239583332,17228.075886553415,-21090.989392770494,5661.833807525189,1.0,0.6666666666666666,0.0,0.0,1.0,1.0,0.6666666666666666,1.0,0.0,44.730042616019595,0.20411269857717057,1333.0,1.0051349798838298,1.0,48.704323330799944,9946.634250720916,3268.8612728815915,0.11784452146855037,True,green,inconclusive,True
on_sonoff_gSYN,on -> sonoff gSYN,PSTH SSE,1,0.0053132930770516,3,4730.0,79.22120928135344,10485.084798177084,4001.2051800012123,-24316.434972155606,11375.03166712868,0.0,0.6666666666666666,1.0,0.0,1.0,1.0,0.6666666666666666,1.0,0.0,44.6629307741351,0.17756124365387968,1331.0,1.002002517382304,1.0,45.73838650411709,2310.096887756625,6567.377595057262,0.10251503182121217,False,red,inconclusive,False
on_sonoff_gSYN,on -> sonoff gSYN,PSTH SSE,1,0.0080668628215789,3,4719.666666666667,47.077949544700026,99063.63932291667,36950.19058860806,12903.801678364476,17931.08743764402,0.6666666666666666,0.3333333333333333,1.0,0.6666666666666666,1.0,1.0,0.3333333333333333,1.0,0.0,44.428039327539345,0.2200408887051458,1324.0,0.9945808053016663,1.0,27.18046684252818,21333.20248294084,10352.518158986491,0.1270406663266404,True,green,inconclusive,True
on_sonoff_gSYN,on -> sonoff gSYN,PSTH SSE,1,0.0122474487870931,3,4879.333333333333,123.00135500608647,242642.46875,31071.553721046726,12056.55820996487,28527.56476173598,0.6666666666666666,0.0,1.0,0.6666666666666666,1.0,1.0,0.0,1.0,0.0,43.45491762021408,0.2013355256535041,1295.0,0.9838885068893433,1.0,71.01486542345275,17939.169904986247,16470.397194512752,0.1162411199334854,True,green,inconclusive,True
on_sonoff_gSYN,on -> sonoff gSYN,PSTH SSE,1,0.0185945890843868,3,4704.0,213.29088119279737,651984.7291666666,19676.230753112726,-2080.4655038798614,15570.381633065015,0.6666666666666666,0.0,1.0,0.6666666666666666,1.0,1.0,0.0,1.0,0.0,40.882297014641566,0.22342633195125675,1218.3333333333333,0.9694840510686239,1.0,123.14354767235406,11360.077121946826,8989.564027235292,0.12899525289610878,False,red,inconclusive,False
on_sonoff_gSYN,on -> sonoff gSYN,PSTH SSE,1,0.0282310806214809,3,5057.666666666667,268.5709093206734,1148925.625,39263.88856924547,23393.434648692684,3101.123067363749,1.0,0.6666666666666666,1.0,1.0,1.0,1.0,0.6666666666666666,1.0,0.0,37.87344943681979,0.11784452146855036,1128.6666666666667,0.970748504002889,1.0,155.0594867927934,22669.016634885345,1790.4342377326186,0.06803756619239018,True,green,inconclusive,True
on_sonoff_gSYN,on -> sonoff gSYN,PSTH SSE,1,0.0428616069257259,3,5104.333333333333,177.11389932281796,1252739.2916666667,15291.783448009992,2602.3860485914483,6226.301775111614,0.6666666666666666,0.3333333333333333,1.0,0.6666666666666666,1.0,1.0,0.3333333333333333,1.0,0.0,36.37461830139927,0.06711184188449959,1084.0,0.9636165698369344,1.0,102.25675745125324,8828.715290098033,3594.7570059165355,0.03874703997782744,True,green,inconclusive,True
on_sonoff_gSYN,on -> sonoff gSYN,PSTH SSE,1,0.0650742799043655,3,5142.333333333333,125.30097099916385,1300234.6666666667,13481.384592706248,933.2730788738918,2038.86372204557,0.6666666666666666,0.3333333333333333,1.0,0.6666666666666666,1.0,1.0,0.3333333333333333,1.0,0.0,35.65875865463127,0.06985221970625716,1062.6666666666667,0.9597574472427368,1.0,72.34254933608875,7783.481023647826,1177.1385187639723,0.04032919785090045,True,green,inconclusive,True
on_sonoff_gSYN,on -> sonoff gSYN,PSTH SSE,1,0.0987984910607338,3,5134.0,90.35485598461214,1301717.7916666667,25310.317314638854,-497.98290687670914,1696.0459038799947,0.3333333333333333,0.3333333333333333,1.0,0.3333333333333333,1.0,1.0,0.3333333333333333,1.0,0.0,35.379125980112526,0.1025150318212077,1054.3333333333333,0.9503644704818726,1.0,52.166400425305696,14612.918514881589,979.2125591630771,0.05918708121795732,False,red,inconclusive,False
on_sonoff_gSYN,on -> sonoff gSYN,PSTH SSE,1,0.1500000059604644,3,5089.0,93.67496997597597,1220098.625,12219.472871200296,-878.8802457920395,812.1096778877213,0.0,0.0,1.0,0.0,0.0,1.0,0.0,1.0,0.0,35.12186391955527,0.16552742734526507,1046.6666666666667,0.9597334265708923,1.0,54.08326913195984,7054.915951542821,468.8717411399762,0.09556730473605501,False,red,inconclusive,False
on_sonoff_gSYN,on -> sonoff gSYN,PSTH SSE,2,0.0010000000474974,3,1405.6666666666667,73.63649457526702,-194.79514821370444,143.53459536692995,0.0,0.0,0.0,0.0,0.0,0.0,0.0,1.0,0.0,1.0,0.0,17.605673187700635,0.24274950968323927,524.6666666666666,0.5966308911641439,1.0,42.51404996521084,82.86973727312102,0.0,0.14015149476126787,False,red,inconclusive,False
on_sonoff_gSYN,on -> sonoff gSYN,PSTH SSE,2,0.0015182418283075,3,1405.6666666666667,73.63649457526702,-791.6925354003906,432.5178330592141,3.8805107275644936e-11,6.721241739457774e-11,0.0,0.0,0.0,0.3333333333333333,1.0,1.0,0.0,1.0,0.0,17.605673187700635,0.24274950968323927,524.6666666666666,0.5966308911641439,1.0,42.51404996521084,249.7142873460509,3.880510727564494e-11,0.14015149476126787,False,red,inconclusive,False
on_sonoff_gSYN,on -> sonoff gSYN,PSTH SSE,2,0.0023050580639392,3,1405.6666666666667,73.63649457526702,-4306.622477213542,2108.558257867393,886.4555614393709,2827.2061463878395,0.3333333333333333,0.0,0.0,0.6666666666666666,1.0,1.0,0.0,1.0,0.0,17.605673187700635,0.24274950968323927,524.6666666666666,0.5966308911641439,1.0,42.51404996521084,1217.3766777817477,1632.2882296715836,0.14015149476126787,False,red,inconclusive,False
on_sonoff_gSYN,on -> sonoff gSYN,PSTH SSE,2,0.0034996354952454,3,1408.3333333333333,71.45161533046917,-7848.34130859375,1635.2138360585527,689.0005581286969,6793.534862806574,0.3333333333333333,1.0,0.0,0.6666666666666666,1.0,1.0,1.0,1.0,0.0,17.583302573739136,0.23248223986696773,524.0,0.5928642749786377,1.0,41.25260934507997,944.091148431006,3922.249181790483,0.13422368376900098,False,red,inconclusive,False
on_sonoff_gSYN,on -> sonoff gSYN,PSTH SSE,2,0.0053132930770516,3,1405.3333333333333,61.80884510596631,4889.941813151042,5485.79267861222,1646.6559167087835,2521.3119081761142,0.3333333333333333,0.6666666666666666,0.6666666666666666,0.6666666666666666,1.0,1.0,0.6666666666666666,1.0,0.0,17.527376038835385,0.25185575985588066,522.3333333333334,0.5887467265129089,1.0,35.685353360229534,3167.2238797152436,1455.6801088964887,0.14540899074975044,True,green,inconclusive,True
on_sonoff_gSYN,on -> sonoff gSYN,PSTH SSE,2,0.0080668628215789,3,1423.6666666666667,68.09062588442943,34612.371744791664,3564.0696884390954,3190.8839220781615,2845.33975420073,1.0,0.3333333333333333,1.0,1.0,1.0,1.0,0.3333333333333333,1.0,0.0,17.449078889970135,0.2620801206639591,520.0,0.5898162325223287,1.0,39.31214118366543,2057.7165940308973,1642.7576730237352,0.1513120282145864,True,green,inconclusive,True
on_sonoff_gSYN,on -> sonoff gSYN,PSTH SSE,2,0.0122474487870931,3,1415.0,86.50433515148244,88439.96875,6335.791200612308,-1771.2182247250603,4077.1588481349754,0.3333333333333333,0.3333333333333333,1.0,0.3333333333333333,1.0,1.0,0.3333333333333333,1.0,0.0,17.09114906658613,0.339451492802108,509.3333333333333,0.5862794319788615,1.0,49.943301185778,3657.9707552027785,2353.9487584995927,0.19598241074611739,False,red,inconclusive,False
on_sonoff_gSYN,on -> sonoff gSYN,PSTH SSE,2,0.0185945890843868,3,1406.6666666666667,47.85742714912004,239229.921875,11099.784276116286,-1423.419660959223,5768.484298479012,0.3333333333333333,0.6666666666666666,1.0,0.3333333333333333,1.0,1.0,0.6666666666666666,1.0,0.0,15.290314642685367,0.289308348855801,455.6666666666667,0.5837847391764323,1.0,27.630498447267364,6408.463439762514,3330.4359625429875,0.16703225309070285,False,red,inconclusive,False
on_sonoff_gSYN,on -> sonoff gSYN,PSTH SSE,2,0.0282310806214809,3,1391.3333333333333,67.65599258996454,387642.6770833333,25639.97308777316,-1312.1614621958822,3724.371693584166,0.6666666666666666,0.0,1.0,0.6666666666666666,1.0,1.0,0.0,1.0,0.0,12.784805878997348,0.4697828931915029,381.0,0.6545313795407613,1.0,39.06120553410736,14803.245364240594,2150.266999853041,0.27122927984479545,False,red,inconclusive,False
on_sonoff_gSYN,on -> sonoff gSYN,PSTH SSE,2,0.0428616069257259,3,1378.3333333333333,42.453896562428,415746.46875,22390.029871081675,441.58562317216393,1220.6740210692922,0.3333333333333333,0.3333333333333333,1.0,0.3333333333333333,1.0,1.0,0.3333333333333333,1.0,0.0,12.057760925248592,0.5158597611981789,359.3333333333333,0.685205320517222,1.0,24.510768608466336,12926.889773232768,704.7564746571388,0.29783177199186467,True,green,inconclusive,True
on_sonoff_gSYN,on -> sonoff gSYN,PSTH SSE,2,0.0650742799043655,3,1433.0,67.84541251993387,419899.7708333333,23283.89747598543,1271.8156840476574,521.0331132387802,1.0,0.0,1.0,1.0,1.0,1.0,0.0,1.0,0.0,11.83405478563359,0.5351441769920781,352.6666666666667,0.6857761343320211,1.0,39.17056718166503,13442.964475543838,300.81860818511853,0.308965634641637,True,green,inconclusive,True
on_sonoff_gSYN,on -> sonoff gSYN,PSTH SSE,2,0.0987984910607338,3,1415.0,51.21523210920751,412294.9895833333,17597.954312385133,-324.3764880152521,388.999554086108,0.0,0.3333333333333333,1.0,0.0,1.0,1.0,0.3333333333333333,1.0,0.0,11.766942943749092,0.47731257996603704,350.6666666666667,0.6901889642079672,1.0,29.569128044860125,10160.183659442293,224.58899726625884,0.2755765465309863,False,red,inconclusive,False
on_sonoff_gSYN,on -> sonoff gSYN,PSTH SSE,2,0.1500000059604644,3,1414.6666666666667,39.55165398985649,389975.0729166667,16889.18210176951,-6.510224042903995,231.36497267987875,0.6666666666666666,0.0,1.0,0.6666666666666666,0.0,1.0,0.0,1.0,0.0,11.621533952999341,0.513672360131316,346.3333333333333,0.6856594483057658,1.0,22.835158077938583,9750.973832849237,133.5786292577784,0.2965688753970857,False,red,inconclusive,False
on_sonoff_gSYN,on -> sonoff gSYN,PSTH SSE,7,0.0010000000474974,3,3099.6666666666665,109.44100389403111,-1501.8636474609375,99.553236431631,0.0,0.0,0.0,0.0,0.0,0.0,0.0,1.0,0.0,1.0,0.0,18.28797691352639,0.5965030983735836,545.0,1.3018064101537068,1.0,63.185793058601746,57.477087852500624,0.0,0.34439122441843434,False,red,inconclusive,False
on_sonoff_gSYN,on -> sonoff gSYN,PSTH SSE,7,0.0015182418283075,3,3099.6666666666665,109.44100389403111,-2345.922607421875,513.1685120511561,0.0,2.3283064365386963e-10,0.3333333333333333,0.0,0.0,0.3333333333333333,1.0,1.0,0.0,1.0,0.0,18.28797691352639,0.5965030983735836,545.0,1.3018064101537068,1.0,63.185793058601746,296.2779785723747,1.3442483478915548e-10,0.34439122441843434,False,red,inconclusive,False
on_sonoff_gSYN,on -> sonoff gSYN,PSTH SSE,7,0.0023050580639392,3,3099.6666666666665,109.44100389403111,-4508.381693522136,3203.9201427071866,1329.6833421589497,1759.0057229095687,0.3333333333333333,0.0,0.0,0.6666666666666666,1.0,1.0,0.0,1.0,0.0,18.28797691352639,0.5965030983735836,545.0,1.3018064101537068,1.0,63.185793058601746,1849.7841568540584,1015.5624276279318,0.34439122441843434,False,red,inconclusive,False
on_sonoff_gSYN,on -> sonoff gSYN,PSTH SSE,7,0.0034996354952454,3,3103.6666666666665,111.01951780355262,-19749.8408203125,7543.583273478698,-2214.274684969258,1602.7603133503935,1.0,0.0,0.0,0.0,1.0,1.0,0.0,1.0,0.0,18.26560629956489,0.5707795408285221,544.3333333333334,1.3006773392359416,1.0,64.09714848918355,4355.289833597285,925.3540983592987,0.3295397215452783,True,green,inconclusive,True
on_sonoff_gSYN,on -> sonoff gSYN,PSTH SSE,7,0.0053132930770516,3,3084.3333333333335,112.03719620435588,-63751.554036458336,32131.716021028114,-16473.690950430057,6644.920125530223,1.0,0.6666666666666666,0.0,0.0,1.0,1.0,0.6666666666666666,1.0,0.0,18.22086507164189,0.589859260804904,543.0,1.2977832158406575,1.0,64.68470538783579,18551.254894265196,3836.4464232184364,0.34055540300970505,True,green,inconclusive,True
on_sonoff_gSYN,on -> sonoff gSYN,PSTH SSE,7,0.0080668628215789,3,3014.6666666666665,159.8572279671249,-99093.1796875,13527.616888366027,-24055.758015038427,17318.041745911076,1.0,0.6666666666666666,0.0,0.0,1.0,1.0,0.6666666666666666,1.0,0.0,17.874120555238637,0.6387388134746811,532.6666666666666,1.279041091601054,1.0,92.29361359872695,7810.173251992253,9998.576063838937,0.3687760259014693,True,green,inconclusive,True
on_sonoff_gSYN,on -> sonoff gSYN,PSTH SSE,7,0.0122474487870931,3,2922.0,191.67420275039623,-65968.71223958333,5653.266672743799,-17889.260170610283,3086.364579011505,1.0,0.6666666666666666,0.0,0.0,1.0,1.0,0.6666666666666666,1.0,0.0,17.203002136393632,0.9216177110439008,512.6666666666666,1.2248093684514363,1.0,110.66315255464818,3263.9150353093723,1781.9134205096186,0.5320962335611229,True,green,inconclusive,True
on_sonoff_gSYN,on -> sonoff gSYN,PSTH SSE,7,0.0185945890843868,3,2849.6666666666665,119.71772355559283,39104.313802083336,14458.858245422962,-7983.366940113017,12548.4981367142,0.3333333333333333,0.6666666666666666,1.0,0.3333333333333333,1.0,1.0,0.6666666666666666,1.0,0.0,16.050915517376374,0.7292785840610739,478.3333333333333,1.1567338307698567,1.0,69.11905992159072,8347.825700169587,7244.878777157462,0.4210491868218902,False,red,inconclusive,False
on_sonoff_gSYN,on -> sonoff gSYN,PSTH SSE,7,0.0282310806214809,3,2822.6666666666665,50.89531740085062,89526.31770833333,12547.125767244996,-17524.340665186446,62663.48616033106,0.3333333333333333,0.6666666666666666,1.0,0.3333333333333333,1.0,1.0,0.6666666666666666,1.0,0.0,15.055423196089615,0.7199550369340673,448.6666666666667,1.1162229379018147,1.0,29.384425201872553,7244.086439274988,36178.780603027524,0.41566623437831074,False,red,inconclusive,False
on_sonoff_gSYN,on -> sonoff gSYN,PSTH SSE,7,0.0288104899227619,3,2812.0,89.06177631284928,89392.3828125,11460.484607666725,-17734.035580859792,62982.52796322661,0.3333333333333333,0.3333333333333333,1.0,0.3333333333333333,1.0,1.0,0.3333333333333333,1.0,0.0,15.055423196089615,0.7176052227484736,448.6666666666667,1.1215395132700603,1.0,51.419840528729765,6616.713873279947,36362.97947381202,0.4143095685257126,False,red,inconclusive,False
on_sonoff_gSYN,on -> sonoff gSYN,PSTH SSE,7,0.0428616069257259,3,2793.0,149.27826365549674,116521.61979166667,22153.93578193745,-89.82009370094359,7106.538396151694,0.3333333333333333,0.0,1.0,0.3333333333333333,1.0,1.0,0.0,1.0,0.0,14.507343154032862,0.8006679940571699,432.3333333333333,1.10176420211792,1.0,86.18584570566098,12790.58078731127,4102.961856024592,0.4622658819004248,False,red,inconclusive,False
on_sonoff_gSYN,on -> sonoff gSYN,PSTH SSE,7,0.0650742799043655,3,2835.3333333333335,132.51540790916852,120947.0625,19735.704020536443,442.51387469186255,1952.3482411124671,0.6666666666666666,0.3333333333333333,1.0,0.6666666666666666,1.0,1.0,0.3333333333333333,1.0,0.0,14.25008109347561,0.8041761224128371,424.6666666666667,1.1006553967793782,1.0,76.50780642813152,11394.414028903495,1127.1887825581753,0.46429130075092095,True,green,inconclusive,True
on_sonoff_gSYN,on -> sonoff gSYN,PSTH SSE,7,0.0987984910607338,3,2775.3333333333335,101.76607162180001,155106.203125,26791.361053461314,-974.3989641068571,982.3327510911711,0.3333333333333333,0.6666666666666666,1.0,0.3333333333333333,1.0,1.0,0.6666666666666666,1.0,0.0,13.959263111976107,0.6702789958537674,416.0,1.1049367984135945,1.0,58.754668845216976,15467.999516172347,567.1500782762733,0.3869857586883247,False,red,inconclusive,False
on_sonoff_gSYN,on -> sonoff gSYN,PSTH SSE,7,0.1500000059604644,3,2788.0,64.09368143584827,184880.234375,27760.972784964313,247.38851363035187,913.2199227220248,0.3333333333333333,0.0,1.0,0.3333333333333333,0.0,1.0,0.0,1.0,0.0,13.959263111976107,0.7006681996517262,416.0,1.1146163940429688,1.0,37.00450423034112,16027.805110365021,527.2477682128903,0.4045309736815346,True,green,inconclusive,True
output_ad,Output adaptation,PSTH SSE,1,0.0,3,989081.3333333334,2862.011413906908,-56461130.666666664,406255.85144996137,-2954457193.004889,12139034.201093664,1.0,0.0,0.0,0.0,0.0,1.0,0.0,1.0,0.0,598.1231054886301,1.3954314887644435,17824.666666666668,1.394934058189392,1.0,1652.3830602429348,234551.92519449582,7008474.663703501,0.8056527456738317,True,green,inconclusive,True
output_ad,Output adaptation,PSTH SSE,1,0.0002500000118743,3,250467.0,665.2570931602309,-18019666.0,92361.22773112103,-1753495916.7139838,6663066.845124218,1.0,1.0,0.0,0.0,1.0,1.0,1.0,1.0,0.0,317.98709215574416,0.5968176267889989,9476.333333333334,1.545937458674113,1.0,384.08636181636723,53324.77969324706,3846923.436660938,0.34457281748374213,True,green,stable_green,True
output_ad,Output adaptation,PSTH SSE,1,0.0005000000237487,3,112333.33333333333,486.9592727665583,-9061291.0,64225.25194968098,-416555980.21458215,1394763.4740457914,1.0,1.0,0.0,0.0,1.0,1.0,1.0,1.0,0.0,224.69044662930773,0.5010967592721288,6696.0,1.5237523714701335,1.0,281.14606721615684,37080.46650191985,805267.0671961954,0.2893083488558127,True,green,stable_green,True
output_ad,Output adaptation,PSTH SSE,1,0.0010000000474974,3,40034.0,346.6237152879185,-3605712.4166666665,26035.631589628018,-105736106.08892266,763016.2249319887,1.0,1.0,0.0,0.0,1.0,1.0,1.0,1.0,0.0,147.22101048063266,0.11784452146856048,4387.333333333333,1.4269280036290486,1.0,200.12329532898798,15031.67890679366,440527.62286053575,0.06803756619239602,True,green,stable_green,True
output_ad,Output adaptation,PSTH SSE,1,0.0020000000949949,3,12023.0,272.8974166239028,-1090852.3333333333,18383.700342598582,-18524287.854806688,131405.80282893515,1.0,1.0,0.0,0.0,1.0,1.0,1.0,1.0,0.0,91.68596132120847,0.1270406663266195,2732.3333333333335,1.2804878155390422,1.0,157.55739694896374,10613.834341500708,75867.1756363646,0.0733469629017032,True,green,stable_green,True
output_ad,Output adaptation,PSTH SSE,1,0.0035000001080334,3,5581.666666666667,302.116423475013,-270582.3020833333,6999.016214095334,-2414777.652470948,101582.13836308301,1.0,1.0,0.0,0.0,1.0,1.0,1.0,1.0,0.0,60.79214344037672,0.2284104320510715,1811.6666666666667,1.1286886930465698,1.0,174.42699841990574,4040.883895270497,58648.47492878379,0.13187282443040488,True,green,stable_green,True
output_ad,Output adaptation,PSTH SSE,1,0.0049999998882412,3,4778.666666666667,108.31589603254595,-34454.515625,6096.137171626243,-241244.7930414422,150539.5487516827,1.0,0.6666666666666666,0.0,0.0,1.0,1.0,0.6666666666666666,1.0,0.0,46.45257989105511,0.1356146399223977,1384.3333333333333,1.0175439318021138,1.0,62.53621173190592,3519.6064370552954,86914.04899546881,0.07829714886525048,True,green,inconclusive,True
output_ad,Output adaptation,PSTH SSE,1,0.0052542784251272,3,4730.0,79.22120928135344,-3448.2504069010415,4651.726310005849,-157491.70716320522,197062.0170417492,0.3333333333333333,0.3333333333333333,0.3333333333333333,0.3333333333333333,1.0,1.0,0.3333333333333333,1.0,0.0,44.6629307741351,0.17756124365387968,1331.0,1.0019974907239277,1.0,45.73838650411709,2685.6754372783416,113773.80858610453,0.10251503182121217,True,green,inconclusive,True
output_ad,Output adaptation,PSTH SSE,1,0.0074999998323619,3,5048.666666666667,94.49514978734788,103009.70052083333,5501.622144055579,206051.18373363614,7228.362806587746,1.0,1.0,1.0,1.0,1.0,1.0,1.0,1.0,0.0,33.90266545865351,0.10251503182121195,1010.3333333333334,0.8844141761461893,1.0,54.55680016683931,3176.363025850095,4173.297212183714,0.05918708121795978,True,green,stable_green,True
output_ad,Output adaptation,PSTH SSE,1,0.0099999997764825,3,5742.333333333333,40.26578365477745,132253.08333333334,6059.25723551783,250066.67225609566,14709.181135333716,1.0,1.0,1.0,1.0,1.0,1.0,1.0,1.0,0.0,27.157925349261205,0.15498815991131154,809.3333333333334,0.7670815189679464,1.0,23.247461032216997,3498.3137960154068,8492.349688043887,0.0894824558460005,True,green,stable_green,True
output_ad,Output adaptation,PSTH SSE,1,0.0149999996647238,3,6718.666666666667,79.53825075605658,148495.63541666666,2199.043046507703,173811.11226455754,9979.776413711637,1.0,1.0,1.0,1.0,1.0,1.0,1.0,1.0,0.0,19.8762905047929,0.17219561220921642,592.3333333333334,0.6232737501462301,1.0,45.92143048488123,1269.618094860797,5761.826598908692,0.09941718306226352,True,green,stable_green,True
output_ad,Output adaptation,PSTH SSE,1,0.025000000372529,3,8027.666666666667,114.9318638730501,114510.40885416667,7051.074700897902,130899.99073483062,6775.691367007011,1.0,0.0,1.0,1.0,0.0,1.0,0.0,1.0,0.0,13.713186358399605,0.16889443162468254,408.6666666666667,0.44390858213106793,1.0,66.35594254557091,4070.9398766395643,3911.9472346873213,0.09751124556313931,True,green,inconclusive,True
output_ad,Output adaptation,PSTH SSE,2,0.0,3,19349.0,278.86018001858923,-2638321.5833333335,39341.45278387462,-41398664.700346015,451704.8969747041,1.0,0.0,0.0,0.0,0.0,1.0,0.0,1.0,0.0,96.28312249029675,0.4555867667621093,2869.3333333333335,0.6883127689361572,1.0,161.0,22713.798355080966,260791.9438626176,0.26303314242933507,True,green,inconclusive,True
output_ad,Output adaptation,PSTH SSE,2,0.0002500000118743,3,8999.333333333334,172.7464423174423,-1560467.5,16423.504411075763,-28557331.97693946,436313.3223375598,1.0,1.0,0.0,0.0,1.0,1.0,1.0,1.0,0.0,69.20349428990079,0.36962320373720386,2062.3333333333335,0.6542655030886332,1.0,99.73520497352548,9482.114692771598,251905.6141026101,0.21340205617640656,True,green,stable_green,True
output_ad,Output adaptation,PSTH SSE,2,0.0005000000237487,3,5070.333333333333,60.706946335105,-921032.125,5208.613376762932,-12179999.421479128,347539.90925661504,1.0,1.0,0.0,0.0,1.0,1.0,1.0,1.0,0.0,53.79014127042716,0.648072477964763,1603.0,0.634978175163269,1.0,35.04917180825304,3007.1943351787645,200652.26016344482,0.3741648196073437,True,green,stable_green,True
output_ad,Output adaptation,PSTH SSE,2,0.0010000000474974,3,2516.3333333333335,34.42867022313426,-381340.34375,17506.2048635229,-3734888.7114914446,114840.14109379679,1.0,1.0,0.0,0.0,1.0,1.0,1.0,1.0,0.0,37.71685513908929,0.506683294874049,1124.0,0.6236077149709066,1.0,19.87740202116742,10107.212090443683,66302.98637427819,0.29253373668941873,True,green,stable_green,True
output_ad,Output adaptation,PSTH SSE,2,0.0020000000949949,3,1527.6666666666667,79.97708005005765,-103886.84635416667,18866.396958454738,-629555.5187028059,31700.14308367178,1.0,1.0,0.0,0.0,1.0,1.0,1.0,1.0,0.0,24.98797579499569,0.2022654868407686,744.6666666666666,0.609031101067861,1.0,46.174788695901036,10892.519362602181,18302.086142707558,0.11677803327528846,True,green,stable_green,True
output_ad,Output adaptation,PSTH SSE,2,0.0035000001080334,3,1391.3333333333333,33.605555096342854,-24084.533854166668,2626.2513520520697,27629.034962569207,131966.02121182432,0.3333333333333333,0.3333333333333333,0.0,0.6666666666666666,1.0,1.0,0.3333333333333333,1.0,0.0,18.24323568560339,0.27940887882502335,543.6666666666666,0.5985523263613383,1.0,19.40217628114035,1516.2669250668812,76190.61787053064,0.16131679140359878,False,red,inconclusive,False
output_ad,Output adaptation,PSTH SSE,2,0.0037855682894587,3,1405.6666666666667,73.63649457526702,-15483.19140625,2629.834237068218,47900.162022701676,119576.9159060169,0.3333333333333333,0.6666666666666666,0.0,0.6666666666666666,1.0,1.0,0.6666666666666666,1.0,0.0,17.605673187700635,0.24274950968323927,524.6666666666666,0.5966308911641439,1.0,42.51404996521084,1518.3355046954298,69037.7645872041,0.14015149476126787,False,red,inconclusive,False
output_ad,Output adaptation,PSTH SSE,2,0.0049999998882412,3,1452.0,17.349351572897472,-4133.430603027344,4805.899177889304,28206.819547185598,30468.153939134496,0.3333333333333333,1.0,0.3333333333333333,1.0,1.0,1.0,1.0,1.0,0.0,15.178461572877866,0.29317455615764976,452.3333333333333,0.5732741753260294,1.0,10.016652800877813,2774.687184052591,17590.796878470257,0.16926440891716815,False,red,inconclusive,False
output_ad,Output adaptation,PSTH SSE,2,0.0074999998323619,3,1471.3333333333333,34.5880518869354,11022.719075520834,4446.304780088259,16533.33370288242,3869.5392494063517,1.0,1.0,1.0,1.0,1.0,1.0,1.0,1.0,0.0,12.001834390344841,0.12704066632663868,357.6666666666667,0.5293875137964884,1.0,19.9694210676669,2567.075261683076,2234.07952728458,0.07334696290171427,True,green,stable_green,True
output_ad,Output adaptation,PSTH SSE,2,0.0099999997764825,3,1534.6666666666667,12.701705922171751,18884.412109375,11117.727448742877,23577.77830478248,10349.951027429475,1.0,1.0,1.0,1.0,1.0,1.0,1.0,1.0,0.0,10.167444045501828,0.24197518710539828,303.0,0.4634594718615214,1.0,7.333333333333325,6418.822935308592,5975.547011785851,0.13970443941251176,True,green,stable_green,True
output_ad,Output adaptation,PSTH SSE,2,0.0149999996647238,3,1635.0,56.20498198558558,15995.758138020834,3748.299299489307,18122.222306151612,8092.338108093046,1.0,1.0,1.0,1.0,1.0,1.0,1.0,1.0,0.0,8.120532868024563,0.12098759355269864,242.0,0.36687801281611127,1.0,32.449961479175904,2164.0816095634373,4672.113585080987,0.06985221970625559,True,green,stable_green,True
output_ad,Output adaptation,PSTH SSE,2,0.025000000372529,3,1777.3333333333333,28.988503468329156,11386.959635416666,3949.7158530323213,14233.332325890673,3477.5467820560907,1.0,0.0,1.0,1.0,0.0,1.0,0.0,1.0,0.0,6.252586602239298,0.08444721581234108,186.33333333333334,0.27177792787551874,1.0,16.73652028084424,2280.3695109707432,2007.762570739601,0.048755622781569544,True,green,inconclusive,True
output_ad,Output adaptation,PSTH SSE,7,0.0,3,19108.666666666668,1717.5337939421556,-1742410.5,114353.71470648373,-38102664.85689678,4005958.03883312,1.0,0.0,0.0,0.0,0.0,1.0,0.0,1.0,0.0,76.41801729248459,2.715819254226516,2277.3333333333335,1.4609134594599407,1.0,991.6185982747828,66022.14796862206,2312840.952082647,1.5679789774980477,True,green,inconclusive,True
output_ad,Output adaptation,PSTH SSE,7,0.0002500000118743,3,9583.0,723.4175834191481,-717106.3333333334,44488.75663726971,-25157332.13843065,3081451.6759682014,1.0,1.0,0.0,0.0,1.0,1.0,1.0,1.0,0.0,52.42553381877565,2.103700232040481,1562.3333333333333,1.56153404712677,1.0,417.6653365235537,25685.59562043942,1779076.9546150647,1.21457189526285,True,green,stable_green,True
output_ad,Output adaptation,PSTH SSE,7,0.0005000000237487,3,6530.0,180.41895687537937,-435678.4166666667,39042.059328719835,-9641110.65318145,1484409.027542956,1.0,1.0,0.0,0.0,1.0,1.0,1.0,1.0,0.0,42.056754247620326,1.6205576007953761,1253.3333333333333,1.5633143583933513,1.0,104.16493331891176,22540.943463153737,857023.9516394363,0.9356293670565046,True,green,stable_green,True
output_ad,Output adaptation,PSTH SSE,7,0.0010000000474974,3,4280.333333333333,128.4146928249774,-221384.46875,17282.162355239336,-3413888.7267380822,137769.6616764084,1.0,1.0,0.0,0.0,1.0,1.0,1.0,1.0,0.0,31.7103452904265,1.3129759099703935,945.0,1.5056267579396565,1.0,74.14025747040381,9977.861087976247,79541.35125503807,0.7580469950609006,True,green,stable_green,True
output_ad,Output adaptation,PSTH SSE,7,0.0020000000949949,3,3037.3333333333335,87.87111774259687,-71839.63541666667,1002.5983464759375,-783488.8424388081,127729.85190244847,1.0,1.0,0.0,0.0,1.0,1.0,1.0,1.0,0.0,22.70617317092267,0.7176052227484745,676.6666666666666,1.3577592372894287,1.0,50.7324134826816,578.8504252269563,73744.86437942967,0.41430956852571316,True,green,stable_green,True
output_ad,Output adaptation,PSTH SSE,7,0.0035000001080334,3,2896.0,102.80564186852781,-21350.870768229168,6231.226191725045,-101230.19938312657,116076.27402548167,1.0,0.6666666666666666,0.0,0.0,1.0,1.0,0.6666666666666666,1.0,0.0,16.889813540932632,0.8249116502798485,503.3333333333333,1.1949042081832886,1.0,59.3548650070068,3597.600119173902,67016.66805514062,0.47626296334672896,True,green,inconclusive,True
output_ad,Output adaptation,PSTH SSE,7,0.0043002371676266,3,2812.0,89.06177631284928,-6590.917867024739,8659.669642078006,-45411.071270319015,25656.550110158714,0.6666666666666666,0.3333333333333333,0.3333333333333333,0.0,1.0,1.0,0.3333333333333333,1.0,0.0,15.055423196089615,0.7176052227484736,448.6666666666667,1.1215395132700603,1.0,51.419840528729765,4999.662598946968,14812.816112577257,0.4143095685257126,True,green,inconclusive,True
output_ad,Output adaptation,PSTH SSE,7,0.0049999998882412,3,2816.6666666666665,100.72900939318988,1439.40869140625,6588.61613036042,12179.473187298388,105023.2915820395,1.0,0.3333333333333333,0.3333333333333333,0.3333333333333333,1.0,1.0,0.3333333333333333,1.0,0.0,13.847410042168605,0.6928573164635885,412.6666666666667,1.0773908694585164,1.0,58.15592068836253,3803.939296450699,60635.22566607106,0.4000213581702546,True,green,inconclusive,True
output_ad,Output adaptation,PSTH SSE,7,0.0074999998323619,3,2896.3333333333335,78.37303958207396,8328.768880208334,4932.30586593078,26333.33392192893,10690.80625783884,1.0,1.0,1.0,1.0,1.0,1.0,1.0,1.0,0.0,10.950415534154333,0.3680968797893664,326.3333333333333,0.9377012650171915,1.0,45.2486954999196,2847.6681194207063,6172.33987081739,0.212520832634252,True,green,stable_green,True
output_ad,Output adaptation,PSTH SSE,7,0.0099999997764825,3,2948.3333333333335,49.50084174368486,13339.540690104166,3101.204278971043,21866.66715542488,9973.520720278195,1.0,1.0,1.0,1.0,1.0,1.0,1.0,1.0,0.0,9.11602518931132,0.1655274273452642,271.6666666666667,0.8355147242546082,1.0,28.57932430582952,1790.4811252759512,5758.214872620926,0.09556730473605451,True,green,stable_green,True
output_ad,Output adaptation,PSTH SSE,7,0.0149999996647238,3,3068.3333333333335,72.03702751594724,19102.7880859375,6359.3951078205555,23911.11091430539,3414.7287825747876,1.0,1.0,1.0,1.0,1.0,1.0,1.0,1.0,0.0,7.169781774660805,0.19373519988914029,213.66666666666666,0.6589471101760864,1.0,41.59059722795262,3671.598477383387,1971.494581829117,0.11185306980750111,True,green,stable_green,True
output_ad,Output adaptation,PSTH SSE,7,0.025000000372529,3,3305.6666666666665,126.23126923759162,18541.307291666668,7595.962665280883,23733.33165347578,12014.296188289314,1.0,0.0,1.0,1.0,0.0,1.0,0.0,1.0,0.0,5.603838797355793,0.2348914465957523,167.0,0.489168385664622,1.0,72.87965727447165,4385.531089554265,6936.457138432731,0.13561463992239822,True,green,inconclusive,True
rel_ref_a,Relative refractory a,CV squared error,1,0.0010000000474974,3,0.1072402869661649,0.020801435162987266,-909032.125,64512.467857692776,0.0,0.0,0.0,0.0,0.0,0.0,0.0,1.0,0.0,0.0,0.0,44.6629307741351,0.17756124365387968,1331.0,1.0019974907239277,1.0,0.012009714190881246,37246.29068372601,0.0,0.10251503182121217,False,red,inconclusive,False
rel_ref_a,Relative refractory a,CV squared error,1,0.050000000745058,3,0.1072402869661649,0.020801435162987266,-13986.460286458334,1590.0238456885304,0.0,0.0,0.0,0.0,0.0,0.0,1.0,1.0,0.0,1.0,0.0,44.6629307741351,0.17756124365387968,1331.0,1.0019974907239277,1.0,0.012009714190881246,918.000695326197,0.0,0.10251503182121217,False,red,inconclusive,False
rel_ref_a,Relative refractory a,CV squared error,1,0.1000000014901161,3,0.1072402869661649,0.020801435162987266,-4826.354166666667,392.2622331860727,-1.850371707708594e-17,8.922169263581908e-17,0.6666666666666666,0.0,0.0,0.3333333333333333,1.0,1.0,0.0,1.0,0.0,44.6629307741351,0.17756124365387968,1331.0,1.0019974907239277,1.0,0.012009714190881246,226.47270592290283,5.1512168260844204e-17,0.10251503182121217,True,green,inconclusive,True
rel_ref_a,Relative refractory a,CV squared error,1,0.25,3,0.1072402869661649,0.020801435162987266,-426.874267578125,34.89159285085526,-9.25185853854297e-18,1.6024689053196368e-17,0.3333333333333333,0.0,0.0,0.0,1.0,1.0,0.0,1.0,0.0,44.6629307741351,0.17756124365387968,1331.0,1.0019974907239277,1.0,0.012009714190881246,20.144670524896107,9.251858538542972e-18,0.10251503182121217,True,green,inconclusive,True
rel_ref_a,Relative refractory a,CV squared error,1,0.5,3,0.1072402869661649,0.020801435162987266,-22.06796391805013,3.4107166554405177,1.1564823173178714e-17,1.4444459513666495e-17,0.0,0.0,0.0,0.6666666666666666,1.0,1.0,0.0,1.0,0.0,44.6629307741351,0.17756124365387968,1331.0,1.0019974907239277,1.0,0.012009714190881246,1.969178179148123,8.339512588514003e-18,0.10251503182121217,False,red,inconclusive,False
rel_ref_a,Relative refractory a,CV squared error,1,1.0,3,0.1072402869661649,0.020801435162987266,-0.292787844936053,0.06475323481303707,5.782411586589357e-18,7.222229756833248e-18,0.0,0.0,0.0,0.6666666666666666,1.0,1.0,0.0,1.0,0.0,44.6629307741351,0.17756124365387968,1331.0,1.0019974907239277,1.0,0.012009714190881246,0.037385297550206004,4.169756294257001e-18,0.10251503182121217,False,red,inconclusive,False
rel_ref_a,Relative refractory a,CV squared error,1,2.0,3,0.1072402869661649,0.020801435162987266,-0.0019225889506439,0.00027394542142376946,2.8912057932946786e-18,3.611114878416624e-18,0.0,0.0,0.0,0.6666666666666666,1.0,1.0,0.0,1.0,0.0,44.6629307741351,0.17756124365387968,1331.0,1.0019974907239277,1.0,0.012009714190881246,0.00015816246280227878,2.0848781471285006e-18,0.10251503182121217,False,red,inconclusive,False
rel_ref_a,Relative refractory a,CV squared error,1,4.0,3,0.1072402869661649,0.020801435162987266,-2.110342938976828e-05,1.9332881121918198e-06,0.0,0.0,0.0,0.0,0.0,0.0,1.0,0.0,0.0,1.0,0.0,44.6629307741351,0.17756124365387968,1331.0,1.0019974907239277,1.0,0.012009714190881246,1.1161844119950506e-06,0.0,0.10251503182121217,False,red,inconclusive,False
rel_ref_a,Relative refractory a,CV squared error,1,6.0,3,0.1072402869661649,0.020801435162987266,-3.829592192990579e-07,3.4828358241797077e-08,0.0,0.0,0.0,0.0,0.0,0.0,1.0,0.0,0.0,1.0,0.0,44.6629307741351,0.17756124365387968,1331.0,1.0019974907239277,1.0,0.012009714190881246,2.0108162006334264e-08,0.0,0.10251503182121217,False,red,inconclusive,False
rel_ref_a,Relative refractory a,CV squared error,1,8.0,3,0.1072402869661649,0.020801435162987266,-7.436098107641935e-09,6.762784867229367e-10,4.625929269271485e-18,8.012344526598184e-18,0.0,0.0,0.0,0.3333333333333333,1.0,0.0,0.0,1.0,0.0,44.6629307741351,0.17756124365387968,1331.0,1.0019974907239277,1.0,0.012009714190881246,3.9044956635664027e-10,4.625929269271486e-18,0.10251503182121217,False,red,inconclusive,False
rel_ref_a,Relative refractory a,CV squared error,1,8.795970916748047,3,0.1072402869661649,0.020801435162987266,-1.8590245269104837e-09,1.690696216807343e-10,3.469446951953614e-18,6.009258394948637e-18,0.3333333333333333,0.0,0.0,0.6666666666666666,1.0,0.0,0.0,1.0,0.0,44.6629307741351,0.17756124365387968,1331.0,1.0019974907239277,1.0,0.012009714190881246,9.761239158916014e-11,3.469446951953614e-18,0.10251503182121217,False,red,inconclusive,False
rel_ref_a,Relative refractory a,CV squared error,1,10.0,3,0.1072402869661649,0.020801435162987266,0.0,0.0,5.493291007259889e-18,4.0989916549992185e-18,0.0,0.0,0.0,1.0,1.0,0.0,0.0,1.0,0.0,44.6629307741351,0.17756124365387968,1331.0,1.0019974907239277,1.0,0.012009714190881246,0.0,2.3665539354198287e-18,0.10251503182121217,False,red,inconclusive,False
rel_ref_a,Relative refractory a,CV squared error,1,15.0,3,0.1072402869661649,0.020801435162987266,0.0,0.0,0.0,0.0,0.0,0.0,0.0,0.0,0.0,0.0,0.0,0.0,0.0,44.6629307741351,0.17756124365387968,1331.0,1.0019974907239277,1.0,0.012009714190881246,0.0,0.0,0.10251503182121217,False,red,inconclusive,False
rel_ref_a,Relative refractory a,CV squared error,2,0.0010000000474974,3,1.0998913447062175,0.03146122491690881,-4134.775370279948,3737.1251172278007,-13.399345951646907,0.4922961138707541,1.0,0.0,0.0,0.0,0.0,1.0,0.0,0.0,0.0,1.957428721631265,0.01937351998891372,58.333333333333336,0.15162281692028043,1.0,0.018164146674812663,2157.6301924267827,0.2842272938642866,0.011185306980749933,True,green,inconclusive,True
rel_ref_a,Relative refractory a,CV squared error,2,0.050000000745058,3,0.44332338372866315,0.01101660236219583,-47026.82421875,2880.434692172197,-7.509010012346167,0.22185487706698012,1.0,1.0,0.0,0.0,1.0,1.0,1.0,1.0,0.0,17.169446215451384,0.2732971314803892,511.6666666666667,0.5345179041226705,1.0,0.006360438339368829,1663.019744908755,0.1280879729956523,0.15778817242895526,True,green,stable_green,True
rel_ref_a,Relative refractory a,CV squared error,2,0.1000000014901161,3,0.3684002260367076,0.010034032451260888,-10479.648763020834,2124.814310388177,-1.1303877760697874,0.10036450534141718,1.0,1.0,0.0,0.0,1.0,1.0,1.0,1.0,0.0,17.594487880719885,0.2540813326532791,524.3333333333334,0.5933863321940104,1.0,0.005793151336792915,1226.7621140805832,0.05794547417595085,0.14669392580342955,True,green,stable_green,True
rel_ref_a,Relative refractory a,CV squared error,2,0.25,3,0.36447596549987793,0.010372295421435028,-18.51752281188965,8.977895413566703,-0.016351085793469184,0.0020458662037631404,1.0,0.0,0.0,0.0,1.0,1.0,0.0,1.0,0.0,17.605673187700635,0.24274950968323927,524.6666666666666,0.5966308911641439,1.0,0.005988447553679836,5.183390333779043,0.001181181403468607,0.14015149476126787,True,green,inconclusive,True
rel_ref_a,Relative refractory a,CV squared error,2,0.5,3,0.36447596549987793,0.010372295421435028,-6.017255952765291e-10,3.6304524345701946e-11,0.0,0.0,0.0,0.0,0.0,0.0,1.0,0.0,0.0,1.0,0.0,17.605673187700635,0.24274950968323927,524.6666666666666,0.5966308911641439,1.0,0.005988447553679836,2.096042690379234e-11,0.0,0.14015149476126787,False,red,inconclusive,False
rel_ref_a,Relative refractory a,CV squared error,2,1.0,3,0.36447596549987793,0.010372295421435028,0.0,0.0,0.0,0.0,0.0,0.0,0.0,0.0,1.0,0.0,0.0,1.0,0.0,17.605673187700635,0.24274950968323927,524.6666666666666,0.5966308911641439,1.0,0.005988447553679836,0.0,0.0,0.14015149476126787,False,red,inconclusive,False
rel_ref_a,Relative refractory a,CV squared error,2,2.0,3,0.36447596549987793,0.010372295421435028,0.0,0.0,3.700743415417188e-17,1.6024689053196368e-17,0.0,0.0,0.0,1.0,1.0,0.0,0.0,1.0,0.0,17.605673187700635,0.24274950968323927,524.6666666666666,0.5966308911641439,1.0,0.005988447553679836,0.0,9.251858538542972e-18,0.14015149476126787,False,red,inconclusive,False
rel_ref_a,Relative refractory a,CV squared error,2,3.2449843883514404,3,0.36447596549987793,0.010372295421435028,0.0,0.0,-1.850371707708594e-17,3.2049378106392736e-17,0.0,0.0,0.0,0.0,1.0,0.0,0.0,1.0,0.0,17.605673187700635,0.24274950968323927,524.6666666666666,0.5966308911641439,1.0,0.005988447553679836,0.0,1.8503717077085944e-17,0.14015149476126787,False,red,inconclusive,False
rel_ref_a,Relative refractory a,CV squared error,2,4.0,3,0.36447596549987793,0.010372295421435028,0.0,0.0,-3.700743415417188e-17,2.230542315895477e-17,0.0,0.0,0.0,0.0,1.0,0.0,0.0,1.0,0.0,17.605673187700635,0.24274950968323927,524.6666666666666,0.5966308911641439,1.0,0.005988447553679836,0.0,1.2878042065211051e-17,0.14015149476126787,False,red,inconclusive,False
rel_ref_a,Relative refractory a,CV squared error,2,6.0,3,0.36447596549987793,0.010372295421435028,0.0,0.0,0.0,0.0,0.0,0.0,0.0,0.0,1.0,0.0,0.0,1.0,0.0,17.605673187700635,0.24274950968323927,524.6666666666666,0.5966308911641439,1.0,0.005988447553679836,0.0,0.0,0.14015149476126787,False,red,inconclusive,False
rel_ref_a,Relative refractory a,CV squared error,2,8.0,3,0.36447596549987793,0.010372295421435028,0.0,0.0,0.0,0.0,0.0,0.0,0.0,0.0,1.0,0.0,0.0,1.0,0.0,17.605673187700635,0.24274950968323927,524.6666666666666,0.5966308911641439,1.0,0.005988447553679836,0.0,0.0,0.14015149476126787,False,red,inconclusive,False
rel_ref_a,Relative refractory a,CV squared error,2,10.0,3,0.36447596549987793,0.010372295421435028,0.0,0.0,-4.625929269271485e-18,1.0015430658247728e-17,0.0,0.0,0.0,0.3333333333333333,1.0,0.0,0.0,1.0,0.0,17.605673187700635,0.24274950968323927,524.6666666666666,0.5966308911641439,1.0,0.005988447553679836,0.0,5.782411586589357e-18,0.14015149476126787,False,red,inconclusive,False
rel_ref_a,Relative refractory a,CV squared error,2,15.0,3,0.36447596549987793,0.010372295421435028,0.0,0.0,0.0,0.0,0.0,0.0,0.0,0.0,0.0,0.0,0.0,0.0,0.0,17.605673187700635,0.24274950968323927,524.6666666666666,0.5966308911641439,1.0,0.005988447553679836,0.0,0.0,0.14015149476126787,False,red,inconclusive,False
rel_ref_a,Relative refractory a,CV squared error,7,0.0010000000474974,3,0.40234564741452533,0.034813221436119146,-1602452.5833333333,264800.715793982,-1.1219568644286813,0.29026254582406663,1.0,0.0,0.0,0.0,0.0,1.0,0.0,0.0,0.0,14.54089907497511,0.6280726660790564,433.3333333333333,1.0669198830922444,1.0,0.02009942276750144,152882.76454526107,0.16758315896719098,0.36261792283138916,True,green,inconclusive,True
rel_ref_a,Relative refractory a,CV squared error,7,0.050000000745058,3,0.3473697602748871,0.024094493801099674,-11557.349609375,1066.9399281437773,-0.5804744951773287,0.06754794413772568,1.0,0.6666666666666666,0.0,0.0,1.0,1.0,0.6666666666666666,1.0,0.0,14.932384819301364,0.7267007089596896,445.0,1.111685315767924,1.0,0.013910962482052668,615.9980547229698,0.03899882373112173,0.4195608499381687,True,green,inconclusive,True
rel_ref_a,Relative refractory a,CV squared error,7,0.1000000014901161,3,0.3459726870059967,0.028906731649189655,-7988.800618489583,829.862467033855,-0.037384198798396086,0.13384669275417382,0.6666666666666666,0.6666666666666666,0.0,0.3333333333333333,1.0,1.0,0.6666666666666666,1.0,0.0,14.988311354205115,0.7168202395898179,446.6666666666667,1.1129792133967082,1.0,0.01668930929905192,479.12131873236314,0.0772764240917634,0.4138563582877534,True,green,inconclusive,True
rel_ref_a,Relative refractory a,CV squared error,7,0.25,3,0.3361158271630605,0.03287880695071375,-1238.3422444661458,61.81558026252586,-0.041070249906562294,0.0216252226442605,1.0,0.0,0.0,0.0,1.0,1.0,0.0,1.0,0.0,15.055423196089615,0.7176052227484736,448.6666666666667,1.1215395132700603,1.0,0.01898258804362832,35.68924190468223,0.01248532811494939,0.4143095685257126,True,green,inconclusive,True
rel_ref_a,Relative refractory a,CV squared error,7,0.5,3,0.3361158271630605,0.03287880695071375,-73.94247690836589,5.222726475815811,9.25185853854297e-18,1.6024689053196368e-17,0.0,0.0,0.0,0.3333333333333333,1.0,1.0,0.0,1.0,0.0,15.055423196089615,0.7176052227484736,448.6666666666667,1.1215395132700603,1.0,0.01898258804362832,3.0153425367160445,9.251858538542972e-18,0.4143095685257126,False,red,inconclusive,False
rel_ref_a,Relative refractory a,CV squared error,7,1.0,3,0.3361158271630605,0.03287880695071375,-0.8488168915112814,0.10897325529622467,4.625929269271485e-18,8.012344526598184e-18,0.0,0.0,0.0,0.3333333333333333,1.0,1.0,0.0,1.0,0.0,15.055423196089615,0.7176052227484736,448.6666666666667,1.1215395132700603,1.0,0.01898258804362832,0.06291573827974513,4.625929269271486e-18,0.4143095685257126,False,red,inconclusive,False
rel_ref_a,Relative refractory a,CV squared error,7,2.0,3,0.3361158271630605,0.03287880695071375,-0.0058257055158416,0.00039633707817727067,2.3129646346357427e-18,4.006172263299092e-18,0.0,0.0,0.0,0.3333333333333333,1.0,1.0,0.0,1.0,0.0,15.055423196089615,0.7176052227484736,448.6666666666667,1.1215395132700603,1.0,0.01898258804362832,0.00022882531877547698,2.312964634635743e-18,0.4143095685257126,False,red,inconclusive,False
rel_ref_a,Relative refractory a,CV squared error,7,4.0,3,0.3361158271630605,0.03287880695071375,-8.990646892925724e-05,3.661980110228214e-06,0.0,0.0,0.0,0.0,0.0,0.0,1.0,0.0,0.0,1.0,0.0,15.055423196089615,0.7176052227484736,448.6666666666667,1.1215395132700603,1.0,0.01898258804362832,2.1142452024073147e-06,0.0,0.4143095685257126,False,red,inconclusive,False
rel_ref_a,Relative refractory a,CV squared error,7,6.0,3,0.3361158271630605,0.03287880695071375,-1.6472982527678444e-06,6.692757343124993e-08,0.0,0.0,0.0,0.0,0.0,0.0,1.0,0.0,0.0,1.0,0.0,15.055423196089615,0.7176052227484736,448.6666666666667,1.1215395132700603,1.0,0.01898258804362832,3.8640652536740595e-08,0.0,0.4143095685257126,False,red,inconclusive,False
rel_ref_a,Relative refractory a,CV squared error,7,8.0,3,0.3361158271630605,0.03287880695071375,-3.0024667789045153e-08,1.2198588963135764e-09,2.9605947323337506e-16,2.563950248511419e-16,0.0,0.0,0.0,0.6666666666666666,1.0,0.0,0.0,1.0,0.0,15.055423196089615,0.7176052227484736,448.6666666666667,1.1215395132700603,1.0,0.01898258804362832,7.042858621600031e-10,1.4802973661668756e-16,0.4143095685257126,False,red,inconclusive,False
rel_ref_a,Relative refractory a,CV squared error,7,8.140619277954102,3,0.3361158271630605,0.03287880695071375,-2.272135901648653e-08,9.231374156352311e-10,3.903127820947816e-16,1.7355039259792385e-16,0.0,0.0,0.0,1.0,1.0,0.0,0.0,1.0,0.0,15.055423196089615,0.7176052227484736,448.6666666666667,1.1215395132700603,1.0,0.01898258804362832,5.329736354160161e-10,1.0019936588437658e-16,0.4143095685257126,False,red,inconclusive,False
rel_ref_a,Relative refractory a,CV squared error,7,10.0,3,0.3361158271630605,0.03287880695071375,-8.114771817465302e-10,3.29693326789007e-11,1.2721305490496585e-17,7.222229756833248e-18,0.0,0.0,0.0,1.0,1.0,0.0,0.0,1.0,0.0,15.055423196089615,0.7176052227484736,448.6666666666667,1.1215395132700603,1.0,0.01898258804362832,1.9034853097165644e-11,4.169756294257001e-18,0.4143095685257126,False,red,inconclusive,False
rel_ref_a,Relative refractory a,CV squared error,7,15.0,3,0.3361158271630605,0.03287880695071375,0.0,0.0,0.0,0.0,0.0,0.0,0.0,0.0,0.0,0.0,0.0,0.0,0.0,15.055423196089615,0.7176052227484736,448.6666666666667,1.1215395132700603,1.0,0.01898258804362832,0.0,0.0,0.4143095685257126,False,red,inconclusive,False
rel_ref_b,Relative refractory b,CV squared error,1,0.0,3,0.1072402869661649,0.020801435162987266,1.8590245269104837e-09,1.690696216807343e-10,0.0,0.0,0.0,0.0,1.0,0.0,0.0,1.0,0.0,0.0,0.0,44.6629307741351,0.17756124365387968,1331.0,1.0019974907239277,1.0,0.012009714190881246,9.761239158916014e-11,0.0,0.10251503182121217,False,red,inconclusive,False
rel_ref_b,Relative refractory b,CV squared error,1,0.25,3,0.1072402869661649,0.020801435162987266,1.8590245269104837e-09,1.690696216807343e-10,0.0,0.0,0.0,0.0,1.0,0.0,1.0,1.0,0.0,1.0,0.0,44.6629307741351,0.17756124365387968,1331.0,1.0019974907239277,1.0,0.012009714190881246,9.761239158916014e-11,0.0,0.10251503182121217,False,red,inconclusive,False
rel_ref_b,Relative refractory b,CV squared error,1,0.5,3,0.1072402869661649,0.020801435162987266,3.7180490538209674e-09,3.381392433614684e-10,1.1564823173178714e-17,1.4444459513666495e-17,0.6666666666666666,0.0,1.0,0.6666666666666666,1.0,1.0,0.0,1.0,0.0,44.6629307741351,0.17756124365387968,1331.0,1.0019974907239277,1.0,0.012009714190881246,1.9522478317832018e-10,8.339512588514003e-18,0.10251503182121217,True,green,inconclusive,True
rel_ref_b,Relative refractory b,CV squared error,1,1.0,3,0.1072402869661649,0.020801435162987266,1.1154160854213538e-08,1.0144340891635564e-09,5.782411586589357e-18,7.222229756833248e-18,0.6666666666666666,0.0,1.0,0.6666666666666666,1.0,1.0,0.0,1.0,0.0,44.6629307741351,0.17756124365387968,1331.0,1.0019974907239277,1.0,0.012009714190881246,5.856837944537122e-10,4.169756294257001e-18,0.10251503182121217,True,green,inconclusive,True
rel_ref_b,Relative refractory b,CV squared error,1,2.0,3,0.1072402869661649,0.020801435162987266,7.807895012016769e-08,7.100897843383801e-09,2.8912057932946786e-18,3.611114878416624e-18,0.6666666666666666,0.0,1.0,0.6666666666666666,1.0,1.0,0.0,1.0,0.0,44.6629307741351,0.17756124365387968,1331.0,1.0019974907239277,1.0,0.012009714190881246,4.09970528136567e-09,2.0848781471285006e-18,0.10251503182121217,True,green,inconclusive,True
rel_ref_b,Relative refractory b,CV squared error,1,4.0,3,0.1072402869661649,0.020801435162987266,4.259027415779808e-06,3.873396677867117e-07,0.0,0.0,0.0,0.0,1.0,0.0,1.0,1.0,0.0,1.0,0.0,44.6629307741351,0.17756124365387968,1331.0,1.0019974907239277,1.0,0.012009714190881246,2.2363066146447823e-07,0.0,0.10251503182121217,False,red,inconclusive,False
rel_ref_b,Relative refractory b,CV squared error,1,6.0,3,0.1072402869661649,0.020801435162987266,0.0002308091400967,2.0991005491670106e-05,0.0,0.0,0.0,0.0,1.0,0.0,1.0,1.0,0.0,1.0,0.0,44.6629307741351,0.17756124365387968,1331.0,1.0019974907239277,1.0,0.012009714190881246,1.211916267117665e-05,0.0,0.10251503182121217,False,red,inconclusive,False
rel_ref_b,Relative refractory b,CV squared error,1,8.0,3,0.1072402869661649,0.020801435162987266,0.0087649561464786,0.0007971312545319957,0.0,0.0,0.0,0.0,1.0,0.0,1.0,1.0,0.0,1.0,0.0,44.6629307741351,0.17756124365387968,1331.0,1.0019974907239277,1.0,0.012009714190881246,0.0004602239443835118,0.0,0.10251503182121217,False,red,inconclusive,False
rel_ref_b,Relative refractory b,CV squared error,1,10.0,3,0.1072402869661649,0.020801435162987266,0.004725003615021667,0.00042973300664419985,-2.6020852139652106e-18,1.5023145987371592e-18,0.0,0.0,1.0,0.0,1.0,1.0,0.0,1.0,0.0,44.6629307741351,0.17756124365387968,1331.0,1.0019974907239277,1.0,0.012009714190881246,0.000248106467065696,8.673617379884035e-19,0.10251503182121217,False,red,inconclusive,False
rel_ref_b,Relative refractory b,CV squared error,1,15.0,3,0.1072402869661649,0.020801435162987266,0.004491063766181433,0.0009910031574087467,4.336808689942018e-19,4.336808689942018e-19,0.6666666666666666,0.0,1.0,0.6666666666666666,1.0,1.0,0.0,1.0,0.0,44.6629307741351,0.17756124365387968,1331.0,1.0019974907239277,1.0,0.012009714190881246,0.000572155939697709,2.5038576645619325e-19,0.10251503182121217,True,green,inconclusive,True
rel_ref_b,Relative refractory b,CV squared error,1,25.0,3,0.1072402869661649,0.020801435162987266,0.7202408810456594,0.21959241925431014,0.0,0.0,0.0,0.0,1.0,0.0,0.0,1.0,0.0,0.0,0.0,44.6629307741351,0.17756124365387968,1331.0,1.0019974907239277,1.0,0.012009714190881246,0.1267817423684771,0.0,0.10251503182121217,False,red,inconclusive,False
rel_ref_b,Relative refractory b,CV squared error,2,0.0,3,0.36447596549987793,0.010372295421435028,0.0,0.0,0.0,0.0,0.0,0.0,0.0,0.0,0.0,0.0,0.0,0.0,0.0,17.605673187700635,0.24274950968323927,524.6666666666666,0.5966308911641439,1.0,0.005988447553679836,0.0,0.0,0.14015149476126787,False,red,inconclusive,False
rel_ref_b,Relative refractory b,CV squared error,2,0.25,3,0.36447596549987793,0.010372295421435028,0.0,0.0,0.0,0.0,0.0,0.0,0.0,0.0,1.0,0.0,0.0,1.0,0.0,17.605673187700635,0.24274950968323927,524.6666666666666,0.5966308911641439,1.0,0.005988447553679836,0.0,0.0,0.14015149476126787,False,red,inconclusive,False
rel_ref_b,Relative refractory b,CV squared error,2,0.5,3,0.36447596549987793,0.010372295421435028,0.0,0.0,0.0,0.0,0.0,0.0,0.0,0.0,1.0,0.0,0.0,1.0,0.0,17.605673187700635,0.24274950968323927,524.6666666666666,0.5966308911641439,1.0,0.005988447553679836,0.0,0.0,0.14015149476126787,False,red,inconclusive,False
rel_ref_b,Relative refractory b,CV squared error,2,1.0,3,0.36447596549987793,0.010372295421435028,0.0,0.0,0.0,0.0,0.0,0.0,0.0,0.0,1.0,0.0,0.0,1.0,0.0,17.605673187700635,0.24274950968323927,524.6666666666666,0.5966308911641439,1.0,0.005988447553679836,0.0,0.0,0.14015149476126787,False,red,inconclusive,False
rel_ref_b,Relative refractory b,CV squared error,2,2.0,3,0.36447596549987793,0.010372295421435028,0.0,0.0,0.0,0.0,0.0,0.0,0.0,0.0,1.0,0.0,0.0,1.0,0.0,17.605673187700635,0.24274950968323927,524.6666666666666,0.5966308911641439,1.0,0.005988447553679836,0.0,0.0,0.14015149476126787,False,red,inconclusive,False
rel_ref_b,Relative refractory b,CV squared error,2,4.0,3,0.36447596549987793,0.010372295421435028,0.0,0.0,0.0,0.0,0.0,0.0,0.0,0.0,1.0,0.0,0.0,1.0,0.0,17.605673187700635,0.24274950968323927,524.6666666666666,0.5966308911641439,1.0,0.005988447553679836,0.0,0.0,0.14015149476126787,False,red,inconclusive,False
rel_ref_b,Relative refractory b,CV squared error,2,6.0,3,0.36447596549987793,0.010372295421435028,0.0,0.0,0.0,0.0,0.0,0.0,0.0,0.0,1.0,0.0,0.0,1.0,0.0,17.605673187700635,0.24274950968323927,524.6666666666666,0.5966308911641439,1.0,0.005988447553679836,0.0,0.0,0.14015149476126787,False,red,inconclusive,False
rel_ref_b,Relative refractory b,CV squared error,2,8.0,3,0.36447596549987793,0.010372295421435028,0.0,0.0,-7.401486830834377e-17,6.409875621278547e-17,0.0,0.0,0.0,0.0,1.0,0.0,0.0,1.0,0.0,17.605673187700635,0.24274950968323927,524.6666666666666,0.5966308911641439,1.0,0.005988447553679836,0.0,3.700743415417189e-17,0.14015149476126787,False,red,inconclusive,False
rel_ref_b,Relative refractory b,CV squared error,2,8.554961204528809,3,0.36447596549987793,0.010372295421435028,0.0,0.0,-7.864079757761526e-17,1.6024689053196368e-17,0.0,0.0,0.0,0.0,1.0,0.0,0.0,1.0,0.0,17.605673187700635,0.24274950968323927,524.6666666666666,0.5966308911641439,1.0,0.005988447553679836,0.0,9.251858538542972e-18,0.14015149476126787,False,red,inconclusive,False
rel_ref_b,Relative refractory b,CV squared error,2,10.0,3,0.36447596549987793,0.010372295421435028,0.0,0.0,2.312964634635743e-17,5.299667758987085e-18,0.0,0.0,0.0,1.0,1.0,0.0,0.0,1.0,0.0,17.605673187700635,0.24274950968323927,524.6666666666666,0.5966308911641439,1.0,0.005988447553679836,0.0,3.0597646072667745e-18,0.14015149476126787,False,red,inconclusive,False
rel_ref_b,Relative refractory b,CV squared error,2,15.0,3,0.36447596549987793,0.010372295421435028,0.0,0.0,1.1564823173178713e-18,1.001543065824773e-18,0.0,0.0,0.0,0.6666666666666666,1.0,0.0,0.0,1.0,0.0,17.605673187700635,0.24274950968323927,524.6666666666666,0.5966308911641439,1.0,0.005988447553679836,0.0,5.782411586589358e-19,0.14015149476126787,False,red,inconclusive,False
rel_ref_b,Relative refractory b,CV squared error,2,25.0,3,0.36447596549987793,0.010372295421435028,0.0,0.0,0.0,0.0,0.0,0.0,0.0,0.0,0.0,0.0,0.0,0.0,0.0,17.605673187700635,0.24274950968323927,524.6666666666666,0.5966308911641439,1.0,0.005988447553679836,0.0,0.0,0.14015149476126787,False,red,inconclusive,False
rel_ref_b,Relative refractory b,CV squared error,7,0.0,3,0.3361158271630605,0.03287880695071375,2.4344323594031416e-09,9.890774565123276e-11,0.0,0.0,0.0,0.0,1.0,0.0,0.0,1.0,0.0,0.0,0.0,15.055423196089615,0.7176052227484736,448.6666666666667,1.1215395132700603,1.0,0.01898258804362832,5.710441357667828e-11,0.0,0.4143095685257126,False,red,inconclusive,False
rel_ref_b,Relative refractory b,CV squared error,7,0.25,3,0.3361158271630605,0.03287880695071375,4.057384798509626e-09,1.648451529382245e-10,0.0,0.0,0.0,0.0,1.0,0.0,1.0,1.0,0.0,1.0,0.0,15.055423196089615,0.7176052227484736,448.6666666666667,1.1215395132700603,1.0,0.01898258804362832,9.517339342348894e-11,0.0,0.4143095685257126,False,red,inconclusive,False
rel_ref_b,Relative refractory b,CV squared error,7,0.5,3,0.3361158271630605,0.03287880695071375,6.491817453972241e-09,2.63754661431205e-10,9.25185853854297e-18,1.6024689053196368e-17,0.3333333333333333,0.0,1.0,0.3333333333333333,1.0,1.0,0.0,1.0,0.0,15.055423196089615,0.7176052227484736,448.6666666666667,1.1215395132700603,1.0,0.01898258804362832,1.5227882477732482e-10,9.251858538542972e-18,0.4143095685257126,True,green,inconclusive,True
rel_ref_b,Relative refractory b,CV squared error,7,1.0,3,0.3361158271630605,0.03287880695071375,1.7041026367792256e-08,6.923549449742498e-10,0.0,0.0,0.0,0.0,1.0,0.0,1.0,1.0,0.0,1.0,0.0,15.055423196089615,0.7176052227484736,448.6666666666667,1.1215395132700603,1.0,0.01898258804362832,3.9973131385565165e-10,0.0,0.4143095685257126,False,red,inconclusive,False
rel_ref_b,Relative refractory b,CV squared error,7,1.1436665058135986,3,0.3361158271630605,0.03287880695071375,2.272135901648653e-08,9.231374156352311e-10,-1.8272420613622367e-16,7.41953486258192e-17,0.0,0.0,1.0,0.0,1.0,1.0,0.0,1.0,0.0,15.055423196089615,0.7176052227484736,448.6666666666667,1.1215395132700603,1.0,0.01898258804362832,5.329736354160161e-10,4.283670450173484e-17,0.4143095685257126,False,red,inconclusive,False
rel_ref_b,Relative refractory b,CV squared error,7,2.0,3,0.3361158271630605,0.03287880695071375,1.2659046433327603e-07,5.143201798798493e-09,9.25185853854297e-18,2.888891902733299e-17,0.3333333333333333,0.0,1.0,0.3333333333333333,1.0,1.0,0.0,1.0,0.0,15.055423196089615,0.7176052227484736,448.6666666666667,1.1215395132700603,1.0,0.01898258804362832,2.9694289430328776e-09,1.6679025177028005e-17,0.4143095685257126,True,green,inconclusive,True
rel_ref_b,Relative refractory b,CV squared error,7,4.0,3,0.3361158271630605,0.03287880695071375,6.89187921428432e-06,2.8000939752808503e-07,0.0,0.0,0.0,0.0,1.0,0.0,1.0,1.0,0.0,1.0,0.0,15.055423196089615,0.7176052227484736,448.6666666666667,1.1215395132700603,1.0,0.01898258804362832,1.6166350103846483e-07,0.0,0.4143095685257126,False,red,inconclusive,False
rel_ref_b,Relative refractory b,CV squared error,7,6.0,3,0.3361158271630605,0.03287880695071375,0.00036625295372986664,1.4880442701297407e-05,0.0,0.0,0.0,0.0,1.0,0.0,1.0,1.0,0.0,1.0,0.0,15.055423196089615,0.7176052227484736,448.6666666666667,1.1215395132700603,1.0,0.01898258804362832,8.59122759925486e-06,0.0,0.4143095685257126,False,red,inconclusive,False
rel_ref_b,Relative refractory b,CV squared error,7,8.0,3,0.3361158271630605,0.03287880695071375,0.006674329439798933,0.0002711681275849828,0.0,0.0,0.0,0.0,1.0,0.0,1.0,1.0,0.0,1.0,0.0,15.055423196089615,0.7176052227484736,448.6666666666667,1.1215395132700603,1.0,0.01898258804362832,0.0001565589914568366,0.0,0.4143095685257126,False,red,inconclusive,False
rel_ref_b,Relative refractory b,CV squared error,7,10.0,3,0.3361158271630605,0.03287880695071375,0.0006305967108346,2.563481571961338e-05,-3.469446951953614e-18,6.938893903907228e-18,0.3333333333333333,0.0,1.0,0.3333333333333333,1.0,1.0,0.0,1.0,0.0,15.055423196089615,0.7176052227484736,448.6666666666667,1.1215395132700603,1.0,0.01898258804362832,1.4800267756345235e-05,4.006172263299092e-18,0.4143095685257126,False,red,inconclusive,False
rel_ref_b,Relative refractory b,CV squared error,7,15.0,3,0.3361158271630605,0.03287880695071375,0.0162281136338909,0.0016037401734514854,3.469446951953614e-18,1.734723475976807e-18,1.0,0.0,1.0,1.0,1.0,1.0,0.0,1.0,0.0,15.055423196089615,0.7176052227484736,448.6666666666667,1.1215395132700603,1.0,0.01898258804362832,0.0009259198208524322,1.001543065824773e-18,0.4143095685257126,True,green,inconclusive,True
rel_ref_b,Relative refractory b,CV squared error,7,25.0,3,0.3361158271630605,0.03287880695071375,0.5744099418322245,0.12907092041183105,0.0,0.0,0.0,0.0,1.0,0.0,0.0,1.0,0.0,0.0,0.0,15.055423196089615,0.7176052227484736,448.6666666666667,1.1215395132700603,1.0,0.01898258804362832,0.07451913064432342,0.0,0.4143095685257126,False,red,inconclusive,False
rel_ref_c,Relative refractory c,CV squared error,1,0.2000000029802322,3,0.1357622643311818,0.02247279181772959,-13077.267252604166,1206.8025834269483,-0.17841129652088314,0.07151104037754194,1.0,0.0,0.0,0.0,0.0,1.0,0.0,0.0,0.0,43.82403275057883,0.14626686834470545,1306.0,0.9608051578203837,1.0,0.0129746724054086,696.7477964002844,0.04128691841200404,0.08444721581233924,True,green,inconclusive,True
rel_ref_c,Relative refractory c,CV squared error,1,0.2800000011920929,3,0.1214893609285354,0.019729041715784237,-12027.371419270834,1107.1456887849408,-0.12911707167136346,0.03314481006697111,1.0,1.0,0.0,0.0,1.0,1.0,1.0,1.0,0.0,44.148406653020594,0.20226548684076995,1315.6666666666667,0.9806322852770487,1.0,0.011390567545461385,639.2108614521193,0.01913616501440479,0.11677803327528924,True,green,stable_green,True
rel_ref_c,Relative refractory c,CV squared error,1,0.3600000143051147,3,0.1151035328706105,0.01916214595599066,-11334.156575520834,963.4484054425005,-0.06260266025959893,0.006179232286510344,1.0,1.0,0.0,0.0,1.0,1.0,1.0,1.0,0.0,44.47278055546234,0.22841043205108158,1325.3333333333333,0.9899373054504395,1.0,0.011063270125942107,556.2471962325434,0.003567581424001974,0.13187282443041068,True,green,stable_green,True
rel_ref_c,Relative refractory c,CV squared error,1,0.4399999976158142,3,0.11147293448448177,0.020591297765896827,-10977.794921875,957.8612080317498,-0.049145297155293,0.01195394297746232,1.0,1.0,0.0,0.0,1.0,1.0,1.0,1.0,0.0,44.584633625269845,0.21310871987805477,1328.6666666666667,0.9955105384190878,1.0,0.011888391308104273,553.0214263034309,0.006901612195915307,0.12303837678825148,True,green,stable_green,True
rel_ref_c,Relative refractory c,CV squared error,1,0.5199999809265137,3,0.1072402869661649,0.020801435162987266,-10662.889973958334,1065.0379061567544,-0.02645406236312664,0.0022000432364795352,1.0,0.0,0.0,0.0,1.0,1.0,0.0,1.0,0.0,44.6629307741351,0.17756124365387968,1331.0,1.0019974907239277,1.0,0.012009714190881246,614.8999218167576,0.0012701955548102752,0.10251503182121217,True,green,inconclusive,True
rel_ref_c,Relative refractory c,CV squared error,1,0.6000000238418579,3,0.1072402869661649,0.020801435162987266,-10662.889973958334,1065.0379061567544,-7.401486830834377e-17,6.409875621278547e-17,0.6666666666666666,0.0,0.0,0.0,1.0,1.0,0.0,1.0,0.0,44.6629307741351,0.17756124365387968,1331.0,1.0019974907239277,1.0,0.012009714190881246,614.8999218167576,3.700743415417189e-17,0.10251503182121217,True,green,inconclusive,True
rel_ref_c,Relative refractory c,CV squared error,1,0.6800000071525574,3,0.1072402869661649,0.020801435162987266,-10662.889973958334,1065.0379061567544,0.0,0.0,0.0,0.0,0.0,0.0,1.0,1.0,0.0,1.0,0.0,44.6629307741351,0.17756124365387968,1331.0,1.0019974907239277,1.0,0.012009714190881246,614.8999218167576,0.0,0.10251503182121217,False,red,inconclusive,False
rel_ref_c,Relative refractory c,CV squared error,1,0.7599999904632568,3,0.1072402869661649,0.020801435162987266,-10662.889973958334,1065.0379061567544,0.0,0.0,0.0,0.0,0.0,0.0,1.0,1.0,0.0,1.0,0.0,44.6629307741351,0.17756124365387968,1331.0,1.0019974907239277,1.0,0.012009714190881246,614.8999218167576,0.0,0.10251503182121217,False,red,inconclusive,False
rel_ref_c,Relative refractory c,CV squared error,1,0.8399999737739563,3,0.1072402869661649,0.020801435162987266,-10662.889973958334,1065.0379061567544,7.401486830834377e-17,6.409875621278547e-17,0.0,0.0,0.0,0.6666666666666666,1.0,1.0,0.0,1.0,0.0,44.6629307741351,0.17756124365387968,1331.0,1.0019974907239277,1.0,0.012009714190881246,614.8999218167576,3.700743415417189e-17,0.10251503182121217,False,red,inconclusive,False
rel_ref_c,Relative refractory c,CV squared error,1,0.9200000166893004,3,0.1072402869661649,0.020801435162987266,-10662.889973958334,1065.0379061567544,0.0,0.0,0.0,0.0,0.0,0.0,1.0,1.0,0.0,1.0,0.0,44.6629307741351,0.17756124365387968,1331.0,1.0019974907239277,1.0,0.012009714190881246,614.8999218167576,0.0,0.10251503182121217,False,red,inconclusive,False
rel_ref_c,Relative refractory c,CV squared error,1,1.0,3,0.1072402869661649,0.020801435162987266,-10662.889973958334,1065.0379061567544,0.0,0.0,0.0,0.0,0.0,0.0,0.0,1.0,0.0,0.0,0.0,44.6629307741351,0.17756124365387968,1331.0,1.0019974907239277,1.0,0.012009714190881246,614.8999218167576,0.0,0.10251503182121217,False,red,inconclusive,False
rel_ref_c,Relative refractory c,CV squared error,2,0.2000000029802322,3,0.36391688386599225,0.009597763013551672,-15707.5205078125,958.0903952767628,0.010970235116114967,0.0121647427390464,0.0,0.0,0.0,1.0,0.0,1.0,0.0,0.0,0.0,17.583302573739136,0.23248223986696773,524.0,0.5970883965492249,1.0,0.0055412710594922926,553.153747621034,0.007023317495010985,0.13422368376900098,False,red,inconclusive,False
rel_ref_c,Relative refractory c,CV squared error,2,0.2800000011920929,3,0.3647945026556651,0.01050767879189002,-15299.9658203125,1002.2652428263148,0.005911104905029922,0.007988879574737963,0.3333333333333333,0.6666666666666666,0.0,0.6666666666666666,1.0,1.0,0.6666666666666666,1.0,0.0,17.594487880719885,0.22342633195125675,524.3333333333334,0.596368134021759,1.0,0.006066611179055825,578.6581077451785,0.004612381772998466,0.12899525289610878,False,red,inconclusive,False
rel_ref_c,Relative refractory c,CV squared error,2,0.3600000143051147,3,0.36486266056696576,0.010792054368962578,-14984.728841145834,1049.5304535196829,-0.001930694865128757,0.0010052934621317955,1.0,0.3333333333333333,0.0,0.0,1.0,1.0,0.3333333333333333,1.0,0.0,17.605673187700635,0.24274950968323927,524.6666666666666,0.5963139732678732,1.0,0.006230795495029621,605.946689862299,0.000580406450976363,0.14015149476126787,True,green,inconclusive,True
rel_ref_c,Relative refractory c,CV squared error,2,0.4399999976158142,3,0.36448559165000916,0.010384943276091166,-14758.836588541666,992.1389290505233,-0.0024168446734920876,0.002623651998743569,1.0,1.0,0.0,0.0,1.0,1.0,1.0,1.0,0.0,17.605673187700635,0.24274950968323927,524.6666666666666,0.5966230233510336,1.0,0.005995749795970229,572.8116777608267,0.0015147661877344992,0.14015149476126787,True,green,stable_green,True
rel_ref_c,Relative refractory c,CV squared error,2,0.5199999809265137,3,0.36447596549987793,0.010372295421435028,-14664.525065104166,980.5351219448913,-6.016347328345143e-05,7.904974928885216e-05,1.0,0.0,0.0,0.0,1.0,1.0,0.0,1.0,0.0,17.605673187700635,0.24274950968323927,524.6666666666666,0.5966308911641439,1.0,0.005988447553679836,566.1122166047655,4.5639394031291226e-05,0.14015149476126787,True,green,inconclusive,True
rel_ref_c,Relative refractory c,CV squared error,2,0.6000000238418579,3,0.36447596549987793,0.010372295421435028,-14664.525065104166,980.5351219448913,-2.9605947323337506e-16,2.563950248511419e-16,0.6666666666666666,0.0,0.0,0.0,1.0,1.0,0.0,1.0,0.0,17.605673187700635,0.24274950968323927,524.6666666666666,0.5966308911641439,1.0,0.005988447553679836,566.1122166047655,1.4802973661668756e-16,0.14015149476126787,True,green,inconclusive,True
rel_ref_c,Relative refractory c,CV squared error,2,0.6800000071525574,3,0.36447596549987793,0.010372295421435028,-14664.525065104166,980.5351219448913,0.0,0.0,0.0,0.0,0.0,0.0,1.0,1.0,0.0,1.0,0.0,17.605673187700635,0.24274950968323927,524.6666666666666,0.5966308911641439,1.0,0.005988447553679836,566.1122166047655,0.0,0.14015149476126787,False,red,inconclusive,False
rel_ref_c,Relative refractory c,CV squared error,2,0.7599999904632568,3,0.36447596549987793,0.010372295421435028,-14664.525065104166,980.5351219448913,0.0,0.0,0.0,0.0,0.0,0.0,1.0,1.0,0.0,1.0,0.0,17.605673187700635,0.24274950968323927,524.6666666666666,0.5966308911641439,1.0,0.005988447553679836,566.1122166047655,0.0,0.14015149476126787,False,red,inconclusive,False
rel_ref_c,Relative refractory c,CV squared error,2,0.8399999737739563,3,0.36447596549987793,0.010372295421435028,-14664.525065104166,980.5351219448913,1.4802973661668753e-16,2.563950248511419e-16,0.0,0.0,0.0,0.3333333333333333,1.0,1.0,0.0,1.0,0.0,17.605673187700635,0.24274950968323927,524.6666666666666,0.5966308911641439,1.0,0.005988447553679836,566.1122166047655,1.4802973661668756e-16,0.14015149476126787,False,red,inconclusive,False
rel_ref_c,Relative refractory c,CV squared error,2,0.9200000166893004,3,0.36447596549987793,0.010372295421435028,-14664.525065104166,980.5351219448913,1.4802973661668753e-16,2.563950248511419e-16,0.0,0.0,0.0,0.3333333333333333,1.0,1.0,0.0,1.0,0.0,17.605673187700635,0.24274950968323927,524.6666666666666,0.5966308911641439,1.0,0.005988447553679836,566.1122166047655,1.4802973661668756e-16,0.14015149476126787,False,red,inconclusive,False
rel_ref_c,Relative refractory c,CV squared error,2,1.0,3,0.36447596549987793,0.010372295421435028,-14664.525065104166,980.5351219448913,0.0,0.0,0.0,0.0,0.0,0.0,0.0,1.0,0.0,0.0,0.0,17.605673187700635,0.24274950968323927,524.6666666666666,0.5966308911641439,1.0,0.005988447553679836,566.1122166047655,0.0,0.14015149476126787,False,red,inconclusive,False
rel_ref_c,Relative refractory c,CV squared error,7,0.2000000029802322,3,0.3817210098107655,0.022306546544066254,-7700.009440104167,405.8840850320036,-0.28212915494829977,0.07460345801115789,1.0,0.0,0.0,0.0,0.0,1.0,0.0,0.0,0.0,14.54089907497511,0.6208601092302451,433.3333333333333,1.083167552947998,1.0,0.01287869065190757,234.33728575301225,0.043072326565218956,0.3584537511931825,True,green,inconclusive,True
rel_ref_c,Relative refractory c,CV squared error,7,0.2800000011920929,3,0.3591506779193878,0.028274798035524764,-7336.002766927083,369.0595187763132,-0.19259912576694727,0.03505889539810313,1.0,1.0,0.0,0.0,1.0,1.0,1.0,1.0,0.0,14.854087670436114,0.631648061183428,442.6666666666667,1.10184911886851,1.0,0.016324462257092526,213.0766125124982,0.020241262695585776,0.3646821781573574,True,green,stable_green,True
rel_ref_c,Relative refractory c,CV squared error,7,0.3600000143051147,3,0.3509051501750946,0.027892251519525197,-7176.921712239583,290.2599814003697,-0.09881872746302611,0.034474326734189716,1.0,1.0,0.0,0.0,1.0,1.0,1.0,1.0,0.0,14.921199512320614,0.6595538399295583,444.6666666666667,1.1087711652119954,1.0,0.016103598923102622,167.58167839647925,0.019903761820115544,0.38079358702838184,True,green,stable_green,True
rel_ref_c,Relative refractory c,CV squared error,7,0.4399999976158142,3,0.3433396816253662,0.033197172237341636,-6993.718587239583,439.76425583920457,-0.09243328810829987,0.04973760305002158,1.0,1.0,0.0,0.0,1.0,1.0,1.0,1.0,0.0,15.021867275147367,0.7168202395898191,447.6666666666667,1.1153428951899211,1.0,0.019166396327563565,253.89801148874022,0.028716018509776713,0.41385635828775413,True,green,stable_green,True
rel_ref_c,Relative refractory c,CV squared error,7,0.5199999809265137,3,0.3361158271630605,0.03287880695071375,-6877.651204427083,471.5764549031741,-0.045149116627594056,0.05461057714202766,1.0,0.0,0.0,0.0,1.0,1.0,0.0,1.0,0.0,15.055423196089615,0.7176052227484736,448.6666666666667,1.1215395132700603,1.0,0.01898258804362832,272.26479318183704,0.031529431413550496,0.4143095685257126,True,green,inconclusive,True
rel_ref_c,Relative refractory c,CV squared error,7,0.6000000238418579,3,0.3361158271630605,0.03287880695071375,-6877.651204427083,471.5764549031741,-2.220446049250313e-16,2.220446049250313e-16,0.6666666666666666,0.0,0.0,0.0,1.0,1.0,0.0,1.0,0.0,15.055423196089615,0.7176052227484736,448.6666666666667,1.1215395132700603,1.0,0.01898258804362832,272.26479318183704,1.2819751242557095e-16,0.4143095685257126,True,green,inconclusive,True
rel_ref_c,Relative refractory c,CV squared error,7,0.6800000071525574,3,0.3361158271630605,0.03287880695071375,-6877.651204427083,471.5764549031741,0.0,0.0,0.0,0.0,0.0,0.0,1.0,1.0,0.0,1.0,0.0,15.055423196089615,0.7176052227484736,448.6666666666667,1.1215395132700603,1.0,0.01898258804362832,272.26479318183704,0.0,0.4143095685257126,False,red,inconclusive,False
rel_ref_c,Relative refractory c,CV squared error,7,0.7599999904632568,3,0.3361158271630605,0.03287880695071375,-6877.651204427083,471.5764549031741,0.0,0.0,0.0,0.0,0.0,0.0,1.0,1.0,0.0,1.0,0.0,15.055423196089615,0.7176052227484736,448.6666666666667,1.1215395132700603,1.0,0.01898258804362832,272.26479318183704,0.0,0.4143095685257126,False,red,inconclusive,False
rel_ref_c,Relative refractory c,CV squared error,7,0.8399999737739563,3,0.3361158271630605,0.03287880695071375,-6877.651204427083,471.5764549031741,1.4802973661668753e-16,2.563950248511419e-16,0.0,0.0,0.0,0.3333333333333333,1.0,1.0,0.0,1.0,0.0,15.055423196089615,0.7176052227484736,448.6666666666667,1.1215395132700603,1.0,0.01898258804362832,272.26479318183704,1.4802973661668756e-16,0.4143095685257126,False,red,inconclusive,False
rel_ref_c,Relative refractory c,CV squared error,7,0.9200000166893004,3,0.3361158271630605,0.03287880695071375,-6877.651204427083,471.5764549031741,2.220446049250313e-16,2.220446049250313e-16,0.0,0.0,0.0,0.6666666666666666,1.0,1.0,0.0,1.0,0.0,15.055423196089615,0.7176052227484736,448.6666666666667,1.1215395132700603,1.0,0.01898258804362832,272.26479318183704,1.2819751242557095e-16,0.4143095685257126,False,red,inconclusive,False
rel_ref_c,Relative refractory c,CV squared error,7,1.0,3,0.3361158271630605,0.03287880695071375,-6877.651204427083,471.5764549031741,0.0,0.0,0.0,0.0,0.0,0.0,0.0,1.0,0.0,0.0,0.0,15.055423196089615,0.7176052227484736,448.6666666666667,1.1215395132700603,1.0,0.01898258804362832,272.26479318183704,0.0,0.4143095685257126,False,red,inconclusive,False
sonoff_ron_gSYN,sonoff -> ron gSYN,PSTH SSE,1,0.0010000000474974,3,4816.666666666667,67.98774399355604,-1584.9573567708333,3282.842873112443,0.0,0.0,0.0,0.0,0.3333333333333333,0.0,0.0,1.0,0.0,1.0,0.0,44.730042616019595,0.20411269857717057,1333.0,1.005362908045451,1.0,39.252742296274945,1895.3502164987137,0.0,0.11784452146855037,False,red,inconclusive,False
sonoff_ron_gSYN,sonoff -> ron gSYN,PSTH SSE,1,0.0015182418283075,3,4816.666666666667,67.98774399355604,-1389.5609537760417,3075.4313090171204,1.5522042910257974e-10,2.6884966957831096e-10,0.3333333333333333,0.0,0.3333333333333333,0.3333333333333333,1.0,1.0,0.0,1.0,0.0,44.730042616019595,0.20411269857717057,1333.0,1.0053605039914448,1.0,39.252742296274945,1775.6010941352376,1.5522042910257977e-10,0.11784452146855037,False,red,inconclusive,False
sonoff_ron_gSYN,sonoff -> ron gSYN,PSTH SSE,1,0.0023050580639392,3,4816.666666666667,67.98774399355604,-1385.6204020182292,2560.547728424775,-6980.837546337319,6156.520030183226,0.6666666666666666,0.0,0.3333333333333333,0.0,1.0,1.0,0.0,1.0,0.0,44.730042616019595,0.20411269857717057,1333.0,1.005354364713033,1.0,39.252742296274945,1478.3329202789287,3554.4684966976083,0.11784452146855037,True,green,inconclusive,True
sonoff_ron_gSYN,sonoff -> ron gSYN,PSTH SSE,1,0.0034996354952454,3,4795.666666666667,56.518433571121896,-2834.12353515625,559.55472491144,-12058.274913836658,10451.339175397583,1.0,0.3333333333333333,0.0,0.0,1.0,1.0,0.3333333333333333,1.0,0.0,44.718857309038846,0.1848116018685957,1332.6666666666667,1.0059163173039753,1.0,32.63093283646321,323.05907105394687,6034.083486307876,0.10670102808819967,True,green,inconclusive,True
sonoff_ron_gSYN,sonoff -> ron gSYN,PSTH SSE,1,0.0053132930770516,3,4789.0,64.50581369148055,-2911.1343587239585,525.4212519835916,-3465.9907549652658,2228.1958674257826,1.0,0.0,0.0,0.0,1.0,1.0,0.0,1.0,0.0,44.718857309038846,0.1848116018685957,1332.6666666666667,1.0056268970171611,1.0,37.242448899072144,303.35210127067677,1286.4494838654873,0.10670102808819967,True,green,inconclusive,True
sonoff_ron_gSYN,sonoff -> ron gSYN,PSTH SSE,1,0.0080668628215789,3,4780.333333333333,52.93706955747878,-1756.099609375,644.4596357229194,-2562.488534082057,1686.6055671901033,1.0,0.3333333333333333,0.0,0.0,1.0,1.0,0.3333333333333333,1.0,0.0,44.69648669507734,0.20411269857716544,1332.0,1.0054593086242676,1.0,30.56323135912032,372.0789441664757,973.7621782339277,0.11784452146854742,True,green,inconclusive,True
sonoff_ron_gSYN,sonoff -> ron gSYN,PSTH SSE,1,0.0122474487870931,3,4773.333333333333,67.11433031278305,-731.2181396484375,867.0803998700644,-175.30891283684954,2612.2997445571373,0.3333333333333333,0.3333333333333333,0.3333333333333333,0.3333333333333333,1.0,1.0,0.3333333333333333,1.0,0.0,44.6853013880966,0.1848116018685957,1331.6666666666667,1.0053757826487224,1.0,38.74847667256676,500.6091022740301,1508.2119607240538,0.10670102808819967,True,green,inconclusive,True
sonoff_ron_gSYN,sonoff -> ron gSYN,PSTH SSE,1,0.0185945890843868,3,4786.666666666667,76.15991946774442,-2036.9344889322917,3121.586464535914,675.8459309426738,701.87062215143,0.0,0.0,0.3333333333333333,0.6666666666666666,1.0,1.0,0.0,1.0,0.0,44.6853013880966,0.1848116018685957,1331.6666666666667,1.00512299935023,1.0,43.97095000616246,1802.248785598502,405.22519263541824,0.10670102808819967,False,red,inconclusive,False
sonoff_ron_gSYN,sonoff -> ron gSYN,PSTH SSE,1,0.0282310806214809,3,4772.333333333333,71.58444896297904,238.5570322672526,1220.3550601862937,-1321.9762393968267,572.376586120032,0.3333333333333333,0.3333333333333333,0.6666666666666666,0.0,1.0,1.0,0.3333333333333333,1.0,0.0,44.67411608111585,0.16552742734526854,1331.3333333333333,1.0045108397801719,1.0,41.329300878566976,704.5723225054787,330.46177607423954,0.09556730473605701,False,red,inconclusive,False
sonoff_ron_gSYN,sonoff -> ron gSYN,PSTH SSE,1,0.0428616069257259,3,4756.666666666667,65.6150389265549,540.7191772460938,703.3909862838549,-1457.51468375624,1782.6605091057872,0.6666666666666666,0.6666666666666666,0.6666666666666666,0.3333333333333333,1.0,1.0,0.6666666666666666,1.0,0.0,44.6629307741351,0.17756124365387968,1331.0,1.0035941203435261,1.0,37.88286038713425,406.10297527654,1029.2195248059415,0.10251503182121217,False,red,inconclusive,False
sonoff_ron_gSYN,sonoff -> ron gSYN,PSTH SSE,1,0.0573506616055965,3,4730.0,79.22120928135344,723.9147173563639,1334.7946614057098,-865.1635911003104,440.30175022929916,0.6666666666666666,0.3333333333333333,0.3333333333333333,0.0,1.0,1.0,0.3333333333333333,1.0,0.0,44.6629307741351,0.17756124365387968,1331.0,1.0019974907239277,1.0,45.73838650411709,770.644057075462,254.20833401954926,0.10251503182121217,False,red,inconclusive,False
sonoff_ron_gSYN,sonoff -> ron gSYN,PSTH SSE,1,0.0650742799043655,3,4727.333333333333,80.15817695864442,210.18400510152182,397.9363843321623,-216.45841163246223,437.3954885445806,1.0,0.0,0.3333333333333333,0.3333333333333333,1.0,1.0,0.0,1.0,0.0,44.6629307741351,0.17756124365387968,1331.0,1.0019609133402507,1.0,46.27934504482302,229.7486786145203,252.53040305354148,0.10251503182121217,False,red,inconclusive,False
sonoff_ron_gSYN,sonoff -> ron gSYN,PSTH SSE,1,0.0987984910607338,3,4739.0,90.41570660012562,301.42236328125,113.21386600988319,193.05705650456608,309.78077870329355,0.6666666666666666,0.6666666666666666,1.0,0.6666666666666666,1.0,1.0,0.6666666666666666,1.0,0.0,44.65174546715434,0.19080704349107633,1330.6666666666667,1.0011734366416931,1.0,52.20153254455275,65.36405601680428,178.85201597411842,0.11016249792284956,True,green,inconclusive,True
sonoff_ron_gSYN,sonoff -> ron gSYN,PSTH SSE,1,0.1500000059604644,3,4737.0,91.0659101969557,198.85376485188803,26.795851524293013,-39.061344257423976,103.3466027810248,0.3333333333333333,0.0,1.0,0.3333333333333333,0.0,1.0,0.0,1.0,0.0,44.65174546715434,0.19080704349107633,1330.6666666666667,1.0005997220675151,1.0,52.57692776621066,15.470592090715815,59.667188935458,0.11016249792284956,False,red,inconclusive,False
sonoff_ron_gSYN,sonoff -> ron gSYN,PSTH SSE,2,0.0010000000474974,3,1405.6666666666667,73.63649457526702,0.0,0.0,0.0,0.0,0.0,0.0,0.0,0.0,0.0,0.0,0.0,1.0,0.0,17.605673187700635,0.24274950968323927,524.6666666666666,0.5966308911641439,1.0,42.51404996521084,0.0,0.0,0.14015149476126787,False,red,inconclusive,False
sonoff_ron_gSYN,sonoff -> ron gSYN,PSTH SSE,2,0.0015182418283075,3,1405.6666666666667,73.63649457526702,0.0,0.0,3.8805107275644936e-11,6.721241739457774e-11,0.0,0.0,0.0,0.3333333333333333,1.0,0.0,0.0,1.0,0.0,17.605673187700635,0.24274950968323927,524.6666666666666,0.5966308911641439,1.0,42.51404996521084,0.0,3.880510727564494e-11,0.14015149476126787,False,red,inconclusive,False
sonoff_ron_gSYN,sonoff -> ron gSYN,PSTH SSE,2,0.0023050580639392,3,1405.6666666666667,73.63649457526702,0.0,0.0,-1.940255363782247e-10,6.721241739457773e-11,0.0,0.0,0.0,0.0,1.0,0.0,0.0,1.0,0.0,17.605673187700635,0.24274950968323927,524.6666666666666,0.5966308911641439,1.0,42.51404996521084,0.0,3.8805107275644936e-11,0.14015149476126787,False,red,inconclusive,False
sonoff_ron_gSYN,sonoff -> ron gSYN,PSTH SSE,2,0.0034996354952454,3,1405.6666666666667,73.63649457526702,0.0,0.0,-1.9402553637822468e-11,3.360620869728887e-11,0.0,0.0,0.0,0.0,1.0,0.0,0.0,1.0,0.0,17.605673187700635,0.24274950968323927,524.6666666666666,0.5966308911641439,1.0,42.51404996521084,0.0,1.940255363782247e-11,0.14015149476126787,False,red,inconclusive,False
sonoff_ron_gSYN,sonoff -> ron gSYN,PSTH SSE,2,0.0053132930770516,3,1405.6666666666667,73.63649457526702,0.0,0.0,-9.701276818911235e-11,1.6803104348644432e-11,0.0,0.0,0.0,0.0,1.0,0.0,0.0,1.0,0.0,17.605673187700635,0.24274950968323927,524.6666666666666,0.5966308911641439,1.0,42.51404996521084,0.0,9.701276818911234e-12,0.14015149476126787,False,red,inconclusive,False
sonoff_ron_gSYN,sonoff -> ron gSYN,PSTH SSE,2,0.0080668628215789,3,1405.6666666666667,73.63649457526702,0.0,0.0,-2.4253192047278087e-11,2.2228417680190564e-11,0.0,0.0,0.0,0.0,1.0,0.0,0.0,1.0,0.0,17.605673187700635,0.24274950968323927,524.6666666666666,0.5966308911641439,1.0,42.51404996521084,0.0,1.283358293131746e-11,0.14015149476126787,False,red,inconclusive,False
sonoff_ron_gSYN,sonoff -> ron gSYN,PSTH SSE,2,0.0122474487870931,3,1405.6666666666667,73.63649457526702,0.0,0.0,-2.4253192047278087e-11,8.401552174322216e-12,0.0,0.0,0.0,0.0,1.0,0.0,0.0,1.0,0.0,17.605673187700635,0.24274950968323927,524.6666666666666,0.5966308911641439,1.0,42.51404996521084,0.0,4.850638409455617e-12,0.14015149476126787,False,red,inconclusive,False
sonoff_ron_gSYN,sonoff -> ron gSYN,PSTH SSE,2,0.0185945890843868,3,1405.6666666666667,73.63649457526702,0.0,0.0,2.4253192047278085e-12,4.200776087161109e-12,0.0,0.0,0.0,0.3333333333333333,1.0,0.0,0.0,1.0,0.0,17.605673187700635,0.24274950968323927,524.6666666666666,0.5966308911641439,1.0,42.51404996521084,0.0,2.425319204727809e-12,0.14015149476126787,False,red,inconclusive,False
sonoff_ron_gSYN,sonoff -> ron gSYN,PSTH SSE,2,0.0282310806214809,3,1405.6666666666667,73.63649457526702,0.0,0.0,0.0,0.0,0.0,0.0,0.0,0.0,1.0,0.0,0.0,1.0,0.0,17.605673187700635,0.24274950968323927,524.6666666666666,0.5966308911641439,1.0,42.51404996521084,0.0,0.0,0.14015149476126787,False,red,inconclusive,False
sonoff_ron_gSYN,sonoff -> ron gSYN,PSTH SSE,2,0.030887808650732,3,1405.6666666666667,73.63649457526702,0.0,0.0,-6.669627813001473e-11,1.5146113579002362e-11,0.0,0.0,0.0,0.0,1.0,0.0,0.0,1.0,0.0,17.605673187700635,0.24274950968323927,524.6666666666666,0.5966308911641439,1.0,42.51404996521084,0.0,8.74461275201366e-12,0.14015149476126787,False,red,inconclusive,False
sonoff_ron_gSYN,sonoff -> ron gSYN,PSTH SSE,2,0.0428616069257259,3,1405.6666666666667,73.63649457526702,0.0,0.0,-7.275957614183426e-12,0.0,0.0,0.0,0.0,0.0,1.0,0.0,0.0,1.0,0.0,17.605673187700635,0.24274950968323927,524.6666666666666,0.5966308911641439,1.0,42.51404996521084,0.0,0.0,0.14015149476126787,False,red,inconclusive,False
sonoff_ron_gSYN,sonoff -> ron gSYN,PSTH SSE,2,0.0650742799043655,3,1405.6666666666667,73.63649457526702,0.0,0.0,6.063298011819521e-13,1.0501940217902772e-12,0.0,0.0,0.0,0.3333333333333333,1.0,0.0,0.0,1.0,0.0,17.605673187700635,0.24274950968323927,524.6666666666666,0.5966308911641439,1.0,42.51404996521084,0.0,6.063298011819522e-13,0.14015149476126787,False,red,inconclusive,False
sonoff_ron_gSYN,sonoff -> ron gSYN,PSTH SSE,2,0.0987984910607338,3,1405.6666666666667,73.63649457526702,0.0,0.0,3.031649005909761e-12,2.1003880435805544e-12,0.0,0.0,0.0,1.0,1.0,0.0,0.0,1.0,0.0,17.605673187700635,0.24274950968323927,524.6666666666666,0.5966308911641439,1.0,42.51404996521084,0.0,1.2126596023639045e-12,0.14015149476126787,False,red,inconclusive,False
sonoff_ron_gSYN,sonoff -> ron gSYN,PSTH SSE,2,0.1500000059604644,3,1405.6666666666667,73.63649457526702,0.0,0.0,0.0,0.0,0.0,0.0,0.0,0.0,0.0,0.0,0.0,1.0,0.0,17.605673187700635,0.24274950968323927,524.6666666666666,0.5966308911641439,1.0,42.51404996521084,0.0,0.0,0.14015149476126787,False,red,inconclusive,False
sonoff_ron_gSYN,sonoff -> ron gSYN,PSTH SSE,7,0.0010000000474974,3,3055.6666666666665,146.60263753880187,-68090.26432291667,10534.872952305637,-8361.605516559463,34535.730247185005,0.3333333333333333,0.0,0.0,0.3333333333333333,0.0,1.0,0.0,1.0,0.0,18.06427077391139,0.7168202395898168,538.3333333333334,1.2945549885431926,1.0,84.6410722469364,6082.311734892168,19939.213154872563,0.4138563582877528,True,green,inconclusive,True
sonoff_ron_gSYN,sonoff -> ron gSYN,PSTH SSE,7,0.0015182418283075,3,3051.3333333333335,161.41974269999736,-65273.90234375,6600.3106365493995,-45416.8180850381,22929.174934895662,1.0,0.0,0.0,0.0,1.0,1.0,0.0,1.0,0.0,17.98597362504614,0.7046743397872524,536.0,1.2956072092056274,1.0,93.19573190036361,3810.6911227469463,13238.16532095803,0.406843919767192,True,green,inconclusive,True
sonoff_ron_gSYN,sonoff -> ron gSYN,PSTH SSE,7,0.0023050580639392,3,2971.3333333333335,139.00479608032717,-61918.118489583336,8855.07018367784,-65289.01257075478,73727.21263723265,0.6666666666666666,1.0,0.0,0.3333333333333333,1.0,1.0,1.0,1.0,0.0,17.807008713354136,0.6561305269873484,530.6666666666666,1.2857460975646973,1.0,80.25445643562593,5112.47715423943,42566.42606270705,0.3788171363796766,True,green,inconclusive,True
sonoff_ron_gSYN,sonoff -> ron gSYN,PSTH SSE,7,0.0034996354952454,3,2959.3333333333335,135.96445613958574,-46949.7265625,1880.9402962416198,-11311.170966483885,24585.50411980563,0.6666666666666666,0.3333333333333333,0.0,0.3333333333333333,1.0,1.0,0.3333333333333333,1.0,0.0,17.695155643546638,0.6912302520264569,527.3333333333334,1.2772913773854573,1.0,78.4991153524109,1085.9613863647137,14194.447421732435,0.3990819720794878,True,green,inconclusive,True
sonoff_ron_gSYN,sonoff -> ron gSYN,PSTH SSE,7,0.0053132930770516,3,2935.3333333333335,108.58330135584076,-40512.264322916664,8495.672368344645,-13746.647473047991,8786.997123195715,1.0,0.6666666666666666,0.0,0.0,1.0,1.0,0.6666666666666666,1.0,0.0,17.471449503931634,0.6977157443822108,520.6666666666666,1.2641255855560303,1.0,62.69059826729292,4904.978728810646,5073.175154445514,0.4028263728369096,True,green,inconclusive,True
sonoff_ron_gSYN,sonoff -> ron gSYN,PSTH SSE,7,0.0080668628215789,3,2895.3333333333335,113.5311998233672,-22442.928385416668,11513.21450415804,-13475.751465125135,4016.8876011167818,1.0,0.6666666666666666,0.0,0.0,1.0,1.0,0.6666666666666666,1.0,0.0,17.09114906658613,0.6855051148639119,509.3333333333333,1.237685243288676,1.0,65.54726877944225,6647.157493213549,2319.151137809244,0.39577656259754485,True,green,inconclusive,True
sonoff_ron_gSYN,sonoff -> ron gSYN,PSTH SSE,7,0.0122474487870931,3,2845.6666666666665,93.83673765286889,933.826171875,20672.657006744143,-10207.39218118651,4240.564194684962,0.6666666666666666,0.3333333333333333,0.3333333333333333,0.0,1.0,1.0,0.3333333333333333,1.0,0.0,16.565439638490876,0.7238544427978226,493.6666666666667,1.2032850980758667,1.0,54.17666574376015,11935.364087708534,2448.2908793172514,0.4179175574034295,False,red,inconclusive,False
sonoff_ron_gSYN,sonoff -> ron gSYN,PSTH SSE,7,0.0185945890843868,3,2797.0,155.03870484495155,-1559.0382995605469,5472.621115224645,-5117.211964887101,11463.92795779496,1.0,0.3333333333333333,0.3333333333333333,0.3333333333333333,1.0,1.0,0.3333333333333333,1.0,0.0,16.095656745299376,0.6797317586317448,479.6666666666667,1.1749191284179688,1.0,89.51163797704372,3159.619274047779,6618.701892403397,0.39244331382277564,True,green,inconclusive,True
sonoff_ron_gSYN,sonoff -> ron gSYN,PSTH SSE,7,0.0282310806214809,3,2785.0,136.20939761998804,4213.8522542317705,4602.265636203783,1415.2830352477129,7284.497410670529,0.3333333333333333,1.0,1.0,0.3333333333333333,1.0,1.0,1.0,1.0,0.0,15.53639139626187,0.7890994272880013,463.0,1.1359309355417888,1.0,78.64053238205688,2657.119303944419,4205.706540961762,0.45558676676210713,True,green,inconclusive,True
sonoff_ron_gSYN,sonoff -> ron gSYN,PSTH SSE,7,0.0358838364481925,3,2812.0,89.06177631284928,7562.888916015625,6230.845089985001,3032.0004762482517,8545.101123089358,0.6666666666666666,0.3333333333333333,1.0,0.6666666666666666,1.0,1.0,0.3333333333333333,1.0,0.0,15.055423196089615,0.7176052227484736,448.6666666666667,1.1215395132700603,1.0,51.419840528729765,3597.380089981699,4933.516433668215,0.4143095685257126,True,green,inconclusive,True
sonoff_ron_gSYN,sonoff -> ron gSYN,PSTH SSE,7,0.0428616069257259,3,2830.0,53.113086899558006,4507.506754557292,952.1662301805706,2648.132911269751,11837.362555169551,0.3333333333333333,0.6666666666666666,1.0,0.3333333333333333,1.0,1.0,0.6666666666666666,1.0,0.0,14.786975828551613,0.6595538399295583,440.6666666666667,1.106070637702942,1.0,30.6648550189518,549.7334293080236,6834.304457722337,0.38079358702838184,True,green,inconclusive,True
sonoff_ron_gSYN,sonoff -> ron gSYN,PSTH SSE,7,0.0650742799043655,3,2893.6666666666665,115.86774069314264,3138.30419921875,756.5443030378857,2673.9687305759458,1209.0091500413516,1.0,0.6666666666666666,1.0,1.0,1.0,1.0,0.6666666666666666,1.0,0.0,14.037560260841358,0.6199526396452469,418.3333333333333,1.0722728570302327,1.0,66.89627127957966,436.79105701280116,698.0217582290951,0.3579298233840024,True,green,inconclusive,True
sonoff_ron_gSYN,sonoff -> ron gSYN,PSTH SSE,7,0.0987984910607338,3,2974.0,69.31089380465383,2993.7670084635415,886.1329138965252,1684.3241534798763,1507.7380843671192,1.0,0.3333333333333333,1.0,1.0,1.0,1.0,0.3333333333333333,1.0,0.0,13.399997762938604,0.6089575333631406,399.3333333333333,1.0248845020929973,1.0,40.01666319589046,511.60907637594636,870.492988876807,0.3515817958122598,True,green,inconclusive,True
sonoff_ron_gSYN,sonoff -> ron gSYN,PSTH SSE,7,0.1500000059604644,3,3006.0,19.467922333931785,3222.0851236979165,569.3920085961843,624.9815081187836,1625.2758350691697,0.3333333333333333,0.0,1.0,0.3333333333333333,0.0,1.0,0.0,1.0,0.0,12.795991185978098,0.5968176267889931,381.3333333333333,0.9960840344429016,1.0,11.239810200058244,328.7386294374287,938.353440884579,0.3445728174837388,True,green,inconclusive,True
