seed,parameter,parameter_label,objective,cell,parameter_value,loss,analytic_gradient,psth_sse,cv_squared_error,firing_rate_hz,spike_count,sim_cv,cv_valid,numerical_slope,left_secant,right_secant,is_interior,update_nonzero,secants_consistent,cv_stencil_valid,cv_stencil_invalid,seed_qualified,seed_aligned
123,Strf_alpha,STRF alpha (ms),PSTH SSE,1,0.1000000014901161,10908.0,0.0,10908.0,0.6123000383377075,3.120700647629274,93.0,0.5458821654319763,True,0.0,,0.0,False,False,False,True,False,False,False
123,Strf_alpha,STRF alpha (ms),PSTH SSE,1,0.1919383108615875,10908.0,0.0,10908.0,0.6122921109199524,3.120700647629274,93.0,0.5458872318267822,True,-15.528902524671139,0.0,-45.33481366964709,True,False,False,True,False,False,False
123,Strf_alpha,STRF alpha (ms),PSTH SSE,1,0.3684031367301941,10900.0,0.0,10900.0,0.6134203672409058,3.120700647629274,93.0,0.5451666116714478,True,-35.873838745035755,-45.33481366964709,-17.714601872695557,True,False,True,True,False,False,False
123,Strf_alpha,STRF alpha (ms),PSTH SSE,1,0.7071067690849304,10894.0,-1.1550416729733115e-06,10894.0,0.602867066860199,3.1878124895137745,95.0,0.5519330501556396,True,-56.43308650646941,-17.714601872695557,-130.7486974075042,True,True,True,True,False,True,True
123,Strf_alpha,STRF alpha (ms),PSTH SSE,1,1.3572088479995728,10809.0,-7.256051321746781e-05,10809.0,0.54477858543396,3.422703936109526,102.0,0.5902870297431946,True,-168.86575666373392,-130.7486974075042,-242.02698451868164,True,True,True,True,False,True,True
123,Strf_alpha,STRF alpha (ms),PSTH SSE,1,2.605003595352173,10507.0,-0.5699536204338074,10507.0,0.2561658024787903,4.832052615684037,144.0,0.8222499489784241,True,-286.98553362985604,-242.02698451868164,-373.2782221572723,True,True,True,True,False,True,True
123,Strf_alpha,STRF alpha (ms),PSTH SSE,1,5.0,9613.0,-8.062209129333496,9613.0,0.0095104053616523,8.590315761216067,256.0,1.2308568954467771,True,-301.6748552868387,-373.2782221572723,-164.24057433122798,True,True,True,True,False,True,True
123,Strf_alpha,STRF alpha (ms),PSTH SSE,1,9.596915245056152,8858.0,-71.94248962402344,8858.0,0.1820507049560547,16.006174289453373,477.0,1.7550522089004517,True,-109.37952455142994,-164.24057433122798,-4.080132375815797,True,True,True,True,False,True,True
123,Strf_alpha,STRF alpha (ms),PSTH SSE,1,18.42015838623047,8822.0,128.2230987548828,8822.0,0.2572859525680542,28.95875977316197,863.0,1.8356118202209477,True,-296.9390542893017,-4.080132375815797,-546.4581309484903,True,True,True,True,False,True,False
123,Strf_alpha,STRF alpha (ms),PSTH SSE,1,25.93766021728516,4714.0,55.08091735839844,4714.0,0.1215066462755203,44.52870709036609,1327.0,0.9798001646995544,True,-329.9516031888059,-546.4581309484903,-58.7193521679464,True,True,True,True,False,True,False
123,Strf_alpha,STRF alpha (ms),PSTH SSE,1,35.35533905029297,4161.0,750.9799194335938,4161.0,0.3004426658153534,45.43471695580685,1354.0,0.780251681804657,True,-44.31900529572019,-58.7193521679464,5.383769873505725,True,True,False,True,False,False,False
123,Strf_alpha,STRF alpha (ms),PSTH SSE,1,67.86044311523438,4336.0,111.79986572265624,4336.0,0.3771189451217651,44.19314788094359,1317.0,0.7142781019210815,True,9.320905127550308,5.383769873505725,16.877775098354665,True,True,True,True,False,True,True
123,Strf_alpha,STRF alpha (ms),PSTH SSE,1,130.25018310546875,5389.0,-98.22289276123048,5389.0,0.2219428718090057,44.29381564377034,1320.0,0.8572700619697571,True,16.047929191802137,16.877775098354665,14.45513692538307,True,True,True,True,False,True,False
123,Strf_alpha,STRF alpha (ms),PSTH SSE,1,250.0,7120.0,-8.611132621765137,7120.0,0.0284194760024547,37.41485185060904,1115.0,1.159797430038452,True,14.45513692538307,14.45513692538307,,False,True,False,True,False,False,False
123,Strf_alpha,STRF alpha (ms),PSTH SSE,2,0.1000000014901161,1796.0,0.0,1796.0,0.3554309606552124,4.530049327203785,135.0,0.6041285991668701,True,0.0,,0.0,False,False,False,True,False,False,False
123,Strf_alpha,STRF alpha (ms),PSTH SSE,2,0.1919383108615875,1796.0,0.0,1796.0,0.3554309606552124,4.530049327203785,135.0,0.6041285991668701,True,11.646676893500171,0.0,34.00111025223532,True,False,False,True,False,False,False
123,Strf_alpha,STRF alpha (ms),PSTH SSE,2,0.3684031367301941,1802.0,-6.945496017511307e-14,1802.0,0.3584968447685241,4.530049327203785,135.0,0.6015628576278687,True,7.184619225909955,34.00111025223532,-44.2865046817389,True,False,False,True,False,False,False
123,Strf_alpha,STRF alpha (ms),PSTH SSE,2,0.7071067690849304,1787.0,-3.2154659379557415e-07,1787.0,0.3528582155704498,4.630717090030536,138.0,0.6062902212142944,True,-24.901497789297423,-44.2865046817389,12.305759756000397,True,True,False,True,False,False,True
123,Strf_alpha,STRF alpha (ms),PSTH SSE,2,1.3572088479995728,1795.0,0.0725131407380104,1795.0,0.3350818455219269,4.697828931915036,140.0,0.6214463710784912,True,3.4238154887972883,12.305759756000397,-13.624035552376117,True,True,False,True,False,False,True
123,Strf_alpha,STRF alpha (ms),PSTH SSE,2,2.605003595352173,1778.0,-0.0658802017569542,1778.0,0.3157996237277984,5.20116774604879,155.0,0.638348400592804,True,-26.978104788245332,-13.624035552376117,-52.60968231746791,True,True,True,True,False,True,True
123,Strf_alpha,STRF alpha (ms),PSTH SSE,2,5.0,1652.0,-0.8607975840568542,1652.0,0.2422426044940948,6.140733532431797,183.0,0.7081274390220642,True,-42.785485701922724,-52.60968231746791,-23.92909029991401,True,True,True,True,False,True,True
123,Strf_alpha,STRF alpha (ms),PSTH SSE,2,9.596915245056152,1542.0,-1.5372896194458008,1542.0,0.2329182624816894,8.288312472735814,247.0,0.7176928520202637,True,-18.91588953788846,-23.92909029991401,-9.293634856024871,True,True,True,True,False,True,True
123,Strf_alpha,STRF alpha (ms),PSTH SSE,2,18.42015838623047,1460.0,-0.741124153137207,1460.0,0.1246360093355178,12.180799302036844,363.0,0.847270667552948,True,-10.78863024363637,-9.293634856024871,-12.615273887897128,True,True,True,True,False,True,True
123,Strf_alpha,STRF alpha (ms),PSTH SSE,2,29.200740814208984,1324.0,39.14794921875,1324.0,0.3585936427116394,17.885305862219386,533.0,0.6014820337295532,True,-12.238582442600887,-12.615273887897128,-12.023530563886869,True,True,True,True,False,True,False
123,Strf_alpha,STRF alpha (ms),PSTH SSE,2,35.35533905029297,1250.0,-8.450974464416504,1250.0,0.3809023201465606,18.55642428106439,553.0,0.5831360816955566,True,-9.653909261152712,-12.023530563886869,2.8610891327773276,True,True,False,True,False,False,True
123,Strf_alpha,STRF alpha (ms),PSTH SSE,2,67.86044311523438,1343.0,-16.353870391845703,1343.0,0.3655909895896911,18.858427569544645,562.0,0.5956677198410034,True,2.0512561417983264,2.8610891327773276,0.49687656984709844,True,True,True,True,False,True,False
123,Strf_alpha,STRF alpha (ms),PSTH SSE,2,130.25018310546875,1374.0,-2.3045239448547363,1374.0,0.3551675081253052,17.348411127143383,517.0,0.6043496131896973,True,0.5326296563886821,0.49687656984709844,0.6012535289587412,True,True,True,True,False,True,False
123,Strf_alpha,STRF alpha (ms),PSTH SSE,2,250.0,1446.0,-0.0719327703118324,1446.0,0.3102546334266662,12.583470353343849,375.0,0.6433038711547852,True,0.6012535289587412,0.6012535289587412,,False,True,False,True,False,False,False
123,Strf_alpha,STRF alpha (ms),PSTH SSE,7,0.1000000014901161,3720.0,0.0,3720.0,0.8989932537078857,2.751585517264521,82.0,0.7526721954345703,True,0.0,,0.0,False,False,False,True,False,False,False
123,Strf_alpha,STRF alpha (ms),PSTH SSE,7,0.1919383108615875,3720.0,0.0,3720.0,0.8989932537078857,2.751585517264521,82.0,0.7526721954345703,True,1.8189894035458565e-12,0.0,0.0,True,False,False,True,False,False,False
123,Strf_alpha,STRF alpha (ms),PSTH SSE,7,0.3684031367301941,3720.0,0.0,3720.0,0.8990278244018555,2.751585517264521,82.0,0.752653956413269,True,-4.547473508864641e-13,0.0,0.0,True,False,False,True,False,False,False
123,Strf_alpha,STRF alpha (ms),PSTH SSE,7,0.7071067690849304,3720.0,-5.450764032073173e-19,3720.0,0.8991392850875854,2.751585517264521,82.0,0.7525951862335205,True,-20.022160100323845,0.0,-58.45235884100189,True,False,False,True,False,False,True
123,Strf_alpha,STRF alpha (ms),PSTH SSE,7,1.3572088479995728,3682.0,-7.541938202848542e-07,3682.0,0.9174529314041138,2.818697359149022,84.0,0.7429870963096619,True,-55.450114745781434,-58.45235884100189,-49.68765907337173,True,True,True,True,False,True,True
123,Strf_alpha,STRF alpha (ms),PSTH SSE,7,2.605003595352173,3620.0,-4.494390395848313e-06,3620.0,0.862501323223114,3.0200328848025237,90.0,0.7721152305603027,True,-35.09912344786005,-49.68765907337173,-7.09813174124567,True,True,True,True,False,True,True
123,Strf_alpha,STRF alpha (ms),PSTH SSE,7,5.0,3603.0,-0.0146105624735355,3603.0,0.5307266116142273,3.7247072245897783,111.0,0.9723148941993712,True,-44.53215946699541,-7.09813174124567,-116.38239373139994,True,True,True,True,False,True,True
123,Strf_alpha,STRF alpha (ms),PSTH SSE,7,9.596915245056152,3068.0,-2.6872334480285645,3068.0,0.5845286250114441,6.57696050468105,196.0,0.9362800121307372,True,-84.51437416848817,-116.38239373139994,-23.347424150501507,True,True,True,True,False,True,True
123,Strf_alpha,STRF alpha (ms),PSTH SSE,7,18.42015838623047,2862.0,9.752907752990724,2862.0,0.3003082871437073,15.50283547531962,462.0,1.1528208255767822,True,1.235628112422276,-23.347424150501507,48.41991451204832,True,True,False,True,False,False,True
123,Strf_alpha,STRF alpha (ms),PSTH SSE,7,35.35533905029297,3682.0,251.65621948242188,3682.0,0.7365729212760925,31.811013053253244,948.0,0.8425864577293396,True,33.28849055179259,48.41991451204832,4.245487100250228,True,True,True,True,False,True,True
123,Strf_alpha,STRF alpha (ms),PSTH SSE,7,67.86044311523438,3820.0,-86.75311279296875,3820.0,0.7669076919555664,33.01902620717426,984.0,0.825092077255249,True,4.273625766522944,4.245487100250228,4.32763464060376,True,True,True,True,False,True,False
123,Strf_alpha,STRF alpha (ms),PSTH SSE,7,130.25018310546875,4090.0,-28.383453369140625,4090.0,0.6534131169319153,28.38830911714372,846.0,0.8924850225448608,True,1.9699577825972394,4.32763464060376,-2.55532749807465,True,True,False,True,False,False,False
123,Strf_alpha,STRF alpha (ms),PSTH SSE,7,250.0,3784.0,-2.931315660476685,3784.0,0.4973985254764557,16.91218415489413,504.0,0.9955598711967468,True,-2.55532749807465,-2.55532749807465,,False,True,False,True,False,False,True
123,Strf_gain,STRF gain,PSTH SSE,1,0.0010000000474974,8897.0,-65930.1328125,8897.0,0.0087214671075344,12.281467064863596,366.0,1.2349894046783447,True,-1775233.171208009,,-1775233.171208009,False,True,False,True,False,False,True
123,Strf_gain,STRF gain,PSTH SSE,1,0.0015182418283075,7977.0,-165967.34375,7977.0,0.0011170376092195,18.05308546693064,538.0,1.3618003129959106,True,-1388241.7300565336,-1775233.171208009,-800695.2214124064,True,True,True,True,False,True,True
123,Strf_gain,STRF gain,PSTH SSE,1,0.0023050580639392,7347.0,-138495.171875,7347.0,0.0019250033656135,23.22069729203718,692.0,1.2845033407211304,True,-697148.6439593798,-800695.2214124064,-539939.884260772,True,True,True,True,False,True,True
123,Strf_gain,STRF gain,PSTH SSE,1,0.0034996354952454,6702.0,-71687.3125,6702.0,0.0056705712340772,29.36143082446897,875.0,1.2530750036239624,True,-406759.3245136475,-539939.884260772,-204559.01032350637,True,True,True,True,False,True,True
123,Strf_gain,STRF gain,PSTH SSE,1,0.0053132930770516,6331.0,19506.462890625,6331.0,0.0107766799628734,35.16660514747827,1048.0,1.224567413330078,True,-179715.67267887283,-204559.01032350637,-141997.4928098733,True,True,True,True,False,True,False
123,Strf_gain,STRF gain,PSTH SSE,1,0.0080668628215789,5940.0,222811.59375,5940.0,0.02430971711874,40.23354920975806,1199.0,1.1724624633789062,True,-137662.96551139758,-141997.4928098733,-131082.10296845253,True,True,True,True,False,True,False
123,Strf_gain,STRF gain,PSTH SSE,1,0.0122474487870931,5392.0,55540.44140625,5392.0,0.0804573446512222,43.48847354115633,1296.0,1.04472815990448,True,-190542.71774722333,-131082.10296845253,-232091.85668905402,True,True,True,True,False,True,False
123,Strf_gain,STRF gain,PSTH SSE,1,0.0151687059551477,4714.0,-186385.96875,4714.0,0.1215066462755203,44.52870709036609,1327.0,0.9798001646995544,True,-83625.37332340877,-232091.85668905402,90487.6168583287,True,True,False,True,False,False,True
123,Strf_gain,STRF gain,PSTH SSE,1,0.0185945890843868,5024.0,-226474.359375,5024.0,0.15647754073143,45.2669373510956,1349.0,0.9328057765960692,True,77641.91137124703,90487.6168583287,41508.883026593794,True,True,True,True,False,True,False
123,Strf_gain,STRF gain,PSTH SSE,1,0.0282310806214809,5424.0,-483470.5,5424.0,0.2337275892496109,45.8709439280561,1367.0,0.8449243903160095,True,24347.05392523142,41508.883026593794,-1708.7560269616772,True,True,False,True,False,False,False
123,Strf_gain,STRF gain,PSTH SSE,1,0.0428616069257259,5399.0,-2678798.5,5399.0,0.2861482501029968,45.90449984899836,1368.0,0.7934499382972717,True,28342.18989686294,-1708.7560269616772,73966.78470798902,True,True,False,True,False,False,False
123,Strf_gain,STRF gain,PSTH SSE,1,0.0650742799043655,7042.0,-4909083.0,7042.0,0.3054250180721283,44.93137814167309,1339.0,0.7757254838943481,True,201825.9099321363,73966.78470798902,395946.99303970207,True,True,True,True,False,True,False
123,Strf_gain,STRF gain,PSTH SSE,1,0.0987984910607338,20395.0,25303516.0,20395.0,0.0425252765417099,47.582295896110864,1418.0,1.122161626815796,True,575684.1444802481,395946.99303970207,848568.6426482785,True,True,True,True,False,True,True
123,Strf_gain,STRF gain,PSTH SSE,1,0.1500000059604644,63843.0,40378180.0,63843.0,1.3927366733551023,41.50867420556357,1237.0,2.5085208415985107,True,848568.6426482785,848568.6426482785,,False,True,False,True,False,False,True
123,Strf_gain,STRF gain,PSTH SSE,2,0.0010000000474974,1676.0,-2369.969970703125,1676.0,0.295395940542221,6.946075635045803,207.0,0.6568055152893066,True,-167875.31075553998,,-167875.31075553998,False,True,False,True,False,False,True
123,Strf_gain,STRF gain,PSTH SSE,2,0.0015182418283075,1589.0,-6789.90966796875,1589.0,0.2164636254310608,8.254756551793564,246.0,0.7350524067878723,True,-125436.98389637459,-167875.31075553998,-61005.350202850015,True,True,True,True,False,True,True
123,Strf_gain,STRF gain,PSTH SSE,2,0.0023050580639392,1541.0,-157.96649169921875,1541.0,0.3122378289699554,9.999664440790577,298.0,0.641526460647583,True,-70354.48191609082,-61005.350202850015,-84548.7260625395,True,True,True,True,False,True,True
123,Strf_gain,STRF gain,PSTH SSE,2,0.0034996354952454,1440.0,5755.9794921875,1440.0,0.2828716933727264,12.046575618267845,359.0,0.6684520840644836,True,-70241.92353166285,-84548.7260625395,-48520.735602341134,True,True,True,True,False,True,False
123,Strf_gain,STRF gain,PSTH SSE,2,0.0053132930770516,1352.0,3164.524169921875,1352.0,0.3001846969127655,13.858595349149356,413.0,0.652417778968811,True,-40645.91220040657,-48520.735602341134,-28690.03051657287,True,True,True,True,False,True,False
123,Strf_gain,STRF gain,PSTH SSE,2,0.0080668628215789,1273.0,-841.6826171875,1273.0,0.316632479429245,15.63705915908862,466.0,0.6376078724861145,True,-25561.042183900034,-28690.03051657287,-20810.47985083097,True,True,True,True,False,True,True
123,Strf_gain,STRF gain,PSTH SSE,2,0.0122474487870931,1186.0,1981.499755859375,1186.0,0.3586238920688629,17.21418744337438,513.0,0.6014567613601685,True,28798.366524115845,-20810.47985083097,57351.609705347604,True,True,False,True,False,False,True
123,Strf_gain,STRF gain,PSTH SSE,2,0.0146536584943532,1324.0,23244.048828125,1324.0,0.3585936427116394,17.885305862219386,533.0,0.6014820337295532,True,41573.68095438427,57351.609705347604,15732.324785621608,True,True,True,True,False,True,True
123,Strf_gain,STRF gain,PSTH SSE,2,0.0185945890843868,1386.0,53241.86328125,1386.0,0.3589649498462677,18.690647964833392,557.0,0.6011720895767212,True,7370.734389192556,15732.324785621608,-13075.298153377045,True,True,False,True,False,False,True
123,Strf_gain,STRF gain,PSTH SSE,2,0.0282310806214809,1260.0,50970.921875,1260.0,0.3809430599212646,19.2275426999094,573.0,0.5831030607223511,True,-7313.082629897013,-13075.298153377045,1435.3550626478088,True,True,False,True,False,False,False
123,Strf_gain,STRF gain,PSTH SSE,2,0.0428616069257259,1281.0,270150.34375,1281.0,0.4101197719573974,19.73088151404315,588.0,0.5599029660224915,True,1526.8318797662068,1435.3550626478088,1665.7157846595212,True,True,True,True,False,True,True
123,Strf_gain,STRF gain,PSTH SSE,2,0.0650742799043655,1318.0,383671.03125,1318.0,0.4135149419307709,20.032884802523405,597.0,0.5572576522827148,True,12755.701552271814,1665.7157846595212,29592.98277942205,True,True,True,True,False,True,True
123,Strf_gain,STRF gain,PSTH SSE,2,0.0987984910607338,2316.0,688381.375,2316.0,0.0332187637686729,17.21418744337438,513.0,1.0180487632751465,True,14087.790037200408,29592.98277942205,-9452.845310296601,True,True,False,True,False,False,True
123,Strf_gain,STRF gain,PSTH SSE,2,0.1500000059604644,1832.0,99422.21875,1832.0,0.0524790473282337,9.831884836079324,293.0,0.9712258577346802,True,-9452.845310296601,-9452.845310296601,,False,True,False,True,False,False,False
123,Strf_gain,STRF gain,PSTH SSE,7,0.0010000000474974,3610.0,93.63355255126952,3610.0,0.5925397276878357,3.489815777994026,104.0,0.931058704853058,True,-146649.69675196597,,-146649.69675196597,False,True,False,True,False,False,False
123,Strf_gain,STRF gain,PSTH SSE,7,0.0015182418283075,3534.0,-203.5213928222656,3534.0,0.5286387801170349,4.496493406261535,134.0,0.9737492203712464,True,-228215.34593356936,-146649.69675196597,-352051.7084622803,True,True,True,True,False,True,True
123,Strf_gain,STRF gain,PSTH SSE,7,0.0023050580639392,3257.0,-3299.43359375,3257.0,0.4960989952087402,6.5434045837388,195.0,0.9964817762374878,True,-336908.93363700074,-352051.7084622803,-313918.537360914,True,True,True,True,False,True,True
123,Strf_gain,STRF gain,PSTH SSE,7,0.0034996354952454,2882.0,-11669.052734375,2882.0,0.5414467453956604,9.462769705714573,282.0,0.9649940729141236,True,-191012.33287490928,-313918.537360914,-4410.975963849194,True,True,True,True,False,True,True
123,Strf_gain,STRF gain,PSTH SSE,7,0.0053132930770516,2874.0,-16898.009765625,2874.0,0.3396342098712921,13.288144693131102,396.0,1.118043303489685,True,9790.69798662141,-4410.975963849194,22384.17493318091,True,True,False,True,False,False,False
123,Strf_gain,STRF gain,PSTH SSE,7,0.0069215721450746,2910.0,4760.4853515625,2910.0,0.3006350100040436,15.50283547531962,462.0,1.1525228023529053,True,49088.35261004325,22384.17493318091,68104.98120710683,True,True,True,True,False,True,True
123,Strf_gain,STRF gain,PSTH SSE,7,0.0080668628215789,2988.0,-25960.888671875,2988.0,0.2622189223766327,16.57662494547163,494.0,1.1887515783309937,True,57780.330658044375,68104.98120710683,20092.877097354038,True,True,True,True,False,True,False
123,Strf_gain,STRF gain,PSTH SSE,7,0.0122474487870931,3072.0,-31814.130859375,3072.0,0.1345097571611404,20.133552565350158,600.0,1.334069013595581,True,61289.24669638192,20092.877097354038,123835.29639877904,True,True,True,True,False,True,False
123,Strf_gain,STRF gain,PSTH SSE,7,0.0185945890843868,3858.0,97968.65625,3858.0,0.0823329761624336,23.42203281769068,698.0,1.4138875007629397,True,136678.33648537676,123835.29639877904,156177.17238755917,True,True,True,True,False,True,True
123,Strf_gain,STRF gain,PSTH SSE,7,0.0282310806214809,5363.0,218109.15625,5363.0,0.0892597809433937,26.81118083285796,799.0,1.4020609855651855,True,106535.61218894049,156177.17238755917,31167.70993178099,True,True,True,True,False,True,True
123,Strf_gain,STRF gain,PSTH SSE,7,0.0428616069257259,5819.0,521684.5625,5819.0,0.1165538132190704,28.891647931277472,861.0,1.3594249486923218,True,24887.09197985918,31167.70993178099,15351.596826186398,True,True,True,True,False,True,True
123,Strf_gain,STRF gain,PSTH SSE,7,0.0650742799043655,6160.0,704924.6875,6160.0,0.1967932879924774,31.542565685715243,940.0,1.2572108507156372,True,24033.05974465533,15351.596826186398,37213.62062943354,True,True,True,True,False,True,True
123,Strf_gain,STRF gain,PSTH SSE,7,0.0987984910607338,7415.0,1798526.125,7415.0,0.1468232721090316,34.93171370088252,1041.0,1.317649483680725,True,85629.2591139625,37213.62062943354,159135.91650474528,True,True,True,True,False,True,True
123,Strf_gain,STRF gain,PSTH SSE,7,0.1500000059604644,15563.0,9207442.0,15563.0,0.0028417313005775,34.93171370088252,1041.0,1.647516846656799,True,159135.91650474528,159135.91650474528,,False,True,False,True,False,False,True
123,abs_ref,Absolute refractory period (ms),CV squared error,1,0.0,0.1215066462755203,1.579781413078308,4714.0,0.1215066462755203,44.52870709036609,1327.0,0.9798001646995544,True,0.19749858975410461,,0.19749858975410461,False,True,False,False,False,False,True
123,abs_ref,Absolute refractory period (ms),CV squared error,1,0.5,0.2202559411525726,2.076231002807617,4470.0,0.2202559411525726,42.44823999194658,1265.0,0.8590638637542725,True,0.19974578917026523,0.19749858975410461,0.20199298858642584,True,True,True,True,False,True,True
123,abs_ref,Absolute refractory period (ms),CV squared error,1,1.0,0.3212524354457855,1.2580326795578003,4405.0,0.3212524354457855,41.20667091708332,1228.0,0.7615868449211121,True,0.16606416304906213,0.20199298858642584,0.09420651197433466,True,True,True,True,False,True,True
123,abs_ref,Absolute refractory period (ms),CV squared error,1,2.0,0.4154589474201202,1.029708743095398,4410.0,0.4154589474201202,39.83087815845106,1187.0,0.6838171482086182,True,0.0727221220731735,0.09420651197433466,0.05123773217201233,True,True,True,True,False,True,True
123,abs_ref,Absolute refractory period (ms),CV squared error,1,3.0,0.4666966795921325,0.2917447984218597,4342.0,0.4666966795921325,39.29398342337505,1171.0,0.6452261805534363,True,0.04160723090171817,0.05123773217201233,0.031976729631424006,True,True,True,True,False,True,True
123,abs_ref,Absolute refractory period (ms),CV squared error,1,4.0,0.4986734092235565,0.3716380298137665,4434.0,0.4986734092235565,38.824200530183546,1157.0,0.6222100853919983,True,0.020553916692733792,0.031976729631424006,0.009131103754043579,True,True,True,True,False,True,True
123,abs_ref,Absolute refractory period (ms),CV squared error,1,5.0,0.5078045129776001,0.2833046615123749,4531.0,0.5078045129776001,38.4550853998188,1146.0,0.6157741546630859,True,0.01913114700998575,0.009131103754043579,0.04413125514984131,True,True,True,True,False,True,True
123,abs_ref,Absolute refractory period (ms),CV squared error,1,7.5,0.6181326508522034,0.5119245648384094,4274.0,0.6181326508522034,37.54907553437804,1119.0,0.5421640872955322,True,0.03602650165557861,0.04413125514984131,0.02792174816131592,True,True,True,True,False,True,True
123,abs_ref,Absolute refractory period (ms),CV squared error,1,10.0,0.6879370212554932,0.1684987396001815,4415.0,0.6879370212554932,36.71017751082178,1094.0,0.4989585280418396,True,0.029101041952768976,0.02792174816131592,0.03145962953567505,True,True,True,True,False,True,True
123,abs_ref,Absolute refractory period (ms),CV squared error,1,15.0,0.8452351689338684,0.5257141590118408,4763.0,0.8452351689338684,34.15992751921076,1018.0,0.4090115129947662,True,0.029713970422744755,0.03145962953567505,0.026222652196884154,True,True,True,True,False,True,True
123,abs_ref,Absolute refractory period (ms),CV squared error,1,25.0,1.10746169090271,0.94683438539505,5365.0,1.10746169090271,28.455420959028217,848.0,0.2760181128978729,True,0.026222652196884154,0.026222652196884154,,False,True,False,False,False,False,True
123,abs_ref,Absolute refractory period (ms),CV squared error,2,0.0,0.0956790670752525,0.0753597915172576,1570.0,0.0956790670752525,20.435555853830408,609.0,0.8909885883331299,True,0.17410413920879358,,0.17410413920879358,False,True,False,False,False,False,True
123,abs_ref,Absolute refractory period (ms),CV squared error,2,0.5,0.1827311366796493,0.0731564238667488,1426.0,0.1827311366796493,19.2946545417939,575.0,0.772838294506073,True,0.15820214897394178,0.17410413920879358,0.14230015873908997,True,True,True,True,False,True,True
123,abs_ref,Absolute refractory period (ms),CV squared error,2,1.0,0.2538812160491943,0.0512330085039138,1381.0,0.2538812160491943,18.45575651823764,550.0,0.6964426636695862,True,0.12075899044672647,0.14230015873908997,0.07767665386199951,True,True,True,True,False,True,True
123,abs_ref,Absolute refractory period (ms),CV squared error,2,2.0,0.3315578699111938,0.0141057791188359,1277.0,0.3315578699111938,17.851749941277138,532.0,0.6244983077049255,True,0.048125699162483215,0.07767665386199951,0.01857474446296692,True,True,True,True,False,True,True
123,abs_ref,Absolute refractory period (ms),CV squared error,2,3.0,0.3501326143741607,0.0115653350949287,1329.0,0.3501326143741607,17.91886178316164,534.0,0.6085888743400574,True,0.01516707806195794,0.01857474446296692,0.012938695634736968,True,True,True,True,False,True,True
123,abs_ref,Absolute refractory period (ms),CV squared error,2,3.653932094573975,0.3585936427116394,0.0143408179283142,1324.0,0.3585936427116394,17.885305862219386,533.0,0.6014820337295532,True,0.029164492062182745,0.012938695634736968,0.03775135823698555,True,True,True,True,False,True,True
123,abs_ref,Absolute refractory period (ms),CV squared error,2,4.0,0.3716581761837005,0.0064301802776753,1327.0,0.3716581761837005,17.851749941277138,532.0,0.590671181678772,True,0.030654834359454555,0.03775135823698555,0.010148674249649103,True,True,True,True,False,True,True
123,abs_ref,Absolute refractory period (ms),CV squared error,2,5.0,0.3818068504333496,0.0024944620672613,1343.0,0.3818068504333496,17.784638099392637,530.0,0.5824037194252014,True,0.011816029037748046,0.010148674249649103,0.015984416007995605,True,True,True,True,False,True,True
123,abs_ref,Absolute refractory period (ms),CV squared error,2,7.5,0.4217678904533386,0.0041612470522522,1281.0,0.4217678904533386,17.516190731854635,522.0,0.5508723258972168,True,0.014333051443099973,0.015984416007995605,0.012681686878204345,True,True,True,True,False,True,True
123,abs_ref,Absolute refractory period (ms),CV squared error,2,10.0,0.4534721076488495,0.0024063498713076,1262.0,0.4534721076488495,17.07996375960538,509.0,0.5269055366516113,True,0.01240083972613018,0.012681686878204345,0.011839145421981811,True,True,True,True,False,True,True
123,abs_ref,Absolute refractory period (ms),CV squared error,2,15.0,0.5126678347587585,0.004691959824413,1293.0,0.5126678347587585,16.64373678735613,496.0,0.4843006730079651,True,0.012338713804880778,0.011839145421981811,0.013337850570678711,True,True,True,True,False,True,True
123,abs_ref,Absolute refractory period (ms),CV squared error,2,25.0,0.6460463404655457,0.0132814543321728,1289.0,0.6460463404655457,15.77128284285762,470.0,0.3965388834476471,True,0.013337850570678711,0.013337850570678711,,False,True,False,False,False,False,True
123,abs_ref,Absolute refractory period (ms),CV squared error,7,0.0,0.3006350100040436,0.7410614490509033,2910.0,0.3006350100040436,15.50283547531962,462.0,1.1525228023529053,True,0.2946200370788574,,0.2946200370788574,False,True,False,False,False,False,True
123,abs_ref,Absolute refractory period (ms),CV squared error,7,0.5,0.4479450285434723,0.5917969942092896,2717.0,0.4479450285434723,13.992819032918357,417.0,1.0315377712249756,True,0.24727770686149597,0.2946200370788574,0.19993537664413452,True,True,True,True,False,True,True
123,abs_ref,Absolute refractory period (ms),CV squared error,7,1.0,0.5479127168655396,0.3015297353267669,2625.0,0.5479127168655396,13.388812455957853,399.0,0.960613489151001,True,0.1592774589856466,0.19993537664413452,0.07796162366867065,True,True,True,True,False,True,True
123,abs_ref,Absolute refractory period (ms),CV squared error,7,2.0,0.6258743405342102,0.0475446060299873,2712.0,0.6258743405342102,12.8854736418241,384.0,0.9097025394439696,True,0.05219763517379761,0.07796162366867065,0.02643364667892456,True,True,True,True,False,True,True
123,abs_ref,Absolute refractory period (ms),CV squared error,7,3.0,0.6523079872131348,0.006867442280054,2679.0,0.6523079872131348,12.784805878997348,381.0,0.8931688666343689,True,0.014615029096603394,0.02643364667892456,0.0027964115142822266,True,True,True,True,False,True,True
123,abs_ref,Absolute refractory period (ms),CV squared error,7,4.0,0.655104398727417,-0.0007206795271486,2668.0,0.655104398727417,12.751249958055098,380.0,0.8914395570755005,True,0.008364200592041016,0.0027964115142822266,0.013931989669799805,True,True,True,True,False,True,False
123,abs_ref,Absolute refractory period (ms),CV squared error,7,5.0,0.6690363883972168,0.0005340742645785,2666.0,0.6690363883972168,12.617026274286095,376.0,0.882878303527832,True,0.011960976464407733,0.013931989669799805,0.007033443450927735,True,True,True,True,False,True,True
123,abs_ref,Absolute refractory period (ms),CV squared error,7,7.5,0.6866199970245361,0.0044310856610536,2673.0,0.6866199970245361,12.583470353343849,375.0,0.8721993565559387,True,0.006867563724517828,0.007033443450927735,0.0067016839981079105,True,True,True,True,False,True,True
123,abs_ref,Absolute refractory period (ms),CV squared error,7,10.0,0.7033742070198059,0.0037430524826049,2662.0,0.7033742070198059,12.482802590517096,372.0,0.8621506690979004,True,0.00895816087722779,0.0067016839981079105,0.013471114635467529,True,True,True,True,False,True,True
123,abs_ref,Absolute refractory period (ms),CV squared error,7,15.0,0.7707297801971436,0.0107990484684705,2711.0,0.7707297801971436,12.247911143921344,365.0,0.8229125738143921,True,0.013760497172673546,0.013471114635467529,0.01433926224708556,True,True,True,True,False,True,True
123,abs_ref,Absolute refractory period (ms),CV squared error,7,25.0,0.9141224026679992,0.0171316806226968,2865.0,0.9141224026679992,11.50968088319184,343.0,0.7447272539138794,True,0.01433926224708556,0.01433926224708556,,False,True,False,False,False,False,True
123,off_ron_gSYN,off -> ron gSYN,PSTH SSE,1,0.0010000000474974,4714.0,52565.16796875,4714.0,0.1215066462755203,44.52870709036609,1327.0,0.9798001646995544,True,-102268.86747176573,,-102268.86747176573,False,True,False,True,False,False,False
123,off_ron_gSYN,off -> ron gSYN,PSTH SSE,1,0.0015182418283075,4661.0,349995.90625,4661.0,0.1064970716834068,45.36760511392235,1352.0,1.0020393133163452,True,-76293.81085572625,-102268.86747176573,-36857.39908088855,True,True,True,True,False,True,False
123,off_ron_gSYN,off -> ron gSYN,PSTH SSE,1,0.0023050580639392,4632.0,405747.5625,4632.0,0.092749573290348,46.676286030670106,1391.0,1.0238300561904907,True,206151.87759357598,-36857.39908088855,575098.7604451944,True,True,False,True,False,False,True
123,off_ron_gSYN,off -> ron gSYN,PSTH SSE,1,0.0034996354952454,5319.0,953456.5625,5319.0,0.073169320821762,48.65608536626287,1450.0,1.05787992477417,True,560640.9277886143,575098.7604451944,538690.4395850828,True,True,True,True,False,True,True
123,off_ron_gSYN,off -> ron gSYN,PSTH SSE,1,0.0053132930770516,6296.0,1765039.625,6296.0,0.0667959228157997,52.24656890708365,1557.0,1.069929122924805,True,633248.2483413217,538690.4395850828,776809.8136069541,True,True,True,True,False,True,True
123,off_ron_gSYN,off -> ron gSYN,PSTH SSE,1,0.0080668628215789,8435.0,3420600.25,8435.0,0.051153976470232,57.85040770443945,1724.0,1.102205753326416,True,1044244.5082567298,776809.8136069541,1450275.1647768754,True,True,True,True,False,True,True
123,off_ron_gSYN,off -> ron gSYN,PSTH SSE,1,0.0122474487870931,14498.0,6991982.0,14498.0,0.0192179549485445,67.21250964732727,2003.0,1.1897493600845337,True,1799501.1349757677,1450275.1647768754,2329710.595227412,True,True,True,True,False,True,True
123,off_ron_gSYN,off -> ron gSYN,PSTH SSE,1,0.0185945890843868,29285.0,12418250.0,29285.0,0.0019498642068356,83.15157209489614,2478.0,1.3725354671478271,True,2685533.693223942,2329710.595227412,3225759.0722041703,True,True,True,True,False,True,True
123,off_ron_gSYN,off -> ron gSYN,PSTH SSE,1,0.0282310806214809,60370.0,19859558.0,60370.0,0.0798681080341339,109.6943055602161,3269.0,1.610987663269043,True,4330615.339027444,3225759.0722041703,6008054.541038335,True,True,True,True,False,True,True
123,off_ron_gSYN,off -> ron gSYN,PSTH SSE,1,0.0428616069257259,148271.0,36781720.0,148271.0,0.4061045050621032,153.48478238985268,4574.0,1.9656414985656736,True,6840118.333069244,6008054.541038335,8103392.156949852,True,True,True,True,False,True,True
123,off_ron_gSYN,off -> ron gSYN,PSTH SSE,1,0.0650742799043655,328269.0,53007196.0,328269.0,1.0694758892059326,221.6033019026207,6604.0,2.3625328540802,True,8618942.57847984,8103392.156949852,9401672.837649973,True,True,True,True,False,True,True
123,off_ron_gSYN,off -> ron gSYN,PSTH SSE,1,0.0987984910607338,645333.0,69484224.0,645333.0,2.3759572505950928,326.499110768095,9730.0,2.869792222976685,True,10234043.967958935,9401672.837649973,11497784.804861262,True,True,True,True,False,True,True
123,off_ron_gSYN,off -> ron gSYN,PSTH SSE,1,0.1500000059604644,1234037.0,99855264.0,1234037.0,4.607715606689453,488.1715378678567,14548.0,3.4749372005462646,True,11497784.804861262,11497784.804861262,,False,True,False,True,False,False,True
123,off_ron_gSYN,off -> ron gSYN,PSTH SSE,2,0.0010000000474974,1254.0,-52947.3671875,1254.0,0.3739568591117859,17.180631522432133,512.0,0.5887888073921204,True,225939.29969934124,,225939.29969934124,False,True,False,True,False,False,False
123,off_ron_gSYN,off -> ron gSYN,PSTH SSE,2,0.0013098177732899,1324.0,238954.5625,1324.0,0.3585936427116394,17.885305862219386,533.0,0.6014820337295532,True,271570.703363094,225939.29969934124,302268.372979693,True,True,True,True,False,True,True
123,off_ron_gSYN,off -> ron gSYN,PSTH SSE,2,0.0015182418283075,1387.0,258647.140625,1387.0,0.3601021766662597,18.18730915069964,542.0,0.6002237796783447,True,233377.66841968964,302268.372979693,-26689.840713746882,True,True,False,True,False,False,True
123,off_ron_gSYN,off -> ron gSYN,PSTH SSE,2,0.0023050580639392,1366.0,274735.59375,1366.0,0.3591618835926056,19.6302137512164,585.0,0.6010077595710754,True,17815.685057191877,-26689.840713746882,85385.8421621686,True,True,False,True,False,False,True
123,off_ron_gSYN,off -> ron gSYN,PSTH SSE,2,0.0034996354952454,1468.0,426452.28125,1468.0,0.3020631074905395,22.24757558471192,663.0,0.6507062315940857,True,147598.4755325159,85385.8421621686,242052.3060162245,True,True,True,True,False,True,True
123,off_ron_gSYN,off -> ron gSYN,PSTH SSE,2,0.0053132930770516,1907.0,787171.8125,1907.0,0.2562493085861206,26.1065064930707,778.0,0.694098174571991,True,235201.0139956827,242052.3060162245,224799.09987036212,True,True,True,True,False,True,True
123,off_ron_gSYN,off -> ron gSYN,PSTH SSE,2,0.0080668628215789,2526.0,1313219.625,2526.0,0.1716920286417007,32.5156873930405,969.0,0.785951554775238,True,273737.2966766311,224799.09987036212,348037.335436311,True,True,True,True,False,True,True
123,off_ron_gSYN,off -> ron gSYN,PSTH SSE,2,0.0122474487870931,3981.0,2144436.75,3981.0,0.0620969198644161,41.27378275896782,1230.0,0.951116383075714,True,398273.6088530415,348037.335436311,474544.41826097004,True,True,True,True,False,True,True
123,off_ron_gSYN,off -> ron gSYN,PSTH SSE,2,0.0185945890843868,6993.0,3226237.5,6993.0,0.0060762399807572,53.68947350760041,1600.0,1.1223586797714231,True,505617.74175300286,474544.41826097004,552794.5497066629,True,True,True,True,False,True,True
123,off_ron_gSYN,off -> ron gSYN,PSTH SSE,2,0.0282310806214809,12320.0,5093706.5,12320.0,0.0025936486199498,70.0312070064763,2087.0,1.2512367963790894,True,564990.1441842243,552794.5497066629,583506.0080868736,True,True,True,True,False,True,True
123,off_ron_gSYN,off -> ron gSYN,PSTH SSE,2,0.0428616069257259,20857.0,7161420.0,20857.0,0.0218043606728315,88.85607865507868,2648.0,1.3479719161987305,True,575868.3248894459,583506.0080868736,564272.4768897956,True,True,True,True,False,True,True
123,off_ron_gSYN,off -> ron gSYN,PSTH SSE,2,0.0650742799043655,33391.0,11685728.0,33391.0,0.0590648911893367,109.79497332304284,3272.0,1.443341612815857,True,524524.2819053675,564272.4768897956,464176.9062415559,True,True,True,True,False,True,True
123,off_ron_gSYN,off -> ron gSYN,PSTH SSE,2,0.0987984910607338,49045.0,24028316.0,49045.0,0.1129974201321601,131.136539042314,3908.0,1.5364598035812378,True,402018.5605254047,464176.9062415559,307647.1473714712,True,True,True,True,False,True,True
123,off_ron_gSYN,off -> ron gSYN,PSTH SSE,2,0.1500000059604644,64797.0,36360072.0,64797.0,0.1744468510150909,148.65272977416865,4430.0,1.617977261543274,True,307647.1473714712,307647.1473714712,,False,True,False,True,False,False,True
123,off_ron_gSYN,off -> ron gSYN,PSTH SSE,7,0.0010000000474974,2739.0,-11863.59375,2739.0,0.192615732550621,11.912351934498842,355.0,1.2619446516036987,True,183312.12093995744,,183312.12093995744,False,True,False,True,False,False,False
123,off_ron_gSYN,off -> ron gSYN,PSTH SSE,7,0.0015182418283075,2834.0,-3311.8173828125,2834.0,0.1743029803037643,12.751249958055098,380.0,1.283328652381897,True,126668.67302425788,183312.12093995744,40670.23346856668,True,True,True,True,False,True,False
123,off_ron_gSYN,off -> ron gSYN,PSTH SSE,7,0.0023050580639392,2866.0,-3555.087646484375,2866.0,0.1877595484256744,13.757927586322603,410.0,1.2675124406814575,True,39146.50178146374,40670.23346856668,36833.10838368057,True,True,True,True,False,True,False
123,off_ron_gSYN,off -> ron gSYN,PSTH SSE,7,0.0034996354952454,2910.0,47230.9453125,2910.0,0.3006593286991119,15.50283547531962,462.0,1.1525006294250488,True,35562.61225624313,36833.10838368057,33633.6917243501,True,True,True,True,False,True,True
123,off_ron_gSYN,off -> ron gSYN,PSTH SSE,7,0.0053132930770516,2971.0,177848.265625,2971.0,0.4626723527908325,18.690647964833392,557.0,1.0206245183944702,True,100316.28304840875,33633.6917243501,201556.5435025056,True,True,True,True,False,True,True
123,off_ron_gSYN,off -> ron gSYN,PSTH SSE,7,0.0080668628215789,3526.0,910714.5,3526.0,0.5313774347305298,24.56293412972719,732.0,0.971868336200714,True,371619.4000831458,201556.5435025056,629816.0166349189,True,True,True,True,False,True,True
123,off_ron_gSYN,off -> ron gSYN,PSTH SSE,7,0.0122474487870931,6159.0,2290832.25,6159.0,0.3738905787467956,35.80416764538103,1067.0,1.0893588066101074,True,808840.974105161,629816.0166349189,1080644.1450371824,True,True,True,True,False,True,True
123,off_ron_gSYN,off -> ron gSYN,PSTH SSE,7,0.0185945890843868,13018.0,5340107.0,13018.0,0.143198624253273,54.29348008456092,1618.0,1.3224087953567505,True,1421781.3922911827,1080644.1450371824,1939710.103832728,True,True,True,True,False,True,True
123,off_ron_gSYN,off -> ron gSYN,PSTH SSE,7,0.0282310806214809,31710.0,10726643.0,31710.0,0.0007955174078233,85.29915103520015,2542.0,1.6726198196411133,True,2461760.771773403,1939710.103832728,3254360.0284690536,True,True,True,True,False,True,True
123,off_ron_gSYN,off -> ron gSYN,PSTH SSE,7,0.0428616069257259,79323.0,19621856.0,79323.0,0.1440969258546829,134.32435153182777,4003.0,2.08042573928833,True,4035597.165394229,3254360.0284690536,5221703.84948888,True,True,True,True,False,True,True
123,off_ron_gSYN,off -> ron gSYN,PSTH SSE,7,0.0650742799043655,195311.0,36193184.0,195311.0,0.778278112411499,209.62383812623736,6247.0,2.583025455474853,True,6524762.028751599,5221703.84948888,8503119.573957762,True,True,True,True,False,True,True
123,off_ron_gSYN,off -> ron gSYN,PSTH SSE,7,0.0987984910607338,482072.0,61808384.0,482072.0,2.170762538909912,326.23066340055703,9722.0,3.174175500869751,True,10083039.391421039,8503119.573957762,12481740.066705773,True,True,True,True,False,True,True
123,off_ron_gSYN,off -> ron gSYN,PSTH SSE,7,0.1500000059604644,1121156.0,91991808.0,1121156.0,4.789391994476318,503.27170229186936,14998.0,3.889292716979981,True,12481740.066705773,12481740.066705773,,False,True,False,True,False,False,True
123,off_sonoff_gSYN,off -> sonoff gSYN,PSTH SSE,1,0.0010000000474974,4714.0,209407.421875,4714.0,0.1215066462755203,44.52870709036609,1327.0,0.9798001646995544,True,-96480.06365260918,,-96480.06365260918,False,True,False,True,False,False,False
123,off_sonoff_gSYN,off -> sonoff gSYN,PSTH SSE,1,0.0015182418283075,4664.0,3495497.25,4664.0,0.1250911056995391,43.723364987752085,1303.0,0.9746959805488586,True,29649.397827611305,-96480.06365260918,221144.3944853313,True,True,False,True,False,False,True
123,off_sonoff_gSYN,off -> sonoff gSYN,PSTH SSE,1,0.0023050580639392,4838.0,8095966.0,4838.0,0.0842907801270484,41.10600315425656,1225.0,1.0380494594573977,True,160918.34788360796,221144.3944853313,69480.63626921563,True,True,True,True,False,True,True
123,off_sonoff_gSYN,off -> sonoff gSYN,PSTH SSE,1,0.0034996354952454,4921.0,9404870.0,4921.0,0.0740988701581955,39.4617630280863,1176.0,1.0561671257019043,True,13645.007339597447,69480.63626921563,-71126.98741706825,True,True,False,True,False,False,True
123,off_sonoff_gSYN,off -> sonoff gSYN,PSTH SSE,1,0.0053132930770516,4792.0,10235300.0,4792.0,0.0759079679846763,37.95174658568504,1131.0,1.0528641939163208,True,-34085.242846269626,-71126.98741706825,22153.06153811323,True,True,False,True,False,False,False
123,off_sonoff_gSYN,off -> sonoff gSYN,PSTH SSE,1,0.0080668628215789,4853.0,10003276.0,4853.0,0.0865750685334205,37.58263145532029,1120.0,1.0341417789459229,True,11551.27022167202,22153.06153811323,-4544.817438687223,True,True,False,True,False,False,True
123,off_sonoff_gSYN,off -> sonoff gSYN,PSTH SSE,1,0.0122474487870931,4834.0,9475233.0,4834.0,0.0995368063449859,37.01218079930204,1103.0,1.0128836631774902,True,-3741.083195187268,-4544.817438687223,-2520.8202829268,True,True,True,True,False,True,False
123,off_sonoff_gSYN,off -> sonoff gSYN,PSTH SSE,1,0.0185945890843868,4818.0,8930838.0,4818.0,0.1106586009263992,36.81084527364853,1097.0,0.995724320411682,True,1529.610866842122,-2520.8202829268,7679.143359919853,True,True,False,True,False,False,True
123,off_sonoff_gSYN,off -> sonoff gSYN,PSTH SSE,1,0.0282310806214809,4892.0,10718661.0,4892.0,0.1106086820363998,36.67662158987953,1093.0,0.9957993626594543,True,992.7027473094349,7679.143359919853,-9158.93230451459,True,True,False,True,False,False,True
123,off_sonoff_gSYN,off -> sonoff gSYN,PSTH SSE,1,0.0428616069257259,4758.0,14281752.0,4758.0,0.1069792285561561,36.40817422234153,1085.0,1.001301407814026,True,-4717.419201963727,-9158.93230451459,2025.8705489102285,True,True,False,True,False,False,False
123,off_sonoff_gSYN,off -> sonoff gSYN,PSTH SSE,1,0.0650742799043655,4803.0,13733206.0,4803.0,0.1176981478929519,36.30750645951478,1082.0,0.9853065609931946,True,279.39277353956277,2025.8705489102285,-2372.182988330425,True,True,False,True,False,False,True
123,off_sonoff_gSYN,off -> sonoff gSYN,PSTH SSE,1,0.0987984910607338,4723.0,10314979.0,4723.0,0.1148516982793808,36.30750645951478,1082.0,0.989480435848236,True,-608.0816127843209,-2372.182988330425,2070.2512456434706,True,True,False,True,False,False,False
123,off_sonoff_gSYN,off -> sonoff gSYN,PSTH SSE,1,0.1500000059604644,4829.0,5932054.5,4829.0,0.1200215145945549,36.24039461763028,1080.0,0.9819369912147522,True,2070.2512456434706,2070.2512456434706,,False,True,False,True,False,False,True
123,off_sonoff_gSYN,off -> sonoff gSYN,PSTH SSE,2,0.0010000000474974,1324.0,4800.05224609375,1324.0,0.3585936427116394,17.885305862219386,533.0,0.6014820337295532,True,21225.61400357402,,21225.61400357402,False,True,False,True,False,False,True
123,off_sonoff_gSYN,off -> sonoff gSYN,PSTH SSE,2,0.0015182418283075,1335.0,658649.1875,1335.0,0.3549499213695526,17.851749941277138,532.0,0.6045321822166443,True,10778.088601972791,21225.61400357402,-5083.779183570835,True,True,False,True,False,False,True
123,off_sonoff_gSYN,off -> sonoff gSYN,PSTH SSE,2,0.0023050580639392,1331.0,1705330.0,1331.0,0.322963535785675,16.97929599677863,506.0,0.6320101022720337,True,13888.4644853184,-5083.779183570835,42692.9210810843,True,True,False,True,False,False,True
123,off_sonoff_gSYN,off -> sonoff gSYN,PSTH SSE,2,0.0034996354952454,1382.0,2172844.25,1382.0,0.3226456344127655,15.737726921915373,469.0,0.6322898864746094,True,39314.43025565846,42692.9210810843,34185.063719831254,True,True,True,True,False,True,True
123,off_sonoff_gSYN,off -> sonoff gSYN,PSTH SSE,2,0.0053132930770516,1444.0,2454731.5,1444.0,0.334084004163742,14.932384819301364,445.0,0.6223089098930359,True,17293.17240344535,34185.063719831254,-8352.79369469843,True,True,False,True,False,False,True
123,off_sonoff_gSYN,off -> sonoff gSYN,PSTH SSE,2,0.0080668628215789,1421.0,2540917.75,1421.0,0.3003962337970733,14.496157847052112,432.0,0.6522247791290283,True,-9120.331353301997,-8352.79369469843,-10285.639466502664,True,True,True,True,False,True,False
123,off_sonoff_gSYN,off -> sonoff gSYN,PSTH SSE,2,0.0122474487870931,1378.0,2434528.75,1378.0,0.2892155945301056,13.925707191033856,415.0,0.662521243095398,True,-5387.854821115994,-10285.639466502664,2048.166479878025,True,True,False,True,False,False,False
123,off_sonoff_gSYN,off -> sonoff gSYN,PSTH SSE,2,0.0185945890843868,1391.0,2339582.25,1391.0,0.2817519009113312,13.288144693131102,396.0,0.6695058345794678,True,1894.165695866308,2048.166479878025,1660.355321063752,True,True,True,True,False,True,True
123,off_sonoff_gSYN,off -> sonoff gSYN,PSTH SSE,2,0.0282310806214809,1407.0,2888294.75,1407.0,0.2676823139190674,13.2210328512466,394.0,0.6829286813735962,True,838.1719259422753,1660.355321063752,-410.1014464708025,True,True,False,True,False,False,True
123,off_sonoff_gSYN,off -> sonoff gSYN,PSTH SSE,2,0.0428616069257259,1401.0,3828440.75,1401.0,0.2594184279441833,13.0196973255931,388.0,0.6909775733947754,True,-104.23078454911229,-410.1014464708025,360.15476425070733,True,True,False,True,False,False,False
123,off_sonoff_gSYN,off -> sonoff gSYN,PSTH SSE,2,0.0650742799043655,1409.0,3643635.75,1409.0,0.2659682929515838,12.818361799939598,382.0,0.6845877766609192,True,111.16146986238527,360.15476425070733,-266.8705861871728,True,True,False,True,False,False,True
123,off_sonoff_gSYN,off -> sonoff gSYN,PSTH SSE,2,0.0987984910607338,1400.0,2821414.75,1400.0,0.2581723034381866,12.851917720881849,383.0,0.6922023296356201,True,-191.9183396533299,-266.8705861871728,-78.12268851484795,True,True,True,True,False,True,False
123,off_sonoff_gSYN,off -> sonoff gSYN,PSTH SSE,2,0.1500000059604644,1396.0,1596786.625,1396.0,0.2513051927089691,12.784805878997348,381.0,0.6990054249763489,True,-78.12268851484795,-78.12268851484795,,False,True,False,True,False,False,False
123,off_sonoff_gSYN,off -> sonoff gSYN,PSTH SSE,7,0.0010000000474974,2846.0,142553.640625,2846.0,0.289495438337326,15.905506526626622,474.0,1.1627769470214844,True,162086.50693638343,,162086.50693638343,False,True,False,True,False,False,True
123,off_sonoff_gSYN,off -> sonoff gSYN,PSTH SSE,7,0.0015182418283075,2930.0,133414.703125,2930.0,0.2952066659927368,15.838394684742122,472.0,1.1574954986572266,True,73068.49997728132,162086.50693638343,-32531.92562062178,True,True,False,True,False,False,True
123,off_sonoff_gSYN,off -> sonoff gSYN,PSTH SSE,7,0.0021330225281417,2910.0,159925.5,2910.0,0.3006350100040436,15.50283547531962,462.0,1.1525228023529053,True,138224.81854072772,-32531.92562062178,186008.08171206372,True,True,False,True,False,False,True
123,off_sonoff_gSYN,off -> sonoff gSYN,PSTH SSE,7,0.0023050580639392,2942.0,128042.109375,2942.0,0.2705225944519043,15.43572363343512,460.0,1.1807068586349487,True,164910.88819342834,186008.08171206372,18416.554191840285,True,True,True,True,False,True,True
123,off_sonoff_gSYN,off -> sonoff gSYN,PSTH SSE,7,0.0034996354952454,2964.0,492946.375,2964.0,0.2369559705257415,14.764605214590114,440.0,1.2140434980392456,True,-14732.940953301033,18416.554191840285,-65061.895466775604,True,True,False,True,False,False,False
123,off_sonoff_gSYN,off -> sonoff gSYN,PSTH SSE,7,0.0053132930770516,2846.0,938410.25,2846.0,0.1344406902790069,14.026374953860609,418.0,1.3341631889343262,True,-46147.91004522954,-65061.895466775604,-17431.917275892378,True,True,True,True,False,True,False
123,off_sonoff_gSYN,off -> sonoff gSYN,PSTH SSE,7,0.0080668628215789,2798.0,1165749.5,2798.0,0.0917072221636772,13.556592060669104,404.0,1.397992730140686,True,-3005.6683441040805,-17431.917275892378,18896.872508225824,True,True,False,True,False,False,False
123,off_sonoff_gSYN,off -> sonoff gSYN,PSTH SSE,7,0.0122474487870931,2877.0,1172826.375,2877.0,0.0936411023139953,13.388812455957853,399.0,1.3948163986206057,True,6012.374392779602,18896.872508225824,-13549.40902073155,True,True,False,True,False,False,True
123,off_sonoff_gSYN,off -> sonoff gSYN,PSTH SSE,7,0.0185945890843868,2791.0,1136019.75,2791.0,0.0779466927051544,13.187476930304353,393.0,1.421635389328003,True,-7056.283202662249,-13549.40902073155,2801.849604295081,True,True,False,True,False,False,False
123,off_sonoff_gSYN,off -> sonoff gSYN,PSTH SSE,7,0.0282310806214809,2818.0,1162413.625,2818.0,0.0879890173673629,13.288144693131102,396.0,1.4041953086853027,True,-102.14670714606473,2801.849604295081,-4511.115911178827,True,True,False,True,False,False,False
123,off_sonoff_gSYN,off -> sonoff gSYN,PSTH SSE,7,0.0428616069257259,2752.0,1493556.5,2752.0,0.0857970938086509,13.355256535015602,398.0,1.407913327217102,True,-2880.636183623239,-4511.115911178827,-405.1741097820457,True,True,True,True,False,True,False
123,off_sonoff_gSYN,off -> sonoff gSYN,PSTH SSE,7,0.0650742799043655,2743.0,1608935.875,2743.0,0.083744965493679,13.455924297842351,401.0,1.4114375114440918,True,191.39635195297524,-405.1741097820457,1097.1346321028216,True,True,False,True,False,False,True
123,off_sonoff_gSYN,off -> sonoff gSYN,PSTH SSE,7,0.0987984910607338,2780.0,1582672.25,2780.0,0.077460341155529,13.422368376900105,400.0,1.4225077629089355,True,622.681431339417,1097.1346321028216,-97.65336064355994,True,True,False,True,False,False,True
123,off_sonoff_gSYN,off -> sonoff gSYN,PSTH SSE,7,0.1500000059604644,2775.0,920702.0,2775.0,0.0840770900249481,13.590147981611354,405.0,1.410864233970642,True,-97.65336064355994,-97.65336064355994,,False,True,False,True,False,False,False
123,on_ron_gSYN,on -> ron gSYN,PSTH SSE,1,0.0010000000474974,10194.0,-321477.40625,10194.0,0.2160521745681762,5.805174323009295,173.0,0.8635640740394592,True,-121564.88020228756,,-121564.88020228756,False,True,False,True,False,False,True
123,on_ron_gSYN,on -> ron gSYN,PSTH SSE,1,0.0015182418283075,10131.0,-568572.6875,10131.0,0.153143972158432,6.57696050468105,196.0,0.9370420575141908,True,-295357.11215660814,-121564.88020228756,-559215.7101927918,True,True,True,True,False,True,True
123,on_ron_gSYN,on -> ron gSYN,PSTH SSE,1,0.0023050580639392,9691.0,-1148113.0,9691.0,0.2608193457126617,7.986309184255561,238.0,0.8176734447479248,True,-539594.0828372887,-559215.7101927918,-509803.7046741243,True,True,True,True,False,True,True
123,on_ron_gSYN,on -> ron gSYN,PSTH SSE,1,0.0034996354952454,9082.0,-1387565.375,9082.0,0.4147975742816925,10.234555887386328,305.0,0.684330403804779,True,-524121.0623432393,-509803.7046741243,-545858.2755263377,True,True,True,True,False,True,True
123,on_ron_gSYN,on -> ron gSYN,PSTH SSE,1,0.0053132930770516,8092.0,-1810959.25,8092.0,0.422839879989624,13.992819032918357,417.0,0.6781167984008789,True,-533447.4109955514,-545858.2755263377,-514604.7245820729,True,True,True,True,False,True,True
123,on_ron_gSYN,on -> ron gSYN,PSTH SSE,1,0.0080668628215789,6675.0,-1854597.0,6675.0,0.3936406970024109,20.80467098419516,620.0,0.7009702920913696,True,-467267.8940167964,-514604.7245820729,-395399.1171657884,True,True,True,True,False,True,True
123,on_ron_gSYN,on -> ron gSYN,PSTH SSE,1,0.0122474487870931,5022.0,-1386878.625,5022.0,0.2287284433841705,32.1130163417335,957.0,0.8501225709915161,True,-234623.45924861263,-395399.1171657884,-73527.31519861305,True,True,True,True,False,True,True
123,on_ron_gSYN,on -> ron gSYN,PSTH SSE,1,0.016436368227005,4714.0,2471.5625,4714.0,0.1215066462755203,44.52870709036609,1327.0,0.9798001646995544,True,5577.809411905939,-73527.31519861305,46334.4609324705,True,True,False,True,False,False,True
123,on_ron_gSYN,on -> ron gSYN,PSTH SSE,1,0.0185945890843868,4814.0,696097.0625,4814.0,0.07626473903656,50.90433206939364,1517.0,1.0522174835205078,True,140640.58195535326,46334.4609324705,561718.9595573805,True,True,True,True,False,True,True
123,on_ron_gSYN,on -> ron gSYN,PSTH SSE,1,0.0282310806214809,10227.0,5310743.0,10227.0,0.000152524531586,80.53421026140062,2400.0,1.316028118133545,True,921561.5852317081,561718.9595573805,1467889.7774011593,True,True,True,True,False,True,True
123,on_ron_gSYN,on -> ron gSYN,PSTH SSE,1,0.0428616069257259,31703.0,14163156.0,31703.0,0.0848264172673225,126.10315090097647,3758.0,1.6196279525756836,True,2026255.6816767773,1467889.7774011593,2873989.999375113,True,True,True,True,False,True,True
123,on_ron_gSYN,on -> ron gSYN,PSTH SSE,1,0.0650742799043655,95542.0,30174502.0,95542.0,0.4112885892391205,196.26858159122176,5849.0,1.969696044921875,True,3738015.0862881173,2873989.999375113,5049814.1886957465,True,True,True,True,False,True,True
123,on_ron_gSYN,on -> ron gSYN,PSTH SSE,1,0.0987984910607338,265843.0,57582748.0,265843.0,1.1513928174972534,302.5066272943861,9015.0,2.4014079570770264,True,6458026.937574554,5049814.1886957465,8596034.724010007,True,True,True,True,False,True,True
123,on_ron_gSYN,on -> ron gSYN,PSTH SSE,1,0.1500000059604644,705973.0,101782296.0,705973.0,2.7895007133483887,467.93731753967984,13945.0,2.9985580444335938,True,8596034.724010007,8596034.724010007,,False,True,False,True,False,False,True
123,on_ron_gSYN,on -> ron gSYN,PSTH SSE,2,0.0010000000474974,1581.0,-84580.6484375,1581.0,0.1186218187212944,9.19432233817657,274.0,0.8558937311172485,True,-61747.240737669876,,-61747.240737669876,False,True,False,True,False,False,True
123,on_ron_gSYN,on -> ron gSYN,PSTH SSE,2,0.0015182418283075,1549.0,-112744.0546875,1549.0,0.1602671146392822,10.133888124559578,302.0,0.7999751567840576,True,-81135.75227381813,-61747.240737669876,-110572.19724266564,True,True,True,True,False,True,True
123,on_ron_gSYN,on -> ron gSYN,PSTH SSE,2,0.0023050580639392,1462.0,-132937.4375,1462.0,0.204384371638298,11.845240092614342,353.0,0.7482200264930725,True,-91927.69276792929,-110572.19724266564,-63620.8235718119,True,True,True,True,False,True,True
123,on_ron_gSYN,on -> ron gSYN,PSTH SSE,2,0.0034996354952454,1386.0,-137054.5,1386.0,0.2922423779964447,14.227710479514108,424.0,0.6597144603729248,True,-54120.149557597586,-63620.8235718119,-42524.59165477432,True,True,True,True,False,True,True
123,on_ron_gSYN,on -> ron gSYN,PSTH SSE,2,0.0049576153978705,1324.0,15287.7529296875,1324.0,0.3585936427116394,17.885305862219386,533.0,0.6014820337295532,True,147611.67209299747,-42524.59165477432,193995.8677161391,True,True,False,True,False,False,True
123,on_ron_gSYN,on -> ron gSYN,PSTH SSE,2,0.0053132930770516,1393.0,136059.953125,1393.0,0.3767265677452087,18.791315727660145,560.0,0.5865283608436584,True,186219.66877257611,193995.8677161391,126018.23530697197,True,True,True,True,False,True,True
123,on_ron_gSYN,on -> ron gSYN,PSTH SSE,2,0.0080668628215789,1740.0,822358.8125,1740.0,0.3604039847850799,27.21385188416496,811.0,0.5999723672866821,True,172198.1823561244,126018.23530697197,242310.52975737667,True,True,True,True,False,True,True
123,on_ron_gSYN,on -> ron gSYN,PSTH SSE,2,0.0122474487870931,2753.0,2263733.5,2753.0,0.3102374374866485,40.06576960504681,1194.0,0.643319308757782,True,374009.0586393282,242310.52975737667,573959.2681688957,True,True,True,True,False,True,True
123,on_ron_gSYN,on -> ron gSYN,PSTH SSE,2,0.0185945890843868,6396.0,4351693.5,6396.0,0.2361484318971634,58.0852991510352,1731.0,0.714357852935791,True,664825.2686737827,573959.2681688957,802781.797734324,True,True,True,True,False,True,True
123,on_ron_gSYN,on -> ron gSYN,PSTH SSE,2,0.0282310806214809,14132.0,6774721.0,14132.0,0.1588088274002075,82.11133854568638,2447.0,0.8018006682395935,True,869357.9743959834,802781.797734324,970436.7228320757,True,True,True,True,False,True,True
123,on_ron_gSYN,on -> ron gSYN,PSTH SSE,2,0.0428616069257259,28330.0,8903193.0,28330.0,0.1019653528928756,111.2378779235596,3315.0,0.8809887766838074,True,968613.3537445818,970436.7228320757,965845.0390293343,True,True,True,True,False,True,True
123,on_ron_gSYN,on -> ron gSYN,PSTH SSE,2,0.0650742799043655,49784.0,12391994.0,49784.0,0.0653628259897232,143.18311466058185,4267.0,0.9446473717689514,True,902008.5250982216,965845.0390293343,805089.253951992,True,True,True,True,False,True,True
123,on_ron_gSYN,on -> ron gSYN,PSTH SSE,2,0.0987984910607338,76935.0,33526822.0,76935.0,0.0434426888823509,174.79279218818158,5209.0,0.9918798208236694,True,707105.6622538556,805089.253951992,558342.8548156184,True,True,True,True,False,True,True
123,on_ron_gSYN,on -> ron gSYN,PSTH SSE,2,0.1500000059604644,105523.0,71062024.0,105523.0,0.0290522575378417,202.14086775611557,6024.0,1.0298616886138916,True,558342.8548156184,558342.8548156184,,False,True,False,True,False,False,True
123,on_ron_gSYN,on -> ron gSYN,PSTH SSE,7,0.0010000000474974,3809.0,-26388.404296875,3809.0,0.8219107985496521,6.4762927418543,193.0,0.7942317724227905,True,-19296.012730521838,,-19296.012730521838,False,True,False,True,False,False,True
123,on_ron_gSYN,on -> ron gSYN,PSTH SSE,7,0.0015182418283075,3799.0,-22754.841796875,3799.0,0.7999359965324402,6.677628267507801,199.0,0.8064333200454712,True,-30307.245571776526,-19296.012730521838,-47024.95744803022,True,True,True,True,False,True,True
123,on_ron_gSYN,on -> ron gSYN,PSTH SSE,7,0.0023050580639392,3762.0,-49240.6328125,3762.0,0.8346617221832275,6.845407872219052,204.0,0.7872264981269836,True,-66912.0495993509,-47024.95744803022,-97105.46755697606,True,True,True,True,False,True,True
123,on_ron_gSYN,on -> ron gSYN,PSTH SSE,7,0.0034996354952454,3646.0,-138821.6875,3646.0,0.8413281440734863,7.248078923526056,216.0,0.7835853099822998,True,-126857.41204647452,-97105.46755697606,-172028.06259011856,True,True,True,True,False,True,True
123,on_ron_gSYN,on -> ron gSYN,PSTH SSE,7,0.0053132930770516,3334.0,-167668.90625,3334.0,0.8732926845550537,8.388980235562565,250.0,0.766323447227478,True,-151738.45110217697,-172028.06259011856,-120933.92610150337,True,True,True,True,False,True,True
123,on_ron_gSYN,on -> ron gSYN,PSTH SSE,7,0.0080668628215789,3001.0,-221094.875,3001.0,0.652522623538971,10.905674306231331,325.0,0.8930360078811646,True,-79271.26190535515,-120933.92610150337,-25703.111263565454,True,True,True,True,False,True,True
123,on_ron_gSYN,on -> ron gSYN,PSTH SSE,7,0.0116072902455925,2910.0,53222.91015625,2910.0,0.3006350100040436,15.50283547531962,462.0,1.1525228023529053,True,48980.656811533496,-25703.111263565454,62484.521265991,True,True,False,True,False,False,True
123,on_ron_gSYN,on -> ron gSYN,PSTH SSE,7,0.0122474487870931,2950.0,24078.044921875,2950.0,0.2330532521009445,16.442401261702628,490.0,1.2180688381195068,True,75235.93964838493,62484.521265991,201665.62263414398,True,True,True,True,False,True,True
123,on_ron_gSYN,on -> ron gSYN,PSTH SSE,7,0.0185945890843868,4230.0,922427.9375,4230.0,2.4472285076626576e-05,25.7709472836482,768.0,1.7057716846466064,True,371387.83029996476,201665.62263414398,629067.122268029,True,True,True,True,False,True,True
123,on_ron_gSYN,on -> ron gSYN,PSTH SSE,7,0.0282310806214809,10292.0,2826718.25,10292.0,0.3364057242870331,42.01201301969732,1252.0,2.280829668045044,True,895504.7639748204,629067.122268029,1300021.585312444,True,True,True,True,False,True,True
123,on_ron_gSYN,on -> ron gSYN,PSTH SSE,7,0.0428616069257259,29312.0,6375561.0,29312.0,1.6919654607772827,68.25274319653703,2034.0,3.0015804767608643,True,1690319.492211518,1300021.585312444,2282885.9925486394,True,True,True,True,False,True,True
123,on_ron_gSYN,on -> ron gSYN,PSTH SSE,7,0.0650742799043655,80021.0,12623548.0,80021.0,4.683027267456055,107.94939767121907,3217.0,3.8648550510406494,True,2942067.561706376,2282885.9925486394,3942864.6494787075,True,True,True,True,False,True,True
123,on_ron_gSYN,on -> ron gSYN,PSTH SSE,7,0.0987984910607338,212991.0,23102994.0,212991.0,10.008180618286133,170.16207509815106,5071.0,4.864395618438721,True,4757601.29947388,3942864.6494787075,5994568.727137699,True,True,True,True,False,True,True
123,on_ron_gSYN,on -> ron gSYN,PSTH SSE,7,0.1500000059604644,519922.0,36203980.0,519922.0,19.04597282409668,263.0113083453575,7838.0,6.064993858337402,True,5994568.727137699,5994568.727137699,,False,True,False,True,False,False,True
123,on_sonoff_gSYN,on -> sonoff gSYN,PSTH SSE,1,0.0010000000474974,4764.0,-499.1965942382813,4764.0,0.1211496740579605,44.595818932250594,1329.0,0.9803125858306884,True,0.0,,0.0,False,True,False,True,False,False,False
123,on_sonoff_gSYN,on -> sonoff gSYN,PSTH SSE,1,0.0015182418283075,4764.0,-1139.9927978515625,4764.0,0.1211496740579605,44.595818932250594,1329.0,0.9803125858306884,True,-4.656612873077393e-10,0.0,0.0,True,True,False,True,False,False,True
123,on_sonoff_gSYN,on -> sonoff gSYN,PSTH SSE,1,0.0023050580639392,4764.0,-3365.05126953125,4764.0,0.1211496740579605,44.595818932250594,1329.0,0.9803125858306884,True,-8642.941724036355,0.0,-21765.018590356703,True,True,False,True,False,False,True
123,on_sonoff_gSYN,on -> sonoff gSYN,PSTH SSE,1,0.0034996354952454,4738.0,-4489.6015625,4738.0,0.120762400329113,44.595818932250594,1329.0,0.9808693528175354,True,-18376.90464771993,-21765.018590356703,-13232.92789154758,True,True,True,True,False,True,True
123,on_sonoff_gSYN,on -> sonoff gSYN,PSTH SSE,1,0.0053132930770516,4714.0,10352.0703125,4714.0,0.121496133506298,44.52870709036609,1327.0,0.9798152446746826,True,-11295.014196007629,-13232.92789154758,-8352.79369469843,True,True,True,True,False,True,False
123,on_sonoff_gSYN,on -> sonoff gSYN,PSTH SSE,1,0.0080668628215789,4691.0,104506.7734375,4691.0,0.1319384127855301,44.22670380188584,1318.0,0.96514493227005,True,26214.927160587744,-8352.79369469843,78697.10196463665,True,True,False,True,False,False,True
123,on_sonoff_gSYN,on -> sonoff gSYN,PSTH SSE,1,0.0122474487870931,5020.0,257950.734375,5020.0,0.1434332132339477,43.253582094560585,1289.0,0.9496524333953856,True,39750.91796981066,78697.10196463665,-19378.805924999775,True,True,False,True,False,False,True
123,on_sonoff_gSYN,on -> sonoff gSYN,PSTH SSE,1,0.0185945890843868,4897.0,669015.875,4897.0,0.1533377319574356,40.736888023891815,1214.0,0.9367945790290833,True,720.2359075660934,-19378.805924999775,31235.43447751183,True,True,False,True,False,False,True
123,on_sonoff_gSYN,on -> sonoff gSYN,PSTH SSE,1,0.0282310806214809,5198.0,1154010.25,5198.0,0.1336457431316375,37.75041106003154,1125.0,0.9628022909164428,True,21193.125843691843,31235.43447751183,5946.4709738266365,True,True,True,True,False,True,True
123,on_sonoff_gSYN,on -> sonoff gSYN,PSTH SSE,1,0.0428616069257259,5285.0,1246950.375,5285.0,0.1384006142616272,36.37461830139928,1084.0,0.95635586977005,True,2709.1250985399383,5946.4709738266365,-2205.9479310355823,True,True,False,True,False,False,True
123,on_sonoff_gSYN,on -> sonoff gSYN,PSTH SSE,1,0.0650742799043655,5236.0,1292460.5,5236.0,0.1310469657182693,35.60283211972752,1061.0,0.9663740992546082,True,-1329.9606328919326,-2205.9479310355823,0.0,True,True,False,True,False,False,False
123,on_sonoff_gSYN,on -> sonoff gSYN,PSTH SSE,1,0.0987984910607338,5236.0,1272544.375,5236.0,0.1310053318738937,35.46860843595852,1057.0,0.9664316177368164,True,-325.7384392485983,0.0,-820.2882294059035,True,True,False,True,False,False,False
123,on_sonoff_gSYN,on -> sonoff gSYN,PSTH SSE,1,0.1500000059604644,5194.0,1220748.625,5194.0,0.1349101066589355,34.93171370088252,1041.0,0.961077094078064,True,-820.2882294059035,-820.2882294059035,,False,True,False,True,False,False,False
123,on_sonoff_gSYN,on -> sonoff gSYN,PSTH SSE,2,0.0010000000474974,1324.0,-208.1768493652344,1324.0,0.3585936427116394,17.885305862219386,533.0,0.6014820337295532,True,0.0,,0.0,False,True,False,True,False,False,False
123,on_sonoff_gSYN,on -> sonoff gSYN,PSTH SSE,2,0.0015182418283075,1324.0,-969.993896484375,1324.0,0.3585936427116394,17.885305862219386,533.0,0.6014820337295532,True,0.0,0.0,0.0,True,True,False,True,False,False,False
123,on_sonoff_gSYN,on -> sonoff gSYN,PSTH SSE,2,0.0023050580639392,1324.0,-5238.40576171875,1324.0,0.3585936427116394,17.885305862219386,533.0,0.6014820337295532,True,997.2625066193868,0.0,2511.348298887312,True,True,False,True,False,False,False
123,on_sonoff_gSYN,on -> sonoff gSYN,PSTH SSE,2,0.0034996354952454,1327.0,-7364.4501953125,1327.0,0.3613949716091156,17.851749941277138,532.0,0.5991475582122803,True,3046.743900418456,2511.348298887312,3859.6039683680447,True,True,True,True,False,True,False
123,on_sonoff_gSYN,on -> sonoff gSYN,PSTH SSE,2,0.0053132930770516,1334.0,6214.16455078125,1334.0,0.3771454393863678,17.818194020334886,531.0,0.5861872434616089,True,4345.9375313895,3859.6039683680447,5084.30920546861,True,True,True,True,False,True,True
123,on_sonoff_gSYN,on -> sonoff gSYN,PSTH SSE,2,0.0080668628215789,1348.0,33039.00390625,1348.0,0.3784619271755218,17.751082178450385,529.0,0.5851163268089294,True,25.72578265683842,5084.30920546861,-7654.429370420587,True,True,False,True,False,False,True
123,on_sonoff_gSYN,on -> sonoff gSYN,PSTH SSE,2,0.0122474487870931,1316.0,88123.5703125,1316.0,0.3690927624702453,17.482634810912383,521.0,0.5927788615226746,True,-2362.5328225697886,-7654.429370420587,5671.8456365853,True,True,False,True,False,False,False
123,on_sonoff_gSYN,on -> sonoff gSYN,PSTH SSE,2,0.0185945890843868,1352.0,227421.828125,1352.0,0.3698541820049286,15.60350323814637,465.0,0.5921525359153748,True,3996.4563613514983,5671.8456365853,1452.8109059307828,True,True,True,True,False,True,True
123,on_sonoff_gSYN,on -> sonoff gSYN,PSTH SSE,2,0.0282310806214809,1366.0,358061.4375,1366.0,0.2859044373035431,13.321700614073352,397.0,0.6656085848808289,True,224.48706869826856,1452.8109059307828,-1640.40578588321,True,True,False,True,False,False,True
123,on_sonoff_gSYN,on -> sonoff gSYN,PSTH SSE,2,0.0428616069257259,1342.0,392744.625,1342.0,0.2430351078510284,12.650582195228347,377.0,0.7073230147361755,True,-273.90478326171433,-1640.40578588321,1800.7738212535364,True,True,False,True,False,False,False
123,on_sonoff_gSYN,on -> sonoff gSYN,PSTH SSE,2,0.0650742799043655,1382.0,394004.25,1382.0,0.2348562330007553,12.449246669574846,371.0,0.7156892418861389,True,1015.0321759678591,1800.7738212535364,-177.91372412478185,True,True,False,True,False,False,True
123,on_sonoff_gSYN,on -> sonoff gSYN,PSTH SSE,2,0.0987984910607338,1376.0,393667.0,1376.0,0.2322939485311508,12.315022985805845,367.0,0.7183400988578796,True,-52.974014227540465,-177.91372412478185,136.71470490098392,True,True,False,True,False,False,False
123,on_sonoff_gSYN,on -> sonoff gSYN,PSTH SSE,2,0.1500000059604644,1383.0,372884.3125,1383.0,0.2418316602706909,12.214355222979094,364.0,0.7085450887680054,True,136.71470490098392,136.71470490098392,,False,True,False,True,False,False,True
123,on_sonoff_gSYN,on -> sonoff gSYN,PSTH SSE,7,0.0010000000474974,3203.0,-1509.2034912109375,3203.0,0.1364053040742874,18.757759806717893,559.0,1.331493854522705,True,0.0,,0.0,False,True,False,True,False,False,False
123,on_sonoff_gSYN,on -> sonoff gSYN,PSTH SSE,7,0.0015182418283075,3203.0,-2417.984619140625,3203.0,0.1364053040742874,18.757759806717893,559.0,1.331493854522705,True,2.3283064365386963e-10,0.0,0.0,True,True,False,True,False,False,False
123,on_sonoff_gSYN,on -> sonoff gSYN,PSTH SSE,7,0.0023050580639392,3203.0,-5287.1728515625,3203.0,0.1364053040742874,18.757759806717893,559.0,1.331493854522705,True,664.8416710791644,0.0,1674.2321992582079,True,True,False,True,False,False,False
123,on_sonoff_gSYN,on -> sonoff gSYN,PSTH SSE,7,0.0034996354952454,3205.0,-11705.2216796875,3205.0,0.1386115700006485,18.690647964833392,557.0,1.328518986701965,True,-523.2675856914138,1674.2321992582079,-3859.6039683680447,True,True,False,True,False,False,True
123,on_sonoff_gSYN,on -> sonoff gSYN,PSTH SSE,7,0.0053132930770516,3198.0,-26731.615234375,3198.0,0.138022094964981,18.657092043891144,556.0,1.329311490058899,True,-12277.692251226457,-3859.6039683680447,-25058.38108409529,True,True,True,True,False,True,True
123,on_sonoff_gSYN,on -> sonoff gSYN,PSTH SSE,7,0.0080668628215789,3129.0,-86758.265625,3129.0,0.1499820947647094,18.48931243917989,551.0,1.313549518585205,True,-20236.950004686252,-25058.38108409529,-12916.849562584739,True,True,True,True,False,True,True
123,on_sonoff_gSYN,on -> sonoff gSYN,PSTH SSE,7,0.0122474487870931,3075.0,-61427.234375,3075.0,0.18995963037014,17.952417704103887,535.0,1.2649811506271362,True,-21363.923888017947,-12916.849562584739,-34188.62508719472,True,True,True,True,False,True,True
123,on_sonoff_gSYN,on -> sonoff gSYN,PSTH SSE,7,0.0185945890843868,2858.0,55389.37890625,2858.0,0.255047857761383,16.71084862924063,498.0,1.195802092552185,True,-19746.86401813339,-34188.62508719472,2179.2163588961744,True,True,False,True,False,False,False
123,on_sonoff_gSYN,on -> sonoff gSYN,PSTH SSE,7,0.0282310806214809,2879.0,101043.21875,2879.0,0.2967762947082519,15.53639139626187,463.0,1.1560529470443726,True,50591.877679036,2179.2163588961744,53502.76554322303,True,True,True,True,False,True,True
123,on_sonoff_gSYN,on -> sonoff gSYN,PSTH SSE,7,0.0288104899227619,2910.0,100332.046875,2910.0,0.3006350100040436,15.50283547531962,462.0,1.1525228023529053,True,51138.70047588103,53502.76554322303,-6191.678567735778,True,True,False,True,False,False,True
123,on_sonoff_gSYN,on -> sonoff gSYN,PSTH SSE,7,0.0428616069257259,2823.0,140167.203125,2823.0,0.3214134871959686,15.066608503070366,449.0,1.1338913440704346,True,-2030.784703256264,-6191.678567735778,4546.95389866518,True,True,False,True,False,False,False
123,on_sonoff_gSYN,on -> sonoff gSYN,PSTH SSE,7,0.0650742799043655,2924.0,142674.515625,2924.0,0.3372837007045746,14.697493372705614,438.0,1.1200634241104126,True,1940.6477292222698,4546.95389866518,-2016.3555400808611,True,True,False,True,False,False,True
123,on_sonoff_gSYN,on -> sonoff gSYN,PSTH SSE,7,0.0987984910607338,2856.0,183280.8125,2856.0,0.3378908634185791,14.294822321398607,426.0,1.1195409297943115,True,-1231.167234076118,-2016.3555400808611,-39.061344257423976,True,True,True,True,False,True,False
123,on_sonoff_gSYN,on -> sonoff gSYN,PSTH SSE,7,0.1500000059604644,2854.0,214475.640625,2854.0,0.299148291349411,14.294822321398607,426.0,1.15388023853302,True,-39.061344257423976,-39.061344257423976,,False,True,False,True,False,False,False
123,output_ad,Output adaptation,PSTH SSE,1,0.0,991948.0,-56916724.0,991948.0,0.0081988610327243,599.7114190798966,17872.0,1.237830638885498,True,-2964815859.1795483,,-2964815859.1795483,False,True,False,True,False,False,True
123,output_ad,Output adaptation,PSTH SSE,1,0.0002500000118743,250744.0,-17960988.0,250744.0,0.0198750253766775,318.51280158383946,9492.0,1.4693570137023926,True,-1760003916.4048722,-2964815859.1795483,-555191973.6297138,True,True,True,True,False,True,True
123,output_ad,Output adaptation,PSTH SSE,1,0.0005000000237487,111946.0,-9058477.0,111946.0,0.0231818575412035,225.260897285326,6713.0,1.480634093284607,True,-417897313.48420507,-555191973.6297138,-143307993.19324294,True,True,True,True,False,True,True
123,output_ad,Output adaptation,PSTH SSE,1,0.0010000000474974,40292.0,-3604315.25,40292.0,0.0072083175182342,147.10915741082513,4384.0,1.413280010223389,True,-104873661.68544206,-143307993.19324294,-28004998.669832572,True,True,True,True,False,True,True
123,output_ad,Output adaptation,PSTH SSE,1,0.0020000000949949,12287.0,-1070158.5,12287.0,0.0050676935352385,91.7418878561122,2734.0,1.257190465927124,True,-18501132.29919267,-28004998.669832572,-4245333.296431481,True,True,True,True,False,True,True
123,output_ad,Output adaptation,PSTH SSE,1,0.0035000001080334,5919.0,-268864.625,5919.0,0.0497149862349033,60.53488137981947,1804.0,1.1054096221923828,True,-2529333.2412913605,-4245333.296431481,-813333.452509566,True,True,True,True,False,True,True
123,output_ad,Output adaptation,PSTH SSE,1,0.0049999998882412,4699.0,-35823.21875,4699.0,0.1070543378591537,46.30717090030536,1380.0,1.0011866092681885,True,-67450.87622527406,-813333.452509566,58990.429092821534,True,True,False,True,False,False,True
123,output_ad,Output adaptation,PSTH SSE,1,0.0052542784251272,4714.0,-5966.9951171875,4714.0,0.1215066462755203,44.52870709036609,1327.0,0.9798001646995544,True,69023.5137001457,58990.429092821534,157633.0879064393,True,True,True,True,False,True,False
123,output_ad,Output adaptation,PSTH SSE,1,0.0074999998323619,5068.0,101095.390625,5068.0,0.2037794888019561,33.79081238884601,1007.0,0.8769587874412537,True,209670.50092013902,157633.0879064393,267600.00598133105,True,True,True,True,False,True,True
123,output_ad,Output adaptation,PSTH SSE,1,0.0099999997764825,5737.0,133844.453125,5737.0,0.3202682733535766,26.978960437569206,804.0,0.7624557018280029,True,249466.67224268435,267600.00598133105,213200.0047653911,True,True,True,True,False,True,True
123,output_ad,Output adaptation,PSTH SSE,1,0.0149999996647238,6803.0,146376.265625,6803.0,0.505518913269043,19.73088151404315,588.0,0.6173796653747559,True,185266.6685249242,213200.0047653911,129399.99084100139,True,True,True,True,False,True,True
123,output_ad,Output adaptation,PSTH SSE,1,0.025000000372529,8097.0,120945.953125,8097.0,0.8214634656906128,13.556592060669104,404.0,0.4220320284366607,True,129399.99084100139,129399.99084100139,,False,True,False,True,False,False,True
123,output_ad,Output adaptation,PSTH SSE,2,0.0,19395.0,-2618999.5,19395.0,0.2437136471271515,96.70816415556524,2882.0,0.7066352963447571,True,-41331998.036845826,,-41331998.036845826,False,True,False,True,False,False,True
123,output_ad,Output adaptation,PSTH SSE,2,0.0002500000118743,9062.0,-1571246.625,9062.0,0.2838834822177887,69.56142411328479,2073.0,0.6675017476081848,True,-28627998.640249588,-41331998.036845826,-15923999.243648255,True,True,True,True,False,True,True
123,output_ad,Output adaptation,PSTH SSE,2,0.0005000000237487,5081.0,-921187.5,5081.0,0.3120366334915161,54.49481561021442,1624.0,0.6417065262794495,True,-12351999.413309542,-15923999.243648255,-5207999.752633553,True,True,True,True,False,True,True
123,output_ad,Output adaptation,PSTH SSE,2,0.0010000000474974,2477.0,-397951.6875,2477.0,0.3176913261413574,38.253749874165294,1140.0,0.636667788028717,True,-3804333.1526374607,-5207999.752633553,-996999.9526449946,True,True,True,True,False,True,True
123,output_ad,Output adaptation,PSTH SSE,2,0.0020000000949949,1480.0,-125646.7734375,1480.0,0.3467825949192047,25.200496627629946,751.0,0.6114264130592346,True,-629666.6294274864,-996999.9526449946,-78666.66598286979,True,True,True,True,False,True,True
123,output_ad,Output adaptation,PSTH SSE,2,0.0035000001080334,1362.0,-21064.970703125,1362.0,0.3593056499958038,18.55642428106439,553.0,0.6008878350257874,True,-124367.56472343812,-78666.66598286979,-133068.04634304182,True,True,True,True,False,True,True
123,output_ad,Output adaptation,PSTH SSE,2,0.0037855682894587,1324.0,-13771.109375,1324.0,0.3585936427116394,17.885305862219386,533.0,0.6014820337295532,True,-90020.40890025467,-133068.04634304182,93047.64476919534,True,True,False,True,False,False,True
123,output_ad,Output adaptation,PSTH SSE,2,0.0049999998882412,1437.0,60.27435302734375,1437.0,0.3765294253826141,15.50283547531962,462.0,0.5866889953613281,True,63148.88149525583,93047.64476919534,1600.0000357627528,True,True,True,True,False,True,True
123,output_ad,Output adaptation,PSTH SSE,2,0.0074999998323619,1441.0,6520.4599609375,1441.0,0.4338361322879791,12.147243381094594,362.0,0.5416465401649475,True,21000.000469387276,1600.0000357627528,40400.00090301112,True,True,True,True,False,True,True
123,output_ad,Output adaptation,PSTH SSE,2,0.0099999997764825,1542.0,9334.4765625,1542.0,0.5356656908988953,10.43589141303983,311.0,0.4684170186519623,True,31933.33404709953,40400.00090301112,15000.000335276109,True,True,True,True,False,True,True
123,output_ad,Output adaptation,PSTH SSE,2,0.0149999996647238,1617.0,14103.07421875,1617.0,0.6768861413002014,8.254756551793564,246.0,0.3775779902935028,True,15633.333118798,15000.000335276109,16899.9988038093,True,True,True,True,False,True,True
123,output_ad,Output adaptation,PSTH SSE,2,0.025000000372529,1786.0,8945.1376953125,1786.0,0.8441489934921265,6.342069058085299,189.0,0.2815330922603607,True,16899.9988038093,16899.9988038093,,False,True,False,True,False,False,True
123,output_ad,Output adaptation,PSTH SSE,7,0.0,19677.0,-1804717.625,19677.0,0.0441649779677391,77.54773329754035,2311.0,1.490670084953308,True,-39771998.110941455,,-39771998.110941455,False,True,False,True,False,False,True
123,output_ad,Output adaptation,PSTH SSE,7,0.0002500000118743,9734.0,-743669.375,9734.0,0.0289029031991958,53.55524982383141,1596.0,1.5308161973953247,True,-26251998.753103726,-39771998.110941455,-12731999.395260587,True,True,True,True,False,True,True
123,output_ad,Output adaptation,PSTH SSE,7,0.0005000000237487,6551.0,-444673.375,6551.0,0.0145144686102867,42.78379920136908,1275.0,1.5803487300872805,True,-9989999.525498934,-12731999.395260587,-4505999.785976727,True,True,True,True,False,True,True
123,output_ad,Output adaptation,PSTH SSE,7,0.0010000000474974,4298.0,-223515.625,4298.0,0.0193128306418657,32.34790778832925,964.0,1.561854124069214,True,-3444666.5030539916,-4505999.785976727,-1321999.937208308,True,True,True,True,False,True,True
123,output_ad,Output adaptation,PSTH SSE,7,0.0020000000949949,2976.0,-71123.9609375,2976.0,0.0794347077608108,23.08647360826818,688.0,1.4189831018447876,True,-805999.950199644,-1321999.937208308,-31999.999721845335,True,True,True,True,False,True,True
123,output_ad,Output adaptation,PSTH SSE,7,0.0035000001080334,2928.0,-19592.587890625,2928.0,0.2103767693042755,17.314855206201134,516.0,1.2421562671661377,True,-25800.639723119326,-31999.999721845335,-22493.33467404057,True,True,True,True,False,True,True
123,output_ad,Output adaptation,PSTH SSE,7,0.0043002371676266,2910.0,-16210.6953125,2910.0,0.3006350100040436,15.50283547531962,462.0,1.1525228023529053,True,-15830.05642014416,-22493.33467404057,-10003.390854905672,True,True,True,True,False,True,True
123,output_ad,Output adaptation,PSTH SSE,7,0.0049999998882412,2903.0,-2156.880126953125,2903.0,0.3464066386222839,14.32837824234086,427.0,1.1122615337371826,True,-2567.118804991187,-10003.390854905672,24000.00053644129,True,True,False,True,False,False,True
123,output_ad,Output adaptation,PSTH SSE,7,0.0074999998323619,2963.0,4931.64794921875,2963.0,0.5195101499557495,11.241233515653835,335.0,0.9800541996955872,True,19000.00042468286,24000.00053644129,14000.000312924645,True,True,True,True,False,True,True
123,output_ad,Output adaptation,PSTH SSE,7,0.0099999997764825,2998.0,11078.19921875,2998.0,0.6925086379051208,9.19432233817657,274.0,0.8686537146568298,True,19533.333769937308,14000.000312924645,30600.000683963262,True,True,True,True,False,True,True
123,output_ad,Output adaptation,PSTH SSE,7,0.0149999996647238,3151.0,14636.91015625,3151.0,1.012195348739624,7.281634844468306,217.0,0.6947456002235413,True,27833.333434950982,30600.000683963262,22299.99842159452,True,True,True,True,False,True,True
123,output_ad,Output adaptation,PSTH SSE,7,0.025000000372529,3374.0,10234.517578125,3374.0,1.3946900367736816,5.771618402067045,172.0,0.5198547840118408,True,22299.99842159452,22299.99842159452,,False,True,False,True,False,False,True
123,rel_ref_a,Relative refractory a,CV squared error,1,0.0010000000474974,0.1215066462755203,-970617.5625,4714.0,0.1215066462755203,44.52870709036609,1327.0,0.9798001646995544,True,0.0,,0.0,False,True,False,False,False,False,False
123,rel_ref_a,Relative refractory a,CV squared error,1,0.050000000745058,0.1215066462755203,-15474.455078125,4714.0,0.1215066462755203,44.52870709036609,1327.0,0.9798001646995544,True,0.0,0.0,0.0,True,True,False,True,False,False,False
123,rel_ref_a,Relative refractory a,CV squared error,1,0.1000000014901161,0.1215066462755203,-5117.2060546875,4714.0,0.1215066462755203,44.52870709036609,1327.0,0.9798001646995544,True,-5.551115123125783e-17,0.0,0.0,True,True,False,True,False,False,True
123,rel_ref_a,Relative refractory a,CV squared error,1,0.25,0.1215066462755203,-414.52239990234375,4714.0,0.1215066462755203,44.52870709036609,1327.0,0.9798001646995544,True,0.0,0.0,0.0,True,True,False,True,False,False,False
123,rel_ref_a,Relative refractory a,CV squared error,1,0.5,0.1215066462755203,-19.071495056152344,4714.0,0.1215066462755203,44.52870709036609,1327.0,0.9798001646995544,True,0.0,0.0,0.0,True,True,False,True,False,False,False
123,rel_ref_a,Relative refractory a,CV squared error,1,1.0,0.1215066462755203,-0.2222911566495895,4714.0,0.1215066462755203,44.52870709036609,1327.0,0.9798001646995544,True,0.0,0.0,0.0,True,True,False,True,False,False,False
123,rel_ref_a,Relative refractory a,CV squared error,1,2.0,0.1215066462755203,-0.0016636562068015,4714.0,0.1215066462755203,44.52870709036609,1327.0,0.9798001646995544,True,0.0,0.0,0.0,True,True,False,True,False,False,False
123,rel_ref_a,Relative refractory a,CV squared error,1,4.0,0.1215066462755203,-2.024875720962882e-05,4714.0,0.1215066462755203,44.52870709036609,1327.0,0.9798001646995544,True,0.0,0.0,0.0,True,False,False,True,False,False,False
123,rel_ref_a,Relative refractory a,CV squared error,1,6.0,0.1215066462755203,-3.681181794945587e-07,4714.0,0.1215066462755203,44.52870709036609,1327.0,0.9798001646995544,True,0.0,0.0,0.0,True,False,False,True,False,False,False
123,rel_ref_a,Relative refractory a,CV squared error,1,8.0,0.1215066462755203,-7.147924030448394e-09,4714.0,0.1215066462755203,44.52870709036609,1327.0,0.9798001646995544,True,1.3877787807814457e-17,0.0,0.0,True,False,False,True,False,False,False
123,rel_ref_a,Relative refractory a,CV squared error,1,8.795970916748047,0.1215066462755203,-1.7869810076120982e-09,4714.0,0.1215066462755203,44.52870709036609,1327.0,0.9798001646995544,True,6.938893903907228e-18,0.0,0.0,True,False,False,True,False,False,False
123,rel_ref_a,Relative refractory a,CV squared error,1,10.0,0.1215066462755203,0.0,4714.0,0.1215066462755203,44.52870709036609,1327.0,0.9798001646995544,True,6.938893903907228e-18,0.0,0.0,True,False,False,True,False,False,False
123,rel_ref_a,Relative refractory a,CV squared error,1,15.0,0.1215066462755203,0.0,4714.0,0.1215066462755203,44.52870709036609,1327.0,0.9798001646995544,True,0.0,0.0,,False,False,False,False,False,False,False
123,rel_ref_a,Relative refractory a,CV squared error,2,0.0010000000474974,1.085072040557861,-673.7594604492188,2030.0,1.085072040557861,1.9797993355927648,59.0,0.1586410254240036,True,-13.330834670927542,,-13.330834670927542,False,True,False,False,False,False,True
123,rel_ref_a,Relative refractory a,CV squared error,2,0.050000000745058,0.4318611323833465,-49979.55859375,1332.0,0.4318611323833465,17.482634810912383,521.0,0.5431475043296814,True,-7.413754591537829,-13.330834670927542,-1.3759177718174764,True,True,True,True,False,True,True
123,rel_ref_a,Relative refractory a,CV squared error,2,0.1000000014901161,0.363065242767334,-12931.9736328125,1316.0,0.363065242767334,17.885305862219386,533.0,0.5977599620819092,True,-1.0393909894283349,-1.3759177718174764,-0.02981066733410624,True,True,True,True,False,True,True
123,rel_ref_a,Relative refractory a,CV squared error,2,0.25,0.3585936427116394,-26.304059982299805,1324.0,0.3585936427116394,17.885305862219386,533.0,0.6014820337295532,True,-0.01863166715322473,-0.02981066733410624,0.0,True,True,False,True,False,False,True
123,rel_ref_a,Relative refractory a,CV squared error,2,0.5,0.3585936427116394,-6.381001282917963e-10,1324.0,0.3585936427116394,17.885305862219386,533.0,0.6014820337295532,True,0.0,0.0,0.0,True,False,False,True,False,False,False
123,rel_ref_a,Relative refractory a,CV squared error,2,1.0,0.3585936427116394,0.0,1324.0,0.3585936427116394,17.885305862219386,533.0,0.6014820337295532,True,0.0,0.0,0.0,True,False,False,True,False,False,False
123,rel_ref_a,Relative refractory a,CV squared error,2,2.0,0.3585936427116394,0.0,1324.0,0.3585936427116394,17.885305862219386,533.0,0.6014820337295532,True,2.7755575615628914e-17,0.0,0.0,True,False,False,True,False,False,False
123,rel_ref_a,Relative refractory a,CV squared error,2,3.2449843883514404,0.3585936427116394,0.0,1324.0,0.3585936427116394,17.885305862219386,533.0,0.6014820337295532,True,-5.551115123125783e-17,0.0,0.0,True,False,False,True,False,False,False
123,rel_ref_a,Relative refractory a,CV squared error,2,4.0,0.3585936427116394,0.0,1324.0,0.3585936427116394,17.885305862219386,533.0,0.6014820337295532,True,-6.245004513516506e-17,0.0,0.0,True,False,False,True,False,False,False
123,rel_ref_a,Relative refractory a,CV squared error,2,6.0,0.3585936427116394,0.0,1324.0,0.3585936427116394,17.885305862219386,533.0,0.6014820337295532,True,0.0,0.0,0.0,True,False,False,True,False,False,False
123,rel_ref_a,Relative refractory a,CV squared error,2,8.0,0.3585936427116394,0.0,1324.0,0.3585936427116394,17.885305862219386,533.0,0.6014820337295532,True,0.0,0.0,0.0,True,False,False,True,False,False,False
123,rel_ref_a,Relative refractory a,CV squared error,2,10.0,0.3585936427116394,0.0,1324.0,0.3585936427116394,17.885305862219386,533.0,0.6014820337295532,True,-1.0408340855860843e-17,0.0,0.0,True,False,False,True,False,False,False
123,rel_ref_a,Relative refractory a,CV squared error,2,15.0,0.3585936427116394,0.0,1324.0,0.3585936427116394,17.885305862219386,533.0,0.6014820337295532,True,0.0,0.0,,False,False,False,False,False,False,False
123,rel_ref_a,Relative refractory a,CV squared error,7,0.0010000000474974,0.3641921281814575,-1310878.375,2745.0,0.3641921281814575,14.798161135532364,441.0,1.0973414182662964,True,-0.91110381464233,,-0.91110381464233,False,True,False,False,False,False,True
123,rel_ref_a,Relative refractory a,CV squared error,7,0.050000000745058,0.3195480406284332,-12346.6357421875,2827.0,0.3195480406284332,15.335055870608368,457.0,1.135538935661316,True,-0.5182762902280227,-0.91110381464233,-0.11743187729370766,True,True,True,True,False,True,True
123,rel_ref_a,Relative refractory a,CV squared error,7,0.1000000014901161,0.3136764466762543,-8366.8427734375,2913.0,0.3136764466762543,15.402167712492869,459.0,1.1407564878463743,True,-0.10980963583124903,-0.11743187729370766,-0.08694291201177153,True,True,True,True,False,True,True
123,rel_ref_a,Relative refractory a,CV squared error,7,0.25,0.3006350100040436,-1257.4254150390625,2910.0,0.3006350100040436,15.50283547531962,462.0,1.1525228023529053,True,-0.05433932020978688,-0.08694291201177153,0.0,True,True,False,True,False,False,True
123,rel_ref_a,Relative refractory a,CV squared error,7,0.5,0.3006350100040436,-79.97236633300781,2910.0,0.3006350100040436,15.50283547531962,462.0,1.1525228023529053,True,2.7755575615628914e-17,0.0,0.0,True,True,False,True,False,False,False
123,rel_ref_a,Relative refractory a,CV squared error,7,1.0,0.3006350100040436,-0.971423089504242,2910.0,0.3006350100040436,15.50283547531962,462.0,1.1525228023529053,True,1.3877787807814457e-17,0.0,0.0,True,True,False,True,False,False,False
123,rel_ref_a,Relative refractory a,CV squared error,7,2.0,0.3006350100040436,-0.0062468526884913,2910.0,0.3006350100040436,15.50283547531962,462.0,1.1525228023529053,True,6.938893903907228e-18,0.0,0.0,True,True,False,True,False,False,False
123,rel_ref_a,Relative refractory a,CV squared error,7,4.0,0.3006350100040436,-9.193633013637736e-05,2910.0,0.3006350100040436,15.50283547531962,462.0,1.1525228023529053,True,0.0,0.0,0.0,True,False,False,True,False,False,False
123,rel_ref_a,Relative refractory a,CV squared error,7,6.0,0.3006350100040436,-1.6835917904245434e-06,2910.0,0.3006350100040436,15.50283547531962,462.0,1.1525228023529053,True,0.0,0.0,0.0,True,False,False,True,False,False,False
123,rel_ref_a,Relative refractory a,CV squared error,7,8.0,0.3006350100040436,-3.0686177154848344e-08,2910.0,0.3006350100040436,15.50283547531962,462.0,1.1525228023529053,True,0.0,0.0,0.0,True,False,False,True,False,False,False
123,rel_ref_a,Relative refractory a,CV squared error,7,8.140619277954102,0.3006350100040436,-2.322195236104108e-08,2910.0,0.3006350100040436,15.50283547531962,462.0,1.1525228023529053,True,2.740863092043355e-16,0.0,0.0,True,False,False,True,False,False,False
123,rel_ref_a,Relative refractory a,CV squared error,7,10.0,0.3006350100040436,-8.293558062533181e-10,2910.0,0.3006350100040436,15.50283547531962,462.0,1.1525228023529053,True,1.0408340855860843e-17,0.0,0.0,True,False,False,True,False,False,False
123,rel_ref_a,Relative refractory a,CV squared error,7,15.0,0.3006350100040436,0.0,2910.0,0.3006350100040436,15.50283547531962,462.0,1.1525228023529053,True,0.0,0.0,,False,False,False,False,False,False,False
123,rel_ref_b,Relative refractory b,CV squared error,1,0.0,0.1215066462755203,1.7869810076120982e-09,4714.0,0.1215066462755203,44.52870709036609,1327.0,0.9798001646995544,True,0.0,,0.0,False,True,False,False,False,False,False
123,rel_ref_b,Relative refractory b,CV squared error,1,0.25,0.1215066462755203,1.7869810076120982e-09,4714.0,0.1215066462755203,44.52870709036609,1327.0,0.9798001646995544,True,0.0,0.0,0.0,True,True,False,True,False,False,False
123,rel_ref_b,Relative refractory b,CV squared error,1,0.5,0.1215066462755203,3.573962015224197e-09,4714.0,0.1215066462755203,44.52870709036609,1327.0,0.9798001646995544,True,0.0,0.0,0.0,True,True,False,True,False,False,False
123,rel_ref_b,Relative refractory b,CV squared error,1,1.0,0.1215066462755203,1.0721881160691282e-08,4714.0,0.1215066462755203,44.52870709036609,1327.0,0.9798001646995544,True,0.0,0.0,0.0,True,True,False,True,False,False,False
123,rel_ref_b,Relative refractory b,CV squared error,1,2.0,0.1215066462755203,7.505308019517544e-08,4714.0,0.1215066462755203,44.52870709036609,1327.0,0.9798001646995544,True,0.0,0.0,0.0,True,True,False,True,False,False,False
123,rel_ref_b,Relative refractory b,CV squared error,1,4.0,0.1215066462755203,4.0939739847090095e-06,4714.0,0.1215066462755203,44.52870709036609,1327.0,0.9798001646995544,True,0.0,0.0,0.0,True,True,False,True,False,False,False
123,rel_ref_b,Relative refractory b,CV squared error,1,6.0,0.1215066462755203,0.0002218644804088,4714.0,0.1215066462755203,44.52870709036609,1327.0,0.9798001646995544,True,0.0,0.0,0.0,True,True,False,True,False,False,False
123,rel_ref_b,Relative refractory b,CV squared error,1,8.0,0.1215066462755203,0.0084252841770648,4714.0,0.1215066462755203,44.52870709036609,1327.0,0.9798001646995544,True,0.0,0.0,0.0,True,True,False,True,False,False,False
123,rel_ref_b,Relative refractory b,CV squared error,1,10.0,0.1215066462755203,0.0045418497174978,4714.0,0.1215066462755203,44.52870709036609,1327.0,0.9798001646995544,True,-8.673617379884035e-19,0.0,0.0,True,True,False,True,False,False,False
123,rel_ref_b,Relative refractory b,CV squared error,1,15.0,0.1215066462755203,0.0034604929387569,4714.0,0.1215066462755203,44.52870709036609,1327.0,0.9798001646995544,True,0.0,0.0,0.0,True,True,False,True,False,False,False
123,rel_ref_b,Relative refractory b,CV squared error,1,25.0,0.1215066462755203,0.4691202342510223,4714.0,0.1215066462755203,44.52870709036609,1327.0,0.9798001646995544,True,0.0,0.0,,False,True,False,False,False,False,False
123,rel_ref_b,Relative refractory b,CV squared error,2,0.0,0.3585936427116394,0.0,1324.0,0.3585936427116394,17.885305862219386,533.0,0.6014820337295532,True,0.0,,0.0,False,False,False,False,False,False,False
123,rel_ref_b,Relative refractory b,CV squared error,2,0.25,0.3585936427116394,0.0,1324.0,0.3585936427116394,17.885305862219386,533.0,0.6014820337295532,True,0.0,0.0,0.0,True,False,False,True,False,False,False
123,rel_ref_b,Relative refractory b,CV squared error,2,0.5,0.3585936427116394,0.0,1324.0,0.3585936427116394,17.885305862219386,533.0,0.6014820337295532,True,0.0,0.0,0.0,True,False,False,True,False,False,False
123,rel_ref_b,Relative refractory b,CV squared error,2,1.0,0.3585936427116394,0.0,1324.0,0.3585936427116394,17.885305862219386,533.0,0.6014820337295532,True,0.0,0.0,0.0,True,False,False,True,False,False,False
123,rel_ref_b,Relative refractory b,CV squared error,2,2.0,0.3585936427116394,0.0,1324.0,0.3585936427116394,17.885305862219386,533.0,0.6014820337295532,True,0.0,0.0,0.0,True,False,False,True,False,False,False
123,rel_ref_b,Relative refractory b,CV squared error,2,4.0,0.3585936427116394,0.0,1324.0,0.3585936427116394,17.885305862219386,533.0,0.6014820337295532,True,0.0,0.0,0.0,True,False,False,True,False,False,False
123,rel_ref_b,Relative refractory b,CV squared error,2,6.0,0.3585936427116394,0.0,1324.0,0.3585936427116394,17.885305862219386,533.0,0.6014820337295532,True,0.0,0.0,0.0,True,False,False,True,False,False,False
123,rel_ref_b,Relative refractory b,CV squared error,2,8.0,0.3585936427116394,0.0,1324.0,0.3585936427116394,17.885305862219386,533.0,0.6014820337295532,True,-1.1102230246251565e-16,0.0,0.0,True,False,False,True,False,False,False
123,rel_ref_b,Relative refractory b,CV squared error,2,8.554961204528809,0.3585936427116394,0.0,1324.0,0.3585936427116394,17.885305862219386,533.0,0.6014820337295532,True,-6.938893903907228e-17,0.0,0.0,True,False,False,True,False,False,False
123,rel_ref_b,Relative refractory b,CV squared error,2,10.0,0.3585936427116394,0.0,1324.0,0.3585936427116394,17.885305862219386,533.0,0.6014820337295532,True,2.7755575615628914e-17,0.0,0.0,True,False,False,True,False,False,False
123,rel_ref_b,Relative refractory b,CV squared error,2,15.0,0.3585936427116394,0.0,1324.0,0.3585936427116394,17.885305862219386,533.0,0.6014820337295532,True,1.734723475976807e-18,0.0,0.0,True,False,False,True,False,False,False
123,rel_ref_b,Relative refractory b,CV squared error,2,25.0,0.3585936427116394,0.0,1324.0,0.3585936427116394,17.885305862219386,533.0,0.6014820337295532,True,0.0,0.0,,False,False,False,False,False,False,False
123,rel_ref_b,Relative refractory b,CV squared error,7,0.0,0.3006350100040436,2.488067973871466e-09,2910.0,0.3006350100040436,15.50283547531962,462.0,1.1525228023529053,True,0.0,,0.0,False,True,False,False,False,False,False
123,rel_ref_b,Relative refractory b,CV squared error,7,0.25,0.3006350100040436,4.146776255709028e-09,2910.0,0.3006350100040436,15.50283547531962,462.0,1.1525228023529053,True,0.0,0.0,0.0,True,True,False,True,False,False,False
123,rel_ref_b,Relative refractory b,CV squared error,7,0.5,0.3006350100040436,6.6348464500265444e-09,2910.0,0.3006350100040436,15.50283547531962,462.0,1.1525228023529053,True,2.7755575615628914e-17,0.0,0.0,True,True,False,True,False,False,True
123,rel_ref_b,Relative refractory b,CV squared error,7,1.0,0.3006350100040436,1.7416473596654214e-08,2910.0,0.3006350100040436,15.50283547531962,462.0,1.1525228023529053,True,0.0,0.0,0.0,True,True,False,True,False,False,False
123,rel_ref_b,Relative refractory b,CV squared error,7,1.1436665058135986,0.3006350100040436,2.322195236104108e-08,2910.0,0.3006350100040436,15.50283547531962,462.0,1.1525228023529053,True,-1.6653345369377348e-16,0.0,0.0,True,True,False,True,False,False,False
123,rel_ref_b,Relative refractory b,CV squared error,7,2.0,0.3006350100040436,1.2937952931224572e-07,2910.0,0.3006350100040436,15.50283547531962,462.0,1.1525228023529053,True,0.0,0.0,0.0,True,True,False,True,False,False,False
123,rel_ref_b,Relative refractory b,CV squared error,7,4.0,0.3006350100040436,7.043720415822463e-06,2910.0,0.3006350100040436,15.50283547531962,462.0,1.1525228023529053,True,0.0,0.0,0.0,True,True,False,True,False,False,False
123,rel_ref_b,Relative refractory b,CV squared error,7,6.0,0.3006350100040436,0.0003743223205674,2910.0,0.3006350100040436,15.50283547531962,462.0,1.1525228023529053,True,0.0,0.0,0.0,True,True,False,True,False,False,False
123,rel_ref_b,Relative refractory b,CV squared error,7,8.0,0.3006350100040436,0.0068213790655136,2910.0,0.3006350100040436,15.50283547531962,462.0,1.1525228023529053,True,0.0,0.0,0.0,True,True,False,True,False,False,False
123,rel_ref_b,Relative refractory b,CV squared error,7,10.0,0.3006350100040436,0.0006445676553994,2910.0,0.3006350100040436,15.50283547531962,462.0,1.1525228023529053,True,3.469446951953614e-18,0.0,0.0,True,True,False,True,False,False,True
123,rel_ref_b,Relative refractory b,CV squared error,7,15.0,0.3006350100040436,0.0180645305663347,2910.0,0.3006350100040436,15.50283547531962,462.0,1.1525228023529053,True,3.469446951953614e-18,0.0,0.0,True,True,False,True,False,False,True
123,rel_ref_b,Relative refractory b,CV squared error,7,25.0,0.3006350100040436,0.7234343886375427,2910.0,0.3006350100040436,15.50283547531962,462.0,1.1525228023529053,True,0.0,0.0,,False,True,False,False,False,False,False
123,rel_ref_c,Relative refractory c,CV squared error,1,0.2000000029802322,0.145546942949295,-13853.8173828125,4612.0,0.145546942949295,43.65625314586759,1301.0,0.946872055530548,True,-0.13396516741734332,,-0.13396516741734332,False,True,False,False,False,False,True
123,rel_ref_c,Relative refractory c,CV squared error,1,0.2800000011920929,0.1348297297954559,-12976.443359375,4675.0,0.1348297297954559,43.95825643434784,1310.0,0.9611865282058716,True,-0.1137224914558479,-0.13396516741734332,-0.09347981172385994,True,True,True,True,False,True,True
123,rel_ref_c,Relative refractory c,CV squared error,1,0.3600000143051147,0.1273513436317443,-12140.6494140625,4677.0,0.1273513436317443,44.29381564377034,1320.0,0.9715149998664856,True,-0.056092894069352583,-0.09347981172385994,-0.018705990342555056,True,True,True,True,False,True,True
123,rel_ref_c,Relative refractory c,CV squared error,1,0.4399999976158142,0.1258548647165298,-11805.4873046875,4718.0,0.1258548647165298,44.46159524848159,1325.0,0.9736179113388062,True,-0.03652936609701973,-0.018705990342555056,-0.05435274185148422,True,True,True,True,False,True,True
123,rel_ref_c,Relative refractory c,CV squared error,1,0.5199999809265137,0.1215066462755203,-11586.75390625,4714.0,0.1215066462755203,44.52870709036609,1327.0,0.9798001646995544,True,-0.027176381049727416,-0.05435274185148422,0.0,True,True,False,True,False,False,True
123,rel_ref_c,Relative refractory c,CV squared error,1,0.6000000238418579,0.1215066462755203,-11586.75390625,4714.0,0.1215066462755203,44.52870709036609,1327.0,0.9798001646995544,True,-1.1102230246251565e-16,0.0,0.0,True,True,False,True,False,False,True
123,rel_ref_c,Relative refractory c,CV squared error,1,0.6800000071525574,0.1215066462755203,-11586.75390625,4714.0,0.1215066462755203,44.52870709036609,1327.0,0.9798001646995544,True,0.0,0.0,0.0,True,True,False,True,False,False,False
123,rel_ref_c,Relative refractory c,CV squared error,1,0.7599999904632568,0.1215066462755203,-11586.75390625,4714.0,0.1215066462755203,44.52870709036609,1327.0,0.9798001646995544,True,0.0,0.0,0.0,True,True,False,True,False,False,False
123,rel_ref_c,Relative refractory c,CV squared error,1,0.8399999737739563,0.1215066462755203,-11586.75390625,4714.0,0.1215066462755203,44.52870709036609,1327.0,0.9798001646995544,True,1.1102230246251565e-16,0.0,0.0,True,True,False,True,False,False,False
123,rel_ref_c,Relative refractory c,CV squared error,1,0.9200000166893004,0.1215066462755203,-11586.75390625,4714.0,0.1215066462755203,44.52870709036609,1327.0,0.9798001646995544,True,0.0,0.0,0.0,True,True,False,True,False,False,False
123,rel_ref_c,Relative refractory c,CV squared error,1,1.0,0.1215066462755203,-11586.75390625,4714.0,0.1215066462755203,44.52870709036609,1327.0,0.9798001646995544,True,0.0,0.0,,False,True,False,False,False,False,False
123,rel_ref_c,Relative refractory c,CV squared error,2,0.2000000029802322,0.3589069545269012,-14744.9892578125,1302.0,0.3589069545269012,17.851749941277138,532.0,0.6012204885482788,True,0.000424683103517759,,0.000424683103517759,False,True,False,False,False,False,False
123,rel_ref_c,Relative refractory c,CV squared error,2,0.2800000011920929,0.3589409291744232,-14364.6376953125,1314.0,0.3589409291744232,17.851749941277138,532.0,0.6011921167373657,True,-0.0010587271515789531,0.000424683103517759,-0.002542137682981575,True,True,False,True,False,False,True
123,rel_ref_c,Relative refractory c,CV squared error,2,0.3600000143051147,0.3587375581264496,-13966.140625,1313.0,0.3587375581264496,17.885305862219386,533.0,0.601361870765686,True,-0.0021548940770519387,-0.002542137682981575,-0.0017676506153815254,True,True,True,True,False,True,True
123,rel_ref_c,Relative refractory c,CV squared error,2,0.4399999976158142,0.3585961461067199,-13767.1103515625,1325.0,0.3585961461067199,17.885305862219386,533.0,0.6014799475669861,True,-0.0008994715302081957,-0.0017676506153815254,-3.1292445034498936e-05,True,True,True,True,False,True,True
123,rel_ref_c,Relative refractory c,CV squared error,2,0.5199999809265137,0.3585936427116394,-13681.6064453125,1324.0,0.3585936427116394,17.885305862219386,533.0,0.6014820337295532,True,-1.5646228345378432e-05,-3.1292445034498936e-05,0.0,True,True,False,True,False,False,True
123,rel_ref_c,Relative refractory c,CV squared error,2,0.6000000238418579,0.3585936427116394,-13681.6064453125,1324.0,0.3585936427116394,17.885305862219386,533.0,0.6014820337295532,True,-4.440892098500626e-16,0.0,0.0,True,True,False,True,False,False,True
123,rel_ref_c,Relative refractory c,CV squared error,2,0.6800000071525574,0.3585936427116394,-13681.6064453125,1324.0,0.3585936427116394,17.885305862219386,533.0,0.6014820337295532,True,0.0,0.0,0.0,True,True,False,True,False,False,False
123,rel_ref_c,Relative refractory c,CV squared error,2,0.7599999904632568,0.3585936427116394,-13681.6064453125,1324.0,0.3585936427116394,17.885305862219386,533.0,0.6014820337295532,True,0.0,0.0,0.0,True,True,False,True,False,False,False
123,rel_ref_c,Relative refractory c,CV squared error,2,0.8399999737739563,0.3585936427116394,-13681.6064453125,1324.0,0.3585936427116394,17.885305862219386,533.0,0.6014820337295532,True,4.440892098500626e-16,0.0,0.0,True,True,False,True,False,False,False
123,rel_ref_c,Relative refractory c,CV squared error,2,0.9200000166893004,0.3585936427116394,-13681.6064453125,1324.0,0.3585936427116394,17.885305862219386,533.0,0.6014820337295532,True,0.0,0.0,0.0,True,True,False,True,False,False,False
123,rel_ref_c,Relative refractory c,CV squared error,2,1.0,0.3585936427116394,-13681.6064453125,1324.0,0.3585936427116394,17.885305862219386,533.0,0.6014820337295532,True,0.0,0.0,,False,True,False,False,False,False,False
123,rel_ref_c,Relative refractory c,CV squared error,7,0.2000000029802322,0.3563764095306396,-7296.76171875,2697.0,0.3563764095306396,14.865272977416865,443.0,1.1038520336151123,True,-0.3668427549341929,,-0.3668427549341929,False,True,False,False,False,False,True
123,rel_ref_c,Relative refractory c,CV squared error,7,0.2800000011920929,0.3270289897918701,-6977.42138671875,2752.0,0.3270289897918701,15.167276265897115,452.0,1.1289602518081665,True,-0.23296364496516708,-0.3668427549341929,-0.09908451005921355,True,True,True,True,False,True,True
123,rel_ref_c,Relative refractory c,CV squared error,7,0.3600000143051147,0.3191022276878357,-6921.0166015625,2833.0,0.3191022276878357,15.267944028723868,455.0,1.1359333992004397,True,-0.13647230177228242,-0.09908451005921355,-0.17386007955731608,True,True,True,True,False,True,True
123,rel_ref_c,Relative refractory c,CV squared error,7,0.4399999976158142,0.3051934242248535,-6503.701171875,2880.0,0.3051934242248535,15.43572363343512,460.0,1.148381590843201,True,-0.11542013460221745,-0.17386007955731608,-0.056980189647118075,True,True,True,True,False,True,True
123,rel_ref_c,Relative refractory c,CV squared error,7,0.5199999809265137,0.3006350100040436,-6382.93896484375,2910.0,0.3006350100040436,15.50283547531962,462.0,1.1525228023529053,True,-0.028490105436944413,-0.056980189647118075,0.0,True,True,False,True,False,False,True
123,rel_ref_c,Relative refractory c,CV squared error,7,0.6000000238418579,0.3006350100040436,-6382.93896484375,2910.0,0.3006350100040436,15.50283547531962,462.0,1.1525228023529053,True,-2.220446049250313e-16,0.0,0.0,True,True,False,True,False,False,True
123,rel_ref_c,Relative refractory c,CV squared error,7,0.6800000071525574,0.3006350100040436,-6382.93896484375,2910.0,0.3006350100040436,15.50283547531962,462.0,1.1525228023529053,True,0.0,0.0,0.0,True,True,False,True,False,False,False
123,rel_ref_c,Relative refractory c,CV squared error,7,0.7599999904632568,0.3006350100040436,-6382.93896484375,2910.0,0.3006350100040436,15.50283547531962,462.0,1.1525228023529053,True,0.0,0.0,0.0,True,True,False,True,False,False,False
123,rel_ref_c,Relative refractory c,CV squared error,7,0.8399999737739563,0.3006350100040436,-6382.93896484375,2910.0,0.3006350100040436,15.50283547531962,462.0,1.1525228023529053,True,0.0,0.0,0.0,True,True,False,True,False,False,False
123,rel_ref_c,Relative refractory c,CV squared error,7,0.9200000166893004,0.3006350100040436,-6382.93896484375,2910.0,0.3006350100040436,15.50283547531962,462.0,1.1525228023529053,True,2.220446049250313e-16,0.0,0.0,True,True,False,True,False,False,False
123,rel_ref_c,Relative refractory c,CV squared error,7,1.0,0.3006350100040436,-6382.93896484375,2910.0,0.3006350100040436,15.50283547531962,462.0,1.1525228023529053,True,0.0,0.0,,False,True,False,False,False,False,False
123,sonoff_ron_gSYN,sonoff -> ron gSYN,PSTH SSE,1,0.0010000000474974,4782.0,2076.978271484375,4782.0,0.1210928335785865,44.595818932250594,1329.0,0.9803942441940308,True,0.0,,0.0,False,True,False,True,False,False,False
123,sonoff_ron_gSYN,sonoff -> ron gSYN,PSTH SSE,1,0.0015182418283075,4782.0,2071.388671875,4782.0,0.1210978552699089,44.595818932250594,1329.0,0.9803870320320128,True,4.656612873077393e-10,0.0,0.0,True,True,False,True,False,False,True
123,sonoff_ron_gSYN,sonoff -> ron gSYN,PSTH SSE,1,0.0023050580639392,4782.0,1529.1961669921875,4782.0,0.1211024597287178,44.595818932250594,1329.0,0.9803804159164428,True,-9307.783395116217,0.0,-23439.25078961491,True,True,False,True,False,False,False
123,sonoff_ron_gSYN,sonoff -> ron gSYN,PSTH SSE,1,0.0034996354952454,4754.0,-3469.140625,4754.0,0.1202156916260719,44.595818932250594,1329.0,0.981656849384308,True,-18510.490538420738,-23439.25078961491,-11027.439909622984,True,True,True,True,False,True,True
123,sonoff_ron_gSYN,sonoff -> ron gSYN,PSTH SSE,1,0.0053132930770516,4734.0,-2342.1474609375,4734.0,0.1204295232892036,44.595818932250594,1329.0,0.9813486337661744,True,-5927.346877350821,-11027.439909622984,1815.8247162387893,True,True,False,True,False,False,True
123,sonoff_ron_gSYN,sonoff -> ron gSYN,PSTH SSE,1,0.0080668628215789,4739.0,-1089.886474609375,4739.0,0.1208497807383537,44.562263011308346,1328.0,0.980743646621704,True,-615.014175794262,1815.8247162387893,-4305.616520861579,True,True,False,True,False,False,True
123,sonoff_ron_gSYN,sonoff -> ron gSYN,PSTH SSE,1,0.0122474487870931,4721.0,-1278.9473876953125,4721.0,0.1209343001246452,44.562263011308346,1328.0,0.9806221127510072,True,-2095.333657562034,-4305.616520861579,1260.4101414634,True,True,False,True,False,False,True
123,sonoff_ron_gSYN,sonoff -> ron gSYN,PSTH SSE,1,0.0185945890843868,4729.0,814.7054443359375,4729.0,0.1208496987819671,44.562263011308346,1328.0,0.9807437658309937,True,-64.26596638679621,1260.4101414634,-2075.4441513296897,True,True,False,True,False,False,False
123,sonoff_ron_gSYN,sonoff -> ron gSYN,PSTH SSE,1,0.0282310806214809,4709.0,1460.481689453125,4709.0,0.1207198575139045,44.562263011308346,1328.0,0.9809305667877196,True,-789.8654684004869,-2075.4441513296897,1161.9540983339405,True,True,False,True,False,False,False
123,sonoff_ron_gSYN,sonoff -> ron gSYN,PSTH SSE,1,0.0428616069257259,4726.0,811.5875854492188,4726.0,0.1214531734585762,44.52870709036609,1327.0,0.9798768758773804,True,162.0369489279401,1161.9540983339405,-828.2113819800404,True,True,False,True,False,False,True
123,sonoff_ron_gSYN,sonoff -> ron gSYN,PSTH SSE,1,0.0573506616055965,4714.0,-54.69470977783203,4714.0,0.1215066462755203,44.52870709036609,1327.0,0.9798001646995544,True,-963.608438211726,-828.2113819800404,-1035.7839668585193,True,True,True,True,False,True,True
123,sonoff_ron_gSYN,sonoff -> ron gSYN,PSTH SSE,1,0.0650742799043655,4706.0,-9.033090591430664,4706.0,0.1215823292732238,44.52870709036609,1327.0,0.9796916246414183,True,-715.6820940653852,-1035.7839668585193,682.0026091449971,True,True,False,True,False,False,True
123,sonoff_ron_gSYN,sonoff -> ron gSYN,PSTH SSE,1,0.0987984910607338,4729.0,202.3929443359375,4729.0,0.1223814710974693,44.49515116942384,1326.0,0.9785475730895996,True,442.2004325587259,682.0026091449971,78.12268851484795,True,True,True,True,False,True,True
123,sonoff_ron_gSYN,sonoff -> ron gSYN,PSTH SSE,1,0.1500000059604644,4733.0,217.0852203369141,4733.0,0.122378759086132,44.49515116942384,1326.0,0.97855144739151,True,78.12268851484795,78.12268851484795,,False,True,False,True,False,False,True
123,sonoff_ron_gSYN,sonoff -> ron gSYN,PSTH SSE,2,0.0010000000474974,1324.0,0.0,1324.0,0.3585936427116394,17.885305862219386,533.0,0.6014820337295532,True,0.0,,0.0,False,False,False,True,False,False,False
123,sonoff_ron_gSYN,sonoff -> ron gSYN,PSTH SSE,2,0.0015182418283075,1324.0,0.0,1324.0,0.3585936427116394,17.885305862219386,533.0,0.6014820337295532,True,0.0,0.0,0.0,True,False,False,True,False,False,False
123,sonoff_ron_gSYN,sonoff -> ron gSYN,PSTH SSE,2,0.0023050580639392,1324.0,0.0,1324.0,0.3585936427116394,17.885305862219386,533.0,0.6014820337295532,True,-1.1641532182693481e-10,0.0,0.0,True,False,False,True,False,False,False
123,sonoff_ron_gSYN,sonoff -> ron gSYN,PSTH SSE,2,0.0034996354952454,1324.0,0.0,1324.0,0.3585936427116394,17.885305862219386,533.0,0.6014820337295532,True,0.0,0.0,0.0,True,False,False,True,False,False,False
123,sonoff_ron_gSYN,sonoff -> ron gSYN,PSTH SSE,2,0.0053132930770516,1324.0,0.0,1324.0,0.3585936427116394,17.885305862219386,533.0,0.6014820337295532,True,-8.731149137020111e-11,0.0,0.0,True,False,False,True,False,False,False
123,sonoff_ron_gSYN,sonoff -> ron gSYN,PSTH SSE,2,0.0080668628215789,1324.0,0.0,1324.0,0.3585936427116394,17.885305862219386,533.0,0.6014820337295532,True,-4.3655745685100555e-11,0.0,0.0,True,False,False,True,False,False,False
123,sonoff_ron_gSYN,sonoff -> ron gSYN,PSTH SSE,2,0.0122474487870931,1324.0,0.0,1324.0,0.3585936427116394,17.885305862219386,533.0,0.6014820337295532,True,-2.9103830456733704e-11,0.0,0.0,True,False,False,True,False,False,False
123,sonoff_ron_gSYN,sonoff -> ron gSYN,PSTH SSE,2,0.0185945890843868,1324.0,0.0,1324.0,0.3585936427116394,17.885305862219386,533.0,0.6014820337295532,True,0.0,0.0,0.0,True,False,False,True,False,False,False
123,sonoff_ron_gSYN,sonoff -> ron gSYN,PSTH SSE,2,0.0282310806214809,1324.0,0.0,1324.0,0.3585936427116394,17.885305862219386,533.0,0.6014820337295532,True,0.0,0.0,0.0,True,False,False,True,False,False,False
123,sonoff_ron_gSYN,sonoff -> ron gSYN,PSTH SSE,2,0.030887808650732,1324.0,0.0,1324.0,0.3585936427116394,17.885305862219386,533.0,0.6014820337295532,True,-5.4569682106375694e-11,0.0,0.0,True,False,False,True,False,False,False
123,sonoff_ron_gSYN,sonoff -> ron gSYN,PSTH SSE,2,0.0428616069257259,1324.0,0.0,1324.0,0.3585936427116394,17.885305862219386,533.0,0.6014820337295532,True,-7.275957614183426e-12,0.0,0.0,True,False,False,True,False,False,False
123,sonoff_ron_gSYN,sonoff -> ron gSYN,PSTH SSE,2,0.0650742799043655,1324.0,0.0,1324.0,0.3585936427116394,17.885305862219386,533.0,0.6014820337295532,True,1.8189894035458565e-12,0.0,0.0,True,False,False,True,False,False,False
123,sonoff_ron_gSYN,sonoff -> ron gSYN,PSTH SSE,2,0.0987984910607338,1324.0,0.0,1324.0,0.3585936427116394,17.885305862219386,533.0,0.6014820337295532,True,5.4569682106375694e-12,0.0,0.0,True,False,False,True,False,False,False
123,sonoff_ron_gSYN,sonoff -> ron gSYN,PSTH SSE,2,0.1500000059604644,1324.0,0.0,1324.0,0.3585936427116394,17.885305862219386,533.0,0.6014820337295532,True,0.0,0.0,,False,False,False,True,False,False,False
123,sonoff_ron_gSYN,sonoff -> ron gSYN,PSTH SSE,7,0.0010000000474974,3224.0,-56054.02734375,3224.0,0.149264320731163,18.589980202006643,554.0,1.3144773244857788,True,21225.61400357402,,21225.61400357402,False,True,False,True,False,False,False
123,sonoff_ron_gSYN,sonoff -> ron gSYN,PSTH SSE,7,0.0015182418283075,3235.0,-61827.25390625,3235.0,0.1412335336208343,18.48931243917989,551.0,1.3250142335891724,True,-43729.00770482747,21225.61400357402,-142345.81713998335,True,True,False,True,False,False,True
123,sonoff_ron_gSYN,sonoff -> ron gSYN,PSTH SSE,7,0.0023050580639392,3123.0,-72066.34375,3123.0,0.1548483222723007,18.35508875541089,547.0,1.3073170185089111,True,-98451.93931250146,-142345.81713998335,-31810.41178590595,True,True,True,True,False,True,True
123,sonoff_ron_gSYN,sonoff -> ron gSYN,PSTH SSE,7,0.0034996354952454,3085.0,-48119.95703125,3085.0,0.1584779322147369,18.22086507164189,543.0,1.3027318716049194,True,-32096.538360975566,-31810.41178590595,-32530.947733387802,True,True,True,True,False,True,True
123,sonoff_ron_gSYN,sonoff -> ron gSYN,PSTH SSE,7,0.0053132930770516,3026.0,-50312.79296875,3026.0,0.1609674096107483,17.98597362504614,536.0,1.2996172904968262,True,-23073.955022614857,-32530.947733387802,-8715.958637946189,True,True,True,True,False,True,True
123,sonoff_ron_gSYN,sonoff -> ron gSYN,PSTH SSE,7,0.0080668628215789,3002.0,-22816.90625,3002.0,0.1797931045293808,17.583302573739136,524.0,1.2768045663833618,True,-18078.110007196665,-8715.958637946189,-32292.12390646185,True,True,True,True,False,True,True
123,sonoff_ron_gSYN,sonoff -> ron gSYN,PSTH SSE,7,0.0122474487870931,2867.0,-8382.9716796875,2867.0,0.2112723439931869,17.07996375960538,509.0,1.2411810159683228,True,-14025.774553233525,-32292.12390646185,13706.960288414473,True,True,False,True,False,False,True
123,sonoff_ron_gSYN,sonoff -> ron gSYN,PSTH SSE,7,0.0185945890843868,2954.0,3139.3134765625,2954.0,0.2219139635562896,16.64373678735613,496.0,1.229747295379639,True,7563.352506153853,13706.960288414473,-1764.1275286302364,True,True,False,True,False,False,True
123,sonoff_ron_gSYN,sonoff -> ron gSYN,PSTH SSE,7,0.0282310806214809,2937.0,9287.1103515625,2937.0,0.2628251910209656,16.073286131337873,479.0,1.1881599426269531,True,-2747.333941365272,-1764.1275286302364,-3528.140791550897,True,True,True,True,False,True,False
123,sonoff_ron_gSYN,sonoff -> ron gSYN,PSTH SSE,7,0.0358838364481925,2910.0,5085.21728515625,2910.0,0.3006350100040436,15.50283547531962,462.0,1.1525228023529053,True,-6555.214982323319,-3528.140791550897,-9315.29636999139,True,True,True,True,False,True,False
123,sonoff_ron_gSYN,sonoff -> ron gSYN,PSTH SSE,7,0.0428616069257259,2845.0,4243.22509765625,2845.0,0.3227909505367279,15.200832186839367,453.0,1.1326777935028076,True,-6012.384368623483,-9315.29636999139,4501.934553133841,True,True,False,True,False,False,False
123,sonoff_ron_gSYN,sonoff -> ron gSYN,PSTH SSE,7,0.0650742799043655,2945.0,3636.01025390625,2945.0,0.374685674905777,14.39549008422536,429.0,1.088708996772766,True,3550.23005767374,4501.934553133841,2105.3124021432523,True,True,True,True,False,True,True
123,sonoff_ron_gSYN,sonoff -> ron gSYN,PSTH SSE,7,0.0987984910607338,3016.0,3099.565673828125,3016.0,0.4434845745563507,13.489480218784603,402.0,1.0348783731460571,True,1246.020725502447,2105.3124021432523,-58.59201638613597,True,True,False,True,False,False,True
123,sonoff_ron_gSYN,sonoff -> ron gSYN,PSTH SSE,7,0.1500000059604644,3013.0,3833.25439453125,3013.0,0.4805344939231872,12.91902956276635,385.0,1.00761878490448,True,-58.59201638613597,-58.59201638613597,,False,True,False,True,False,False,False
456,Strf_alpha,STRF alpha (ms),PSTH SSE,1,0.1000000014901161,10945.0,0.0,10945.0,0.4107154011726379,3.422703936109526,102.0,0.6875073909759521,True,0.0,,0.0,False,False,False,True,False,False,False
456,Strf_alpha,STRF alpha (ms),PSTH SSE,1,0.1919383108615875,10945.0,0.0,10945.0,0.4107154011726379,3.422703936109526,102.0,0.6875073909759521,True,0.0,0.0,0.0,True,False,False,True,False,False,False
456,Strf_alpha,STRF alpha (ms),PSTH SSE,1,0.3684031367301941,10945.0,-4.4057960404964006e-12,10945.0,0.4107204377651214,3.422703936109526,102.0,0.687503457069397,True,-32.362272546241,0.0,-94.47787665437632,True,False,False,True,False,False,True
456,Strf_alpha,STRF alpha (ms),PSTH SSE,1,0.7071067690849304,10913.0,-7.098046594933294e-09,10913.0,0.4078501462936401,3.489815777994026,104.0,0.6897467374801636,True,-115.85929693151684,-94.47787665437632,-156.89843688900507,True,False,True,True,False,False,True
456,Strf_alpha,STRF alpha (ms),PSTH SSE,1,1.3572088479995728,10811.0,-0.0003685988776851,10811.0,0.4078768789768219,3.691151303647529,110.0,0.6897258162498474,True,-201.9800724180741,-156.89843688900507,-288.50898816796484,True,True,True,True,False,True,True
456,Strf_alpha,STRF alpha (ms),PSTH SSE,1,2.605003595352173,10451.0,-0.2165663391351699,10451.0,0.3101031184196472,4.697828931915036,140.0,0.7715091705322266,True,-325.8409785234737,-288.50898816796484,-397.49537750975753,True,True,True,True,False,True,True
456,Strf_alpha,STRF alpha (ms),PSTH SSE,1,5.0,9499.0,-11.589600563049316,9499.0,0.0164583995938301,8.724539444985068,260.0,1.2000879049301147,True,-319.4595808716564,-397.49537750975753,-169.6790039448448,True,True,True,True,False,True,True
456,Strf_alpha,STRF alpha (ms),PSTH SSE,1,9.596915245056152,8719.0,-107.90052032470705,8719.0,0.0835407972335815,16.173953894164626,482.0,1.6174124479293823,True,-129.22160417238342,-169.6790039448448,-51.5683397498941,True,True,True,True,False,True,True
456,Strf_alpha,STRF alpha (ms),PSTH SSE,1,18.42015838623047,8264.0,-22.49169921875,8264.0,0.1709672212600708,28.086305828663463,837.0,1.741860032081604,True,-282.585434206159,-51.5683397498941,-479.4145822634759,True,True,True,True,False,True,True
456,Strf_alpha,STRF alpha (ms),PSTH SSE,1,25.93766021728516,4660.0,154.4402313232422,4660.0,0.0833723247051239,44.595818932250594,1329.0,1.0396355390548706,True,-280.03651432692413,-479.4145822634759,-30.262233938272555,True,True,True,True,False,True,False
456,Strf_alpha,STRF alpha (ms),PSTH SSE,1,35.35533905029297,4375.0,832.41748046875,4375.0,0.2847305238246918,45.56894063957585,1358.0,0.7947767376899719,True,-21.542757291093288,-30.262233938272555,8.552502999054807,True,True,False,True,False,False,False
456,Strf_alpha,STRF alpha (ms),PSTH SSE,1,67.86044311523438,4653.0,-80.8837661743164,4653.0,0.3114950060844421,44.49515116942384,1326.0,0.7702608108520508,True,8.016713574728232,8.552502999054807,6.988328530752739,True,True,True,True,False,True,False
456,Strf_alpha,STRF alpha (ms),PSTH SSE,1,130.25018310546875,5089.0,-113.09239959716795,5089.0,0.1763771325349807,44.159591960001336,1316.0,0.9084054231643676,True,7.154660538484734,6.988328530752739,7.473915394695464,True,True,True,True,False,True,False
456,Strf_alpha,STRF alpha (ms),PSTH SSE,1,250.0,5984.0,-6.059442520141602,5984.0,0.0247766394168138,36.54239790611053,1089.0,1.170972228050232,True,7.473915394695464,7.473915394695464,,False,True,False,True,False,False,False
456,Strf_alpha,STRF alpha (ms),PSTH SSE,2,0.1000000014901161,1871.0,0.0,1871.0,0.4153856635093689,4.228046038723533,126.0,0.5558047294616699,True,0.0,,0.0,False,False,False,True,False,False,False
456,Strf_alpha,STRF alpha (ms),PSTH SSE,2,0.1919383108615875,1871.0,0.0,1871.0,0.4153832793235779,4.228046038723533,126.0,0.555806577205658,True,1.8189894035458565e-12,0.0,0.0,True,False,False,True,False,False,False
456,Strf_alpha,STRF alpha (ms),PSTH SSE,2,0.3684031367301941,1871.0,-1.6930754758240354e-13,1871.0,0.4153832793235779,4.228046038723533,126.0,0.555806577205658,True,-3.033963051210094,0.0,-8.857300936347778,True,False,False,True,False,False,True
456,Strf_alpha,STRF alpha (ms),PSTH SSE,2,0.7071067690849304,1868.0,-6.066745328325851e-09,1868.0,0.4122878611087799,4.261601959665783,127.0,0.5582124590873718,True,-10.038529477941324,-8.857300936347778,-12.305759756000397,True,False,True,True,False,False,True
456,Strf_alpha,STRF alpha (ms),PSTH SSE,2,1.3572088479995728,1860.0,-2.4358365408261307e-05,1860.0,0.3793547451496124,4.4629374853192845,133.0,0.5843911170959473,True,-24.28694213834882,-12.305759756000397,-47.28341750530535,True,True,True,True,False,True,True
456,Strf_alpha,STRF alpha (ms),PSTH SSE,2,2.605003595352173,1801.0,0.0044362829066812,1801.0,0.3987961113452911,4.764940773799537,142.0,0.5688058733940125,True,-45.67532888888147,-47.28341750530535,-42.58879044747402,True,True,True,True,False,True,False
456,Strf_alpha,STRF alpha (ms),PSTH SSE,2,5.0,1699.0,-0.1696336567401886,1699.0,0.3317375779151916,5.637394718298044,168.0,0.6243422627449036,True,-36.94227930795374,-42.58879044747402,-26.104462145360735,True,True,True,True,False,True,True
456,Strf_alpha,STRF alpha (ms),PSTH SSE,2,9.596915245056152,1579.0,-2.802123546600342,1579.0,0.2636156380176544,7.85208550048656,234.0,0.6868737936019897,True,-22.753092673804602,-26.104462145360735,-16.320529503263188,True,True,True,True,False,True,True
456,Strf_alpha,STRF alpha (ms),PSTH SSE,2,18.42015838623047,1435.0,-4.43591833114624,1435.0,0.1690956801176071,12.080131539210091,360.0,0.789096474647522,True,-9.350764673733735,-16.320529503263188,-0.8348343014049571,True,True,True,True,False,True,True
456,Strf_alpha,STRF alpha (ms),PSTH SSE,2,29.200740814208984,1426.0,34.272727966308594,1426.0,0.3583820164203644,17.482634810912383,521.0,0.6016587615013123,True,-0.9239850144232378,-0.8348343014049571,-0.9748808565313678,True,True,True,True,False,True,False
456,Strf_alpha,STRF alpha (ms),PSTH SSE,2,35.35533905029297,1420.0,105.11109161376952,1420.0,0.3919840455055237,18.019529545988387,537.0,0.5742226243019104,True,-1.2506755706039554,-0.9748808565313678,-2.70726713639145,True,True,True,True,False,True,False
456,Strf_alpha,STRF alpha (ms),PSTH SSE,2,67.86044311523438,1332.0,-15.529180526733398,1332.0,0.3916790783405304,18.28797691352639,545.0,0.5744662284851074,True,-1.2034437750871136,-2.70726713639145,1.6829690269014623,True,True,False,True,False,False,True
456,Strf_alpha,STRF alpha (ms),PSTH SSE,2,130.25018310546875,1437.0,-5.409265995025635,1437.0,0.336151659488678,16.77796047112513,500.0,0.6205230355262756,True,0.880512609244748,1.6829690269014623,-0.6597087331630632,True,True,False,True,False,False,False
456,Strf_alpha,STRF alpha (ms),PSTH SSE,2,250.0,1358.0,-0.2486659586429596,1358.0,0.3115097284317016,12.180799302036844,363.0,0.6421783566474915,True,-0.6597087331630632,-0.6597087331630632,,False,True,False,True,False,False,True
456,Strf_alpha,STRF alpha (ms),PSTH SSE,7,0.1000000014901161,3690.0,0.0,3690.0,1.1169887781143188,3.1542565685715243,94.0,0.6439478397369385,True,0.0,,0.0,False,False,False,True,False,False,False
456,Strf_alpha,STRF alpha (ms),PSTH SSE,7,0.1919383108615875,3690.0,0.0,3690.0,1.1169887781143188,3.1542565685715243,94.0,0.6439478397369385,True,0.0,0.0,0.0,True,False,False,True,False,False,False
456,Strf_alpha,STRF alpha (ms),PSTH SSE,7,0.3684031367301941,3690.0,0.0,3690.0,1.1169887781143188,3.1542565685715243,94.0,0.6439478397369385,True,-6.067926102420188,0.0,-17.714601872695557,True,False,False,True,False,False,False
456,Strf_alpha,STRF alpha (ms),PSTH SSE,7,0.7071067690849304,3684.0,-1.1913474727995391e-16,3684.0,1.1179636716842651,3.1542565685715243,94.0,0.6434867978096008,True,-15.334968405805967,-17.714601872695557,-10.767539786500347,True,False,True,True,False,False,True
456,Strf_alpha,STRF alpha (ms),PSTH SSE,7,1.3572088479995728,3677.0,-1.7672274310598368e-08,3677.0,1.1004095077514648,3.1878124895137745,95.0,0.6518206000328064,True,-13.94211717310418,-10.767539786500347,-20.035346400553117,True,False,True,True,False,False,True
456,Strf_alpha,STRF alpha (ms),PSTH SSE,7,2.605003595352173,3652.0,0.0301766619086265,3652.0,0.955098271369934,3.422703936109526,102.0,0.7235334515571594,True,-16.03292466980008,-20.035346400553117,-8.350743224994906,True,True,True,True,False,True,False
456,Strf_alpha,STRF alpha (ms),PSTH SSE,7,5.0,3632.0,-0.4876152873039245,3632.0,0.8868368864059448,4.093822354954532,122.0,0.7591045498847961,True,-33.88042726067158,-8.350743224994906,-82.88166731152033,True,True,True,True,False,True,True
456,Strf_alpha,STRF alpha (ms),PSTH SSE,7,9.596915245056152,3251.0,1.0838443040847778,3251.0,0.5988038182258606,7.214523002583806,215.0,0.9270005822181702,True,-72.66034944855902,-82.88166731152033,-53.041720885605365,True,True,True,True,False,True,False
456,Strf_alpha,STRF alpha (ms),PSTH SSE,7,18.42015838623047,2783.0,15.86488437652588,2783.0,0.3665909767150879,15.402167712492869,459.0,1.0953571796417236,True,-9.32693252176179,-53.041720885605365,74.57847808380126,True,True,False,True,False,False,False
456,Strf_alpha,STRF alpha (ms),PSTH SSE,7,35.35533905029297,4046.0,329.4130554199219,4046.0,0.6570889353752136,32.07946042079125,956.0,0.8902145028114319,True,49.959850812318436,74.57847808380126,2.70726713639145,True,True,True,True,False,True,True
456,Strf_alpha,STRF alpha (ms),PSTH SSE,7,67.86044311523438,4134.0,-99.03363037109376,4134.0,0.7529228329658508,32.95191436528975,982.0,0.8331134915351868,True,3.394071925944818,2.70726713639145,4.712313275324095,True,True,True,True,False,True,False
456,Strf_alpha,STRF alpha (ms),PSTH SSE,7,130.25018310546875,4428.0,-32.374454498291016,4428.0,0.5594759583473206,29.059427535988725,866.0,0.9528434872627258,True,1.04436478901021,4.712313275324095,-5.995833802671891,True,True,False,True,False,False,False
456,Strf_alpha,STRF alpha (ms),PSTH SSE,7,250.0,3710.0,-1.7012300491333008,3710.0,0.5466374158859253,16.71084862924063,498.0,0.961475431919098,True,-5.995833802671891,-5.995833802671891,,False,True,False,True,False,False,True
456,Strf_gain,STRF gain,PSTH SSE,1,0.0010000000474974,8966.0,-14655.5673828125,8966.0,0.0082170478999614,12.180799302036844,363.0,1.2377302646636963,True,-2535496.072790569,,-2535496.072790569,False,True,False,True,False,False,True
456,Strf_gain,STRF gain,PSTH SSE,1,0.0015182418283075,7652.0,-70932.0,7652.0,0.0015606736997142,17.348411127143383,517.0,1.2888728380203247,True,-1773421.5207647118,-2535496.072790569,-616408.2260079636,True,True,True,True,False,True,True
456,Strf_gain,STRF gain,PSTH SSE,1,0.0023050580639392,7167.0,-106177.9140625,7167.0,0.004374002572149,22.818026240730177,680.0,1.2622419595718384,True,-683109.3458255148,-616408.2260079636,-784377.7853524704,True,True,True,True,False,True,True
456,Strf_gain,STRF gain,PSTH SSE,1,0.0034996354952454,6230.0,-97307.6953125,6230.0,0.0026117598172277,28.891647931277472,861.0,1.2772728204727173,True,-634047.5142547798,-784377.7853524704,-405809.7886741258,True,True,True,True,False,True,True
456,Strf_gain,STRF gain,PSTH SSE,1,0.0053132930770516,5494.0,-65606.0390625,5494.0,0.0164298433810472,34.46193080769101,1027.0,1.2001992464065552,True,-299318.6906731948,-405809.7886741258,-137639.51349090022,True,True,True,True,False,True,True
456,Strf_gain,STRF gain,PSTH SSE,1,0.0080668628215789,5115.0,-22562.974609375,5115.0,0.0238839201629161,39.66309855373981,1182.0,1.173833966255188,True,-129906.23843773897,-137639.51349090022,-118165.2534058678,True,True,True,True,False,True,True
456,Strf_gain,STRF gain,PSTH SSE,1,0.0122474487870931,4621.0,-91080.8671875,4621.0,0.0638960823416709,43.28713801550283,1290.0,1.0756014585494995,True,-40746.9616103149,-118165.2534058678,13350.416535211072,True,True,False,True,False,False,True
456,Strf_gain,STRF gain,PSTH SSE,1,0.0151687059551477,4660.0,-122693.4296875,4660.0,0.0833723247051239,44.595818932250594,1329.0,1.0396355390548706,True,29641.410280725104,13350.416535211072,48746.55488819643,True,True,True,True,False,True,False
456,Strf_gain,STRF gain,PSTH SSE,1,0.0185945890843868,4827.0,-311561.25,4827.0,0.128656655550003,45.16626958826885,1346.0,0.9696907997131348,True,41976.57847404294,48746.55488819643,22933.65787219307,True,True,True,True,False,True,False
456,Strf_gain,STRF gain,PSTH SSE,1,0.0282310806214809,5048.0,-743696.75,5048.0,0.2043819427490234,45.93805576994061,1369.0,0.8762919902801514,True,31903.249585136276,22933.65787219307,45521.26055825908,True,True,True,True,False,True,False
456,Strf_gain,STRF gain,PSTH SSE,1,0.0428616069257259,5714.0,-2469499.0,5714.0,0.276347815990448,46.206503137478606,1377.0,0.8026902675628662,True,37920.74898166675,45521.26055825908,26381.33648136431,True,True,True,True,False,True,False
456,Strf_gain,STRF gain,PSTH SSE,1,0.0650742799043655,6300.0,-4975469.0,6300.0,0.2865250408649444,45.2669373510956,1349.0,0.7930978536605835,True,180472.58136783566,26381.33648136431,414420.3680613252,True,True,True,True,False,True,False
456,Strf_gain,STRF gain,PSTH SSE,1,0.0987984910607338,20276.0,22427360.0,20276.0,0.0381260216236114,48.15274655212912,1435.0,1.1331193447113037,True,534982.7517112602,414420.3680613252,718025.6301399675,True,True,True,True,False,True,True
456,Strf_gain,STRF gain,PSTH SSE,1,0.1500000059604644,57040.0,36035908.0,57040.0,1.2498291730880735,41.40800644273682,1234.0,2.446335792541504,True,718025.6301399675,718025.6301399675,,False,True,False,True,False,False,True
456,Strf_gain,STRF gain,PSTH SSE,2,0.0010000000474974,1678.0,-3784.476806640625,1678.0,0.24891959130764,6.4762927418543,193.0,0.7013905048370361,True,-169804.91202859217,,-169804.91202859217,False,True,False,True,False,False,True
456,Strf_gain,STRF gain,PSTH SSE,2,0.0015182418283075,1590.0,-7137.732421875,1590.0,0.2670871019363403,7.550082212006308,225.0,0.6835042238235474,True,-168994.7439483303,-169804.91202859217,-167764.71305783754,True,True,True,True,False,True,True
456,Strf_gain,STRF gain,PSTH SSE,2,0.0023050580639392,1458.0,-13006.234375,1458.0,0.2582575976848602,9.362101942887822,279.0,0.6921184062957764,True,-108125.775744393,-167764.71305783754,-17579.43809221118,True,True,True,True,False,True,True
456,Strf_gain,STRF gain,PSTH SSE,2,0.0034996354952454,1437.0,-3904.726318359375,1437.0,0.2908202707767486,11.341901278480588,338.0,0.6610313653945923,True,-22859.865414511354,-17579.43809221118,-30876.831746944357,True,True,True,True,False,True,True
456,Strf_gain,STRF gain,PSTH SSE,2,0.0053132930770516,1381.0,5284.99365234375,1381.0,0.3290313184261322,13.2210328512466,394.0,0.6266964077949524,True,-31739.012085361028,-30876.831746944357,-33048.00983554596,True,True,True,True,False,True,False
456,Strf_gain,STRF gain,PSTH SSE,2,0.0080668628215789,1290.0,-737.7290649414062,1290.0,0.3468109667301178,15.200832186839367,453.0,0.6114023327827454,True,-15650.140000613843,-33048.00983554596,10764.04130215395,True,True,False,True,False,False,True
456,Strf_gain,STRF gain,PSTH SSE,2,0.0122474487870931,1335.0,14203.83984375,1335.0,0.3625732362270355,16.64373678735613,496.0,0.5981683731079102,True,27935.487516640336,10764.04130215395,37818.81509555531,True,True,True,True,False,True,True
456,Strf_gain,STRF gain,PSTH SSE,2,0.0146536584943532,1426.0,21705.74609375,1426.0,0.3583820164203644,17.482634810912383,521.0,0.6016587615013123,True,29734.383644525602,37818.81509555531,16493.566307506524,True,True,True,True,False,True,True
456,Strf_gain,STRF gain,PSTH SSE,2,0.0185945890843868,1491.0,72354.953125,1491.0,0.3779055774211883,17.91886178316164,534.0,0.5855686664581299,True,9507.408624771597,16493.566307506524,-7575.3711523533675,True,True,False,True,False,False,True
456,Strf_gain,STRF gain,PSTH SSE,2,0.0282310806214809,1418.0,29091.1171875,1418.0,0.3896946012973785,18.48931243917989,551.0,0.5760536789894104,True,-6901.388901555605,-7575.3711523533675,-5878.12073274817,True,True,True,True,False,True,False
456,Strf_gain,STRF gain,PSTH SSE,2,0.0428616069257259,1332.0,183970.4375,1332.0,0.4113447666168213,19.0933190161404,569.0,0.5589472651481628,True,-3633.2908044351825,-5878.12073274817,-225.09672765669205,True,True,True,True,False,True,False
456,Strf_gain,STRF gain,PSTH SSE,2,0.0650742799043655,1327.0,157143.609375,1327.0,0.4484950006008148,19.261098620851648,574.0,0.5306112170219421,True,12145.61009549491,-225.09672765669205,30927.335710357915,True,True,False,True,False,False,True
456,Strf_gain,STRF gain,PSTH SSE,2,0.0987984910607338,2370.0,591544.6875,2370.0,0.0324481911957263,16.610180866413877,495.0,1.0201750993728638,True,13403.178184974116,30927.335710357915,-13202.734359009304,True,True,False,True,False,False,True
456,Strf_gain,STRF gain,PSTH SSE,2,0.1500000059604644,1694.0,97744.5234375,1694.0,0.1119370386004448,9.563437468541323,285.0,0.8657389879226685,True,-13202.734359009304,-13202.734359009304,,False,True,False,True,False,False,False
456,Strf_gain,STRF gain,PSTH SSE,7,0.0010000000474974,3651.0,807.31689453125,3651.0,0.8439927697181702,3.6575953827052783,109.0,0.782133936882019,True,-297158.59605003626,,-297158.59605003626,False,True,False,True,False,False,False
456,Strf_gain,STRF gain,PSTH SSE,7,0.0015182418283075,3497.0,-256.9713439941406,3497.0,0.7078652381896973,5.066944062279789,151.0,0.8594774603843689,True,-272020.12110939645,-297158.59605003626,-233853.8424442584,True,True,True,True,False,True,True
456,Strf_gain,STRF gain,PSTH SSE,7,0.0023050580639392,3313.0,-1558.177001953125,3313.0,0.5870951414108276,7.214523002583806,215.0,0.9346033930778505,True,-215452.1810127619,-233853.8424442584,-187514.0063169193,True,True,True,True,False,True,True
456,Strf_gain,STRF gain,PSTH SSE,7,0.0034996354952454,3089.0,-2209.568603515625,3089.0,0.5479174852371216,9.563437468541323,285.0,0.9606102705001832,True,-170416.9425047062,-187514.0063169193,-144459.4628160611,True,True,True,True,False,True,True
456,Strf_gain,STRF gain,PSTH SSE,7,0.0053132930770516,2827.0,5490.57373046875,2827.0,0.4542107880115509,12.98614140465085,387.0,1.0268731117248535,True,-80087.99917804648,-144459.4628160611,-23005.957570213715,True,True,True,True,False,True,False
456,Strf_gain,STRF gain,PSTH SSE,7,0.0069215721450746,2790.0,12738.03515625,2790.0,0.3655545115470886,15.43572363343512,460.0,1.096213698387146,True,-9568.854670046596,-23005.957570213715,0.0,True,True,False,True,False,False,False
456,Strf_gain,STRF gain,PSTH SSE,7,0.0080668628215789,2790.0,-11282.80859375,2790.0,0.2930161952972412,16.77796047112513,500.0,1.1595150232315063,True,18414.947733326873,0.0,85633.92858158032,True,True,False,True,False,False,False
456,Strf_gain,STRF gain,PSTH SSE,7,0.0122474487870931,3148.0,2541.198486328125,3148.0,0.2128423601388931,20.334888091003656,606.0,1.2394763231277466,True,111689.92081917441,85633.92858158032,151249.216975608,True,True,True,True,False,True,True
456,Strf_gain,STRF gain,PSTH SSE,7,0.0185945890843868,4108.0,87828.8984375,4108.0,0.1108603850007057,23.15358545015268,690.0,1.3678677082061768,True,135733.84195983922,151249.216975608,112177.75637936973,True,True,True,True,False,True,True
456,Strf_gain,STRF gain,PSTH SSE,7,0.0282310806214809,5189.0,289428.75,5189.0,0.0944024324417114,26.542733465319955,791.0,1.3935749530792236,True,73711.51608203177,112177.75637936973,15310.454001576627,True,True,True,True,False,True,True
456,Strf_gain,STRF gain,PSTH SSE,7,0.0428616069257259,5413.0,453216.1875,5413.0,0.1202311962842941,28.82453608939297,859.0,1.3540810346603394,True,17704.47207060855,15310.454001576627,21339.16978185441,True,True,True,True,False,True,True
456,Strf_gain,STRF gain,PSTH SSE,7,0.0650742799043655,5887.0,1040009.5,5887.0,0.1526653915643692,31.71034529042649,945.0,1.310100555419922,True,30657.351753228024,21339.16978185441,44804.6061920909,True,True,True,True,False,True,True
456,Strf_gain,STRF gain,PSTH SSE,7,0.0987984910607338,7398.0,2153949.75,7398.0,0.1274405717849731,34.696822254286765,1034.0,1.343836545944214,True,85777.35431730507,44804.6061920909,147983.90271925073,True,True,True,True,False,True,True
456,Strf_gain,STRF gain,PSTH SSE,7,0.1500000059604644,14975.0,9002316.0,14975.0,0.0023786942474544,34.66326633334452,1033.0,1.652052879333496,True,147983.90271925073,147983.90271925073,,False,True,False,True,False,False,True
456,abs_ref,Absolute refractory period (ms),CV squared error,1,0.0,0.0833723247051239,2.381070613861084,4660.0,0.0833723247051239,44.595818932250594,1329.0,1.0396355390548706,True,0.1964760422706604,,0.1964760422706604,False,True,False,False,False,False,True
456,abs_ref,Absolute refractory period (ms),CV squared error,1,0.5,0.1816103458404541,2.5017056465148926,4132.0,0.1816103458404541,42.51535183383108,1267.0,0.9022205471992492,True,0.1619338244199752,0.1964760422706604,0.12739160656929,True,True,True,True,False,True,True
456,abs_ref,Absolute refractory period (ms),CV squared error,1,1.0,0.2453061491250991,1.6357319355010986,4094.0,0.2453061491250991,41.03889131237207,1223.0,0.8330942988395691,True,0.11881254613399496,0.12739160656929,0.10165442526340487,True,True,True,True,False,True,True
456,abs_ref,Absolute refractory period (ms),CV squared error,1,2.0,0.346960574388504,0.4192574322223663,3982.0,0.346960574388504,39.696654474682056,1183.0,0.739344596862793,True,0.07833936065435414,0.10165442526340487,0.0550242960453034,True,True,True,True,False,True,True
456,abs_ref,Absolute refractory period (ms),CV squared error,1,3.0,0.4019848704338074,0.3415147662162781,3903.0,0.4019848704338074,38.9248682930103,1160.0,0.6943554282188416,True,0.04410451650619507,0.0550242960453034,0.033184736967086736,True,True,True,True,False,True,True
456,abs_ref,Absolute refractory period (ms),CV squared error,1,4.0,0.4351696074008941,0.2947246134281158,3988.0,0.4351696074008941,38.42152947887654,1145.0,0.6687043309211731,True,0.041476771235466,0.033184736967086736,0.04976880550384527,True,True,True,True,False,True,True
456,abs_ref,Absolute refractory period (ms),CV squared error,1,5.0,0.4849384129047394,0.1020860746502876,3932.0,0.4849384129047394,37.81752290191604,1127.0,0.6320030093193054,True,0.043072768620082316,0.04976880550384527,0.02633267641067505,True,True,True,True,False,True,True
456,abs_ref,Absolute refractory period (ms),CV squared error,1,7.5,0.550770103931427,0.3761957287788391,4130.0,0.550770103931427,37.14640448307104,1107.0,0.5862393379211426,True,0.03305980563163759,0.02633267641067505,0.0397869348526001,True,True,True,True,False,True,True
456,abs_ref,Absolute refractory period (ms),CV squared error,1,10.0,0.6502374410629272,0.1718607097864151,4204.0,0.6502374410629272,36.27395053857253,1081.0,0.5220052003860474,True,0.03873471021652223,0.0397869348526001,0.03663026094436646,True,True,True,True,False,True,True
456,abs_ref,Absolute refractory period (ms),CV squared error,1,15.0,0.8333887457847595,0.3667043447494507,4427.0,0.8333887457847595,34.092815677326264,1016.0,0.4154768884181976,True,0.03489646315574647,0.03663026094436646,0.03142886757850647,True,True,True,True,False,True,True
456,abs_ref,Absolute refractory period (ms),CV squared error,1,25.0,1.1476774215698242,0.4365268051624298,5368.0,1.1476774215698242,28.086305828663463,837.0,0.2570811808109283,True,0.03142886757850647,0.03142886757850647,,False,True,False,False,False,False,True
456,abs_ref,Absolute refractory period (ms),CV squared error,2,0.0,0.1131039932370185,0.0713754817843437,1543.0,0.1131039932370185,19.32821046273615,576.0,0.8639995455741882,True,0.209929957985878,,0.209929957985878,False,True,False,False,False,False,True
456,abs_ref,Absolute refractory period (ms),CV squared error,2,0.5,0.2180689722299575,0.0812449902296066,1430.0,0.2180689722299575,18.35508875541089,547.0,0.7333303689956665,True,0.19616093486547478,0.209929957985878,0.18239191174507158,True,True,True,True,False,True,True
456,abs_ref,Absolute refractory period (ms),CV squared error,2,1.0,0.3092649281024933,0.0391283147037029,1422.0,0.3092649281024933,17.549746652796884,523.0,0.6441929936408997,True,0.13408440351486217,0.18239191174507158,0.037469387054443304,True,True,True,True,False,True,True
456,abs_ref,Absolute refractory period (ms),CV squared error,2,2.0,0.3467343151569366,0.0102225029841065,1367.0,0.3467343151569366,17.381967048085635,518.0,0.6114674210548401,True,0.020841538906097412,0.037469387054443304,0.00421369075775152,True,True,True,True,False,True,True
456,abs_ref,Absolute refractory period (ms),CV squared error,2,3.0,0.3509480059146881,0.0033329285215586,1410.0,0.3509480059146881,17.549746652796884,523.0,0.6079002618789673,True,0.008539429507257223,0.00421369075775152,0.011368168908301394,True,True,True,True,False,True,True
456,abs_ref,Absolute refractory period (ms),CV squared error,2,3.653932094573975,0.3583820164203644,0.0038329353556036,1426.0,0.3583820164203644,17.482634810912383,521.0,0.6016587615013123,True,0.010634926709817472,0.011368168908301394,0.010246887043459304,True,True,True,True,False,True,True
456,abs_ref,Absolute refractory period (ms),CV squared error,2,4.0,0.3619281351566314,0.001611856627278,1443.0,0.3619281351566314,17.449078889970135,520.0,0.5987042784690857,True,0.011906856897018744,0.010246887043459304,0.01670351624488836,True,True,True,True,False,True,True
456,abs_ref,Absolute refractory period (ms),CV squared error,2,5.0,0.3786316514015198,0.0028235195204615,1417.0,0.3786316514015198,17.381967048085635,518.0,0.5849784016609192,True,0.01653830409049993,0.01670351624488836,0.01612527370452881,True,True,True,True,False,True,True
456,abs_ref,Absolute refractory period (ms),CV squared error,2,7.5,0.4189448356628418,0.0017200078582391,1382.0,0.4189448356628418,17.01285191772088,507.0,0.5530494451522827,True,0.013208234310150155,0.01612527370452881,0.010291194915771485,True,True,True,True,False,True,True
456,abs_ref,Absolute refractory period (ms),CV squared error,2,10.0,0.4446728229522705,0.0027051817160099,1435.0,0.4446728229522705,16.71084862924063,498.0,0.5334709882736206,True,0.011823475360870375,0.010291194915771485,0.014888036251068115,True,True,True,True,False,True,True
456,abs_ref,Absolute refractory period (ms),CV squared error,2,15.0,0.5191130042076111,0.0043671778403222,1344.0,0.5191130042076111,16.341733498875875,487.0,0.4798139333724975,True,0.015605429808298755,0.014888036251068115,0.01704021692276001,True,True,True,True,False,True,True
456,abs_ref,Absolute refractory period (ms),CV squared error,2,25.0,0.6895151734352112,0.0065935421735048,1272.0,0.6895151734352112,15.67061508003087,467.0,0.3699384331703186,True,0.01704021692276001,0.01704021692276001,,False,True,False,False,False,False,True
456,abs_ref,Absolute refractory period (ms),CV squared error,7,0.0,0.3655545115470886,0.5940557718276978,2790.0,0.3655545115470886,15.43572363343512,460.0,1.096213698387146,True,0.3509948253631592,,0.3509948253631592,False,True,False,False,False,False,True
456,abs_ref,Absolute refractory period (ms),CV squared error,7,0.5,0.5410519242286682,0.4203682541847229,2659.0,0.5410519242286682,14.462601926109862,431.0,0.9652624130249025,True,0.277163028717041,0.3509948253631592,0.20333123207092285,True,True,True,True,False,True,True
456,abs_ref,Absolute refractory period (ms),CV squared error,7,1.0,0.6427175402641296,0.3176840245723724,2541.0,0.6427175402641296,13.724371665380357,409.0,0.8991280794143677,True,0.17803696791330975,0.20333123207092285,0.1274484395980835,True,True,True,True,False,True,True
456,abs_ref,Absolute refractory period (ms),CV squared error,7,2.0,0.7701659798622131,0.0848483890295028,2501.0,0.7701659798622131,13.187476930304353,393.0,0.8232337236404419,True,0.07092002034187317,0.1274484395980835,0.014391601085662842,True,True,True,True,False,True,True
456,abs_ref,Absolute refractory period (ms),CV squared error,7,3.0,0.784557580947876,0.0159300677478313,2463.0,0.784557580947876,13.12036508841985,391.0,0.8150721788406372,True,0.02008834481239319,0.014391601085662842,0.025785088539123535,True,True,True,True,False,True,True
456,abs_ref,Absolute refractory period (ms),CV squared error,7,4.0,0.8103426694869995,-2.0158264305791818e-05,2477.0,0.8103426694869995,13.12036508841985,391.0,0.8006343841552734,True,0.010058283805847168,0.025785088539123535,-0.005668520927429199,True,True,False,True,False,False,False
456,abs_ref,Absolute refractory period (ms),CV squared error,7,5.0,0.8046741485595703,0.0081917028874158,2483.0,0.8046741485595703,13.187476930304353,393.0,0.803788423538208,True,-0.003600164822169738,-0.005668520927429199,0.001570725440979004,True,True,False,True,False,False,False
456,abs_ref,Absolute refractory period (ms),CV squared error,7,7.5,0.8086009621620178,-0.0005300297634676,2476.0,0.8086009621620178,13.0868091674776,390.0,0.801602303981781,True,0.006268358230590798,0.001570725440979004,0.010965991020202636,True,True,True,True,False,True,False
456,abs_ref,Absolute refractory period (ms),CV squared error,7,10.0,0.8360159397125244,0.0014739178586751,2540.0,0.8360159397125244,13.0196973255931,388.0,0.7864856719970703,True,0.0072829206784566156,0.010965991020202636,-8.32200050354004e-05,True,True,False,True,False,False,True
456,abs_ref,Absolute refractory period (ms),CV squared error,7,15.0,0.8355998396873474,0.1403179764747619,2632.0,0.8355998396873474,12.8854736418241,384.0,0.7867132425308228,True,0.006081475814183564,-8.32200050354004e-05,0.01841086745262146,True,True,False,True,False,False,True
456,abs_ref,Absolute refractory period (ms),CV squared error,7,25.0,1.019708514213562,0.0194760262966156,2702.0,1.019708514213562,11.945907855441092,356.0,0.6910185217857361,True,0.01841086745262146,0.01841086745262146,,False,True,False,False,False,False,True
456,off_ron_gSYN,off -> ron gSYN,PSTH SSE,1,0.0010000000474974,4660.0,-8598.8671875,4660.0,0.0833723247051239,44.595818932250594,1329.0,1.0396355390548706,True,111916.87383702665,,111916.87383702665,False,True,False,True,False,False,False
456,off_ron_gSYN,off -> ron gSYN,PSTH SSE,1,0.0015182418283075,4718.0,150319.6875,4718.0,0.0878638103604316,45.5353847186336,1357.0,1.031959891319275,True,129551.93152275728,111916.87383702665,156326.20989480315,True,True,True,True,False,True,True
456,off_ron_gSYN,off -> ron gSYN,PSTH SSE,1,0.0023050580639392,4841.0,335841.90625,4841.0,0.0701020359992981,47.04540116103486,1402.0,1.063610315322876,True,189653.4722117607,156326.20989480315,240252.32059355284,True,True,True,True,False,True,True
456,off_ron_gSYN,off -> ron gSYN,PSTH SSE,1,0.0034996354952454,5128.0,887382.75,5128.0,0.0646189004182815,49.15942418039663,1465.0,1.0741757154464722,True,385036.96166614466,240252.32059355284,604855.0790428207,True,True,True,True,False,True,True
456,off_ron_gSYN,off -> ron gSYN,PSTH SSE,1,0.0053132930770516,6225.0,1740379.5,6225.0,0.043190911412239,52.54857219556391,1566.0,1.120553970336914,True,688569.6095439277,604855.0790428207,815668.4625344641,True,True,True,True,False,True,True
456,off_ron_gSYN,off -> ron gSYN,PSTH SSE,1,0.0080668628215789,8471.0,3407580.25,8471.0,0.021211015060544,58.05174323009295,1730.0,1.182738184928894,True,1048389.8825862149,815668.4625344641,1401717.3784582699,True,True,True,True,False,True,True
456,off_ron_gSYN,off -> ron gSYN,PSTH SSE,1,0.0122474487870931,14331.0,6511701.5,14331.0,0.0030718038324266,67.51451293580752,2012.0,1.272954344749451,True,1718297.6486460161,1401717.3784582699,2198943.043050584,True,True,True,True,False,True,True
456,off_ron_gSYN,off -> ron gSYN,PSTH SSE,1,0.0185945890843868,28288.0,11802551.0,28288.0,0.0055215074680745,83.38646354149189,2485.0,1.402685046195984,True,2718327.288536556,2198943.043050584,3506877.982501777,True,True,True,True,False,True,True
456,off_ron_gSYN,off -> ron gSYN,PSTH SSE,1,0.0282310806214809,62082.0,20814330.0,62082.0,0.091582290828228,110.4996476628301,3293.0,1.6310038566589355,True,4223252.378058916,3506877.982501777,5310882.082037971,True,True,True,True,False,True,True
456,off_ron_gSYN,off -> ron gSYN,PSTH SSE,1,0.0428616069257259,139783.0,35897644.0,139783.0,0.4237041771411896,153.9545652830442,4588.0,1.9793038368225095,True,6717272.974210957,5310882.082037971,8852514.066591322,True,True,True,True,False,True,True
456,off_ron_gSYN,off -> ron gSYN,PSTH SSE,1,0.0650742799043655,336421.0,61599732.0,336421.0,1.120455622673035,223.31465387067547,6655.0,2.38689398765564,True,9760813.042047868,8852514.066591322,11139830.617774384,True,True,True,True,False,True,True
456,off_ron_gSYN,off -> ron gSYN,PSTH SSE,1,0.0987984910607338,712103.0,73840288.0,712103.0,2.322044610977173,328.98224891782155,9804.0,2.852203845977783,True,11148406.819507629,11139830.617774384,11161427.569460584,True,True,True,True,False,True,True
456,off_ron_gSYN,off -> ron gSYN,PSTH SSE,1,0.1500000059604644,1283585.0,98581704.0,1283585.0,4.6152825355529785,491.5942418039663,14650.0,3.476699113845825,True,11161427.569460584,11161427.569460584,,False,True,False,True,False,False,True
456,off_ron_gSYN,off -> ron gSYN,PSTH SSE,2,0.0010000000474974,1369.0,-9387.251953125,1369.0,0.3997814655303955,16.64373678735613,496.0,0.5680261850357056,True,183979.14404089213,,183979.14404089213,False,True,False,True,False,False,False
456,off_ron_gSYN,off -> ron gSYN,PSTH SSE,2,0.0013098177732899,1426.0,226315.859375,1426.0,0.3583820164203644,17.482634810912383,521.0,0.6016587615013123,True,228880.5795718357,183979.14404089213,259087.17683973687,True,True,True,True,False,True,True
456,off_ron_gSYN,off -> ron gSYN,PSTH SSE,2,0.0015182418283075,1480.0,221667.59375,1480.0,0.3612246513366699,17.751082178450385,529.0,0.5992892384529114,True,197110.21594560146,259087.17683973687,-36857.39908088855,True,True,False,True,False,False,True
456,off_ron_gSYN,off -> ron gSYN,PSTH SSE,2,0.0023050580639392,1451.0,175943.921875,1451.0,0.3568360805511474,19.059763095198143,568.0,0.6029513478279114,True,27974.30974421685,-36857.39908088855,126404.53104399469,True,True,False,True,False,False,True
456,off_ron_gSYN,off -> ron gSYN,PSTH SSE,2,0.0034996354952454,1602.0,440257.75,1602.0,0.3142383396625519,21.643569007751417,645.0,0.6397392749786377,True,120875.0210994386,126404.53104399469,112479.88707815444,True,True,True,True,False,True,True
456,off_ron_gSYN,off -> ron gSYN,PSTH SSE,2,0.0053132930770516,1806.0,825365.5,1806.0,0.2404316663742065,25.6367235998792,764.0,0.7099705934524536,True,161120.1162298136,112479.88707815444,234967.71828129934,True,True,True,True,False,True,True
456,off_ron_gSYN,off -> ron gSYN,PSTH SSE,2,0.0080668628215789,2453.0,1405824.125,2453.0,0.1662312895059585,32.28079594644475,962.0,0.7925941944122314,True,285187.2187302964,234967.71828129934,361432.58683454705,True,True,True,True,False,True,True
456,off_ron_gSYN,off -> ron gSYN,PSTH SSE,2,0.0122474487870931,3964.0,2206855.5,3964.0,0.0861240252852439,41.13955907519882,1226.0,0.9068399667739868,True,406787.5209774898,361432.58683454705,475647.27713475056,True,True,True,True,False,True,True
456,off_ron_gSYN,off -> ron gSYN,PSTH SSE,2,0.0185945890843868,6983.0,3246023.0,6983.0,0.0143467783927917,53.75658534948492,1602.0,1.080530881881714,True,515554.49848863867,475647.27713475056,576143.2964091218,True,True,True,True,False,True,True
456,off_ron_gSYN,off -> ron gSYN,PSTH SSE,2,0.0282310806214809,12535.0,5101613.0,12535.0,0.0005209535593166,70.06476292741854,2088.0,1.2231333255767822,True,583111.2119278392,576143.2964091218,593690.1940075652,True,True,True,True,False,True,True
456,off_ron_gSYN,off -> ron gSYN,PSTH SSE,2,0.0428616069257259,21221.0,7214174.0,21221.0,0.0144281098619103,89.3929733901547,2664.0,1.3204259872436523,True,591143.64260808,593690.1940075652,587277.3624563096,True,True,True,True,False,True,True
456,off_ron_gSYN,off -> ron gSYN,PSTH SSE,2,0.0650742799043655,34266.0,11844707.0,34266.0,0.0375674404203891,111.3721016073286,3319.0,1.394132137298584,True,533495.4732116725,587277.3624563096,451841.55470223766,True,True,True,True,False,True,True
456,off_ron_gSYN,off -> ron gSYN,PSTH SSE,2,0.0987984910607338,49504.0,23911106.0,49504.0,0.0715129077434539,131.90832522398577,3931.0,1.4677278995513916,True,389610.21787054086,451841.55470223766,295127.98653696687,True,True,True,True,False,True,True
456,off_ron_gSYN,off -> ron gSYN,PSTH SSE,2,0.1500000059604644,64615.0,35690616.0,64615.0,0.1128463968634605,149.39096003489814,4452.0,1.5362350940704346,True,295127.98653696687,295127.98653696687,,False,True,False,True,False,False,True
456,off_ron_gSYN,off -> ron gSYN,PSTH SSE,7,0.0010000000474974,2715.0,-16193.8505859375,2715.0,0.2697289288043976,12.046575618267845,359.0,1.1814703941345217,True,-25084.816549678388,,-25084.816549678388,False,True,False,True,False,False,True
456,off_ron_gSYN,off -> ron gSYN,PSTH SSE,7,0.0015182418283075,2702.0,-37923.89453125,2702.0,0.2817372381687164,12.415690748632596,370.0,1.170035481452942,True,-7048.448194550816,-25084.816549678388,20335.11673428334,True,True,False,True,False,False,True
456,off_ron_gSYN,off -> ron gSYN,PSTH SSE,7,0.0023050580639392,2718.0,3035.5556640625,2718.0,0.2734509408473968,13.489480218784603,402.0,1.1778993606567385,True,36194.292667724076,20335.11673428334,60272.35917329548,True,True,True,True,False,True,True
456,off_ron_gSYN,off -> ron gSYN,PSTH SSE,7,0.0034996354952454,2790.0,51503.42578125,2790.0,0.3655452728271484,15.43572363343512,460.0,1.0962213277816772,True,61736.39335257467,60272.35917329548,63959.15147581331,True,True,True,True,False,True,True
456,off_ron_gSYN,off -> ron gSYN,PSTH SSE,7,0.0053132930770516,2906.0,167376.578125,2906.0,0.4972806572914123,18.589980202006643,554.0,0.995643436908722,True,150182.2307982503,63959.15147581331,281089.66607376456,True,True,True,True,False,True,True
456,off_ron_gSYN,off -> ron gSYN,PSTH SSE,7,0.0080668628215789,3680.0,796121.0,3680.0,0.5650078654289246,24.69715781349619,736.0,0.9491546750068665,True,385089.35706456704,281089.66607376456,542986.0834642104,True,True,True,True,False,True,True
456,off_ron_gSYN,off -> ron gSYN,PSTH SSE,7,0.0122474487870931,5950.0,2226182.5,5950.0,0.4275752604007721,35.70349988255428,1064.0,1.046932339668274,True,742039.1377767683,542986.0834642104,1044249.8022024268,True,True,True,True,False,True,True
456,off_ron_gSYN,off -> ron gSYN,PSTH SSE,7,0.0185945890843868,12578.0,5158471.5,12578.0,0.153451606631279,54.39414784738767,1621.0,1.3090957403182983,True,1404907.94337842,1044249.8022024268,1952474.0853634058,True,True,True,True,False,True,True
456,off_ron_gSYN,off -> ron gSYN,PSTH SSE,7,0.0282310806214809,31393.0,10714176.0,31393.0,0.0014854974579066,85.46693063991141,2547.0,1.6622825860977173,True,2495702.5040240334,1952474.0853634058,3320454.711591931,True,True,True,True,False,True,True
456,off_ron_gSYN,off -> ron gSYN,PSTH SSE,7,0.0428616069257259,79973.0,20071820.0,79973.0,0.1181157156825065,135.1296936344418,4027.0,2.044504404067993,True,4143468.590106845,3320454.711591931,5393002.459235623,True,True,True,True,False,True,True
456,off_ron_gSYN,off -> ron gSYN,PSTH SSE,7,0.0650742799043655,199766.0,36308700.0,199766.0,0.6550964713096619,210.9996308848696,6288.0,2.510205030441284,True,6690656.969566697,5393002.459235623,8660810.438107027,True,True,True,True,False,True,True
456,off_ron_gSYN,off -> ron gSYN,PSTH SSE,7,0.0987984910607338,491845.0,62063840.0,491845.0,1.9095680713653564,328.6131337874568,9793.0,3.082695960998535,True,10214050.639937483,8660810.438107027,12572245.201350223,True,True,True,True,False,True,True
456,off_ron_gSYN,off -> ron gSYN,PSTH SSE,7,0.1500000059604644,1135563.0,94372504.0,1135563.0,4.024274349212647,506.76151806986337,15102.0,3.7068841457366943,True,12572245.201350223,12572245.201350223,,False,True,False,True,False,False,True
456,off_sonoff_gSYN,off -> sonoff gSYN,PSTH SSE,1,0.0010000000474974,4660.0,167446.3125,4660.0,0.0833723247051239,44.595818932250594,1329.0,1.0396355390548706,True,-231552.15276626204,,-231552.15276626204,False,True,False,True,False,False,False
456,off_sonoff_gSYN,off -> sonoff gSYN,PSTH SSE,1,0.0015182418283075,4540.0,3049959.75,4540.0,0.0851542800664901,43.79047682963659,1305.0,1.036566138267517,True,2721.8672010633163,-231552.15276626204,358406.43244174385,True,True,False,True,False,False,True
456,off_sonoff_gSYN,off -> sonoff gSYN,PSTH SSE,1,0.0023050580639392,4822.0,7758157.5,4822.0,0.0573659837245941,41.37445052179457,1233.0,1.0888662338256836,True,208769.1095866966,358406.43244174385,-18416.554191840285,True,True,False,True,False,False,True
456,off_sonoff_gSYN,off -> sonoff gSYN,PSTH SSE,1,0.0034996354952454,4800.0,9239552.0,4800.0,0.0627633705735206,39.562430790913055,1179.0,1.0778520107269287,True,10791.820094946772,-18416.554191840285,55137.19954811492,True,True,False,True,False,False,True
456,off_sonoff_gSYN,off -> sonoff gSYN,PSTH SSE,1,0.0053132930770516,4900.0,9863049.0,4900.0,0.0713129788637161,38.28730579510754,1141.0,1.0613332986831665,True,10167.881892607664,55137.19954811492,-58106.39091964126,True,True,False,True,False,False,True
456,off_sonoff_gSYN,off -> sonoff gSYN,PSTH SSE,1,0.0080668628215789,4740.0,10170054.0,4740.0,0.0921193063259124,37.48196369249354,1117.0,1.0248665809631348,True,-12900.174520458037,-58106.39091964126,55733.81385337489,True,True,False,True,False,False,False
456,off_sonoff_gSYN,off -> sonoff gSYN,PSTH SSE,1,0.0122474487870931,4973.0,9508128.0,4973.0,0.0946284085512161,37.179960404013286,1108.0,1.0207608938217163,True,30536.14365512505,55733.81385337489,-7720.012116463325,True,True,False,True,False,False,True
456,off_sonoff_gSYN,off -> sonoff gSYN,PSTH SSE,1,0.0185945890843868,4924.0,8957013.0,4924.0,0.0966663509607315,36.81084527364853,1097.0,1.0174660682678225,True,-7621.366622831876,-7720.012116463325,-7471.598944786883,True,True,True,True,False,True,False
456,off_sonoff_gSYN,off -> sonoff gSYN,PSTH SSE,1,0.0282310806214809,4852.0,10836760.0,4852.0,0.1056433171033859,36.81084527364853,1097.0,1.003350019454956,True,-2903.228187911416,-7471.598944786883,4032.6642236295584,True,True,False,True,False,False,False
456,off_sonoff_gSYN,off -> sonoff gSYN,PSTH SSE,1,0.0428616069257259,4911.0,14089740.0,4911.0,0.1113165095448494,36.57595382705278,1090.0,0.994736909866333,True,2341.896733089714,4032.6642236295584,-225.09672765669205,True,True,False,True,False,False,True
456,off_sonoff_gSYN,off -> sonoff gSYN,PSTH SSE,1,0.0650742799043655,4906.0,13617784.0,4906.0,0.1112721264362335,36.34106238045703,1083.0,0.9948034286499025,True,241.08958910653018,-225.09672765669205,948.87319533217,True,True,False,True,False,False,True
456,off_sonoff_gSYN,off -> sonoff gSYN,PSTH SSE,1,0.0987984910607338,4938.0,10308222.0,4938.0,0.1085708886384964,36.34106238045703,1083.0,0.998877227306366,True,672.8971578368946,948.87319533217,253.89873767325585,True,True,True,True,False,True,True
456,off_sonoff_gSYN,off -> sonoff gSYN,PSTH SSE,1,0.1500000059604644,4951.0,5826756.0,4951.0,0.1083601787686348,36.24039461763028,1080.0,0.9991971254348756,True,253.89873767325585,253.89873767325585,,False,True,False,True,False,False,True
456,off_sonoff_gSYN,off -> sonoff gSYN,PSTH SSE,2,0.0010000000474974,1426.0,3640.82373046875,1426.0,0.3583820164203644,17.482634810912383,521.0,0.6016587615013123,True,46310.43055325241,,46310.43055325241,False,True,False,True,False,False,True
456,off_sonoff_gSYN,off -> sonoff gSYN,PSTH SSE,2,0.0015182418283075,1450.0,700401.25,1450.0,0.3593373596668243,17.415522969027883,519.0,0.6008613705635071,True,67791.37507775729,46310.43055325241,100404.63887552398,True,True,True,True,False,True,True
456,off_sonoff_gSYN,off -> sonoff gSYN,PSTH SSE,2,0.0023050580639392,1529.0,1821949.75,1529.0,0.3151091933250427,16.57662494547163,494.0,0.6389630436897278,True,39923.6212090021,100404.63887552398,-51901.198177004444,True,True,False,True,False,False,True
456,off_sonoff_gSYN,off -> sonoff gSYN,PSTH SSE,2,0.0034996354952454,1467.0,2367869.25,1467.0,0.3072338998317718,15.167276265897115,452.0,0.6460220813751221,True,-29101.59471464099,-51901.198177004444,5513.719954811492,True,True,False,True,False,False,False
456,off_sonoff_gSYN,off -> sonoff gSYN,PSTH SSE,2,0.0053132930770516,1477.0,2733104.75,1477.0,0.301426351070404,14.093486795745108,420.0,0.6512858271598816,True,-3453.8371982836397,5513.719954811492,-17068.75233264462,True,True,False,True,False,False,False
456,off_sonoff_gSYN,off -> sonoff gSYN,PSTH SSE,2,0.0080668628215789,1430.0,2886551.25,1430.0,0.290395051240921,13.455924297842351,401.0,0.661425769329071,True,-12475.416979711124,-17068.75233264462,-5501.621109989796,True,True,True,True,False,True,False
456,off_sonoff_gSYN,off -> sonoff gSYN,PSTH SSE,2,0.0122474487870931,1407.0,2769872.25,1407.0,0.2915359139442444,13.0868091674776,390.0,0.6603682637214661,True,-5444.0896967428125,-5501.621109989796,-5356.743101219449,True,True,True,True,False,True,False
456,off_sonoff_gSYN,off -> sonoff gSYN,PSTH SSE,2,0.0185945890843868,1373.0,2626378.5,1373.0,0.3185074925422668,12.482802590517096,372.0,0.6359442472457886,True,-3270.7751819707337,-5356.743101219449,-103.7722075664845,True,True,True,True,False,True,False
456,off_sonoff_gSYN,off -> sonoff gSYN,PSTH SSE,2,0.0282310806214809,1372.0,3143701.25,1372.0,0.3146484196186065,12.449246669574846,371.0,0.6393736004829407,True,73.14621836559672,-103.7722075664845,341.75120539233546,True,True,False,True,False,False,True
456,off_sonoff_gSYN,off -> sonoff gSYN,PSTH SSE,2,0.0428616069257259,1377.0,4198228.5,1377.0,0.3177080452442169,12.281467064863596,366.0,0.636652946472168,True,259.6728326703196,341.75120539233546,135.05803659401525,True,True,True,True,False,True,True
456,off_sonoff_gSYN,off -> sonoff gSYN,PSTH SSE,2,0.0650742799043655,1380.0,3956874.25,1380.0,0.3059325218200683,12.315022985805845,367.0,0.6471972465515137,True,399.3510411900352,135.05803659401525,800.6117585615184,True,True,True,True,False,True,True
456,off_sonoff_gSYN,off -> sonoff gSYN,PSTH SSE,2,0.0987984910607338,1407.0,3093124.0,1407.0,0.2919880747795105,12.147243381094594,362.0,0.6599497199058533,True,591.2663732099354,800.6117585615184,273.42940980196784,True,True,True,True,False,True,True
456,off_sonoff_gSYN,off -> sonoff gSYN,PSTH SSE,2,0.1500000059604644,1421.0,1746264.125,1421.0,0.2873257398605346,12.080131539210091,360.0,0.6642811894416809,True,273.42940980196784,273.42940980196784,,False,True,False,True,False,False,True
456,off_sonoff_gSYN,off -> sonoff gSYN,PSTH SSE,7,0.0010000000474974,2709.0,-13015.296875,2709.0,0.352045327425003,15.60350323814637,465.0,1.1074906587600708,True,-3859.2025461043672,,-3859.2025461043672,False,True,False,True,False,False,True
456,off_sonoff_gSYN,off -> sonoff gSYN,PSTH SSE,7,0.0015182418283075,2707.0,91495.8515625,2707.0,0.3599269390106201,15.53639139626187,463.0,1.1008856296539309,True,59658.0920854623,-3859.2025461043672,135007.4913255804,True,True,False,True,False,False,True
456,off_sonoff_gSYN,off -> sonoff gSYN,PSTH SSE,7,0.0021330225281417,2790.0,136621.4375,2790.0,0.3655545115470886,15.43572363343512,460.0,1.096213698387146,True,-242989.3921900727,135007.4913255804,-348765.1532101195,True,True,False,True,False,False,False
456,off_sonoff_gSYN,off -> sonoff gSYN,PSTH SSE,7,0.0023050580639392,2730.0,179819.03125,2730.0,0.3536886274814605,15.43572363343512,460.0,1.106107473373413,True,-321405.65394127567,-348765.1532101195,-131427.2276417693,True,True,True,True,False,True,False
456,off_sonoff_gSYN,off -> sonoff gSYN,PSTH SSE,7,0.0034996354952454,2573.0,596136.5,2573.0,0.2600174248218536,14.39549008422536,429.0,1.1909056901931765,True,-66756.9402309747,-131427.2276417693,31428.203742425507,True,True,False,True,False,False,False
456,off_sonoff_gSYN,off -> sonoff gSYN,PSTH SSE,7,0.0053132930770516,2630.0,1009039.25,2630.0,0.1703176945447921,13.556592060669104,404.0,1.2881290912628174,True,35965.20335860201,31428.203742425507,42853.463303235425,True,True,True,True,False,True,True
456,off_sonoff_gSYN,off -> sonoff gSYN,PSTH SSE,7,0.0080668628215789,2748.0,1134310.375,2748.0,0.152072936296463,13.355256535015602,398.0,1.310859441757202,True,28495.894093970535,42853.463303235425,6697.6256991180135,True,True,True,True,False,True,True
456,off_sonoff_gSYN,off -> sonoff gSYN,PSTH SSE,7,0.0122474487870931,2776.0,1231472.0,2776.0,0.1608871668577194,13.0868091674776,390.0,1.2997173070907593,True,1535.4222580044589,6697.6256991180135,-6302.050707316999,True,True,False,True,False,False,True
456,off_sonoff_gSYN,off -> sonoff gSYN,PSTH SSE,7,0.0185945890843868,2736.0,1150852.125,2736.0,0.1544291377067566,12.8854736418241,384.0,1.307850003242493,True,-3758.282358442113,-6302.050707316999,103.7722075664845,True,True,False,True,False,False,False
456,off_sonoff_gSYN,off -> sonoff gSYN,PSTH SSE,7,0.0282310806214809,2737.0,1234312.75,2737.0,0.1559840142726898,12.851917720881849,383.0,1.305876612663269,True,768.2572142497811,103.7722075664845,1777.1062680401442,True,True,True,True,False,True,True
456,off_sonoff_gSYN,off -> sonoff gSYN,PSTH SSE,7,0.0428616069257259,2763.0,1626827.625,2763.0,0.154069572687149,12.91902956276635,385.0,1.3083077669143677,True,2412.210015275792,1777.1062680401442,3376.450914850381,True,True,True,True,False,True,True
456,off_sonoff_gSYN,off -> sonoff gSYN,PSTH SSE,7,0.0650742799043655,2838.0,1724752.625,2838.0,0.1677829176187515,13.0196973255931,388.0,1.2912116050720217,True,2471.328865482006,3376.450914850381,1097.1346321028216,True,True,True,True,False,True,True
456,off_sonoff_gSYN,off -> sonoff gSYN,PSTH SSE,7,0.0987984910607338,2875.0,1644561.25,2875.0,0.1579856276512146,13.05325324653535,389.0,1.3033506870269775,True,234.8975750910795,1097.1346321028216,-1074.1869670791593,True,True,False,True,False,False,True
456,off_sonoff_gSYN,off -> sonoff gSYN,PSTH SSE,7,0.1500000059604644,2820.0,957269.125,2820.0,0.1804567873477935,13.0868091674776,390.0,1.2760226726531982,True,-1074.1869670791593,-1074.1869670791593,,False,True,False,True,False,False,False
456,on_ron_gSYN,on -> ron gSYN,PSTH SSE,1,0.0010000000474974,10142.0,-400007.3125,10142.0,0.1276539117097854,6.140733532431797,183.0,0.971091330051422,True,-387849.8558834889,,-387849.8558834889,False,True,False,True,False,False,True
456,on_ron_gSYN,on -> ron gSYN,PSTH SSE,1,0.0015182418283075,9941.0,-535529.25,9941.0,0.1127218082547187,6.845407872219052,204.0,0.9926375150680542,True,-443282.2789922841,-387849.8558834889,-527442.090295474,True,True,True,True,False,True,True
456,on_ron_gSYN,on -> ron gSYN,PSTH SSE,1,0.0023050580639392,9526.0,-1096120.75,9526.0,0.1790031641721725,8.355424314620315,249.0,0.9052905440330504,True,-527086.2612529998,-527442.090295474,-526546.0266667064,True,True,True,True,False,True,True
456,on_ron_gSYN,on -> ron gSYN,PSTH SSE,1,0.0034996354952454,8897.0,-1527526.25,8897.0,0.2843474745750427,10.60367101775108,316.0,0.7951357960700989,True,-531149.6513789827,-526546.0266667064,-538139.0675896016,True,True,True,True,False,True,True
456,on_ron_gSYN,on -> ron gSYN,PSTH SSE,1,0.0053132930770516,7921.0,-1654885.125,7921.0,0.3532423973083496,14.496157847052112,432.0,0.7340362071990967,True,-519275.414489976,-538139.0675896016,-490635.8383277209,True,True,True,True,False,True,True
456,on_ron_gSYN,on -> ron gSYN,PSTH SSE,1,0.0080668628215789,6570.0,-1775294.625,6570.0,0.3322145342826843,21.173786114559917,631.0,0.7519976496696472,True,-457946.4212901017,-490635.8383277209,-408315.96672837314,True,True,True,True,False,True,True
456,on_ron_gSYN,on -> ron gSYN,PSTH SSE,1,0.0122474487870931,4863.0,-1357141.25,4863.0,0.1981124728918075,32.48213147209825,968.0,0.8832799196243286,True,-228567.72867008927,-408315.96672837314,-48461.18501726769,True,True,True,True,False,True,True
456,on_ron_gSYN,on -> ron gSYN,PSTH SSE,1,0.016436368227005,4660.0,21.57421875,4660.0,0.0833723247051239,44.595818932250594,1329.0,1.0396355390548706,True,60887.43775773654,-48461.18501726769,117226.18615915037,True,True,False,True,False,False,True
456,on_ron_gSYN,on -> ron gSYN,PSTH SSE,1,0.0185945890843868,4913.0,800875.6875,4913.0,0.04962794855237,51.2063353578739,1526.0,1.105604887008667,True,196851.43196782374,117226.18615915037,552379.460876397,True,True,True,True,False,True,True
456,on_ron_gSYN,on -> ron gSYN,PSTH SSE,1,0.0282310806214809,10236.0,5277158.0,10236.0,0.0032191080972552,80.43354249857387,2397.0,1.385115385055542,True,904992.5794645811,552379.460876397,1440344.630246537,True,True,True,True,False,True,True
456,on_ron_gSYN,on -> ron gSYN,PSTH SSE,1,0.0428616069257259,31309.0,13859767.0,31309.0,0.1253071129322052,125.90181537532295,3752.0,1.682365655899048,True,1994363.694457804,1440344.630246537,2835498.4589458187,True,True,True,True,False,True,True
456,on_ron_gSYN,on -> ron gSYN,PSTH SSE,1,0.0650742799043655,94293.0,29296874.0,94293.0,0.534244179725647,194.8927888325895,5808.0,2.059298276901245,True,3755326.3900525593,2835498.4589458187,5151847.709481308,True,True,True,True,False,True,True
456,on_ron_gSYN,on -> ron gSYN,PSTH SSE,1,0.0987984910607338,268035.0,55880056.0,268035.0,1.4675414562225342,301.46639374517633,8984.0,2.539799451828003,True,6445429.449946046,5151847.709481308,8409399.621148035,True,True,True,True,False,True,True
456,on_ron_gSYN,on -> ron gSYN,PSTH SSE,1,0.1500000059604644,698609.0,97881200.0,698609.0,3.350482940673828,464.2126103150901,13834.0,3.158810615539551,True,8409399.621148035,8409399.621148035,,False,True,False,True,False,False,True
456,on_ron_gSYN,on -> ron gSYN,PSTH SSE,2,0.0010000000474974,1608.0,-83474.2734375,1608.0,0.1777096539735794,8.623871682158317,257.0,0.7787526845932007,True,-98409.66492566136,,-98409.66492566136,False,True,False,True,False,False,True
456,on_ron_gSYN,on -> ron gSYN,PSTH SSE,2,0.0015182418283075,1557.0,-68206.8125,1557.0,0.1940875351428985,9.19432233817657,274.0,0.7597552537918091,True,-85070.40462488902,-98409.66492566136,-64818.18459052814,True,True,True,True,False,True,True
456,on_ron_gSYN,on -> ron gSYN,PSTH SSE,2,0.0023050580639392,1506.0,-168362.546875,1506.0,0.2508004009723663,10.57011509680883,315.0,0.6995091438293457,True,-60686.08043206652,-64818.18459052814,-54412.54647589176,True,True,True,True,False,True,True
456,on_ron_gSYN,on -> ron gSYN,PSTH SSE,2,0.0034996354952454,1441.0,-115574.8125,1441.0,0.3259764611721039,13.422368376900105,400.0,0.6293654441833496,True,-34541.17983344197,-54412.54647589176,-10288.207658413141,True,True,True,True,False,True,True
456,on_ron_gSYN,on -> ron gSYN,PSTH SSE,2,0.0049576153978705,1426.0,55810.78125,1426.0,0.3583820164203644,17.482634810912383,521.0,0.6016587615013123,True,-40440.38715336891,-10288.207658413141,-47796.08335035311,True,True,True,True,False,True,False
456,on_ron_gSYN,on -> ron gSYN,PSTH SSE,2,0.0053132930770516,1409.0,124573.4765625,1409.0,0.3625944256782532,18.32153283446864,546.0,0.5981507897377014,True,-33105.819366080905,-47796.08335035311,80622.61740100224,True,True,False,True,False,False,False
456,on_ron_gSYN,on -> ron gSYN,PSTH SSE,2,0.0080668628215789,1631.0,875507.9375,1631.0,0.3383831083774566,26.84473675380021,800.0,0.6186018586158752,True,161357.05462777033,80622.61740100224,283931.4894590386,True,True,True,True,False,True,True
456,on_ron_gSYN,on -> ron gSYN,PSTH SSE,2,0.0122474487870931,2818.0,2179644.0,2818.0,0.2898635864257812,39.96510184222006,1191.0,0.661919116973877,True,386214.0499081835,283931.4894590386,541503.7070262132,True,True,True,True,False,True,True
456,on_ron_gSYN,on -> ron gSYN,PSTH SSE,2,0.0185945890843868,6255.0,4184645.5,6255.0,0.2256244570016861,58.32019059763095,1738.0,0.7253094911575317,True,644186.4789749753,541503.7070262132,800083.7203375954,True,True,True,True,False,True,True
456,on_ron_gSYN,on -> ron gSYN,PSTH SSE,2,0.0282310806214809,13965.0,6671739.5,13965.0,0.1546921133995056,82.07778262474413,2446.0,0.8069997429847717,True,854730.2699295287,800083.7203375954,937696.95735549,True,True,True,True,False,True,True
456,on_ron_gSYN,on -> ron gSYN,PSTH SSE,2,0.0428616069257259,27684.0,8738854.0,27684.0,0.1109150424599647,110.7680950303681,3301.0,0.8672698140144348,True,956043.4258168938,937696.95735549,983897.7965874011,True,True,True,True,False,True,True
456,on_ron_gSYN,on -> ron gSYN,PSTH SSE,2,0.0650742799043655,49539.0,12521472.0,49539.0,0.0760505422949791,143.51867387000436,4277.0,0.9245362877845764,True,909477.7399339181,983897.7965874011,796490.0906192943,True,True,True,True,False,True,True
456,on_ron_gSYN,on -> ron gSYN,PSTH SSE,2,0.0987984910607338,76400.0,33675868.0,76400.0,0.0510176122188568,174.42367705781683,5198.0,0.9744381308555604,True,704767.5809771067,796490.0906192943,565510.6114868557,True,True,True,True,False,True,True
456,on_ron_gSYN,on -> ron gSYN,PSTH SSE,2,0.1500000059604644,105355.0,69823848.0,105355.0,0.0356735698878765,202.07375591423104,6022.0,1.0114344358444214,True,565510.6114868557,565510.6114868557,,False,True,False,True,False,False,True
456,on_ron_gSYN,on -> ron gSYN,PSTH SSE,7,0.0010000000474974,3836.0,-64140.6953125,3836.0,0.7275022268295288,6.711184188450051,200.0,0.8478873372077942,True,-129283.2852944963,,-129283.2852944963,False,True,False,True,False,False,True
456,on_ron_gSYN,on -> ron gSYN,PSTH SSE,7,0.0015182418283075,3769.0,-88119.9765625,3769.0,0.7245821952819824,6.811851951276802,203.0,0.8496007919311523,True,-113273.24502553325,-129283.2852944963,-88966.1357124896,True,True,True,True,False,True,True
456,on_ron_gSYN,on -> ron gSYN,PSTH SSE,7,0.0023050580639392,3699.0,-102856.6171875,3699.0,0.8352513909339905,7.080299318814804,211.0,0.7869038581848145,True,-96187.3341753427,-88966.1357124896,-107150.8607525253,True,True,True,True,False,True,True
456,on_ron_gSYN,on -> ron gSYN,PSTH SSE,7,0.0034996354952454,3571.0,-71354.2890625,3571.0,0.8777719140052795,7.550082212006308,225.0,0.7639299035072327,True,-107734.37194011186,-107150.8607525253,-108620.2831097864,True,True,True,True,False,True,True
456,on_ron_gSYN,on -> ron gSYN,PSTH SSE,7,0.0053132930770516,3374.0,-161737.140625,3374.0,0.8506772518157959,8.590315761216067,256.0,0.7785030603408813,True,-112788.99343387492,-108620.2831097864,-119118.10138526457,True,True,True,True,False,True,True
456,on_ron_gSYN,on -> ron gSYN,PSTH SSE,7,0.0080668628215789,3046.0,-162195.9375,3046.0,0.6973701119422913,10.939230227173583,326.0,0.8657378554344177,True,-98638.93224679853,-119118.10138526457,-72307.65366453577,True,True,True,True,False,True,True
456,on_ron_gSYN,on -> ron gSYN,PSTH SSE,7,0.0116072902455925,2790.0,-44176.73046875,2790.0,0.3655545115470886,15.43572363343512,460.0,1.096213698387146,True,-12395.130814994685,-72307.65366453577,-1562.113031649775,True,True,True,True,False,True,True
456,on_ron_gSYN,on -> ron gSYN,PSTH SSE,7,0.0122474487870931,2789.0,59529.1953125,2789.0,0.3054741621017456,16.207509815106874,483.0,1.148127555847168,True,13794.91016896195,-1562.113031649775,166059.03613780293,True,True,False,True,False,False,True
456,on_ron_gSYN,on -> ron gSYN,PSTH SSE,7,0.0185945890843868,3843.0,867040.5,3843.0,0.0028004490304738,25.536055837052448,761.0,1.6479054689407349,True,329192.9820390617,166059.03613780293,576869.7018620872,True,True,True,True,False,True,True
456,on_ron_gSYN,on -> ron gSYN,PSTH SSE,7,0.0282310806214809,9402.0,2757574.75,9402.0,0.230151742696762,41.47511828462132,1236.0,2.1805660724639893,True,854291.0709953982,576869.7018620872,1275483.8487652743,True,True,True,True,False,True,True
456,on_ron_gSYN,on -> ron gSYN,PSTH SSE,7,0.0428616069257259,28063.0,6168936.0,28063.0,1.4536685943603516,67.34673333109627,2007.0,2.9065065383911133,True,1664209.4246981973,1275483.8487652743,2254388.7468273025,True,True,True,True,False,True,True
456,on_ron_gSYN,on -> ron gSYN,PSTH SSE,7,0.0650742799043655,78139.0,12477008.0,78139.0,3.765945672988892,106.80849635918256,3183.0,3.6414291858673096,True,2864516.2394817886,2254388.7468273025,3790837.372214081,True,True,True,True,False,True,True
456,on_ron_gSYN,on -> ron gSYN,PSTH SSE,7,0.0987984910607338,205982.0,22250148.0,205982.0,8.299223899841309,167.9809402369048,5006.0,4.581662178039551,True,4622310.982088393,3790837.372214081,5884689.165741566,True,True,True,True,False,True,True
456,on_ron_gSYN,on -> ron gSYN,PSTH SSE,7,0.1500000059604644,507287.0,35429840.0,507287.0,16.78369140625,259.62216033019024,7737.0,5.797615051269531,True,5884689.165741566,5884689.165741566,,False,True,False,True,False,False,True
456,on_sonoff_gSYN,on -> sonoff gSYN,PSTH SSE,1,0.0010000000474974,4773.0,-2846.327392578125,4773.0,0.0814167782664299,44.62937485319284,1330.0,1.0430419445037842,True,0.0,,0.0,False,True,False,True,False,False,False
456,on_sonoff_gSYN,on -> sonoff gSYN,PSTH SSE,1,0.0015182418283075,4773.0,-6558.2890625,4773.0,0.0814167782664299,44.62937485319284,1330.0,1.0430419445037842,True,0.0,0.0,0.0,True,True,False,True,False,False,False
456,on_sonoff_gSYN,on -> sonoff gSYN,PSTH SSE,1,0.0023050580639392,4773.0,-20354.525390625,4773.0,0.0814167782664299,44.62937485319284,1330.0,1.0430419445037842,True,-3324.2083553988487,0.0,-8371.160996291039,True,True,False,True,False,False,True
456,on_sonoff_gSYN,on -> sonoff gSYN,PSTH SSE,1,0.0034996354952454,4763.0,-26200.890625,4763.0,0.0820949450135231,44.62937485319284,1330.0,1.041856050491333,True,-27598.92198559246,-8371.160996291039,-56791.31553455837,True,True,True,True,False,True,True
456,on_sonoff_gSYN,on -> sonoff gSYN,PSTH SSE,1,0.0053132930770516,4660.0,14551.138671875,4660.0,0.0833723247051239,44.595818932250594,1329.0,1.0396355390548706,True,-29336.073210380157,-56791.31553455837,12347.608070423767,True,True,False,True,False,False,False
456,on_sonoff_gSYN,on -> sonoff gSYN,PSTH SSE,1,0.0080668628215789,4694.0,59693.80078125,4694.0,0.0837028175592422,44.39448340659709,1323.0,1.039063811302185,True,19982.661039904808,12347.608070423767,31574.52115298492,True,True,True,True,False,True,True
456,on_sonoff_gSYN,on -> sonoff gSYN,PSTH SSE,1,0.0122474487870931,4826.0,206887.015625,4826.0,0.1006221547722816,43.45491762021408,1295.0,1.0111682415008545,True,13655.697611806681,31574.52115298492,-13549.40902073155,True,True,False,True,False,False,True
456,on_sonoff_gSYN,on -> sonoff gSYN,PSTH SSE,1,0.0185945890843868,4740.0,656492.5625,4740.0,0.1095103621482849,40.770443944834064,1215.0,0.9974547028541564,True,11899.49061120642,-13549.40902073155,50537.06508487795,True,True,False,True,False,False,True
456,on_sonoff_gSYN,on -> sonoff gSYN,PSTH SSE,1,0.0282310806214809,5227.0,1107367.125,5227.0,0.1208299770951271,37.98530250662729,1132.0,0.9807721376419068,True,26940.20817784776,50537.06508487795,-8885.531340200721,True,True,False,True,False,False,True
456,on_sonoff_gSYN,on -> sonoff gSYN,PSTH SSE,1,0.0428616069257259,5097.0,1241187.125,5097.0,0.1167996004223823,36.30750645951478,1082.0,0.9866186380386353,True,-3676.599018332854,-8885.531340200721,4231.81847994581,True,True,False,True,False,False,False
456,on_sonoff_gSYN,on -> sonoff gSYN,PSTH SSE,1,0.0650742799043655,5191.0,1292441.875,5191.0,0.1261282563209533,35.63638804066977,1062.0,0.9732328057289124,True,1503.3784464339624,4231.81847994581,-2639.0535745175976,True,True,False,True,False,False,True
456,on_sonoff_gSYN,on -> sonoff gSYN,PSTH SSE,1,0.0987984910607338,5102.0,1314789.25,5102.0,0.1346787959337234,35.267272910305024,1051.0,0.961392104625702,True,-2273.5786061813415,-2639.0535745175976,-1718.699147326655,True,True,True,True,False,True,False
456,on_sonoff_gSYN,on -> sonoff gSYN,PSTH SSE,1,0.1500000059604644,5014.0,1231980.125,5014.0,0.1197667494416236,35.20016106842052,1049.0,0.982304871082306,True,-1718.699147326655,-1718.699147326655,,False,True,False,True,False,False,False
456,on_sonoff_gSYN,on -> sonoff gSYN,PSTH SSE,2,0.0010000000474974,1426.0,-331.1702880859375,1426.0,0.3583820164203644,17.482634810912383,521.0,0.6016587615013123,True,0.0,,0.0,False,True,False,True,False,False,False
456,on_sonoff_gSYN,on -> sonoff gSYN,PSTH SSE,2,0.0015182418283075,1426.0,-1106.556884765625,1426.0,0.3583820164203644,17.482634810912383,521.0,0.6016587615013123,True,1.1641532182693481e-10,0.0,0.0,True,True,False,True,False,False,False
456,on_sonoff_gSYN,on -> sonoff gSYN,PSTH SSE,2,0.0023050580639392,1426.0,-5788.76904296875,1426.0,0.3583820164203644,17.482634810912383,521.0,0.6016587615013123,True,3656.6291909380816,0.0,9208.277095920143,True,True,False,True,False,False,False
456,on_sonoff_gSYN,on -> sonoff gSYN,PSTH SSE,2,0.0034996354952454,1437.0,-9670.8916015625,1437.0,0.3646658658981323,17.449078889970135,520.0,0.5964332222938538,True,5989.550209994428,9208.277095920143,1102.7439909622985,True,True,True,True,False,True,False
456,on_sonoff_gSYN,on -> sonoff gSYN,PSTH SSE,2,0.0053132930770516,1439.0,-1136.752197265625,1439.0,0.3663230240345001,17.381967048085635,518.0,0.5950626730918884,True,1241.6964375398238,1102.7439909622985,1452.6597729910313,True,True,True,True,False,True,False
456,on_sonoff_gSYN,on -> sonoff gSYN,PSTH SSE,2,0.0080668628215789,1443.0,32105.732421875,1443.0,0.3563786149024963,17.314855206201134,516.0,0.603334367275238,True,4010.3845022634778,1452.6597729910313,7893.63028824623,True,True,True,True,False,True,True
456,on_sonoff_gSYN,on -> sonoff gSYN,PSTH SSE,2,0.0122474487870931,1476.0,94928.03125,1476.0,0.3595501184463501,16.87862823395188,503.0,0.6006839275360107,True,2569.310463711081,7893.63028824623,-5514.294368902374,True,True,False,True,False,False,True
456,on_sonoff_gSYN,on -> sonoff gSYN,PSTH SSE,2,0.0185945890843868,1441.0,249450.4375,1441.0,0.3542303442955017,15.033052582128116,448.0,0.6051363945007324,True,-7486.58284034962,-5514.294368902374,-10480.992964214933,True,True,True,True,False,True,False
456,on_sonoff_gSYN,on -> sonoff gSYN,PSTH SSE,2,0.0282310806214809,1340.0,403492.03125,1340.0,0.3103608787059784,12.449246669574846,371.0,0.6432085037231445,True,-5558.987988867841,-10480.992964214933,1913.8067501970784,True,True,False,True,False,False,False
456,on_sonoff_gSYN,on -> sonoff gSYN,PSTH SSE,2,0.0428616069257259,1368.0,417024.875,1368.0,0.3036484122276306,11.71101640884534,349.0,0.6492658853530884,True,1851.043797897626,1913.8067501970784,1755.754475722198,True,True,True,True,False,True,True
456,on_sonoff_gSYN,on -> sonoff gSYN,PSTH SSE,2,0.0650742799043655,1407.0,426586.03125,1407.0,0.2942681014537811,11.476124962249587,342.0,0.657844066619873,True,929.0151444589683,1755.754475722198,-326.1751608954334,True,True,False,True,False,False,True
456,on_sonoff_gSYN,on -> sonoff gSYN,PSTH SSE,2,0.0987984910607338,1396.0,414577.875,1396.0,0.2914319634437561,11.44256904130734,341.0,0.6604645252227783,True,-150.1161531044345,-326.1751608954334,117.18403277227193,True,True,False,True,False,False,False
456,on_sonoff_gSYN,on -> sonoff gSYN,PSTH SSE,2,0.1500000059604644,1402.0,390385.71875,1402.0,0.2934051156044006,11.308345357538338,337.0,0.6586400866508484,True,117.18403277227193,117.18403277227193,,False,True,False,True,False,False,True
456,on_sonoff_gSYN,on -> sonoff gSYN,PSTH SSE,7,0.0010000000474974,2985.0,-1597.5438232421875,2985.0,0.1878428161144256,18.48931243917989,551.0,1.2674163579940796,True,0.0,,0.0,False,True,False,True,False,False,False
456,on_sonoff_gSYN,on -> sonoff gSYN,PSTH SSE,7,0.0015182418283075,2985.0,-2819.251220703125,2985.0,0.1878428161144256,18.48931243917989,551.0,1.2674163579940796,True,-2.3283064365386963e-10,0.0,0.0,True,True,False,True,False,False,True
456,on_sonoff_gSYN,on -> sonoff gSYN,PSTH SSE,7,0.0023050580639392,2985.0,-7251.11279296875,2985.0,0.1878428161144256,18.48931243917989,551.0,1.2674163579940796,True,-4.656612873077393e-10,0.0,0.0,True,True,False,True,False,False,True
456,on_sonoff_gSYN,on -> sonoff gSYN,PSTH SSE,7,0.0034996354952454,2985.0,-20879.275390625,2985.0,0.1878428161144256,18.48931243917989,551.0,1.2674163579940796,True,-2408.4627467722166,0.0,-6065.091950292642,True,True,False,True,False,False,True
456,on_sonoff_gSYN,on -> sonoff gSYN,PSTH SSE,7,0.0053132930770516,2974.0,-80119.03125,2974.0,0.189452663064003,18.45575651823764,550.0,1.2655631303787231,True,-24134.977067931555,-6065.091950292642,-51569.421941181616,True,True,True,True,False,True,True
456,on_sonoff_gSYN,on -> sonoff gSYN,PSTH SSE,7,0.0080668628215789,2832.0,-96961.0078125,2832.0,0.2079604417085647,17.91886178316164,534.0,1.244797945022583,True,-42964.488446522446,-51569.421941181616,-29900.114728205415,True,True,True,True,False,True,True
456,on_sonoff_gSYN,on -> sonoff gSYN,PSTH SSE,7,0.0122474487870931,2707.0,-64178.58203125,2707.0,0.2522900998592376,17.482634810912383,521.0,1.1985398530960083,True,-16837.989790765976,-29900.114728205415,2993.474085975575,True,True,False,True,False,False,True
456,on_sonoff_gSYN,on -> sonoff gSYN,PSTH SSE,7,0.0185945890843868,2726.0,27774.921875,2726.0,0.3295897245407104,16.173953894164626,482.0,1.126725673675537,True,5225.038944418004,2993.474085975575,8613.093228018213,True,True,True,True,False,True,True
456,on_sonoff_gSYN,on -> sonoff gSYN,PSTH SSE,7,0.0282310806214809,2809.0,76155.3046875,2809.0,0.373400330543518,15.402167712492869,459.0,1.0897598266601562,True,-30443.66802216787,8613.093228018213,-32792.017591007665,True,True,False,True,False,False,False
456,on_sonoff_gSYN,on -> sonoff gSYN,PSTH SSE,7,0.0288104899227619,2790.0,77473.8671875,2790.0,0.3655545115470886,15.43572363343512,460.0,1.096213698387146,True,-31941.50102697165,-32792.017591007665,-11315.826347930906,True,True,True,True,False,True,False
456,on_sonoff_gSYN,on -> sonoff gSYN,PSTH SSE,7,0.0428616069257259,2631.0,96245.328125,2631.0,0.3724603354930877,14.865272977416865,443.0,1.090529441833496,True,-6024.218690453636,-11315.826347930906,2341.0059676295973,True,True,False,True,False,False,False
456,on_sonoff_gSYN,on -> sonoff gSYN,PSTH SSE,7,0.0650742799043655,2683.0,104130.4921875,2683.0,0.3750344216823578,14.731049293647864,439.0,1.0884242057800293,True,1152.3368918732376,2341.0059676295973,-652.3503217908668,True,True,False,True,False,False,True
456,on_sonoff_gSYN,on -> sonoff gSYN,PSTH SSE,7,0.0987984910607338,2661.0,129954.515625,2661.0,0.3671756982803345,14.39549008422536,429.0,1.0948745012283323,True,110.81858141436896,-652.3503217908668,1269.4936883662792,True,True,False,True,False,False,True
456,on_sonoff_gSYN,on -> sonoff gSYN,PSTH SSE,7,0.1500000059604644,2726.0,159416.90625,2726.0,0.3859336674213409,14.429046005167612,430.0,1.0795891284942627,True,1269.4936883662792,1269.4936883662792,,False,True,False,True,False,False,True
456,output_ad,Output adaptation,PSTH SSE,1,0.0,989072.0,-56136536.0,989072.0,0.0429558716714382,597.5638401395926,17808.0,1.5356361865997314,True,-2957455859.5291276,,-2957455859.5291276,False,True,False,True,False,False,True
456,output_ad,Output adaptation,PSTH SSE,1,0.0002500000118743,249708.0,-18126130.0,249708.0,0.0883088335394859,317.33834435086067,9457.0,1.6255462169647217,True,-1753795916.6997356,-2957455859.5291276,-550135973.8698616,True,True,True,True,False,True,True
456,output_ad,Output adaptation,PSTH SSE,1,0.0005000000237487,112174.0,-8998519.0,112174.0,0.060331005603075,224.32133149894295,6685.0,1.5740019083023071,True,-415113313.61643887,-550135973.8698616,-145067993.1096475,True,True,True,True,False,True,True
456,output_ad,Output adaptation,PSTH SSE,1,0.0010000000474974,39640.0,-3580403.5,39640.0,0.01464753318578,147.2098251736519,4387.0,1.4494051933288574,True,-106011328.29807258,-145067993.1096475,-27897998.674914807,True,True,True,True,False,True,True
456,output_ad,Output adaptation,PSTH SSE,1,0.0020000000949949,11742.0,-1097102.375,11742.0,0.0001816929288906,91.77544377705443,2735.0,1.3148988485336304,True,-18405998.969453853,-27897998.674914807,-4167999.963770355,True,True,True,True,False,True,True
456,output_ad,Output adaptation,PSTH SSE,1,0.0035000001080334,5490.0,-264602.03125,5490.0,0.0262745413929224,60.870440589241966,1814.0,1.1662839651107788,True,-2335666.543220274,-4167999.963770355,-503333.4070858379,True,True,True,True,False,True,True
456,output_ad,Output adaptation,PSTH SSE,1,0.0049999998882412,4735.0,-27790.375,4735.0,0.0752860009670257,46.57561826784336,1388.0,1.0539952516555786,True,-325156.5217043683,-503333.4070858379,-294952.1454641077,True,True,True,True,False,True,True
456,output_ad,Output adaptation,PSTH SSE,1,0.0052542784251272,4660.0,1919.710693359375,4660.0,0.0833723247051239,44.595818932250594,1329.0,1.0396355390548706,True,-251998.86164087354,-294952.1454641077,127353.28570972214,True,True,False,True,False,False,False
456,output_ad,Output adaptation,PSTH SSE,1,0.0074999998323619,4946.0,109212.75,4946.0,0.1797804683446884,33.99214791449951,1013.0,0.9043729305267334,True,210754.94484060933,127353.28570972214,303600.00678599445,True,True,True,True,False,True,True
456,output_ad,Output adaptation,PSTH SSE,1,0.0099999997764825,5705.0,137357.84375,5705.0,0.2832777500152588,27.24740780510721,812.0,0.7961397767066956,True,265066.6725913723,303600.00678599445,188000.00420212722,True,True,True,True,False,True,True
456,output_ad,Output adaptation,PSTH SSE,1,0.0149999996647238,6645.0,150766.515625,6645.0,0.4900747537612915,20.066440723465654,598.0,0.6283248066902161,True,167000.0011560818,188000.00420212722,124999.99115243564,True,True,True,True,False,True,True
456,output_ad,Output adaptation,PSTH SSE,1,0.025000000372529,7895.0,115611.8359375,7895.0,0.7460300326347351,13.892151270091606,414.0,0.4646479189395904,True,124999.99115243564,124999.99115243564,,False,True,False,True,False,False,True
456,output_ad,Output adaptation,PSTH SSE,2,0.0,19602.0,-2683588.0,19602.0,0.2326988279819488,96.3390490252005,2871.0,0.7179202437400818,True,-41879998.01081736,,-41879998.01081736,False,True,False,True,False,False,True
456,output_ad,Output adaptation,PSTH SSE,2,0.0002500000118743,9132.0,-1568590.5,9132.0,0.2773825824260711,69.22586490386229,2063.0,0.6736376881599426,True,-28953998.624765527,-41879998.01081736,-16027999.238708505,True,True,True,True,False,True,True
456,output_ad,Output adaptation,PSTH SSE,2,0.0005000000237487,5125.0,-926161.3125,5125.0,0.3005310297012329,53.65591758665816,1599.0,0.6521018147468567,True,-12407999.410649668,-16027999.238708505,-5167999.754533449,True,True,True,True,False,True,True
456,output_ad,Output adaptation,PSTH SSE,2,0.0010000000474974,2541.0,-383010.375,2541.0,0.3320449888706207,37.64974329720479,1122.0,0.6240754723548889,True,-3797999.81960494,-5167999.754533449,-1057999.9497476474,True,True,True,True,False,True,True
456,output_ad,Output adaptation,PSTH SSE,2,0.0020000000949949,1483.0,-92101.28125,1483.0,0.3460296392440796,24.965605181034192,744.0,0.6120660901069641,True,-661199.9603803772,-1057999.9497476474,-65999.999426306,True,True,True,True,False,True,True
456,output_ad,Output adaptation,PSTH SSE,2,0.0035000001080334,1384.0,-25836.95703125,1384.0,0.3640668094158172,18.019529545988387,537.0,0.5969294309616089,True,112997.82131366804,-65999.999426306,147075.20911599358,True,True,False,True,False,False,False
456,output_ad,Output adaptation,PSTH SSE,2,0.0037855682894587,1426.0,-14167.2265625,1426.0,0.3583820164203644,17.482634810912383,521.0,0.6016587615013123,True,122524.00686048789,147075.20911599358,18115.47066302918,True,True,True,True,False,True,False
456,output_ad,Output adaptation,PSTH SSE,2,0.0049999998882412,1448.0,-3082.856201171875,1448.0,0.4012489020824432,14.932384819301364,445.0,0.5668668150901794,True,14285.103235407616,18115.47066302918,6400.000143051011,True,True,True,True,False,True,False
456,output_ad,Output adaptation,PSTH SSE,2,0.0074999998323619,1464.0,15410.873046875,1464.0,0.4540014564990997,11.912351934498842,355.0,0.526512622833252,True,14400.000321865373,6400.000143051011,22400.00050067943,True,True,True,True,False,True,True
456,output_ad,Output adaptation,PSTH SSE,2,0.0099999997764825,1520.0,31089.24609375,1520.0,0.5455442667007446,9.966108519848326,297.0,0.4616992771625519,True,26800.000599026855,22400.00050067943,35600.000795721964,True,True,True,True,False,True,True
456,output_ad,Output adaptation,PSTH SSE,2,0.0149999996647238,1698.0,13571.1865234375,1698.0,0.7136552929878235,8.086976947082313,241.0,0.3555276989936828,True,27166.667477745104,35600.000795721964,10299.999270960698,True,True,True,True,False,True,True
456,output_ad,Output adaptation,PSTH SSE,2,0.025000000372529,1801.0,9271.947265625,1801.0,0.8768585920333862,6.174289453374048,184.0,0.2639016509056091,True,10299.999270960698,10299.999270960698,,False,True,False,True,False,False,True
456,output_ad,Output adaptation,PSTH SSE,7,0.0,20470.0,-1812079.25,20470.0,0.065786562860012,78.3866313210966,2336.0,1.4443358182907104,True,-41003998.05242491,,-41003998.05242491,False,True,False,True,False,False,True
456,output_ad,Output adaptation,PSTH SSE,7,0.0002500000118743,10219.0,-741904.375,10219.0,0.0087940925732254,53.72302942854266,1601.0,1.6070479154586792,True,-27541998.691832066,-41003998.05242491,-14079999.331233826,True,True,True,True,False,True,True
456,output_ad,Output adaptation,PSTH SSE,7,0.0005000000237487,6699.0,-469437.96875,6699.0,0.0176368169486522,43.18647025267608,1287.0,1.5680210590362549,True,-10919999.481326118,-14079999.331233826,-4599999.781511971,True,True,True,True,False,True,True
456,output_ad,Output adaptation,PSTH SSE,7,0.0010000000474974,4399.0,-237502.21875,4399.0,0.0429790988564491,32.582799234925,971.0,1.4935107231140137,True,-3533666.4988267208,-4599999.781511971,-1400999.9334560055,True,True,True,True,False,True,True
456,output_ad,Output adaptation,PSTH SSE,7,0.0020000000949949,2998.0,-72985.546875,2998.0,0.1418274939060211,23.15358545015268,690.0,1.324224829673767,True,-898466.6145367405,-1400999.9334560055,-144666.6654091758,True,True,True,True,False,True,True
456,output_ad,Output adaptation,PSTH SSE,7,0.0035000001080334,2781.0,-28272.322265625,2781.0,0.2803419828414917,17.415522969027883,519.0,1.171351432800293,True,-42994.53607313335,-144666.6654091758,11246.667337020284,True,True,False,True,False,False,True
456,output_ad,Output adaptation,PSTH SSE,7,0.0043002371676266,2790.0,-4144.2451171875,2790.0,0.3655545115470886,15.43572363343512,460.0,1.096213698387146,True,-58794.01559544029,11246.667337020284,-120040.69025886807,True,True,False,True,False,False,True
456,output_ad,Output adaptation,PSTH SSE,7,0.0049999998882412,2706.0,-2568.468994140625,2706.0,0.4239469468593597,14.160598637629608,422.0,1.0497126579284668,True,-84691.15290885817,-120040.69025886807,41600.00092983157,True,True,False,True,False,False,True
456,output_ad,Output adaptation,PSTH SSE,7,0.0074999998323619,2810.0,13986.1572265625,2810.0,0.6130808591842651,11.073453910942584,330.0,0.917829930782318,True,38600.00086277712,41600.00092983157,35600.00079572267,True,True,True,True,False,True,True
456,output_ad,Output adaptation,PSTH SSE,7,0.0099999997764825,2899.0,16874.8359375,2899.0,0.8111948370933533,9.22787825911882,275.0,0.8001611828804016,True,32800.00073313742,35600.00079572267,27200.000607967344,True,True,True,True,False,True,True
456,output_ad,Output adaptation,PSTH SSE,7,0.0149999996647238,3035.0,26383.880859375,3035.0,1.1753007173538208,7.281634844468306,217.0,0.6167119145393372,True,22300.000414624767,27200.000607967344,12499.999115243565,True,True,True,True,False,True,True
456,output_ad,Output adaptation,PSTH SSE,7,0.025000000372529,3160.0,20256.140625,3160.0,1.4373637437820437,5.704506560182544,170.0,0.501923680305481,True,12499.999115243565,12499.999115243565,,False,True,False,True,False,False,True
456,rel_ref_a,Relative refractory a,CV squared error,1,0.0010000000474974,0.0833723247051239,-841945.0,4660.0,0.0833723247051239,44.595818932250594,1329.0,1.0396355390548706,True,0.0,,0.0,False,True,False,False,False,False,False
456,rel_ref_a,Relative refractory a,CV squared error,1,0.050000000745058,0.0833723247051239,-12311.0234375,4660.0,0.0833723247051239,44.595818932250594,1329.0,1.0396355390548706,True,0.0,0.0,0.0,True,True,False,True,False,False,False
456,rel_ref_a,Relative refractory a,CV squared error,1,0.1000000014901161,0.0833723247051239,-4380.22314453125,4660.0,0.0833723247051239,44.595818932250594,1329.0,1.0396355390548706,True,8.326672684688674e-17,0.0,0.0,True,True,False,True,False,False,False
456,rel_ref_a,Relative refractory a,CV squared error,1,0.25,0.0833723247051239,-399.83880615234375,4660.0,0.0833723247051239,44.595818932250594,1329.0,1.0396355390548706,True,-2.7755575615628914e-17,0.0,0.0,True,True,False,True,False,False,True
456,rel_ref_a,Relative refractory a,CV squared error,1,0.5,0.0833723247051239,-21.352859497070312,4660.0,0.0833723247051239,44.595818932250594,1329.0,1.0396355390548706,True,6.938893903907228e-18,0.0,0.0,True,True,False,True,False,False,False
456,rel_ref_a,Relative refractory a,CV squared error,1,1.0,0.0833723247051239,-0.3064574003219604,4660.0,0.0833723247051239,44.595818932250594,1329.0,1.0396355390548706,True,3.469446951953614e-18,0.0,0.0,True,True,False,True,False,False,False
456,rel_ref_a,Relative refractory a,CV squared error,1,2.0,0.0833723247051239,-0.0018946975469589,4660.0,0.0833723247051239,44.595818932250594,1329.0,1.0396355390548706,True,1.734723475976807e-18,0.0,0.0,True,True,False,True,False,False,False
456,rel_ref_a,Relative refractory a,CV squared error,1,4.0,0.0833723247051239,-1.9744777091545984e-05,4660.0,0.0833723247051239,44.595818932250594,1329.0,1.0396355390548706,True,0.0,0.0,0.0,True,False,False,True,False,False,False
456,rel_ref_a,Relative refractory a,CV squared error,1,6.0,0.0833723247051239,-3.580096574751224e-07,4660.0,0.0833723247051239,44.595818932250594,1329.0,1.0396355390548706,True,0.0,0.0,0.0,True,False,False,True,False,False,False
456,rel_ref_a,Relative refractory a,CV squared error,1,8.0,0.0833723247051239,-6.951639708319135e-09,4660.0,0.0833723247051239,44.595818932250594,1329.0,1.0396355390548706,True,0.0,0.0,0.0,True,False,False,True,False,False,False
456,rel_ref_a,Relative refractory a,CV squared error,1,8.795970916748047,0.0833723247051239,-1.7379099270797835e-09,4660.0,0.0833723247051239,44.595818932250594,1329.0,1.0396355390548706,True,-3.469446951953614e-18,0.0,0.0,True,False,False,True,False,False,True
456,rel_ref_a,Relative refractory a,CV squared error,1,10.0,0.0833723247051239,0.0,4660.0,0.0833723247051239,44.595818932250594,1329.0,1.0396355390548706,True,8.673617379884035e-19,0.0,0.0,True,False,False,True,False,False,False
456,rel_ref_a,Relative refractory a,CV squared error,1,15.0,0.0833723247051239,0.0,4660.0,0.0833723247051239,44.595818932250594,1329.0,1.0396355390548706,True,0.0,0.0,,False,False,False,False,False,False,False
456,rel_ref_a,Relative refractory a,CV squared error,2,0.0010000000474974,1.0785764455795288,-8097.35205078125,2023.0,1.0785764455795288,1.946243414650515,58.0,0.1617634892463684,True,-12.944893993290457,,-12.944893993290457,False,True,False,False,False,False,True
456,rel_ref_a,Relative refractory a,CV squared error,2,0.050000000745058,0.4442766308784485,-46876.32421875,1361.0,0.4442766308784485,16.97929599677863,506.0,0.5337681174278259,True,-7.350690180683491,-12.944893993290457,-1.6423189395320568,True,True,True,True,False,True,True
456,rel_ref_a,Relative refractory a,CV squared error,2,0.1000000014901161,0.3621606826782226,-9319.916015625,1438.0,0.3621606826782226,17.482634810912383,521.0,0.5985110402107239,True,-1.2380369742776978,-1.6423189395320568,-0.025191108635972653,True,True,True,True,False,True,True
456,rel_ref_a,Relative refractory a,CV squared error,2,0.25,0.3583820164203644,-8.697198867797852,1426.0,0.3583820164203644,17.482634810912383,521.0,0.6016587615013123,True,-0.015744442956135418,-0.025191108635972653,0.0,True,True,False,True,False,False,True
456,rel_ref_a,Relative refractory a,CV squared error,2,0.5,0.3583820164203644,-5.654914869701598e-10,1426.0,0.3583820164203644,17.482634810912383,521.0,0.6016587615013123,True,0.0,0.0,0.0,True,False,False,True,False,False,False
456,rel_ref_a,Relative refractory a,CV squared error,2,1.0,0.3583820164203644,0.0,1426.0,0.3583820164203644,17.482634810912383,521.0,0.6016587615013123,True,0.0,0.0,0.0,True,False,False,True,False,False,False
456,rel_ref_a,Relative refractory a,CV squared error,2,2.0,0.3583820164203644,0.0,1426.0,0.3583820164203644,17.482634810912383,521.0,0.6016587615013123,True,2.7755575615628914e-17,0.0,0.0,True,False,False,True,False,False,False
456,rel_ref_a,Relative refractory a,CV squared error,2,3.2449843883514404,0.3583820164203644,0.0,1426.0,0.3583820164203644,17.482634810912383,521.0,0.6016587615013123,True,0.0,0.0,0.0,True,False,False,True,False,False,False
456,rel_ref_a,Relative refractory a,CV squared error,2,4.0,0.3583820164203644,0.0,1426.0,0.3583820164203644,17.482634810912383,521.0,0.6016587615013123,True,-2.0816681711721685e-17,0.0,0.0,True,False,False,True,False,False,False
456,rel_ref_a,Relative refractory a,CV squared error,2,6.0,0.3583820164203644,0.0,1426.0,0.3583820164203644,17.482634810912383,521.0,0.6016587615013123,True,0.0,0.0,0.0,True,False,False,True,False,False,False
456,rel_ref_a,Relative refractory a,CV squared error,2,8.0,0.3583820164203644,0.0,1426.0,0.3583820164203644,17.482634810912383,521.0,0.6016587615013123,True,0.0,0.0,0.0,True,False,False,True,False,False,False
456,rel_ref_a,Relative refractory a,CV squared error,2,10.0,0.3583820164203644,0.0,1426.0,0.3583820164203644,17.482634810912383,521.0,0.6016587615013123,True,6.938893903907228e-18,0.0,0.0,True,False,False,True,False,False,False
456,rel_ref_a,Relative refractory a,CV squared error,2,15.0,0.3583820164203644,0.0,1426.0,0.3583820164203644,17.482634810912383,521.0,0.6016587615013123,True,0.0,0.0,,False,False,False,False,False,False,False
456,rel_ref_a,Relative refractory a,CV squared error,7,0.0010000000474974,0.4323856234550476,-1668504.0,2613.0,0.4323856234550476,14.999496661185866,447.0,1.043264389038086,True,-1.453011599116453,,-1.453011599116453,False,True,False,False,False,False,True
456,rel_ref_a,Relative refractory a,CV squared error,7,0.050000000745058,0.3611880540847778,-11981.9326171875,2700.0,0.3611880540847778,15.368611791550618,458.0,1.0998355150222778,True,-0.6523321824292578,-1.453011599116453,0.1646876310603672,True,True,False,True,False,False,True
456,rel_ref_a,Relative refractory a,CV squared error,7,0.1000000014901161,0.369422435760498,-8562.3310546875,2735.0,0.369422435760498,15.402167712492869,459.0,1.093023419380188,True,0.1170691819885894,0.1646876310603672,-0.025786161678891622,True,True,False,True,False,False,False
456,rel_ref_a,Relative refractory a,CV squared error,7,0.25,0.3655545115470886,-1288.3660888671875,2790.0,0.3655545115470886,15.43572363343512,460.0,1.096213698387146,True,-0.016116351109345395,-0.025786161678891622,0.0,True,True,False,True,False,False,True
456,rel_ref_a,Relative refractory a,CV squared error,7,0.5,0.3655545115470886,-70.84269714355469,2790.0,0.3655545115470886,15.43572363343512,460.0,1.096213698387146,True,0.0,0.0,0.0,True,True,False,True,False,False,False
456,rel_ref_a,Relative refractory a,CV squared error,7,1.0,0.3655545115470886,-0.8120282888412476,2790.0,0.3655545115470886,15.43572363343512,460.0,1.096213698387146,True,0.0,0.0,0.0,True,True,False,True,False,False,False
456,rel_ref_a,Relative refractory a,CV squared error,7,2.0,0.3655545115470886,-0.0057702427729964,2790.0,0.3655545115470886,15.43572363343512,460.0,1.096213698387146,True,0.0,0.0,0.0,True,True,False,True,False,False,False
456,rel_ref_a,Relative refractory a,CV squared error,7,4.0,0.3655545115470886,-9.2103990027681e-05,2790.0,0.3655545115470886,15.43572363343512,460.0,1.096213698387146,True,0.0,0.0,0.0,True,False,False,True,False,False,False
456,rel_ref_a,Relative refractory a,CV squared error,7,6.0,0.3655545115470886,-1.6882394220374408e-06,2790.0,0.3655545115470886,15.43572363343512,460.0,1.096213698387146,True,0.0,0.0,0.0,True,False,False,True,False,False,False
456,rel_ref_a,Relative refractory a,CV squared error,7,8.0,0.3655545115470886,-3.07708809543783e-08,2790.0,0.3655545115470886,15.43572363343512,460.0,1.096213698387146,True,4.440892098500626e-16,0.0,0.0,True,False,False,True,False,False,False
456,rel_ref_a,Relative refractory a,CV squared error,7,8.140619277954102,0.3655545115470886,-2.3286069961159228e-08,2790.0,0.3655545115470886,15.43572363343512,460.0,1.096213698387146,True,5.898059818321144e-16,0.0,0.0,True,False,False,True,False,False,False
456,rel_ref_a,Relative refractory a,CV squared error,7,10.0,0.3655545115470886,-8.316453081747e-10,2790.0,0.3655545115470886,15.43572363343512,460.0,1.096213698387146,True,6.938893903907228e-18,0.0,0.0,True,False,False,True,False,False,False
456,rel_ref_a,Relative refractory a,CV squared error,7,15.0,0.3655545115470886,0.0,2790.0,0.3655545115470886,15.43572363343512,460.0,1.096213698387146,True,0.0,0.0,,False,False,False,False,False,False,False
456,rel_ref_b,Relative refractory b,CV squared error,1,0.0,0.0833723247051239,1.7379099270797835e-09,4660.0,0.0833723247051239,44.595818932250594,1329.0,1.0396355390548706,True,0.0,,0.0,False,True,False,False,False,False,False
456,rel_ref_b,Relative refractory b,CV squared error,1,0.25,0.0833723247051239,1.7379099270797835e-09,4660.0,0.0833723247051239,44.595818932250594,1329.0,1.0396355390548706,True,0.0,0.0,0.0,True,True,False,True,False,False,False
456,rel_ref_b,Relative refractory b,CV squared error,1,0.5,0.0833723247051239,3.475819854159567e-09,4660.0,0.0833723247051239,44.595818932250594,1329.0,1.0396355390548706,True,6.938893903907228e-18,0.0,0.0,True,True,False,True,False,False,True
456,rel_ref_b,Relative refractory b,CV squared error,1,1.0,0.0833723247051239,1.0427471330842764e-08,4660.0,0.0833723247051239,44.595818932250594,1329.0,1.0396355390548706,True,3.469446951953614e-18,0.0,0.0,True,True,False,True,False,False,True
456,rel_ref_b,Relative refractory b,CV squared error,1,2.0,0.0833723247051239,7.299220072809477e-08,4660.0,0.0833723247051239,44.595818932250594,1329.0,1.0396355390548706,True,1.734723475976807e-18,0.0,0.0,True,True,False,True,False,False,True
456,rel_ref_b,Relative refractory b,CV squared error,1,4.0,0.0833723247051239,3.981554073106963e-06,4660.0,0.0833723247051239,44.595818932250594,1329.0,1.0396355390548706,True,0.0,0.0,0.0,True,True,False,True,False,False,False
456,rel_ref_b,Relative refractory b,CV squared error,1,6.0,0.0833723247051239,0.000215772059164,4660.0,0.0833723247051239,44.595818932250594,1329.0,1.0396355390548706,True,0.0,0.0,0.0,True,True,False,True,False,False,False
456,rel_ref_b,Relative refractory b,CV squared error,1,8.0,0.0833723247051239,0.0081939240917563,4660.0,0.0833723247051239,44.595818932250594,1329.0,1.0396355390548706,True,0.0,0.0,0.0,True,True,False,True,False,False,False
456,rel_ref_b,Relative refractory b,CV squared error,1,10.0,0.0833723247051239,0.0044171917252242,4660.0,0.0833723247051239,44.595818932250594,1329.0,1.0396355390548706,True,-3.469446951953614e-18,0.0,0.0,True,True,False,True,False,False,False
456,rel_ref_b,Relative refractory b,CV squared error,1,15.0,0.0833723247051239,0.0045756171457469,4660.0,0.0833723247051239,44.595818932250594,1329.0,1.0396355390548706,True,8.673617379884035e-19,0.0,0.0,True,True,False,True,False,False,True
456,rel_ref_b,Relative refractory b,CV squared error,1,25.0,0.0833723247051239,0.8153932094573975,4660.0,0.0833723247051239,44.595818932250594,1329.0,1.0396355390548706,True,0.0,0.0,,False,True,False,False,False,False,False
456,rel_ref_b,Relative refractory b,CV squared error,2,0.0,0.3583820164203644,0.0,1426.0,0.3583820164203644,17.482634810912383,521.0,0.6016587615013123,True,0.0,,0.0,False,False,False,False,False,False,False
456,rel_ref_b,Relative refractory b,CV squared error,2,0.25,0.3583820164203644,0.0,1426.0,0.3583820164203644,17.482634810912383,521.0,0.6016587615013123,True,0.0,0.0,0.0,True,False,False,True,False,False,False
456,rel_ref_b,Relative refractory b,CV squared error,2,0.5,0.3583820164203644,0.0,1426.0,0.3583820164203644,17.482634810912383,521.0,0.6016587615013123,True,0.0,0.0,0.0,True,False,False,True,False,False,False
456,rel_ref_b,Relative refractory b,CV squared error,2,1.0,0.3583820164203644,0.0,1426.0,0.3583820164203644,17.482634810912383,521.0,0.6016587615013123,True,0.0,0.0,0.0,True,False,False,True,False,False,False
456,rel_ref_b,Relative refractory b,CV squared error,2,2.0,0.3583820164203644,0.0,1426.0,0.3583820164203644,17.482634810912383,521.0,0.6016587615013123,True,0.0,0.0,0.0,True,False,False,True,False,False,False
456,rel_ref_b,Relative refractory b,CV squared error,2,4.0,0.3583820164203644,0.0,1426.0,0.3583820164203644,17.482634810912383,521.0,0.6016587615013123,True,0.0,0.0,0.0,True,False,False,True,False,False,False
456,rel_ref_b,Relative refractory b,CV squared error,2,6.0,0.3583820164203644,0.0,1426.0,0.3583820164203644,17.482634810912383,521.0,0.6016587615013123,True,0.0,0.0,0.0,True,False,False,True,False,False,False
456,rel_ref_b,Relative refractory b,CV squared error,2,8.0,0.3583820164203644,0.0,1426.0,0.3583820164203644,17.482634810912383,521.0,0.6016587615013123,True,-1.1102230246251565e-16,0.0,0.0,True,False,False,True,False,False,False
456,rel_ref_b,Relative refractory b,CV squared error,2,8.554961204528809,0.3583820164203644,0.0,1426.0,0.3583820164203644,17.482634810912383,521.0,0.6016587615013123,True,-9.71445146547012e-17,0.0,0.0,True,False,False,True,False,False,False
456,rel_ref_b,Relative refractory b,CV squared error,2,10.0,0.3583820164203644,0.0,1426.0,0.3583820164203644,17.482634810912383,521.0,0.6016587615013123,True,2.42861286636753e-17,0.0,0.0,True,False,False,True,False,False,False
456,rel_ref_b,Relative refractory b,CV squared error,2,15.0,0.3583820164203644,0.0,1426.0,0.3583820164203644,17.482634810912383,521.0,0.6016587615013123,True,0.0,0.0,0.0,True,False,False,True,False,False,False
456,rel_ref_b,Relative refractory b,CV squared error,2,25.0,0.3583820164203644,0.0,1426.0,0.3583820164203644,17.482634810912383,521.0,0.6016587615013123,True,0.0,0.0,,False,False,False,False,False,False,False
456,rel_ref_b,Relative refractory b,CV squared error,7,0.0,0.3655545115470886,2.494936701680217e-09,2790.0,0.3655545115470886,15.43572363343512,460.0,1.096213698387146,True,0.0,,0.0,False,True,False,False,False,False,False
456,rel_ref_b,Relative refractory b,CV squared error,7,0.25,0.3655545115470886,4.1582253196281735e-09,2790.0,0.3655545115470886,15.43572363343512,460.0,1.096213698387146,True,0.0,0.0,0.0,True,True,False,True,False,False,False
456,rel_ref_b,Relative refractory b,CV squared error,7,0.5,0.3655545115470886,6.6531624653976e-09,2790.0,0.3655545115470886,15.43572363343512,460.0,1.096213698387146,True,0.0,0.0,0.0,True,True,False,True,False,False,False
456,rel_ref_b,Relative refractory b,CV squared error,7,1.0,0.3655545115470886,1.7464559576296782e-08,2790.0,0.3655545115470886,15.43572363343512,460.0,1.096213698387146,True,0.0,0.0,0.0,True,True,False,True,False,False,False
456,rel_ref_b,Relative refractory b,CV squared error,7,1.1436665058135986,0.3655545115470886,2.3286069961159228e-08,2790.0,0.3655545115470886,15.43572363343512,460.0,1.096213698387146,True,-1.1796119636642288e-16,0.0,0.0,True,True,False,True,False,False,False
456,rel_ref_b,Relative refractory b,CV squared error,7,2.0,0.3655545115470886,1.2973667651294818e-07,2790.0,0.3655545115470886,15.43572363343512,460.0,1.096213698387146,True,-1.3877787807814457e-17,0.0,0.0,True,True,False,True,False,False,False
456,rel_ref_b,Relative refractory b,CV squared error,7,4.0,0.3655545115470886,7.063169960019877e-06,2790.0,0.3655545115470886,15.43572363343512,460.0,1.096213698387146,True,0.0,0.0,0.0,True,True,False,True,False,False,False
456,rel_ref_b,Relative refractory b,CV squared error,7,6.0,0.3655545115470886,0.0003753556811716,2790.0,0.3655545115470886,15.43572363343512,460.0,1.096213698387146,True,0.0,0.0,0.0,True,True,False,True,False,False,False
456,rel_ref_b,Relative refractory b,CV squared error,7,8.0,0.3655545115470886,0.0068402090109884,2790.0,0.3655545115470886,15.43572363343512,460.0,1.096213698387146,True,0.0,0.0,0.0,True,True,False,True,False,False,False
456,rel_ref_b,Relative refractory b,CV squared error,7,10.0,0.3655545115470886,0.0006462110904976,2790.0,0.3655545115470886,15.43572363343512,460.0,1.096213698387146,True,-1.0408340855860843e-17,0.0,0.0,True,True,False,True,False,False,False
456,rel_ref_b,Relative refractory b,CV squared error,7,15.0,0.3655545115470886,0.0155164534226059,2790.0,0.3655545115470886,15.43572363343512,460.0,1.096213698387146,True,5.204170427930421e-18,0.0,0.0,True,True,False,True,False,False,True
456,rel_ref_b,Relative refractory b,CV squared error,7,25.0,0.3655545115470886,0.4981403946876526,2790.0,0.3655545115470886,15.43572363343512,460.0,1.096213698387146,True,0.0,0.0,,False,True,False,False,False,False,False
456,rel_ref_c,Relative refractory c,CV squared error,1,0.2000000029802322,0.1100559532642364,-11686.9443359375,4435.0,0.1100559532642364,43.89114459246333,1308.0,0.996631383895874,True,-0.14036633388026817,,-0.14036633388026817,False,True,False,False,False,False,True
456,rel_ref_c,Relative refractory c,CV squared error,1,0.2800000011920929,0.0988266468048095,-10811.068359375,4636.0,0.0988266468048095,44.12603603905909,1315.0,1.0140111446380615,True,-0.10646912147085164,-0.14036633388026817,-0.07257190274758694,True,True,True,True,False,True,True
456,rel_ref_c,Relative refractory c,CV squared error,1,0.3600000143051147,0.0930208936333656,-10267.2763671875,4578.0,0.0930208936333656,44.39448340659709,1323.0,1.023384928703308,True,-0.0683873891527691,-0.07257190274758694,-0.06420287711680382,True,True,True,True,False,True,True
456,rel_ref_c,Relative refractory c,CV squared error,1,0.4399999976158142,0.0878846645355224,-9928.5810546875,4614.0,0.0878846645355224,44.46159524848159,1325.0,1.0319247245788574,True,-0.06030356838181539,-0.06420287711680382,-0.05640425964682681,True,True,True,True,False,True,True
456,rel_ref_c,Relative refractory c,CV squared error,1,0.5199999809265137,0.0833723247051239,-9497.9912109375,4660.0,0.0833723247051239,44.595818932250594,1329.0,1.0396355390548706,True,-0.02820214032952373,-0.05640425964682681,0.0,True,True,False,True,False,False,True
456,rel_ref_c,Relative refractory c,CV squared error,1,0.6000000238418579,0.0833723247051239,-9497.9912109375,4660.0,0.0833723247051239,44.595818932250594,1329.0,1.0396355390548706,True,0.0,0.0,0.0,True,True,False,True,False,False,False
456,rel_ref_c,Relative refractory c,CV squared error,1,0.6800000071525574,0.0833723247051239,-9497.9912109375,4660.0,0.0833723247051239,44.595818932250594,1329.0,1.0396355390548706,True,0.0,0.0,0.0,True,True,False,True,False,False,False
456,rel_ref_c,Relative refractory c,CV squared error,1,0.7599999904632568,0.0833723247051239,-9497.9912109375,4660.0,0.0833723247051239,44.595818932250594,1329.0,1.0396355390548706,True,0.0,0.0,0.0,True,True,False,True,False,False,False
456,rel_ref_c,Relative refractory c,CV squared error,1,0.8399999737739563,0.0833723247051239,-9497.9912109375,4660.0,0.0833723247051239,44.595818932250594,1329.0,1.0396355390548706,True,0.0,0.0,0.0,True,True,False,True,False,False,False
456,rel_ref_c,Relative refractory c,CV squared error,1,0.9200000166893004,0.0833723247051239,-9497.9912109375,4660.0,0.0833723247051239,44.595818932250594,1329.0,1.0396355390548706,True,0.0,0.0,0.0,True,True,False,True,False,False,False
456,rel_ref_c,Relative refractory c,CV squared error,1,1.0,0.0833723247051239,-9497.9912109375,4660.0,0.0833723247051239,44.595818932250594,1329.0,1.0396355390548706,True,0.0,0.0,,False,True,False,False,False,False,False
456,rel_ref_c,Relative refractory c,CV squared error,2,0.2000000029802322,0.3578607439994812,-15716.46484375,1431.0,0.3578607439994812,17.449078889970135,520.0,0.602094292640686,True,0.00820718723998637,,0.00820718723998637,False,True,False,False,False,False,False
456,rel_ref_c,Relative refractory c,CV squared error,2,0.2800000011920929,0.3585173189640045,-15177.3701171875,1422.0,0.3585173189640045,17.482634810912383,521.0,0.6015457510948181,True,0.004162639838223292,0.00820718723998637,0.0001180916831045075,True,True,True,True,False,True,False
456,rel_ref_c,Relative refractory c,CV squared error,2,0.3600000143051147,0.3585267663002014,-14925.3642578125,1408.0,0.3585267663002014,17.482634810912383,521.0,0.6015378832817078,True,-0.0008322302253005454,0.0001180916831045075,-0.0017825517796833043,True,True,False,True,False,False,True
456,rel_ref_c,Relative refractory c,CV squared error,2,0.4399999976158142,0.3583841621875763,-14758.01171875,1412.0,0.3583841621875763,17.482634810912383,521.0,0.601656973361969,True,-0.000904686937714061,-0.0017825517796833043,-2.6822095744450994e-05,True,True,True,True,False,True,True
456,rel_ref_c,Relative refractory c,CV squared error,2,0.5199999809265137,0.3583820164203644,-14669.3095703125,1426.0,0.3583820164203644,17.482634810912383,521.0,0.6016587615013123,True,-1.3411052868228523e-05,-2.6822095744450994e-05,0.0,True,True,False,True,False,False,True
456,rel_ref_c,Relative refractory c,CV squared error,2,0.6000000238418579,0.3583820164203644,-14669.3095703125,1426.0,0.3583820164203644,17.482634810912383,521.0,0.6016587615013123,True,0.0,0.0,0.0,True,True,False,True,False,False,False
456,rel_ref_c,Relative refractory c,CV squared error,2,0.6800000071525574,0.3583820164203644,-14669.3095703125,1426.0,0.3583820164203644,17.482634810912383,521.0,0.6016587615013123,True,0.0,0.0,0.0,True,True,False,True,False,False,False
456,rel_ref_c,Relative refractory c,CV squared error,2,0.7599999904632568,0.3583820164203644,-14669.3095703125,1426.0,0.3583820164203644,17.482634810912383,521.0,0.6016587615013123,True,0.0,0.0,0.0,True,True,False,True,False,False,False
456,rel_ref_c,Relative refractory c,CV squared error,2,0.8399999737739563,0.3583820164203644,-14669.3095703125,1426.0,0.3583820164203644,17.482634810912383,521.0,0.6016587615013123,True,0.0,0.0,0.0,True,True,False,True,False,False,False
456,rel_ref_c,Relative refractory c,CV squared error,2,0.9200000166893004,0.3583820164203644,-14669.3095703125,1426.0,0.3583820164203644,17.482634810912383,521.0,0.6016587615013123,True,0.0,0.0,0.0,True,True,False,True,False,False,False
456,rel_ref_c,Relative refractory c,CV squared error,2,1.0,0.3583820164203644,-14669.3095703125,1426.0,0.3583820164203644,17.482634810912383,521.0,0.6016587615013123,True,0.0,0.0,,False,True,False,False,False,False,False
456,rel_ref_c,Relative refractory c,CV squared error,7,0.2000000029802322,0.3983708024024963,-8108.4794921875,2661.0,0.3983708024024963,14.932384819301364,445.0,1.0696585178375244,True,-0.22623055188873145,,-0.22623055188873145,False,True,False,False,False,False,True
456,rel_ref_c,Relative refractory c,CV squared error,7,0.2800000011920929,0.3802723586559295,-7714.71630859375,2685.0,0.3802723586559295,15.267944028723868,455.0,1.0841624736785889,True,-0.16974191963425111,-0.22623055188873145,-0.11325327685794175,True,True,True,True,False,True,True
456,rel_ref_c,Relative refractory c,CV squared error,7,0.3600000143051147,0.3712120950222015,-7492.318359375,2719.0,0.3712120950222015,15.335055870608368,457.0,1.091552972793579,True,-0.09117833651444451,-0.11325327685794175,-0.06910340439450231,True,True,True,True,False,True,True
456,rel_ref_c,Relative refractory c,CV squared error,7,0.4399999976158142,0.3656838238239288,-7354.07373046875,2780.0,0.3656838238239288,15.43572363343512,460.0,1.096106767654419,True,-0.035359904096106565,-0.06910340439450231,-0.0016164037977100401,True,True,True,True,False,True,True
456,rel_ref_c,Relative refractory c,CV squared error,7,0.5199999809265137,0.3655545115470886,-7322.05859375,2790.0,0.3655545115470886,15.43572363343512,460.0,1.096213698387146,True,-0.0008082021999333833,-0.0016164037977100401,0.0,True,True,False,True,False,False,True
456,rel_ref_c,Relative refractory c,CV squared error,7,0.6000000238418579,0.3655545115470886,-7322.05859375,2790.0,0.3655545115470886,15.43572363343512,460.0,1.096213698387146,True,0.0,0.0,0.0,True,True,False,True,False,False,False
456,rel_ref_c,Relative refractory c,CV squared error,7,0.6800000071525574,0.3655545115470886,-7322.05859375,2790.0,0.3655545115470886,15.43572363343512,460.0,1.096213698387146,True,0.0,0.0,0.0,True,True,False,True,False,False,False
456,rel_ref_c,Relative refractory c,CV squared error,7,0.7599999904632568,0.3655545115470886,-7322.05859375,2790.0,0.3655545115470886,15.43572363343512,460.0,1.096213698387146,True,0.0,0.0,0.0,True,True,False,True,False,False,False
456,rel_ref_c,Relative refractory c,CV squared error,7,0.8399999737739563,0.3655545115470886,-7322.05859375,2790.0,0.3655545115470886,15.43572363343512,460.0,1.096213698387146,True,4.440892098500626e-16,0.0,0.0,True,True,False,True,False,False,False
456,rel_ref_c,Relative refractory c,CV squared error,7,0.9200000166893004,0.3655545115470886,-7322.05859375,2790.0,0.3655545115470886,15.43572363343512,460.0,1.096213698387146,True,4.440892098500626e-16,0.0,0.0,True,True,False,True,False,False,False
456,rel_ref_c,Relative refractory c,CV squared error,7,1.0,0.3655545115470886,-7322.05859375,2790.0,0.3655545115470886,15.43572363343512,460.0,1.096213698387146,True,0.0,0.0,,False,True,False,False,False,False,False
456,sonoff_ron_gSYN,sonoff -> ron gSYN,PSTH SSE,1,0.0010000000474974,4773.0,-2567.557373046875,4773.0,0.0814247354865074,44.62937485319284,1330.0,1.0430279970169067,True,0.0,,0.0,False,True,False,True,False,False,False
456,sonoff_ron_gSYN,sonoff -> ron gSYN,PSTH SSE,1,0.0015182418283075,4773.0,-2431.08837890625,4773.0,0.0814247354865074,44.62937485319284,1330.0,1.0430279970169067,True,0.0,0.0,0.0,True,True,False,True,False,False,False
456,sonoff_ron_gSYN,sonoff -> ron gSYN,PSTH SSE,1,0.0023050580639392,4773.0,-2413.740966796875,4773.0,0.0814282745122909,44.62937485319284,1330.0,1.04302179813385,True,-4.656612873077393e-10,0.0,0.0,True,True,False,True,False,False,True
456,sonoff_ron_gSYN,sonoff -> ron gSYN,PSTH SSE,1,0.0034996354952454,4773.0,-2413.33642578125,4773.0,0.0814348757266998,44.62937485319284,1330.0,1.0430102348327637,True,-1.1641532182693481e-10,0.0,0.0,True,True,False,True,False,False,True
456,sonoff_ron_gSYN,sonoff -> ron gSYN,PSTH SSE,1,0.0053132930770516,4773.0,-3013.26025390625,4773.0,0.0814503878355026,44.62937485319284,1330.0,1.042983055114746,True,-1586.3509439677,0.0,-3994.8143757253365,True,True,False,True,False,False,True
456,sonoff_ron_gSYN,sonoff -> ron gSYN,PSTH SSE,1,0.0080668628215789,4762.0,-2376.34423828125,4762.0,0.0808306783437728,44.595818932250594,1329.0,1.044070839881897,True,-3548.311123244057,-3994.8143757253365,-2870.4110139077197,True,True,True,True,False,True,True
456,sonoff_ron_gSYN,sonoff -> ron gSYN,PSTH SSE,1,0.0122474487870931,4750.0,268.47216796875,4750.0,0.0809948667883873,44.595818932250594,1329.0,1.0437822341918943,True,-1230.0517837099032,-2870.4110139077197,1260.4101414634,True,True,False,True,False,False,False
456,sonoff_ron_gSYN,sonoff -> ron gSYN,PSTH SSE,1,0.0185945890843868,4758.0,-1553.4576416015625,4758.0,0.0808942690491676,44.595818932250594,1329.0,1.0439590215682983,True,759.8981124770362,1260.4101414634,0.0,True,True,False,True,False,False,False
456,sonoff_ron_gSYN,sonoff -> ron gSYN,PSTH SSE,1,0.0282310806214809,4758.0,-980.2223510742188,4758.0,0.0808958262205123,44.595818932250594,1329.0,1.043956279754639,True,-1248.5341258163098,0.0,-3144.111089609486,True,True,False,True,False,False,True
456,sonoff_ron_gSYN,sonoff -> ron gSYN,PSTH SSE,1,0.0428616069257259,4712.0,-257.837646484375,4712.0,0.0816295742988586,44.595818932250594,1329.0,1.0426692962646484,True,-3367.594036640774,-3144.111089609486,-3588.915988580175,True,True,True,True,False,True,True
456,sonoff_ron_gSYN,sonoff -> ron gSYN,PSTH SSE,1,0.0573506616055965,4660.0,-38.73643112182617,4660.0,0.0833723247051239,44.595818932250594,1329.0,1.0396355390548706,True,-1247.9100209505996,-3588.915988580175,0.0,True,True,False,True,False,False,True
456,sonoff_ron_gSYN,sonoff -> ron gSYN,PSTH SSE,1,0.0650742799043655,4660.0,-29.937721252441406,4660.0,0.0833723247051239,44.595818932250594,1329.0,1.0396355390548706,True,-33.15342958408655,0.0,-177.91372412478185,True,True,False,True,False,False,True
456,sonoff_ron_gSYN,sonoff -> ron gSYN,PSTH SSE,1,0.0987984910607338,4654.0,277.02996826171875,4654.0,0.0840420499444007,44.595818932250594,1329.0,1.038478136062622,True,-153.79781685210764,-177.91372412478185,-117.18403277227193,True,True,True,True,False,True,False
456,sonoff_ron_gSYN,sonoff -> ron gSYN,PSTH SSE,1,0.1500000059604644,4648.0,211.3881683349609,4648.0,0.0847938507795333,44.595818932250594,1329.0,1.0371843576431274,True,-117.18403277227193,-117.18403277227193,,False,True,False,True,False,False,False
456,sonoff_ron_gSYN,sonoff -> ron gSYN,PSTH SSE,2,0.0010000000474974,1426.0,0.0,1426.0,0.3583820164203644,17.482634810912383,521.0,0.6016587615013123,True,0.0,,0.0,False,False,False,True,False,False,False
456,sonoff_ron_gSYN,sonoff -> ron gSYN,PSTH SSE,2,0.0015182418283075,1426.0,0.0,1426.0,0.3583820164203644,17.482634810912383,521.0,0.6016587615013123,True,1.1641532182693481e-10,0.0,0.0,True,False,False,True,False,False,False
456,sonoff_ron_gSYN,sonoff -> ron gSYN,PSTH SSE,2,0.0023050580639392,1426.0,0.0,1426.0,0.3583820164203644,17.482634810912383,521.0,0.6016587615013123,True,-2.3283064365386963e-10,0.0,0.0,True,False,False,True,False,False,False
456,sonoff_ron_gSYN,sonoff -> ron gSYN,PSTH SSE,2,0.0034996354952454,1426.0,0.0,1426.0,0.3583820164203644,17.482634810912383,521.0,0.6016587615013123,True,0.0,0.0,0.0,True,False,False,True,False,False,False
456,sonoff_ron_gSYN,sonoff -> ron gSYN,PSTH SSE,2,0.0053132930770516,1426.0,0.0,1426.0,0.3583820164203644,17.482634810912383,521.0,0.6016587615013123,True,-8.731149137020111e-11,0.0,0.0,True,False,False,True,False,False,False
456,sonoff_ron_gSYN,sonoff -> ron gSYN,PSTH SSE,2,0.0080668628215789,1426.0,0.0,1426.0,0.3583820164203644,17.482634810912383,521.0,0.6016587615013123,True,-2.9103830456733704e-11,0.0,0.0,True,False,False,True,False,False,False
456,sonoff_ron_gSYN,sonoff -> ron gSYN,PSTH SSE,2,0.0122474487870931,1426.0,0.0,1426.0,0.3583820164203644,17.482634810912383,521.0,0.6016587615013123,True,-1.4551915228366852e-11,0.0,0.0,True,False,False,True,False,False,False
456,sonoff_ron_gSYN,sonoff -> ron gSYN,PSTH SSE,2,0.0185945890843868,1426.0,0.0,1426.0,0.3583820164203644,17.482634810912383,521.0,0.6016587615013123,True,0.0,0.0,0.0,True,False,False,True,False,False,False
456,sonoff_ron_gSYN,sonoff -> ron gSYN,PSTH SSE,2,0.0282310806214809,1426.0,0.0,1426.0,0.3583820164203644,17.482634810912383,521.0,0.6016587615013123,True,0.0,0.0,0.0,True,False,False,True,False,False,False
456,sonoff_ron_gSYN,sonoff -> ron gSYN,PSTH SSE,2,0.030887808650732,1426.0,0.0,1426.0,0.3583820164203644,17.482634810912383,521.0,0.6016587615013123,True,-6.184563972055912e-11,0.0,0.0,True,False,False,True,False,False,False
456,sonoff_ron_gSYN,sonoff -> ron gSYN,PSTH SSE,2,0.0428616069257259,1426.0,0.0,1426.0,0.3583820164203644,17.482634810912383,521.0,0.6016587615013123,True,-7.275957614183426e-12,0.0,0.0,True,False,False,True,False,False,False
456,sonoff_ron_gSYN,sonoff -> ron gSYN,PSTH SSE,2,0.0650742799043655,1426.0,0.0,1426.0,0.3583820164203644,17.482634810912383,521.0,0.6016587615013123,True,0.0,0.0,0.0,True,False,False,True,False,False,False
456,sonoff_ron_gSYN,sonoff -> ron gSYN,PSTH SSE,2,0.0987984910607338,1426.0,0.0,1426.0,0.3583820164203644,17.482634810912383,521.0,0.6016587615013123,True,1.8189894035458565e-12,0.0,0.0,True,False,False,True,False,False,False
456,sonoff_ron_gSYN,sonoff -> ron gSYN,PSTH SSE,2,0.1500000059604644,1426.0,0.0,1426.0,0.3583820164203644,17.482634810912383,521.0,0.6016587615013123,True,0.0,0.0,,False,False,False,True,False,False,False
456,sonoff_ron_gSYN,sonoff -> ron gSYN,PSTH SSE,7,0.0010000000474974,2987.0,-75634.9140625,2987.0,0.1840784549713134,18.35508875541089,547.0,1.271781086921692,True,0.0,,0.0,False,True,False,True,False,False,False
456,sonoff_ron_gSYN,sonoff -> ron gSYN,PSTH SSE,7,0.0015182418283075,2987.0,-72884.0390625,2987.0,0.1856344193220138,18.28797691352639,545.0,1.2699716091156006,True,-69143.26105584833,0.0,-174119.43703730108,True,True,False,True,False,False,True
456,sonoff_ron_gSYN,sonoff -> ron gSYN,PSTH SSE,7,0.0023050580639392,2850.0,-57926.78515625,2850.0,0.1900535821914672,17.98597362504614,536.0,1.2648733854293823,True,-116610.91510096821,-174119.43703730108,-29299.063487018637,True,True,True,True,False,True,True
456,sonoff_ron_gSYN,sonoff -> ron gSYN,PSTH SSE,7,0.0034996354952454,2815.0,-44780.04296875,2815.0,0.1951651126146316,17.952417704103887,535.0,1.2590497732162476,True,-17664.33420308947,-29299.063487018637,0.0,True,True,False,True,False,False,True
456,sonoff_ron_gSYN,sonoff -> ron gSYN,PSTH SSE,7,0.0053132930770516,2815.0,-35984.39453125,2815.0,0.2127938568592071,17.751082178450385,529.0,1.2395288944244385,True,-5624.335164975317,0.0,-14163.432786662555,True,True,False,True,False,False,True
456,sonoff_ron_gSYN,sonoff -> ron gSYN,PSTH SSE,7,0.0080668628215789,2776.0,-33764.59765625,2776.0,0.2409909218549728,17.381967048085635,518.0,1.2099164724349976,True,-11673.679284473445,-14163.432786662555,-7893.63028824623,True,True,True,True,False,True,True
456,sonoff_ron_gSYN,sonoff -> ron gSYN,PSTH SSE,7,0.0122474487870931,2743.0,-13440.8173828125,2743.0,0.2705034017562866,16.87862823395188,503.0,1.180725336074829,True,-10952.885860617767,-7893.63028824623,-15597.575500609573,True,True,True,True,False,True,True
456,sonoff_ron_gSYN,sonoff -> ron gSYN,PSTH SSE,7,0.0185945890843868,2644.0,-248.47378540039065,2644.0,0.3049652278423309,16.308177577933627,486.0,1.1485881805419922,True,-8167.493023607894,-15597.575500609573,3113.1662269945346,True,True,False,True,False,False,True
456,sonoff_ron_gSYN,sonoff -> ron gSYN,PSTH SSE,7,0.0282310806214809,2674.0,307.0450439453125,2674.0,0.3774438798427582,15.905506526626622,474.0,1.0864601135253906,True,9826.54945829403,3113.1662269945346,15157.938215552002,True,True,True,True,False,True,True
456,sonoff_ron_gSYN,sonoff -> ron gSYN,PSTH SSE,7,0.0358838364481925,2790.0,14651.4501953125,2790.0,0.3655545115470886,15.43572363343512,460.0,1.096213698387146,True,5805.032045866275,15157.938215552002,-2722.9327850744066,True,True,False,True,False,False,True
456,sonoff_ron_gSYN,sonoff -> ron gSYN,PSTH SSE,7,0.0428616069257259,2771.0,5563.89697265625,2771.0,0.3984093070030212,15.133720344954869,451.0,1.0696280002593994,True,-2179.650411781684,-2722.9327850744066,-450.1934553133841,True,True,True,True,False,True,False
456,sonoff_ron_gSYN,sonoff -> ron gSYN,PSTH SSE,7,0.0650742799043655,2761.0,2267.698974609375,2761.0,0.3983408510684967,14.39549008422536,429.0,1.069682240486145,True,1294.6538715274,-450.1934553133841,3943.7542180993314,True,True,False,True,False,False,True
456,sonoff_ron_gSYN,sonoff -> ron gSYN,PSTH SSE,7,0.0987984910607338,2894.0,3822.2509765625,2894.0,0.4654548466205597,13.959263111976108,416.0,1.0185822248458862,True,3362.6508774720023,3943.7542180993314,2480.3953603464224,True,True,True,True,False,True,True
456,sonoff_ron_gSYN,sonoff -> ron gSYN,PSTH SSE,7,0.1500000059604644,3021.0,3126.408447265625,3021.0,0.5100820660591125,13.321700614073352,397.0,0.9866244196891784,True,2480.3953603464224,2480.3953603464224,,False,True,False,True,False,False,True
789,Strf_alpha,STRF alpha (ms),PSTH SSE,1,0.1000000014901161,10939.0,0.0,10939.0,0.5557045936584473,3.2213684104560247,96.0,0.5829222202301025,True,0.0,,0.0,False,False,False,True,False,False,False
789,Strf_alpha,STRF alpha (ms),PSTH SSE,1,0.1919383108615875,10939.0,0.0,10939.0,0.5557045936584473,3.2213684104560247,96.0,0.5829222202301025,True,7.275957614183426e-12,0.0,0.0,True,False,False,True,False,False,False
789,Strf_alpha,STRF alpha (ms),PSTH SSE,1,0.3684031367301941,10939.0,0.0,10939.0,0.5557045936584473,3.2213684104560247,96.0,0.5829222202301025,True,-15.169815256051152,0.0,-44.2865046817389,True,False,False,True,False,False,False
789,Strf_alpha,STRF alpha (ms),PSTH SSE,1,0.7071067690849304,10924.0,-7.531441951869056e-05,10924.0,0.5013110041618347,3.3220361732827755,99.0,0.6203449964523315,True,-102.88254239055914,-44.2865046817389,-215.35079573000695,True,True,True,True,False,True,True
789,Strf_alpha,STRF alpha (ms),PSTH SSE,1,1.3572088479995728,10784.0,-0.009961768053472,10784.0,0.5048220157623291,3.6575953827052783,109.0,0.6178699135780334,True,-239.86123840633672,-215.35079573000695,-286.9061604559206,True,True,True,True,False,True,True
789,Strf_alpha,STRF alpha (ms),PSTH SSE,1,2.605003595352173,10426.0,-0.4503317177295685,10426.0,0.2601668238639831,4.664273010972786,139.0,0.8183127045631409,True,-377.4194178445873,-286.9061604559206,-551.1490528496638,True,True,True,True,False,True,True
789,Strf_alpha,STRF alpha (ms),PSTH SSE,1,5.0,9106.0,-4.961844444274902,9106.0,0.0142271453514695,8.758095365927318,261.0,1.209100604057312,True,-413.10404875410416,-551.1490528496638,-148.14282267492217,True,True,True,True,False,True,True
789,Strf_alpha,STRF alpha (ms),PSTH SSE,1,9.596915245056152,8425.0,-56.89606094360352,8425.0,0.1151184439659118,15.70417100097312,468.0,1.6676692962646484,True,-106.44384738385816,-148.14282267492217,-26.40752343236335,True,True,True,True,False,True,True
789,Strf_alpha,STRF alpha (ms),PSTH SSE,1,18.42015838623047,8192.0,20.526878356933597,8192.0,0.1419484615325927,28.086305828663463,837.0,1.7051386833190918,True,-254.63391763064357,-26.40752343236335,-449.08535785835033,True,True,True,True,False,True,False
789,Strf_alpha,STRF alpha (ms),PSTH SSE,1,25.93766021728516,4816.0,211.5982208251953,4816.0,0.1168418899178505,44.8642662997886,1337.0,0.9865567684173584,True,-274.4826922813229,-449.08535785835033,-55.74622041260734,True,True,True,True,False,True,False
789,Strf_alpha,STRF alpha (ms),PSTH SSE,1,35.35533905029297,4291.0,832.1812744140625,4291.0,0.2654368281364441,45.56894063957585,1358.0,0.8131725788116455,True,-43.52728172611539,-55.74622041260734,-1.353633568195725,True,True,True,True,False,True,False
789,Strf_alpha,STRF alpha (ms),PSTH SSE,1,67.86044311523438,4247.0,20.914268493652344,4247.0,0.3410209715366363,44.36092748565484,1322.0,0.7444081902503967,True,2.7720650766220096,-1.353633568195725,10.690860389935956,True,True,False,True,False,False,True
789,Strf_alpha,STRF alpha (ms),PSTH SSE,1,130.25018310546875,4914.0,-66.54981994628906,4914.0,0.1695595234632492,44.19314788094359,1317.0,0.9166021347045898,True,11.328086447287234,10.690860389935956,12.551167417013723,True,True,True,True,False,True,False
789,Strf_alpha,STRF alpha (ms),PSTH SSE,1,250.0,6417.0,-0.6355957388877869,6417.0,0.029883349314332,36.57595382705278,1090.0,1.155510187149048,True,12.551167417013723,12.551167417013723,,False,True,False,True,False,False,False
789,Strf_alpha,STRF alpha (ms),PSTH SSE,2,0.1000000014901161,1892.0,0.0,1892.0,0.4275224208831787,4.060266434012282,121.0,0.5464569330215454,True,0.0,,0.0,False,False,False,True,False,False,False
789,Strf_alpha,STRF alpha (ms),PSTH SSE,2,0.1919383108615875,1892.0,0.0,1892.0,0.4275161921977997,4.060266434012282,121.0,0.5464617013931274,True,0.0,0.0,0.0,True,False,False,True,False,False,False
789,Strf_alpha,STRF alpha (ms),PSTH SSE,2,0.3684031367301941,1892.0,0.0,1892.0,0.4280787408351898,4.060266434012282,121.0,0.546031653881073,True,-24.27170440968007,0.0,-70.85840749078223,True,False,False,True,False,False,False
789,Strf_alpha,STRF alpha (ms),PSTH SSE,2,0.7071067690849304,1868.0,0.0003796267556026,1868.0,0.453595906496048,4.194490117781283,125.0,0.5268136262893677,True,-46.5867030229856,-70.85840749078223,0.0,True,True,False,True,False,False,False
789,Strf_alpha,STRF alpha (ms),PSTH SSE,2,1.3572088479995728,1868.0,-0.0111700091511011,1868.0,0.4036010801792145,4.328713801550284,129.0,0.5650128722190857,True,-15.647344987163308,0.0,-45.6805897932611,True,True,False,True,False,False,True
789,Strf_alpha,STRF alpha (ms),PSTH SSE,2,2.605003595352173,1811.0,-0.0621509365737438,1811.0,0.333375871181488,4.832052615684037,144.0,0.6229218244552612,True,-33.89485189627487,-45.6805897932611,-11.273503353743122,True,True,True,True,False,True,True
789,Strf_alpha,STRF alpha (ms),PSTH SSE,2,5.0,1784.0,-0.8849161267280579,1784.0,0.2721836566925049,5.738062481124794,171.0,0.6785966753959656,True,-18.216541937047097,-11.273503353743122,-31.542891758977557,True,True,True,True,False,True,True
789,Strf_alpha,STRF alpha (ms),PSTH SSE,2,9.596915245056152,1639.0,-4.245171070098877,1639.0,0.2139493525028228,7.717861816717559,230.0,0.7377623319625854,True,-27.260386864608677,-31.542891758977557,-19.04061775380705,True,True,True,True,False,True,True
789,Strf_alpha,STRF alpha (ms),PSTH SSE,2,18.42015838623047,1471.0,-3.264566659927368,1471.0,0.1577390432357788,11.878796013556592,354.0,0.803145170211792,True,-10.63785750527645,-19.04061775380705,-0.37103746729109205,True,True,True,True,False,True,True
789,Strf_alpha,STRF alpha (ms),PSTH SSE,2,29.200740814208984,1467.0,32.010719299316406,1467.0,0.37645223736763,17.449078889970135,520.0,0.5867518782615662,True,0.8994719028559643,-0.37103746729109205,1.6248014275522797,True,True,False,True,False,False,True
789,Strf_alpha,STRF alpha (ms),PSTH SSE,2,35.35533905029297,1477.0,1.1711292266845703,1477.0,0.4058623611927032,17.91886178316164,534.0,0.5632356405258179,True,0.9400367385076995,1.6248014275522797,-2.676502737114274,True,True,False,True,False,False,True
789,Strf_alpha,STRF alpha (ms),PSTH SSE,2,67.86044311523438,1390.0,-9.998435020446776,1390.0,0.4486608505249023,18.086641387872888,539.0,0.5304874181747437,True,-1.3424359435448814,-2.676502737114274,1.2181490099477252,True,True,False,True,False,False,True
789,Strf_alpha,STRF alpha (ms),PSTH SSE,2,130.25018310546875,1466.0,-4.342905521392822,1466.0,0.4161634743213653,17.01285191772088,507.0,0.5552015900611877,True,0.5977947466595026,1.2181490099477252,-0.5929027855009809,True,True,False,True,False,False,False
789,Strf_alpha,STRF alpha (ms),PSTH SSE,2,250.0,1395.0,0.6304670572280884,1395.0,0.3392524123191833,12.281467064863596,366.0,0.6178551316261292,True,-0.5929027855009809,-0.5929027855009809,,False,True,False,True,False,False,False
789,Strf_alpha,STRF alpha (ms),PSTH SSE,7,0.1000000014901161,3806.0,0.0,3806.0,1.111767292022705,2.483138149726519,74.0,0.6464210152626038,True,0.0,,0.0,False,False,False,True,False,False,False
789,Strf_alpha,STRF alpha (ms),PSTH SSE,7,0.1919383108615875,3806.0,0.0,3806.0,1.111767292022705,2.483138149726519,74.0,0.6464210152626038,True,2.7284841053187847e-12,0.0,0.0,True,False,False,True,False,False,False
789,Strf_alpha,STRF alpha (ms),PSTH SSE,7,0.3684031367301941,3806.0,0.0,3806.0,1.111767292022705,2.483138149726519,74.0,0.6464210152626038,True,-3.0339630512098665,0.0,-8.857300936347778,True,False,False,True,False,False,False
789,Strf_alpha,STRF alpha (ms),PSTH SSE,7,0.7071067690849304,3803.0,7.178488203862798e-08,3803.0,1.079446792602539,2.5166940706687693,75.0,0.661860466003418,True,-17.942013728069014,-8.857300936347778,-35.37905929850114,True,True,True,True,False,True,False
789,Strf_alpha,STRF alpha (ms),PSTH SSE,7,1.3572088479995728,3780.0,0.0009694467298686,3780.0,1.1282894611358645,2.6844736753800205,80.0,0.6386150121688843,True,-15.848481312647664,-35.37905929850114,21.638174112597365,True,True,False,True,False,False,False
789,Strf_alpha,STRF alpha (ms),PSTH SSE,7,2.605003595352173,3807.0,0.0012492756359279,3807.0,1.0322545766830444,2.852253280091272,85.0,0.6848253607749939,True,6.360043994104558,21.638174112597365,-22.96454386873599,True,True,False,True,False,False,True
789,Strf_alpha,STRF alpha (ms),PSTH SSE,7,5.0,3752.0,0.3134145140647888,3752.0,0.8152928352355957,3.1542565685715243,94.0,0.7978890538215637,True,-51.834099452346095,-22.96454386873599,-107.24583198052369,True,True,True,True,False,True,False
789,Strf_alpha,STRF alpha (ms),PSTH SSE,7,9.596915245056152,3259.0,-0.048481035977602,3259.0,0.574836015701294,6.677628267507801,199.0,0.9426453113555908,True,-91.31877243551439,-107.24583198052369,-60.74863759547964,True,True,True,True,False,True,True
789,Strf_alpha,STRF alpha (ms),PSTH SSE,7,18.42015838623047,2723.0,-7.142787456512451,2723.0,0.3465902209281921,14.194154558571858,423.0,1.1121056079864502,True,-15.728880199603879,-60.74863759547964,70.68126545234371,True,True,False,True,False,False,True
789,Strf_alpha,STRF alpha (ms),PSTH SSE,7,35.35533905029297,3920.0,320.4940490722656,3920.0,0.7134546041488647,31.40834200194624,936.0,0.8561623096466064,True,48.040398640424684,70.68126545234371,4.58389549229916,True,True,True,True,False,True,True
789,Strf_alpha,STRF alpha (ms),PSTH SSE,7,67.86044311523438,4069.0,-78.90394592285156,4069.0,0.7212691307067871,32.5156873930405,969.0,0.8515490889549255,True,2.728241025135219,4.58389549229916,-0.8334703752273909,True,True,False,True,False,False,False
789,Strf_alpha,STRF alpha (ms),PSTH SSE,7,130.25018310546875,4017.0,-35.76250457763672,4017.0,0.6350356340408325,28.287641354316968,843.0,0.9039335250854492,True,-1.5891780419537138,-0.8334703752273909,-3.039670618624747,True,True,True,True,False,True,True
789,Strf_alpha,STRF alpha (ms),PSTH SSE,7,250.0,3653.0,-1.6331019401550293,3653.0,0.6120067834854126,16.475957182644876,491.0,0.9185160994529724,True,-3.039670618624747,-3.039670618624747,,False,True,False,True,False,False,True
789,Strf_gain,STRF gain,PSTH SSE,1,0.0010000000474974,8873.0,-37339.87109375,8873.0,0.0073519353754818,12.549914432401597,374.0,1.2426347732543943,True,-2029940.5392508972,,-2029940.5392508972,False,True,False,True,False,False,True
789,Strf_gain,STRF gain,PSTH SSE,1,0.0015182418283075,7821.0,-65113.703125,7821.0,0.0143386973068118,17.381967048085635,518.0,1.2086338996887207,True,-1641229.1506428546,-2029940.5392508972,-1051071.3462032701,True,True,True,True,False,True,True
789,Strf_gain,STRF gain,PSTH SSE,1,0.0023050580639392,6994.0,-127703.6328125,6994.0,4.538558187050512e-06,23.72403610617093,707.0,1.3262478113174438,True,-762002.8053198392,-1051071.3462032701,-323126.8144568341,True,True,True,True,False,True,True
789,Strf_gain,STRF gain,PSTH SSE,1,0.0034996354952454,6608.0,-157327.484375,6608.0,0.0039529097266495,29.160095298815477,869.0,1.2655060291290283,True,-353114.0593074912,-323126.8144568341,-398641.9527328709,True,True,True,True,False,True,True
789,Strf_gain,STRF gain,PSTH SSE,1,0.0053132930770516,5885.0,-146649.734375,5885.0,0.0276458766311407,34.42837488674876,1026.0,1.1621077060699463,True,-276393.65044476406,-398641.9527328709,-90791.23581193946,True,True,True,True,False,True,True
789,Strf_gain,STRF gain,PSTH SSE,1,0.0080668628215789,5635.0,58654.3984375,5635.0,0.0228883940726518,39.93154592127781,1190.0,1.1770890951156616,True,-108785.56743852788,-90791.23581193946,-136105.32224279104,True,True,True,True,False,True,False
789,Strf_gain,STRF gain,PSTH SSE,1,0.0122474487870931,5066.0,-127326.328125,5066.0,0.0673969462513923,43.45491762021408,1295.0,1.0687689781188965,True,-106362.73994860589,-136105.32224279104,-85579.59317442996,True,True,True,True,False,True,True
789,Strf_gain,STRF gain,PSTH SSE,1,0.0151687059551477,4816.0,-144734.9375,4816.0,0.1168418899178505,44.8642662997886,1337.0,0.9865567684173584,True,-66343.41683916084,-85579.59317442996,-43784.330737900986,True,True,True,True,False,True,True
789,Strf_gain,STRF gain,PSTH SSE,1,0.0185945890843868,4666.0,-206851.234375,4666.0,0.1411219984292984,45.23338143015335,1348.0,0.9527161121368408,True,-31892.720230958395,-43784.330737900986,1556.5831134972673,True,True,False,True,False,False,True
789,Strf_gain,STRF gain,PSTH SSE,1,0.0282310806214809,4681.0,-747038.375,4681.0,0.2330287396907806,46.30717090030536,1380.0,0.8456476926803589,True,3815.517089141489,1556.5831134972673,7245.125554317511,True,True,True,True,False,True,False
789,Strf_gain,STRF gain,PSTH SSE,1,0.0428616069257259,4787.0,-2424269.75,4787.0,0.298351526260376,45.90449984899836,1368.0,0.7821625471115112,True,9749.133735298004,7245.125554317511,13550.823004932863,True,True,True,True,False,True,False
789,Strf_gain,STRF gain,PSTH SSE,1,0.0650742799043655,5088.0,-4413971.5,5088.0,0.337900698184967,45.065601825442094,1343.0,0.7470859289169312,True,191011.8891558715,13550.823004932863,460440.7180349355,True,True,True,True,False,True,False
789,Strf_gain,STRF gain,PSTH SSE,1,0.0987984910607338,20616.0,28983036.0,20616.0,0.036963552236557,47.88429918459112,1427.0,1.1361191272735596,True,533962.5029825561,460440.7180349355,645586.3672145747,True,True,True,True,False,True,True
789,Strf_gain,STRF gain,PSTH SSE,1,0.1500000059604644,53671.0,34809796.0,53671.0,1.1979831457138062,41.20667091708332,1228.0,2.4229023456573486,True,645586.3672145747,645586.3672145747,,False,True,False,True,False,False,True
789,Strf_gain,STRF gain,PSTH SSE,2,0.0010000000474974,1753.0,-107.22756958007812,1753.0,0.2782684862613678,6.50984866279655,194.0,0.6727973222732544,True,-177523.3171208009,,-177523.3171208009,False,True,False,True,False,False,True
789,Strf_gain,STRF gain,PSTH SSE,2,0.0015182418283075,1661.0,-3527.571044921875,1661.0,0.3053247034549713,7.919197342371061,236.0,0.6477469801902771,True,-130244.35229069437,-177523.3171208009,-58463.4606110646,True,True,True,True,False,True,True
789,Strf_gain,STRF gain,PSTH SSE,2,0.0023050580639392,1615.0,179.1488800048828,1615.0,0.2667004466056824,9.19432233817657,274.0,0.6838784217834473,True,-73143.45371450181,-58463.4606110646,-95431.23535771784,True,True,True,True,False,True,False
789,Strf_gain,STRF gain,PSTH SSE,2,0.0034996354952454,1501.0,-8572.98046875,1501.0,0.3107257187366485,11.006342069058084,328.0,0.6428811550140381,True,-81838.8386022948,-95431.23535771784,-61202.29149840756,True,True,True,True,False,True,True
789,Strf_gain,STRF gain,PSTH SSE,2,0.0053132930770516,1390.0,-9141.25,1390.0,0.3117302060127258,13.187476930304353,393.0,0.6419808864593506,True,-40648.26273640909,-61202.29149840756,-9442.288524441705,True,True,True,True,False,True,True
789,Strf_gain,STRF gain,PSTH SSE,2,0.0080668628215789,1364.0,-13090.6416015625,1364.0,0.3779797554016113,14.932384819301364,445.0,0.5855083465576172,True,-1228.3323255134746,-9442.288524441705,11242.443137805236,True,True,False,True,False,False,True
789,Strf_gain,STRF gain,PSTH SSE,2,0.0122474487870931,1411.0,-39355.97265625,1411.0,0.3983399569988251,16.50951310358713,492.0,0.5691671371459961,True,18878.21457005234,11242.443137805236,23273.116981880186,True,True,True,True,False,True,False
789,Strf_gain,STRF gain,PSTH SSE,2,0.0146536584943532,1467.0,14422.09375,1467.0,0.37645223736763,17.449078889970135,520.0,0.5867518782615662,True,15796.988679538452,23273.116981880186,3552.4604354629437,True,True,True,True,False,True,True
789,Strf_gain,STRF gain,PSTH SSE,2,0.0185945890843868,1481.0,-13322.7607421875,1481.0,0.4072977900505066,17.851749941277138,532.0,0.5621100664138794,True,262.2975738176465,3552.4604354629437,-7782.915567486337,True,True,False,True,False,False,False
789,Strf_gain,STRF gain,PSTH SSE,2,0.0282310806214809,1406.0,40687.359375,1406.0,0.4097789227962494,18.62353612294889,555.0,0.5601691603660583,True,-4312.312305618601,-7782.915567486337,956.9033750985392,True,True,False,True,False,False,False
789,Strf_gain,STRF gain,PSTH SSE,2,0.0428616069257259,1420.0,224465.125,1420.0,0.4200115501880646,18.824871648602397,561.0,0.5522259473800659,True,773.5648968306996,956.9033750985392,495.21280084472255,True,True,True,True,False,True,True
789,Strf_gain,STRF gain,PSTH SSE,2,0.0650742799043655,1431.0,69725.71875,1431.0,0.4164672195911407,19.39532230462065,578.0,0.5549662113189697,True,14216.607337398687,495.21280084472255,35049.003652582025,True,True,True,True,False,True,True
789,Strf_gain,STRF gain,PSTH SSE,2,0.0987984910607338,2613.0,614377.0625,2613.0,0.0218603741377592,16.375289419818127,488.0,1.0524563789367676,True,15329.713068680036,35049.003652582025,-14608.942752276567,True,True,False,True,False,False,True
789,Strf_gain,STRF gain,PSTH SSE,2,0.1500000059604644,1865.0,137145.609375,1865.0,0.0655275359749794,9.261434180061071,276.0,0.9443254470825196,True,-14608.942752276567,-14608.942752276567,,False,True,False,True,False,False,False
789,Strf_gain,STRF gain,PSTH SSE,7,0.0010000000474974,3708.0,971.3279418945312,3708.0,0.8894652128219604,3.087144726687024,92.0,0.7577100992202759,True,-337680.2227841321,,-337680.2227841321,False,True,False,True,False,False,False
789,Strf_gain,STRF gain,PSTH SSE,7,0.0015182418283075,3533.0,-903.9758911132812,3533.0,0.6423137187957764,4.261601959665783,127.0,0.8993799686431885,True,-245980.9755719935,-337680.2227841321,-106759.36285498753,True,True,True,True,False,True,True
789,Strf_gain,STRF gain,PSTH SSE,7,0.0023050580639392,3449.0,-445.90960693359375,3449.0,0.645095944404602,6.073621690547297,181.0,0.8976460695266724,True,-173066.5738930212,-106759.36285498753,-273736.964578717,True,True,True,True,False,True,True
789,Strf_gain,STRF gain,PSTH SSE,7,0.0034996354952454,3122.0,2808.0888671875,3122.0,0.5108659267425537,8.858763128754068,264.0,0.9860758781433104,True,-212766.7036009956,-273736.964578717,-120199.09501489052,True,True,True,True,False,True,False
789,Strf_gain,STRF gain,PSTH SSE,7,0.0053132930770516,2904.0,-12086.2001953125,2904.0,0.4344644248485565,12.147243381094594,362.0,1.0416855812072754,True,-111856.9573461801,-120199.09501489052,-104459.48302151093,True,True,True,True,False,True,True
789,Strf_gain,STRF gain,PSTH SSE,7,0.0069215721450746,2736.0,-14752.19921875,2736.0,0.3421579599380493,14.227710479514108,424.0,1.1158820390701294,True,55487.54068710795,-104459.48302151093,169389.31223306057,True,True,False,True,False,False,False
789,Strf_gain,STRF gain,PSTH SSE,7,0.0080668628215789,2930.0,-33896.1640625,2930.0,0.3388851284980774,15.972618368511124,476.0,1.118686318397522,True,145462.91562590215,169389.31223306057,58125.82303163133,True,True,True,True,False,True,False
789,Strf_gain,STRF gain,PSTH SSE,7,0.0122474487870931,3173.0,46246.8515625,3173.0,0.1905276328325271,19.2946545417939,575.0,1.26433002948761,True,91914.58779987754,58125.82303163133,143214.10232377882,True,True,True,True,False,True,True
789,Strf_gain,STRF gain,PSTH SSE,7,0.0185945890843868,4082.0,145620.53125,4082.0,0.1369882375001907,22.616690715076675,674.0,1.3307055234909058,True,134062.52319642375,143214.10232377882,120168.21636198903,True,True,True,True,False,True,True
789,Strf_gain,STRF gain,PSTH SSE,7,0.0282310806214809,5240.0,324405.09375,5240.0,0.0773717761039733,26.509177544377703,790.0,1.4226669073104858,True,92235.67839780697,120168.21636198903,49827.32574620251,True,True,True,True,False,True,True
789,Strf_gain,STRF gain,PSTH SSE,7,0.0428616069257259,5969.0,443761.59375,5969.0,0.111955389380455,28.75742424750847,857.0,1.366227388381958,True,40159.31905890984,49827.32574620251,25480.949570737543,True,True,True,True,False,True,True
789,Strf_gain,STRF gain,PSTH SSE,7,0.0650742799043655,6535.0,899976.75,6535.0,0.1333910077810287,31.50900976477299,939.0,1.3355973958969116,True,22969.049541299522,25480.949570737543,19155.37763076818,True,True,True,True,False,True,True
789,Strf_gain,STRF gain,PSTH SSE,7,0.0987984910607338,7181.0,1735068.75,7181.0,0.1440836191177368,33.85792423073051,1009.0,1.32124125957489,True,62743.95556025441,19155.37763076818,128921.96672162783,True,True,True,True,False,True,True
789,Strf_gain,STRF gain,PSTH SSE,7,0.1500000059604644,13782.0,8463735.0,13782.0,0.0049932729452848,34.02570383544176,1014.0,1.6301616430282593,True,128921.96672162783,128921.96672162783,,False,True,False,True,False,False,True
789,abs_ref,Absolute refractory period (ms),CV squared error,1,0.0,0.1168418899178505,2.677961587905884,4816.0,0.1168418899178505,44.8642662997886,1337.0,0.9865567684173584,True,0.23056034743785842,,0.23056034743785842,False,True,False,False,False,False,True
789,abs_ref,Absolute refractory period (ms),CV squared error,1,0.5,0.2321220636367797,2.916473627090454,4285.0,0.2321220636367797,42.683131438542325,1272.0,0.8465877175331116,True,0.20234598964452738,0.23056034743785842,0.17413163185119634,True,True,True,True,False,True,True
789,abs_ref,Absolute refractory period (ms),CV squared error,1,1.0,0.3191878795623779,1.958117246627808,4131.0,0.3191878795623779,41.20667091708332,1228.0,0.7634110450744629,True,0.15050866206487026,0.17413163185119634,0.10326272249221802,True,True,True,True,False,True,True
789,abs_ref,Absolute refractory period (ms),CV squared error,1,2.0,0.4224506020545959,1.062270998954773,4169.0,0.4224506020545959,39.93154592127781,1190.0,0.6784161925315857,True,0.08144479990005496,0.10326272249221802,0.0596268773078919,True,True,True,True,False,True,True
789,abs_ref,Absolute refractory period (ms),CV squared error,1,3.0,0.4820774793624878,0.1259197145700454,4115.0,0.4820774793624878,39.0590919767793,1164.0,0.6340602040290833,True,0.04671022295951846,0.0596268773078919,0.03379356861114502,True,True,True,True,False,True,True
789,abs_ref,Absolute refractory period (ms),CV squared error,1,4.0,0.5158710479736328,0.126111626625061,4157.0,0.5158710479736328,38.4550853998188,1146.0,0.6101365685462952,True,0.023798972368240356,0.03379356861114502,0.013804376125335693,True,True,True,True,False,True,True
789,abs_ref,Absolute refractory period (ms),CV squared error,1,5.0,0.5296754240989685,0.1401698887348175,4146.0,0.5296754240989685,38.28730579510754,1141.0,0.600590169429779,True,0.01859598670686992,0.013804376125335693,0.030575013160705565,True,True,True,True,False,True,True
789,abs_ref,Absolute refractory period (ms),CV squared error,1,7.5,0.6061129570007324,0.3300581872463226,4032.0,0.6061129570007324,37.54907553437804,1119.0,0.5498456358909607,True,0.02920570373535157,0.030575013160705565,0.02783639430999756,True,True,True,True,False,True,True
789,abs_ref,Absolute refractory period (ms),CV squared error,1,10.0,0.6757039427757263,0.6348666548728943,4189.0,0.6757039427757263,36.50884198516828,1088.0,0.5063660740852356,True,0.027515490849812828,0.02783639430999756,0.026873683929443358,True,True,True,True,False,True,True
789,abs_ref,Absolute refractory period (ms),CV squared error,1,15.0,0.8100723624229431,0.3111845552921295,4372.0,0.8100723624229431,34.05925975638401,1015.0,0.4283379912376404,True,0.028240754206975312,0.026873683929443358,0.030974894762039185,True,True,True,True,False,True,True
789,abs_ref,Absolute refractory period (ms),CV squared error,1,25.0,1.119821310043335,1.0392343997955322,5392.0,1.119821310043335,28.55608872185497,851.0,0.2701620459556579,True,0.030974894762039185,0.030974894762039185,,False,True,False,False,False,False,True
789,abs_ref,Absolute refractory period (ms),CV squared error,2,0.0,0.1153299212455749,0.1379047036170959,1636.0,0.1153299212455749,19.4959900674474,581.0,0.8607063293457031,True,0.20975705981254583,,0.20975705981254583,False,True,False,False,False,False,True
789,abs_ref,Absolute refractory period (ms),CV squared error,2,0.5,0.2202084511518478,0.1714075952768325,1506.0,0.2202084511518478,18.55642428106439,553.0,0.7310451865196228,True,0.17849797010421758,0.20975705981254583,0.14723888039588934,True,True,True,True,False,True,True
789,abs_ref,Absolute refractory period (ms),CV squared error,2,1.0,0.2938278913497925,0.0986057072877883,1478.0,0.2938278913497925,17.751082178450385,529.0,0.6582499742507935,True,0.1108753879865011,0.14723888039588934,0.03814840316772461,True,True,True,True,False,True,True
789,abs_ref,Absolute refractory period (ms),CV squared error,2,2.0,0.3319762945175171,0.0119746951386332,1424.0,0.3319762945175171,17.415522969027883,519.0,0.6241350769996643,True,0.04074469208717346,0.03814840316772461,0.043340981006622314,True,True,True,True,False,True,True
789,abs_ref,Absolute refractory period (ms),CV squared error,2,3.0,0.3753172755241394,0.0090962601825594,1468.0,0.3753172755241394,17.482634810912383,521.0,0.5876774787902832,True,0.018185543687424532,0.043340981006622314,0.0017355958713572664,True,True,True,True,False,True,True
789,abs_ref,Absolute refractory period (ms),CV squared error,2,3.653932094573975,0.37645223736763,0.0127555560320615,1467.0,0.37645223736763,17.449078889970135,520.0,0.5867518782615662,True,0.01909729547300365,0.0017355958713572664,0.0282852938380202,True,True,True,True,False,True,True
789,abs_ref,Absolute refractory period (ms),CV squared error,2,4.0,0.3862408697605133,0.0039480356499552,1465.0,0.3862408697605133,17.381967048085635,518.0,0.5788261294364929,True,0.02506798013662255,0.0282852938380202,0.015771210193633978,True,True,True,True,False,True,True
789,abs_ref,Absolute refractory period (ms),CV squared error,2,5.0,0.4020120799541473,0.0020685144700109,1480.0,0.4020120799541473,17.281299285258882,515.0,0.5662646889686584,True,0.014761732305799163,0.015771210193633978,0.012238037586212159,True,True,True,True,False,True,True
789,abs_ref,Absolute refractory period (ms),CV squared error,2,7.5,0.4326071739196777,0.0007758034626021,1366.0,0.4326071739196777,17.01285191772088,507.0,0.5425801277160645,True,0.008692908287048343,0.012238037586212159,0.005147778987884521,True,True,True,True,False,True,True
789,abs_ref,Absolute refractory period (ms),CV squared error,2,10.0,0.445476621389389,0.0012578442692756,1402.0,0.445476621389389,16.677292708298378,497.0,0.5328685641288757,True,0.006540924310684211,0.005147778987884521,0.00932721495628358,True,True,True,True,False,True,True
789,abs_ref,Absolute refractory period (ms),CV squared error,2,15.0,0.4921126961708069,0.0027562039904296,1433.0,0.4921126961708069,16.375289419818127,488.0,0.4988014698028564,True,0.011060583591461198,0.00932721495628358,0.014527320861816406,True,True,True,True,False,True,True
789,abs_ref,Absolute refractory period (ms),CV squared error,2,25.0,0.637385904788971,0.0044784108176827,1384.0,0.637385904788971,15.60350323814637,465.0,0.4019443690776825,True,0.014527320861816406,0.014527320861816406,,False,True,False,False,False,False,True
789,abs_ref,Absolute refractory period (ms),CV squared error,7,0.0,0.3421579599380493,0.5557909607887268,2736.0,0.3421579599380493,14.227710479514108,424.0,1.1158820390701294,True,0.2617877721786498,,0.2617877721786498,False,True,False,False,False,False,True
789,abs_ref,Absolute refractory period (ms),CV squared error,7,0.5,0.4730518460273742,0.2939238846302032,2656.0,0.4730518460273742,13.2210328512466,394.0,1.013037085533142,True,0.23258769512176514,0.2617877721786498,0.20338761806488048,True,True,True,True,False,True,True
789,abs_ref,Absolute refractory period (ms),CV squared error,7,1.0,0.5747456550598145,0.2116474360227584,2670.0,0.5747456550598145,12.684138116170596,378.0,0.9427049160003662,True,0.18503667910893773,0.20338761806488048,0.148334801197052,True,True,True,True,False,True,True
789,abs_ref,Absolute refractory period (ms),CV squared error,7,2.0,0.7230804562568665,0.01514099445194,2735.0,0.7230804562568665,12.113687460152343,361.0,0.8504833579063416,True,0.0943743884563446,0.148334801197052,0.04041397571563721,True,True,True,True,False,True,True
789,abs_ref,Absolute refractory period (ms),CV squared error,7,3.0,0.7634944319725037,0.0029580234549939,2700.0,0.7634944319725037,12.147243381094594,362.0,0.8270430564880371,True,0.00753137469291687,0.04041397571563721,-0.025351226329803467,True,True,False,True,False,False,True
789,abs_ref,Absolute refractory period (ms),CV squared error,7,4.0,0.7381432056427002,-0.0009536076686345,2671.0,0.7381432056427002,12.113687460152343,361.0,0.8416721224784851,True,-0.012848317623138428,-0.025351226329803467,-0.00034540891647338867,True,True,True,True,False,True,True
789,abs_ref,Absolute refractory period (ms),CV squared error,7,5.0,0.7377977967262268,-0.0015957285650074,2690.0,0.7377977967262268,12.147243381094594,362.0,0.8418731689453125,True,8.047819137570189e-05,-0.00034540891647338867,0.0011451959609985352,True,True,False,True,False,False,False
789,abs_ref,Absolute refractory period (ms),CV squared error,7,7.5,0.7406607866287231,7.213305798359215e-05,2716.0,0.7406607866287231,12.214355222979094,364.0,0.8402082324028015,True,0.000862503051757807,0.0011451959609985352,0.0005798101425170899,True,True,True,True,False,True,True
789,abs_ref,Absolute refractory period (ms),CV squared error,7,10.0,0.7421103119850159,0.0021382842678576,2643.0,0.7421103119850159,12.113687460152343,361.0,0.8393664956092834,True,0.0031723141670227106,0.0005798101425170899,0.008357322216033936,True,True,True,True,False,True,True
789,abs_ref,Absolute refractory period (ms),CV squared error,7,15.0,0.7838969230651855,0.0169177781790494,2749.0,0.7838969230651855,11.912351934498842,355.0,0.8154451847076416,True,0.010446371634801221,0.008357322216033936,0.014624470472335805,True,True,True,True,False,True,True
789,abs_ref,Absolute refractory period (ms),CV squared error,7,25.0,0.9301416277885436,0.0963997915387153,2871.0,0.9301416277885436,11.241233515653835,335.0,0.736386239528656,True,0.014624470472335805,0.014624470472335805,,False,True,False,False,False,False,True
789,off_ron_gSYN,off -> ron gSYN,PSTH SSE,1,0.0010000000474974,4816.0,128369.0,4816.0,0.1168418899178505,44.8642662997886,1337.0,0.9865567684173584,True,-81043.25346819172,,-81043.25346819172,False,True,False,True,False,False,False
789,off_ron_gSYN,off -> ron gSYN,PSTH SSE,1,0.0015182418283075,4774.0,332741.5625,4774.0,0.1080967932939529,45.6024965605181,1359.0,0.999597430229187,True,12207.359517054632,-81043.25346819172,153784.32030301774,True,True,False,True,False,False,True
789,off_ron_gSYN,off -> ron gSYN,PSTH SSE,1,0.0023050580639392,4895.0,465860.6875,4895.0,0.0903689190745353,46.97828931915036,1400.0,1.0277639627456665,True,215047.0608268818,153784.32030301774,308058.7246635103,True,True,True,True,False,True,True
789,off_ron_gSYN,off -> ron gSYN,PSTH SSE,1,0.0034996354952454,5263.0,786447.125,5263.0,0.0763687416911125,48.99164457568538,1460.0,1.0520292520523071,True,457665.1959903543,308058.7246635103,684804.0183875873,True,True,True,True,False,True,True
789,off_ron_gSYN,off -> ron gSYN,PSTH SSE,1,0.0053132930770516,6505.0,1925018.25,6505.0,0.0643074586987495,52.414348511794906,1562.0,1.074789047241211,True,733165.2787792315,684804.0183875873,806589.3389532702,True,True,True,True,False,True,True
789,off_ron_gSYN,off -> ron gSYN,PSTH SSE,1,0.0080668628215789,8726.0,3694139.25,8726.0,0.0323246233165264,58.1524109929197,1733.0,1.148587703704834,True,1026673.2801530212,806589.3389532702,1360814.0215100849,True,True,True,True,False,True,True
789,off_ron_gSYN,off -> ron gSYN,PSTH SSE,1,0.0122474487870931,14415.0,6929787.0,14415.0,0.0111329881474375,67.58162477769201,2014.0,1.2228652238845823,True,1713720.1577965068,1360814.0215100849,2249516.999976803,True,True,True,True,False,True,True
789,off_ron_gSYN,off -> ron gSYN,PSTH SSE,1,0.0185945890843868,28693.0,12123887.0,28693.0,0.0028277172241359,83.75557867185664,2496.0,1.3815544843673706,True,2754917.0144832907,2249516.999976803,3522236.2692216164,True,True,True,True,False,True,True
789,off_ron_gSYN,off -> ron gSYN,PSTH SSE,1,0.0282310806214809,62635.0,20080664.0,62635.0,0.1092676892876625,110.53320358377236,3294.0,1.6589348316192627,True,4402773.907835374,3522236.2692216164,5739643.144323195,True,True,True,True,False,True,True
789,off_ron_gSYN,off -> ron gSYN,PSTH SSE,1,0.0428616069257259,146609.0,40906528.0,146609.0,0.4902744889259338,154.4243481762357,4602.0,2.028574228286743,True,6730459.7162395315,5739643.144323195,8234758.607210297,True,True,True,True,False,True,True
789,off_ron_gSYN,off -> ron gSYN,PSTH SSE,1,0.0650742799043655,329525.0,54351840.0,329525.0,1.2807687520980835,223.5495453172712,6662.0,2.4600887298583984,True,9235754.063338675,8234758.607210297,10755507.3213775,True,True,True,True,False,True,True
789,off_ron_gSYN,off -> ron gSYN,PSTH SSE,1,0.0987984910607338,692246.0,72844336.0,692246.0,2.694878339767456,330.0224824670313,9835.0,2.9699866771698,True,11133051.602432363,10755507.3213775,11706255.199163133,True,True,True,True,False,True,True
789,off_ron_gSYN,off -> ron gSYN,PSTH SSE,1,0.1500000059604644,1291624.0,99204800.0,1291624.0,5.172402858734131,492.1646924599845,14667.0,3.6026699542999268,True,11706255.199163133,11706255.199163133,,False,True,False,True,False,False,True
789,off_ron_gSYN,off -> ron gSYN,PSTH SSE,2,0.0010000000474974,1441.0,-48079.15234375,1441.0,0.4000794589519501,16.64373678735613,496.0,0.5677905678749084,True,83920.31131689817,,83920.31131689817,False,True,False,True,False,False,False
789,off_ron_gSYN,off -> ron gSYN,PSTH SSE,2,0.0013098177732899,1467.0,176365.25,1467.0,0.37645223736763,17.449078889970135,520.0,0.5867518782615662,True,108326.72285583522,83920.31131689817,124745.67773765109,True,True,True,True,False,True,True
789,off_ron_gSYN,off -> ron gSYN,PSTH SSE,2,0.0015182418283075,1493.0,193914.59375,1493.0,0.3693315982818603,17.650414415623636,526.0,0.5925823450088501,True,98887.49577523716,124745.67773765109,1270.9447958927087,True,True,True,True,False,True,True
789,off_ron_gSYN,off -> ron gSYN,PSTH SSE,2,0.0023050580639392,1494.0,249826.0,1494.0,0.3494945168495178,19.1604308580249,571.0,0.6091282963752747,True,54950.845724798855,1270.9447958927087,136449.92423954394,True,True,True,True,False,True,True
789,off_ron_gSYN,off -> ron gSYN,PSTH SSE,2,0.0034996354952454,1657.0,547775.25,1657.0,0.285895973443985,21.74423677057817,648.0,0.665616512298584,True,162401.45197997167,136449.92423954394,201802.15034610062,True,True,True,True,False,True,True
789,off_ron_gSYN,off -> ron gSYN,PSTH SSE,2,0.0053132930770516,2023.0,828564.6875,2023.0,0.2145573049783706,25.67027952082145,765.0,0.7371056079864502,True,204588.89368771954,201802.15034610062,208819.84236746078,True,True,True,True,False,True,True
789,off_ron_gSYN,off -> ron gSYN,PSTH SSE,2,0.0080668628215789,2598.0,1368344.25,2598.0,0.1427921950817108,31.91168081608,951.0,0.8224303722381592,True,269517.7138609628,208819.84236746078,361671.7877523727,True,True,True,True,False,True,True
789,off_ron_gSYN,off -> ron gSYN,PSTH SSE,2,0.0122474487870931,4110.0,2264742.75,4110.0,0.0623678974807262,41.30733867991007,1231.0,0.9505732655525208,True,408308.14252411644,361671.7877523727,479113.4050237749,True,True,True,True,False,True,True
789,off_ron_gSYN,off -> ron gSYN,PSTH SSE,2,0.0185945890843868,7151.0,3158696.0,7151.0,0.0142118781805038,53.95792087513841,1608.0,1.0810953378677368,True,524773.237580123,479113.4050237749,594095.8883181238,True,True,True,True,False,True,True
789,off_ron_gSYN,off -> ron gSYN,PSTH SSE,2,0.0282310806214809,12876.0,5313360.0,12876.0,0.0002813530445564,70.2996543740143,2095.0,1.2170825004577637,True,599797.4681072782,594095.8883181238,608453.846080514,True,True,True,True,False,True,True
789,off_ron_gSYN,off -> ron gSYN,PSTH SSE,2,0.0428616069257259,21778.0,7107226.0,21778.0,0.0240937024354934,89.59430891580818,2670.0,1.3555303812026978,True,596200.9933406266,608453.846080514,577598.2031670718,True,True,True,True,False,True,True
789,off_ron_gSYN,off -> ron gSYN,PSTH SSE,2,0.0650742799043655,34608.0,11394222.0,34608.0,0.064025841653347,111.2378779235596,3315.0,1.4533421993255615,True,535337.2287612302,577598.2031670718,471174.84605713066,True,True,True,True,False,True,True
789,off_ron_gSYN,off -> ron gSYN,PSTH SSE,2,0.0987984910607338,50498.0,24838528.0,50498.0,0.0873765721917152,132.51233180094627,3949.0,1.4959042072296145,True,403026.7511903593,471174.84605713066,299561.44911018445,True,True,True,True,False,True,True
789,off_ron_gSYN,off -> ron gSYN,PSTH SSE,2,0.1500000059604644,65836.0,36619196.0,65836.0,0.1241024732589721,150.36408174222342,4481.0,1.5525907278060913,True,299561.44911018445,299561.44911018445,,False,True,False,True,False,False,True
789,off_ron_gSYN,off -> ron gSYN,PSTH SSE,7,0.0010000000474974,2756.0,2925.709228515625,2756.0,0.1858407407999038,10.939230227173583,326.0,1.2697322368621826,True,1929.6012730521836,,1929.6012730521836,False,True,False,True,False,False,True
789,off_ron_gSYN,off -> ron gSYN,PSTH SSE,7,0.0015182418283075,2757.0,6135.61865234375,2757.0,0.2283180207014084,11.57679272507634,345.0,1.2229983806610107,True,43053.06471578218,1929.6012730521836,105488.41805909481,True,True,True,True,False,True,True
789,off_ron_gSYN,off -> ron gSYN,PSTH SSE,7,0.0023050580639392,2840.0,30141.732421875,2840.0,0.3079558610916137,12.751249958055098,380.0,1.145887017250061,True,29026.94424354215,105488.41805909481,-87060.07436142681,True,True,False,True,False,False,True
789,off_ron_gSYN,off -> ron gSYN,PSTH SSE,7,0.0034996354952454,2736.0,21894.1328125,2736.0,0.342178612947464,14.227710479514108,424.0,1.115864396095276,True,24144.59823278722,-87060.07436142681,192980.19841840223,True,True,False,True,False,False,True
789,off_ron_gSYN,off -> ron gSYN,PSTH SSE,7,0.0053132930770516,3086.0,252732.875,3086.0,0.5145925879478455,17.650414415623636,526.0,0.9834736585617064,True,206913.48857260274,192980.19841840223,228067.58435959194,True,True,True,True,False,True,True
789,off_ron_gSYN,off -> ron gSYN,PSTH SSE,7,0.0080668628215789,3714.0,859278.25,3714.0,0.5917405486106873,24.294486762189187,724.0,0.9315779805183412,True,333270.1341582317,228067.58435959194,492993.09163865086,True,True,True,True,False,True,True
789,off_ron_gSYN,off -> ron gSYN,PSTH SSE,7,0.0122474487870931,5775.0,2343553.25,5775.0,0.4375733733177185,35.66994396161203,1063.0,1.0393314361572266,True,726538.4607844228,492993.09163865086,1081116.7988402313,True,True,True,True,False,True,True
789,off_ron_gSYN,off -> ron gSYN,PSTH SSE,7,0.0185945890843868,12637.0,5270280.0,12637.0,0.1472358554601669,55.06526626623268,1641.0,1.3171114921569824,True,1476708.4325120351,1081116.7988402313,2077312.0510658866,True,True,True,True,False,True,True
789,off_ron_gSYN,off -> ron gSYN,PSTH SSE,7,0.0282310806214809,32655.0,10746544.0,32655.0,8.711368536751252e-06,86.80916747760142,2587.0,1.703776240348816,True,2599927.5746135325,2077312.0510658866,3393384.4188226555,True,True,True,True,False,True,True
789,off_ron_gSYN,off -> ron gSYN,PSTH SSE,7,0.0428616069257259,82302.0,20199166.0,82302.0,0.192424401640892,136.37126270930506,4064.0,2.139486789703369,True,4322232.5282709915,3393384.4188226555,5732448.324541914,True,True,True,True,False,True,True
789,off_ron_gSYN,off -> ron gSYN,PSTH SSE,7,0.0650742799043655,209635.0,37769816.0,209635.0,0.8237622976303101,213.1136539042314,6351.0,2.60843825340271,True,6890009.306709783,5732448.324541914,8647466.908797668,True,True,True,True,False,True,True
789,off_ron_gSYN,off -> ron gSYN,PSTH SSE,7,0.0987984910607338,501264.0,60564276.0,501264.0,2.24965238571167,331.1298278581256,9868.0,3.2007088661193848,True,10256611.651620217,8647466.908797668,12699682.83699007,True,True,True,True,False,True,True
789,off_ron_gSYN,off -> ron gSYN,PSTH SSE,7,0.1500000059604644,1151507.0,92772104.0,1151507.0,4.791989803314209,510.9560081876447,15227.0,3.889886140823364,True,12699682.83699007,12699682.83699007,,False,True,False,True,False,False,True
789,off_sonoff_gSYN,off -> sonoff gSYN,PSTH SSE,1,0.0010000000474974,4816.0,90748.7109375,4816.0,0.1168418899178505,44.8642662997886,1337.0,0.9865567684173584,True,-353117.0329685496,,-353117.0329685496,False,True,False,True,False,False,False
789,off_sonoff_gSYN,off -> sonoff gSYN,PSTH SSE,1,0.0015182418283075,4633.0,3789782.5,4633.0,0.1212276071310043,44.025368276232335,1312.0,0.9802006483078004,True,-37764.100187635515,-353117.0329685496,441017.8441747699,True,True,False,True,False,False,False
789,off_sonoff_gSYN,off -> sonoff gSYN,PSTH SSE,1,0.0023050580639392,4980.0,7552934.0,4980.0,0.107947438955307,41.57578604744807,1239.0,0.9998246431350708,True,230319.55813303404,441017.8441747699,-89571.42266031413,True,True,False,True,False,False,True
789,off_sonoff_gSYN,off -> sonoff gSYN,PSTH SSE,1,0.0034996354952454,4873.0,8687285.0,4873.0,0.1027836203575134,40.06576960504681,1194.0,1.0077793598175049,True,-108521.23167572625,-89571.42266031413,-137291.62687480616,True,True,True,True,False,True,False
789,off_sonoff_gSYN,off -> sonoff gSYN,PSTH SSE,1,0.0053132930770516,4624.0,9703962.0,4624.0,0.1075520664453506,38.48864132076105,1147.0,1.0004268884658811,True,-71524.10249869816,-137291.62687480616,28326.86557332511,True,True,False,True,False,False,False
789,off_sonoff_gSYN,off -> sonoff gSYN,PSTH SSE,1,0.0080668628215789,4702.0,9997591.0,4702.0,0.1164336651563644,37.61618737626254,1121.0,0.9871544241905212,True,25627.052666616975,28326.86557332511,21528.0826043079,True,True,True,True,False,True,True
789,off_sonoff_gSYN,off -> sonoff gSYN,PSTH SSE,1,0.0122474487870931,4792.0,9422349.0,4792.0,0.1164688542485237,37.07929264118653,1105.0,0.9871028661727904,True,16295.119869244925,21528.0826043079,8350.217187195025,True,True,True,True,False,True,True
789,off_sonoff_gSYN,off -> sonoff gSYN,PSTH SSE,1,0.0185945890843868,4845.0,8832923.0,4845.0,0.1210860311985015,36.77728935270628,1096.0,0.980404019355774,True,-817.2399647728016,8350.217187195025,-14735.653474440798,True,True,False,True,False,False,False
789,off_sonoff_gSYN,off -> sonoff gSYN,PSTH SSE,1,0.0282310806214809,4703.0,10810283.0,4703.0,0.1252203285694122,36.50884198516828,1088.0,0.9745133519172668,True,-5165.629472365428,-14735.653474440798,9363.983027749991,True,True,False,True,False,False,False
789,off_sonoff_gSYN,off -> sonoff gSYN,PSTH SSE,1,0.0428616069257259,4840.0,14152026.0,4840.0,0.1213475465774536,36.47528606422603,1087.0,0.9800284504890442,True,6575.1413252886705,9363.983027749991,2341.0059676295973,True,True,True,True,False,True,True
789,off_sonoff_gSYN,off -> sonoff gSYN,PSTH SSE,1,0.0650742799043655,4892.0,13559929.0,4892.0,0.1271780878305435,36.27395053857253,1081.0,0.9717578291893004,True,1046.3619318757192,2341.0059676295973,-919.2209079780396,True,True,False,True,False,False,True
789,off_sonoff_gSYN,off -> sonoff gSYN,PSTH SSE,1,0.0987984910607338,4861.0,10139678.0,4861.0,0.1336250454187393,36.24039461763028,1080.0,0.9628306031227112,True,-468.8836144872912,-919.2209079780396,214.83739341583188,True,True,False,True,False,False,False
789,off_sonoff_gSYN,off -> sonoff gSYN,PSTH SSE,1,0.1500000059604644,4872.0,5823966.0,4872.0,0.1290104240179062,36.20683869668803,1079.0,0.9691979885101318,True,214.83739341583188,214.83739341583188,,False,True,False,True,False,False,True
789,off_sonoff_gSYN,off -> sonoff gSYN,PSTH SSE,2,0.0010000000474974,1467.0,6540.189453125,1467.0,0.37645223736763,17.449078889970135,520.0,0.5867518782615662,True,-32803.22164188712,,-32803.22164188712,False,True,False,True,False,False,False
789,off_sonoff_gSYN,off -> sonoff gSYN,PSTH SSE,2,0.0015182418283075,1450.0,717378.9375,1450.0,0.3826661109924316,17.281299285258882,515.0,0.5817087888717651,True,-12206.550784059218,-32803.22164188712,19064.171938390627,True,True,False,True,False,False,False
789,off_sonoff_gSYN,off -> sonoff gSYN,PSTH SSE,2,0.0023050580639392,1465.0,1811432.375,1465.0,0.3823818862438202,16.442401261702628,490.0,0.5819385647773743,True,-16429.607208295667,19064.171938390627,-70317.75236884473,True,True,False,True,False,False,False
789,off_sonoff_gSYN,off -> sonoff gSYN,PSTH SSE,2,0.0034996354952454,1381.0,2144594.0,1381.0,0.3348127901554107,15.167276265897115,452.0,0.6216788291931152,True,-34950.062688301085,-70317.75236884473,18746.647846359072,True,True,False,True,False,False,False
789,off_sonoff_gSYN,off -> sonoff gSYN,PSTH SSE,2,0.0053132930770516,1415.0,2547961.0,1415.0,0.3310919404029846,14.093486795745108,420.0,0.6249030232429504,True,15051.863106666278,18746.647846359072,9442.288524441705,True,True,True,True,False,True,True
789,off_sonoff_gSYN,off -> sonoff gSYN,PSTH SSE,2,0.0080668628215789,1441.0,2624804.0,1441.0,0.3007292151451111,13.556592060669104,404.0,0.6519210934638977,True,5217.79699643646,9442.288524441705,-1196.0045891282166,True,True,False,True,False,False,True
789,off_sonoff_gSYN,off -> sonoff gSYN,PSTH SSE,2,0.0122474487870931,1436.0,2577389.75,1436.0,0.2871971726417541,12.98614140465085,387.0,0.664401113986969,True,29.699717781491927,-1196.0045891282166,1890.6152121951,True,True,False,True,False,False,True
789,off_sonoff_gSYN,off -> sonoff gSYN,PSTH SSE,2,0.0185945890843868,1448.0,2409164.25,1448.0,0.285214364528656,12.583470353343849,375.0,0.6662542819976807,True,2746.967122500122,1890.6152121951,4047.116095092895,True,True,True,True,False,True,True
789,off_sonoff_gSYN,off -> sonoff gSYN,PSTH SSE,2,0.0282310806214809,1487.0,2831702.5,1487.0,0.2945521473884582,12.549914432401597,374.0,0.6575823426246643,True,2548.564680208816,4047.116095092895,273.40096431386837,True,True,True,True,False,True,True
789,off_sonoff_gSYN,off -> sonoff gSYN,PSTH SSE,2,0.0428616069257259,1491.0,3922332.0,1491.0,0.3166841268539428,12.348578906748097,368.0,0.6375619769096375,True,-442.99524881658726,273.40096431386837,-1530.657748065506,True,True,False,True,False,False,False
789,off_sonoff_gSYN,off -> sonoff gSYN,PSTH SSE,2,0.0650742799043655,1457.0,3730652.5,1457.0,0.3120875656604767,12.348578906748097,368.0,0.6416609287261963,True,-557.8049646909167,-1530.657748065506,919.2209079780396,True,True,False,True,False,False,False
789,off_sonoff_gSYN,off -> sonoff gSYN,PSTH SSE,2,0.0987984910607338,1488.0,2858416.0,1488.0,0.2879588007926941,12.315022985805845,367.0,0.663690984249115,True,228.45762361333436,919.2209079780396,-820.2882294059035,True,True,False,True,False,False,True
789,off_sonoff_gSYN,off -> sonoff gSYN,PSTH SSE,2,0.1500000059604644,1446.0,1649265.75,1446.0,0.2952001094818115,12.247911143921344,365.0,0.6569857001304626,True,-820.2882294059035,-820.2882294059035,,False,True,False,True,False,False,False
789,off_sonoff_gSYN,off -> sonoff gSYN,PSTH SSE,7,0.0010000000474974,2847.0,-27666.93359375,2847.0,0.3494948744773865,14.39549008422536,429.0,1.109643816947937,True,-55958.436918513326,,-55958.436918513326,False,True,False,True,False,False,True
789,off_sonoff_gSYN,off -> sonoff gSYN,PSTH SSE,7,0.0015182418283075,2818.0,-9212.1552734375,2818.0,0.346462070941925,14.361934163283111,428.0,1.11221444606781,True,-91371.28464163747,-55958.436918513326,-133380.8950445493,True,True,True,True,False,True,True
789,off_sonoff_gSYN,off -> sonoff gSYN,PSTH SSE,7,0.0021330225281417,2736.0,86395.4609375,2736.0,0.3421579599380493,14.227710479514108,424.0,1.1158820390701294,True,157050.69628063217,-133380.8950445493,238322.85469358167,True,True,False,True,False,False,True
789,off_sonoff_gSYN,off -> sonoff gSYN,PSTH SSE,7,0.0023050580639392,2777.0,142357.375,2777.0,0.340319961309433,14.127042716687358,421.0,1.117455244064331,True,215382.13794777787,238322.85469358167,56086.778675149966,True,True,True,True,False,True,True
789,off_sonoff_gSYN,off -> sonoff gSYN,PSTH SSE,7,0.0034996354952454,2844.0,443528.40625,2844.0,0.2969242632389068,13.489480218784603,402.0,1.1559171676635742,True,46513.74982759508,56086.778675149966,31979.575737906656,True,True,True,True,False,True,True
789,off_sonoff_gSYN,off -> sonoff gSYN,PSTH SSE,7,0.0053132930770516,2902.0,877679.125,2902.0,0.2098803669214248,13.0868091674776,390.0,1.2426977157592771,True,19424.618638088694,31979.575737906656,363.16494324775783,True,True,True,True,False,True,True
789,off_sonoff_gSYN,off -> sonoff gSYN,PSTH SSE,7,0.0080668628215789,2903.0,1053177.375,2903.0,0.1646862030029297,12.717694037112848,379.0,1.2950092554092407,True,8862.791399824899,363.16494324775783,21767.28352213354,True,True,True,True,False,True,True
789,off_sonoff_gSYN,off -> sonoff gSYN,PSTH SSE,7,0.0122474487870931,2994.0,1167123.25,2994.0,0.1001253649592399,12.482802590517096,372.0,1.3843988180160522,True,8493.706086475519,21767.28352213354,-11658.79380853645,True,True,False,True,False,False,True
789,off_sonoff_gSYN,off -> sonoff gSYN,PSTH SSE,7,0.0185945890843868,2920.0,1064086.875,2920.0,0.0957024469971656,12.415690748632596,370.0,1.3914666175842283,True,-7564.76419167436,-11658.79380853645,-1349.0386983642984,True,True,True,True,False,True,False
789,off_sonoff_gSYN,off -> sonoff gSYN,PSTH SSE,7,0.0282310806214809,2907.0,1211683.75,2907.0,0.0779426321387291,12.315022985805845,367.0,1.4216426610946655,True,-623.3378416245978,-1349.0386983642984,478.4516875492696,True,True,False,True,False,False,False
789,off_sonoff_gSYN,off -> sonoff gSYN,PSTH SSE,7,0.0428616069257259,2914.0,1451653.375,2914.0,0.0915070474147796,12.348578906748097,368.0,1.3983234167099,True,199.07085756354354,478.4516875492696,-225.09672765669205,True,True,False,True,False,False,True
789,off_sonoff_gSYN,off -> sonoff gSYN,PSTH SSE,7,0.0650742799043655,2909.0,1592093.5,2909.0,0.0927789062261581,12.315022985805845,367.0,1.3962284326553345,True,-312.33520199164195,-225.09672765669205,-444.78431031195464,True,True,True,True,False,True,False
789,off_sonoff_gSYN,off -> sonoff gSYN,PSTH SSE,7,0.0987984910607338,2894.0,1596023.625,2894.0,0.0947799906134605,12.281467064863596,366.0,1.3929611444473269,True,-500.8296990047711,-444.78431031195464,-585.9201638613597,True,True,True,True,False,True,False
789,off_sonoff_gSYN,off -> sonoff gSYN,PSTH SSE,7,0.1500000059604644,2864.0,982406.0625,2864.0,0.0962707698345184,12.348578906748097,368.0,1.3905494213104248,True,-585.9201638613597,-585.9201638613597,,False,True,False,True,False,False,False
789,on_ron_gSYN,on -> ron gSYN,PSTH SSE,1,0.0010000000474974,10176.0,-343537.21875,10176.0,0.2190999388694763,6.073621690547297,181.0,0.8602970838546753,True,-291369.7922308797,,-291369.7922308797,False,True,False,True,False,False,True
789,on_ron_gSYN,on -> ron gSYN,PSTH SSE,1,0.0015182418283075,10025.0,-546400.5625,10025.0,0.1619181483983993,6.845407872219052,204.0,0.9259876608848572,True,-346253.14744020253,-291369.7922308797,-429579.3410117355,True,True,True,True,False,True,True
789,on_ron_gSYN,on -> ron gSYN,PSTH SSE,1,0.0023050580639392,9687.0,-1025273.6875,9687.0,0.234328955411911,7.986309184255561,238.0,0.8443028330802917,True,-460106.9472511769,-429579.3410117355,-506455.2402756079,True,True,True,True,False,True,True
789,on_ron_gSYN,on -> ron gSYN,PSTH SSE,1,0.0034996354952454,9082.0,-1393031.25,9082.0,0.3514904379844665,10.36877957115533,309.0,0.7355118989944458,True,-491887.0213774082,-506455.2402756079,-469768.94014993915,True,True,True,True,False,True,True
789,on_ron_gSYN,on -> ron gSYN,PSTH SSE,1,0.0053132930770516,8230.0,-1873766.0,8230.0,0.4261828958988189,14.127042716687358,421.0,0.6755513548851013,True,-519156.1492838303,-469768.94014993915,-594137.8471533319,True,True,True,True,False,True,True
789,on_ron_gSYN,on -> ron gSYN,PSTH SSE,1,0.0080668628215789,6594.0,-1791679.625,6594.0,0.3730063438415527,21.173786114559917,631.0,0.7176357507705688,True,-487196.98427495017,-594137.8471533319,-324834.8464072236,True,True,True,True,False,True,True
789,on_ron_gSYN,on -> ron gSYN,PSTH SSE,1,0.0122474487870931,5236.0,-1011693.375,5236.0,0.2342283874750137,32.6499110768095,973.0,0.8444067239761353,True,-212661.4853376674,-324834.8464072236,-100264.52072538143,True,True,True,True,False,True,True
789,on_ron_gSYN,on -> ron gSYN,PSTH SSE,1,0.016436368227005,4816.0,1418.96875,4816.0,0.1168418899178505,44.8642662997886,1337.0,0.9865567684173584,True,8718.079531296156,-100264.52072538143,64868.2453054587,True,True,False,True,False,False,True
789,on_ron_gSYN,on -> ron gSYN,PSTH SSE,1,0.0185945890843868,4956.0,846561.375,4956.0,0.0800229534506797,51.17277943693164,1525.0,1.0454949140548706,True,149099.08066758068,64868.2453054587,525191.142493978,True,True,True,True,False,True,True
789,on_ron_gSYN,on -> ron gSYN,PSTH SSE,1,0.0282310806214809,10017.0,5180269.0,10017.0,6.621444867960236e-07,80.73554578705412,2406.0,1.3275644779205322,True,923234.0591051064,525191.142493978,1527559.5378626608,True,True,True,True,False,True,True
789,on_ron_gSYN,on -> ron gSYN,PSTH SSE,1,0.0428616069257259,32366.0,13957013.0,32366.0,0.0966763645410537,126.20381866380322,3761.0,1.6393064260482788,True,2060210.2972082163,1527559.5378626608,2868902.8133300715,True,True,True,True,False,True,True
789,on_ron_gSYN,on -> ron gSYN,PSTH SSE,1,0.0650742799043655,96092.0,29569456.0,96092.0,0.4724425375461578,195.73168685614576,5833.0,2.015722751617432,True,3813758.0794678372,2868902.8133300715,5248276.94795694,True,True,True,True,False,True,True
789,on_ron_gSYN,on -> ron gSYN,PSTH SSE,1,0.0987984910607338,273086.0,56289204.0,273086.0,1.3309706449508667,302.67440689909733,9020.0,2.482055187225342,True,6515261.9657739485,5248276.94795694,8438851.874718133,True,True,True,True,False,True,True
789,on_ron_gSYN,on -> ron gSYN,PSTH SSE,1,0.1500000059604644,705168.0,97296160.0,705168.0,3.0237598419189453,465.4877353108956,13872.0,3.067274332046509,True,8438851.874718133,8438851.874718133,,False,True,False,True,False,False,True
789,on_ron_gSYN,on -> ron gSYN,PSTH SSE,2,0.0010000000474974,1666.0,-55222.234375,1666.0,0.1568166315555572,8.690983524042817,259.0,0.8043081164360046,True,-46310.43055325241,,-46310.43055325241,False,True,False,True,False,False,True
789,on_ron_gSYN,on -> ron gSYN,PSTH SSE,2,0.0015182418283075,1642.0,-147168.84375,1642.0,0.1570063233375549,9.496325626656825,283.0,0.8040686845779419,True,-74857.10978419427,-46310.43055325241,-118197.8660180219,True,True,True,True,False,True,True
789,on_ron_gSYN,on -> ron gSYN,PSTH SSE,2,0.0023050580639392,1549.0,-128615.375,1549.0,0.2332576662302017,10.737894701520082,320.0,0.7173413634300232,True,-92203.7190967318,-118197.8660180219,-52738.31427663355,True,True,True,True,False,True,True
789,on_ron_gSYN,on -> ron gSYN,PSTH SSE,2,0.0034996354952454,1486.0,-149135.46875,1486.0,0.322374016046524,13.523036139726852,403.0,0.6325290203094482,True,-34856.480318905786,-52738.31427663355,-13031.729700656646,True,True,True,True,False,True,True
789,on_ron_gSYN,on -> ron gSYN,PSTH SSE,2,0.0049576153978705,1467.0,16222.9306640625,1467.0,0.37645223736763,17.449078889970135,520.0,0.5867518782615662,True,-7075.986425005365,-13031.729700656646,-5623.068629453307,True,True,True,True,False,True,False
789,on_ron_gSYN,on -> ron gSYN,PSTH SSE,2,0.0053132930770516,1465.0,98238.1953125,1465.0,0.3788650035858154,18.45575651823764,550.0,0.5847887992858887,True,3412.002670759248,-5623.068629453307,73359.31853604708,True,True,False,True,False,False,True
789,on_ron_gSYN,on -> ron gSYN,PSTH SSE,2,0.0080668628215789,1667.0,774280.875,1667.0,0.3862724900245666,26.911848595684702,802.0,0.5788006782531738,True,157547.95256235363,73359.31853604708,285366.6949659925,True,True,True,True,False,True,True
789,on_ron_gSYN,on -> ron gSYN,PSTH SSE,2,0.0122474487870931,2860.0,2160242.75,2860.0,0.3165753781795501,39.897990000335554,1189.0,0.6376585960388184,True,380572.67625010817,285366.6949659925,525118.375187189,True,True,True,True,False,True,True
789,on_ron_gSYN,on -> ron gSYN,PSTH SSE,2,0.0185945890843868,6193.0,4074002.75,6193.0,0.2533025741577148,57.85040770443945,1724.0,0.6970171928405762,True,629074.3616119879,525118.375187189,786904.6499766519,True,True,True,True,False,True,True
789,on_ron_gSYN,on -> ron gSYN,PSTH SSE,2,0.0282310806214809,13776.0,6543731.5,13776.0,0.1941197216510772,82.04422670380188,2445.0,0.7597187161445618,True,835140.702490901,786904.6499766519,908374.7039328276,True,True,True,True,False,True,True
789,on_ron_gSYN,on -> ron gSYN,PSTH SSE,2,0.0428616069257259,27066.0,8751119.0,27066.0,0.149336040019989,110.36542397906108,3289.0,0.8138687014579773,True,936738.2785564208,908374.7039328276,979801.0361440493,True,True,True,True,False,True,True
789,on_ron_gSYN,on -> ron gSYN,PSTH SSE,2,0.0650742799043655,48830.0,12699279.0,48830.0,0.1150343343615531,142.64621992550585,4251.0,0.8611418008804321,True,921703.0074972516,979801.0361440493,833496.1452372489,True,True,True,True,False,True,True
789,on_ron_gSYN,on -> ron gSYN,PSTH SSE,2,0.0987984910607338,76939.0,33563512.0,76939.0,0.0883417427539825,174.69212442535485,5206.0,0.9030855298042296,True,722998.9556626548,833496.1452372489,555237.4779471532,True,True,True,True,False,True,True
789,on_ron_gSYN,on -> ron gSYN,PSTH SSE,2,0.1500000059604644,105368.0,69569176.0,105368.0,0.0744069814682006,201.9730881514043,6019.0,0.9275324940681458,True,555237.4779471532,555237.4779471532,,False,True,False,True,False,False,True
789,on_ron_gSYN,on -> ron gSYN,PSTH SSE,7,0.0010000000474974,3785.0,-7758.8955078125,3785.0,0.7947174310684204,5.805174323009295,173.0,0.8093554973602295,True,1929.6012730521836,,1929.6012730521836,False,True,False,True,False,False,False
789,on_ron_gSYN,on -> ron gSYN,PSTH SSE,7,0.0015182418283075,3786.0,-23276.716796875,3786.0,0.8094730377197266,5.838730243951545,174.0,0.8011175394058228,True,-4892.992220755899,1929.6012730521836,-15251.337550712504,True,True,False,True,False,False,True
789,on_ron_gSYN,on -> ron gSYN,PSTH SSE,7,0.0023050580639392,3774.0,-16177.3935546875,3774.0,0.8640279769897461,6.040065769605047,180.0,0.7712936997413635,True,-54404.228015061235,-15251.337550712504,-113847.78954955813,True,True,True,True,False,True,True
789,on_ron_gSYN,on -> ron gSYN,PSTH SSE,7,0.0034996354952454,3638.0,-80012.4296875,3638.0,0.9269216656684875,6.4427368209120495,192.0,0.738057017326355,True,-110020.32477329555,-113847.78954955813,-104209.3071459372,True,True,True,True,False,True,True
789,on_ron_gSYN,on -> ron gSYN,PSTH SSE,7,0.0053132930770516,3449.0,-137178.796875,3449.0,0.9650948643684388,7.684305895775309,229.0,0.7184323072433472,True,-116619.24473662517,-104209.3071459372,-135460.52383141368,True,True,True,True,False,True,True
789,on_ron_gSYN,on -> ron gSYN,PSTH SSE,7,0.0080668628215789,3076.0,-143224.90625,3076.0,0.721183180809021,10.066776282675075,300.0,0.8515996932983398,True,-118211.5841310973,-135460.52383141368,-96033.60252321158,True,True,True,True,False,True,True
789,on_ron_gSYN,on -> ron gSYN,PSTH SSE,7,0.0116072902455925,2736.0,7812.35400390625,2736.0,0.3421579599380493,14.227710479514108,424.0,1.1158820390701294,True,187700.2629525992,-96033.60252321158,239003.2938424156,True,True,False,True,False,False,True
789,on_ron_gSYN,on -> ron gSYN,PSTH SSE,7,0.0122474487870931,2889.0,75806.46875,2889.0,0.2803472876548767,14.999496661185866,447.0,1.1713464260101318,True,231511.99755530525,239003.2938424156,157236.16514755914,True,True,True,True,False,True,True
789,on_ron_gSYN,on -> ron gSYN,PSTH SSE,7,0.0185945890843868,3887.0,742676.375,3887.0,0.0048752715811133,24.395154525015936,727.0,1.631001591682434,True,334422.99546117964,157236.16514755914,603435.3869991073,True,True,True,True,False,True,True
789,on_ron_gSYN,on -> ron gSYN,PSTH SSE,7,0.0282310806214809,9702.0,2626774.5,9702.0,0.2854345440864563,39.79732223750881,1186.0,2.2350854873657227,True,860889.1682109114,603435.3869991073,1251766.3151110462,True,True,True,True,False,True,True
789,on_ron_gSYN,on -> ron gSYN,PSTH SSE,7,0.0428616069257259,28016.0,6013573.5,28016.0,1.726276159286499,64.8300392604275,1932.0,3.0147030353546143,True,1605234.8241753276,1251766.3151110462,2141885.4023444876,True,True,True,True,False,True,True
789,on_ron_gSYN,on -> ron gSYN,PSTH SSE,7,0.0650742799043655,75593.0,11738214.0,75593.0,4.67634916305542,102.64756216234352,3059.0,3.863311529159546,True,2826844.0108213727,2141885.4023444876,3866776.8801280092,True,True,True,True,False,True,True
789,on_ron_gSYN,on -> ron gSYN,PSTH SSE,7,0.0987984910607338,205997.0,21689286.0,205997.0,10.517695426940918,163.182443542163,4863.0,4.943924427032471,True,4557886.555851951,3866776.8801280092,5607158.314792568,True,True,True,True,False,True,True
789,on_ron_gSYN,on -> ron gSYN,PSTH SSE,7,0.1500000059604644,493092.0,33012780.0,493092.0,18.57465362548828,249.99161101976443,7450.0,6.010656833648682,True,5607158.314792568,5607158.314792568,,False,True,False,True,False,False,True
789,on_sonoff_gSYN,on -> sonoff gSYN,PSTH SSE,1,0.0010000000474974,4895.0,-92.85523986816406,4895.0,0.1126882284879684,44.96493406261535,1340.0,0.9926875233650208,True,0.0,,0.0,False,True,False,True,False,False,False
789,on_sonoff_gSYN,on -> sonoff gSYN,PSTH SSE,1,0.0015182418283075,4895.0,-1577.191162109375,4895.0,0.1126882284879684,44.96493406261535,1340.0,0.9926875233650208,True,0.0,0.0,0.0,True,True,False,True,False,False,False
789,on_sonoff_gSYN,on -> sonoff gSYN,PSTH SSE,1,0.0023050580639392,4895.0,-12060.6728515625,4895.0,0.1126882284879684,44.96493406261535,1340.0,0.9926875233650208,True,-4.656612873077393e-10,0.0,0.0,True,True,False,True,False,False,True
789,on_sonoff_gSYN,on -> sonoff gSYN,PSTH SSE,1,0.0034996354952454,4895.0,-38516.01953125,4895.0,0.1126935929059982,44.96493406261535,1340.0,0.9926795363426208,True,-17297.14154499909,0.0,-43558.387643010785,True,True,False,True,False,False,True
789,on_sonoff_gSYN,on -> sonoff gSYN,PSTH SSE,1,0.0053132930770516,4816.0,6552.04541015625,4816.0,0.1168418899178505,44.8642662997886,1337.0,0.9865567684173584,True,-32318.217510079034,-43558.387643010785,-15252.92761640583,True,True,True,True,False,True,False
789,on_sonoff_gSYN,on -> sonoff gSYN,PSTH SSE,1,0.0080668628215789,4774.0,132990.34375,4774.0,0.1216925084590911,44.66293077413509,1331.0,0.9795336723327636,True,-7486.183165399125,-15252.92761640583,4305.616520861579,True,True,False,True,False,False,False
789,on_sonoff_gSYN,on -> sonoff gSYN,PSTH SSE,1,0.0122474487870931,4792.0,263089.65625,4792.0,0.1139287650585174,43.65625314586759,1301.0,0.9908448457717896,True,-17236.940951722732,4305.616520861579,-49943.75185548722,True,True,False,True,False,False,False
789,on_sonoff_gSYN,on -> sonoff gSYN,PSTH SSE,1,0.0185945890843868,4475.0,630445.75,4475.0,0.125440165400505,41.13955907519882,1226.0,0.9742028713226318,True,-18861.123030412098,-49943.75185548722,28329.812665650265,True,True,False,True,False,False,False
789,on_sonoff_gSYN,on -> sonoff gSYN,PSTH SSE,1,0.0282310806214809,4748.0,1185399.5,4748.0,0.1293892115354538,37.88463474380054,1129.0,0.9686710834503174,True,22046.969924538455,28329.812665650265,12508.094117359477,True,True,True,True,False,True,True
789,on_sonoff_gSYN,on -> sonoff gSYN,PSTH SSE,1,0.0428616069257259,4931.0,1270080.375,4931.0,0.1447825282812118,36.44173014328378,1086.0,0.947875201702118,True,8774.63206556726,12508.094117359477,3106.3348416623503,True,True,True,True,False,True,True
789,on_sonoff_gSYN,on -> sonoff gSYN,PSTH SSE,1,0.0650742799043655,5000.0,1315801.625,5000.0,0.1510976105928421,35.737055803496524,1065.0,0.93966543674469,True,2626.4014230796456,3106.3348416623503,1897.74639066434,True,True,True,True,False,True,True
789,on_sonoff_gSYN,on -> sonoff gSYN,PSTH SSE,1,0.0987984910607338,5064.0,1317819.75,5064.0,0.1641129106283188,35.401496594074025,1055.0,0.9232696890830994,True,1105.3683247998124,1897.74639066434,-97.65336064355994,True,True,False,True,False,False,True
789,on_sonoff_gSYN,on -> sonoff gSYN,PSTH SSE,1,0.1500000059604644,5059.0,1207567.125,5059.0,0.1541032642126083,35.23371698936277,1050.0,0.9358183145523072,True,-97.65336064355994,-97.65336064355994,,False,True,False,True,False,False,False
789,on_sonoff_gSYN,on -> sonoff gSYN,PSTH SSE,2,0.0010000000474974,1467.0,-45.038307189941406,1467.0,0.37645223736763,17.449078889970135,520.0,0.5867518782615662,True,0.0,,0.0,False,True,False,True,False,False,False
789,on_sonoff_gSYN,on -> sonoff gSYN,PSTH SSE,2,0.0015182418283075,1467.0,-298.5268249511719,1467.0,0.37645223736763,17.449078889970135,520.0,0.5867518782615662,True,0.0,0.0,0.0,True,True,False,True,False,False,False
789,on_sonoff_gSYN,on -> sonoff gSYN,PSTH SSE,2,0.0023050580639392,1467.0,-1892.692626953125,1467.0,0.37645223736763,17.449078889970135,520.0,0.5867518782615662,True,-1994.5250132393558,0.0,-5022.696597774624,True,True,False,True,False,False,True
789,on_sonoff_gSYN,on -> sonoff gSYN,PSTH SSE,2,0.0034996354952454,1461.0,-6509.68212890625,1461.0,0.3810554444789886,17.449078889970135,520.0,0.583012044429779,True,-6969.292436026793,-5022.696597774624,-9924.695918660685,True,True,True,True,False,True,True
789,on_sonoff_gSYN,on -> sonoff gSYN,PSTH SSE,2,0.0053132930770516,1443.0,9592.4130859375,1443.0,0.3786170482635498,17.381967048085635,518.0,0.5849902629852295,True,-647.6662188029732,-9924.695918660685,13437.102900167041,True,True,False,True,False,False,False
789,on_sonoff_gSYN,on -> sonoff gSYN,PSTH SSE,2,0.0080668628215789,1480.0,38692.37890625,1480.0,0.3835460245609283,17.281299285258882,515.0,0.5809980034828186,True,5536.541481314169,13437.102900167041,-6458.4247812923695,True,True,False,True,False,False,True
789,on_sonoff_gSYN,on -> sonoff gSYN,PSTH SSE,2,0.0122474487870931,1453.0,82268.3046875,1453.0,0.4031404256820678,16.91218415489413,504.0,0.5653755068778992,True,-5520.432315316473,-6458.4247812923695,-4096.33295975605,True,True,True,True,False,True,False
789,on_sonoff_gSYN,on -> sonoff gSYN,PSTH SSE,2,0.0185945890843868,1427.0,240817.5,1427.0,0.4176308214664459,15.234388107781616,454.0,0.5540652871131897,True,-780.1325038795476,-4096.33295975605,4254.6605102258645,True,True,False,True,False,False,False
789,on_sonoff_gSYN,on -> sonoff gSYN,PSTH SSE,2,0.0282310806214809,1468.0,401374.5625,1468.0,0.2976050078868866,12.583470353343849,375.0,0.6547770500183105,True,1398.0165335819256,4254.6605102258645,-2939.060366374085,True,True,False,True,False,False,True
789,on_sonoff_gSYN,on -> sonoff gSYN,PSTH SSE,2,0.0428616069257259,1425.0,437469.90625,1425.0,0.2512834966182709,11.811684171672091,352.0,0.6990270614624023,True,-252.38214511941987,-2939.060366374085,3826.644370163765,True,True,False,True,False,False,False
789,on_sonoff_gSYN,on -> sonoff gSYN,PSTH SSE,2,0.0650742799043655,1510.0,439109.03125,1510.0,0.2667865455150604,11.57679272507634,345.0,0.6837950944900513,True,1871.3997317161447,3826.644370163765,-1097.1346321028216,True,True,False,True,False,False,True
789,on_sonoff_gSYN,on -> sonoff gSYN,PSTH SSE,2,0.0987984910607338,1473.0,428640.09375,1473.0,0.2586196959018707,11.54323680413409,344.0,0.6917622685432434,True,-770.0392967137814,-1097.1346321028216,-273.42940980196784,True,True,True,True,False,True,False
789,on_sonoff_gSYN,on -> sonoff gSYN,PSTH SSE,2,0.1500000059604644,1459.0,406655.1875,1459.0,0.2606263160705566,11.341901278480588,338.0,0.6897931694984436,True,-273.42940980196784,-273.42940980196784,,False,True,False,True,False,False,False
789,on_sonoff_gSYN,on -> sonoff gSYN,PSTH SSE,7,0.0010000000474974,3111.0,-1398.8436279296875,3111.0,0.1554848849773407,17.616858494681384,525.0,1.306509017944336,True,0.0,,0.0,False,True,False,True,False,False,False
789,on_sonoff_gSYN,on -> sonoff gSYN,PSTH SSE,7,0.0015182418283075,3111.0,-1800.531982421875,3111.0,0.1554848849773407,17.616858494681384,525.0,1.306509017944336,True,0.0,0.0,0.0,True,True,False,True,False,False,False
789,on_sonoff_gSYN,on -> sonoff gSYN,PSTH SSE,7,0.0023050580639392,3111.0,-986.8594360351562,3111.0,0.1554848849773407,17.616858494681384,525.0,1.306509017944336,True,3324.20835539815,0.0,8371.160996291039,True,True,False,True,False,False,False
789,on_sonoff_gSYN,on -> sonoff gSYN,PSTH SSE,7,0.0034996354952454,3121.0,-26665.025390625,3121.0,0.1558102518320083,17.616858494681384,525.0,1.3060966730117798,True,-3711.093722444144,8371.160996291039,-22054.87981924597,True,True,False,True,False,False,True
789,on_sonoff_gSYN,on -> sonoff gSYN,PSTH SSE,7,0.0053132930770516,3081.0,-84404.015625,3081.0,0.1618852913379669,17.549746652796884,523.0,1.2984750270843506,True,-13008.403532132157,-22054.87981924597,726.3298864955157,True,True,False,True,False,False,True
789,on_sonoff_gSYN,on -> sonoff gSYN,PSTH SSE,7,0.0080668628215789,3083.0,-113560.265625,3083.0,0.1781252920627594,17.21418744337438,513.0,1.2787758111953735,True,-8965.83559390658,726.3298864955157,-23680.89086473869,True,True,False,True,False,False,True
789,on_sonoff_gSYN,on -> sonoff gSYN,PSTH SSE,7,0.0122474487870931,2984.0,-72300.3203125,2984.0,0.240019291639328,16.173953894164626,482.0,1.2109071016311646,True,-15465.866833046923,-23680.89086473869,-2993.474085975575,True,True,True,True,False,True,True
789,on_sonoff_gSYN,on -> sonoff gSYN,PSTH SSE,7,0.0185945890843868,2965.0,34148.640625,2965.0,0.3059760332107544,15.267944028723868,455.0,1.147673726081848,True,-9428.275746623665,-2993.474085975575,-19197.858399799632,True,True,True,True,False,True,False
789,on_sonoff_gSYN,on -> sonoff gSYN,PSTH SSE,7,0.0282310806214809,2780.0,91380.4296875,2780.0,0.3575665652751922,14.227710479514108,424.0,1.1028560400009155,True,-72721.23165242746,-19197.858399799632,-75939.40915812302,True,True,True,True,False,True,False
789,on_sonoff_gSYN,on -> sonoff gSYN,PSTH SSE,7,0.0288104899227619,2736.0,90371.234375,2736.0,0.3421579599380493,14.227710479514108,424.0,1.1158820390701294,True,-72399.30619148875,-75939.40915812302,13450.88792301221,True,True,False,True,False,False,False
789,on_sonoff_gSYN,on -> sonoff gSYN,PSTH SSE,7,0.0428616069257259,2925.0,113152.328125,2925.0,0.3843416273593902,13.590147981611354,405.0,1.080871820449829,True,7785.543112607069,13450.88792301221,-1170.5029838147987,True,True,False,True,False,False,True
789,on_sonoff_gSYN,on -> sonoff gSYN,PSTH SSE,7,0.0650742799043655,2899.0,116036.1796875,2899.0,0.3688693642616272,13.321700614073352,397.0,1.0934785604476929,True,-1765.4429970199199,-1170.5029838147987,-2668.705861871728,True,True,True,True,False,True,False
789,on_sonoff_gSYN,on -> sonoff gSYN,PSTH SSE,7,0.0987984910607338,2809.0,152083.28125,2809.0,0.3605159223079681,13.187476930304353,393.0,1.1003949642181396,True,-1802.8482396588224,-2668.705861871728,-488.2668032177997,True,True,True,True,False,True,False
789,on_sonoff_gSYN,on -> sonoff gSYN,PSTH SSE,7,0.1500000059604644,2784.0,180748.15625,2784.0,0.3486252129077911,13.1539210093621,392.0,1.1103798151016235,True,-488.2668032177997,-488.2668032177997,,False,True,False,True,False,False,False
789,output_ad,Output adaptation,PSTH SSE,1,0.0,986224.0,-56330132.0,986224.0,0.0068818884901702,597.0940572464011,17794.0,1.4113353490829468,True,-2941099860.3059916,,-2941099860.3059916,False,True,False,True,False,False,True
789,output_ad,Output adaptation,PSTH SSE,1,0.0002500000118743,250949.0,-17971880.0,250949.0,0.0460235252976417,318.1101305325324,9480.0,1.5429091453552246,True,-1746687917.0373435,-2941099860.3059916,-552275973.7682168,True,True,True,True,False,True,True
789,output_ad,Output adaptation,PSTH SSE,1,0.0005000000237487,112880.0,-9126877.0,112880.0,0.0354353934526443,224.48911110365424,6690.0,1.5166211128234863,True,-416657313.54310256,-552275973.7682168,-145419993.09292844,True,True,True,True,False,True,True
789,output_ad,Output adaptation,PSTH SSE,1,0.0010000000474974,40170.0,-3632418.5,40170.0,0.0080497870221734,147.3440488574209,4391.0,1.4180988073349,True,-106323328.28325336,-145419993.09292844,-28129998.663895387,True,True,True,True,False,True,True
789,output_ad,Output adaptation,PSTH SSE,1,0.0020000000949949,12040.0,-1105296.125,12040.0,0.0034814800601452,91.54055233045872,2728.0,1.269374132156372,True,-18665732.295773536,-28129998.663895387,-4469333.294484398,True,True,True,True,False,True,True
789,output_ad,Output adaptation,PSTH SSE,1,0.0035000001080334,5336.0,-278280.25,5336.0,0.0457984432578086,60.97110835206872,1817.0,1.114372491836548,True,-2379333.1729012104,-4469333.294484398,-289333.3757288128,True,True,True,True,False,True,True
789,output_ad,Output adaptation,PSTH SSE,1,0.0049999998882412,4902.0,-39749.953125,4902.0,0.1095135137438774,46.47495050501661,1385.0,0.9974499344825744,True,-331126.9811946843,-289333.3757288128,-338211.7934655101,True,True,True,True,False,True,True
789,output_ad,Output adaptation,PSTH SSE,1,0.0052542784251272,4816.0,-6297.466796875,4816.0,0.1168418899178505,44.8642662997886,1337.0,0.9865567684173584,True,-289499.7735488878,-338211.7934655101,140712.0219729797,True,True,False,True,False,False,True
789,output_ad,Output adaptation,PSTH SSE,1,0.0074999998323619,5132.0,98720.9609375,5132.0,0.2083624750375747,33.92503607261501,1011.0,0.871910810470581,True,197728.10544016003,140712.0219729797,261200.0058382798,True,True,True,True,False,True,True
789,output_ad,Output adaptation,PSTH SSE,1,0.0099999997764825,5785.0,125556.953125,5785.0,0.34307861328125,27.24740780510721,812.0,0.7426490783691406,True,235666.6719342303,261200.0058382798,184600.0041261313,True,True,True,True,False,True,True
789,output_ad,Output adaptation,PSTH SSE,1,0.0149999996647238,6708.0,148344.125,6708.0,0.495984137058258,19.831549276869904,591.0,0.6241167783737183,True,169166.66711266665,184600.0041261313,138299.9902110548,True,True,True,True,False,True,True
789,output_ad,Output adaptation,PSTH SSE,1,0.025000000372529,8091.0,106973.4375,8091.0,0.7802760601043701,13.690815744438105,408.0,0.4450457990169525,True,138299.9902110548,138299.9902110548,,False,True,False,True,False,False,True
789,output_ad,Output adaptation,PSTH SSE,2,0.0,19050.0,-2612377.25,19050.0,0.313517302274704,95.80215429012448,2855.0,0.6403827667236328,True,-40983998.05337485,,-40983998.05337485,False,True,False,True,False,False,True
789,output_ad,Output adaptation,PSTH SSE,2,0.0002500000118743,8804.0,-1541565.375,8804.0,0.3348379731178283,68.82319385255528,2051.0,0.6216570734977722,True,-28089998.66580326,-40983998.05337485,-15195999.278226508,True,True,True,True,False,True,True
789,output_ad,Output adaptation,PSTH SSE,2,0.0005000000237487,5005.0,-915747.5625,5005.0,0.3471362888813019,53.21969061440891,1586.0,0.611126184463501,True,-11779999.440478174,-15195999.278226508,-4947999.764982876,True,True,True,True,False,True,True
789,output_ad,Output adaptation,PSTH SSE,2,0.0010000000474974,2531.0,-363058.96875,2531.0,0.3483703136444092,37.24707224589778,1110.0,0.6100798845291138,True,-3602333.162231934,-4947999.764982876,-910999.9567297795,True,True,True,True,False,True,True
789,output_ad,Output adaptation,PSTH SSE,2,0.0020000000949949,1620.0,-93912.484375,1620.0,0.3560605645179748,24.79782557632294,739.0,0.603600800037384,True,-597799.9663005539,-910999.9567297795,-127999.99888738134,True,True,True,True,False,True,True
789,output_ad,Output adaptation,PSTH SSE,2,0.0035000001080334,1428.0,-25351.673828125,1428.0,0.3629691302776336,18.15375322975739,541.0,0.5978397130966187,True,94256.8482974777,-127999.99888738134,136569.83703627976,True,True,False,True,False,False,False
789,output_ad,Output adaptation,PSTH SSE,2,0.0037855682894587,1467.0,-18511.23828125,1467.0,0.37645223736763,17.449078889970135,520.0,0.5867518782615662,True,111196.88810787181,136569.83703627976,3293.721938732578,True,True,True,True,False,True,False
789,output_ad,Output adaptation,PSTH SSE,2,0.0049999998882412,1471.0,-9377.7099609375,1471.0,0.402009516954422,15.100164424012616,450.0,0.5662667155265808,True,7186.473910893343,3293.721938732578,15200.000339746151,True,True,True,True,False,True,False
789,output_ad,Output adaptation,PSTH SSE,2,0.0074999998323619,1509.0,11136.82421875,1509.0,0.4628156423568725,11.945907855441092,356.0,0.5200033783912659,True,14200.000317394617,15200.000339746151,13200.000295043237,True,True,True,True,False,True,True
789,output_ad,Output adaptation,PSTH SSE,2,0.0099999997764825,1542.0,16229.513671875,1542.0,0.5476692914962769,10.100332203617327,301.0,0.46026211977005,True,12000.000268221062,13200.000295043237,9600.000214576708,True,True,True,True,False,True,True
789,output_ad,Output adaptation,PSTH SSE,2,0.0149999996647238,1590.0,20313.013671875,1590.0,0.6935235261917114,8.019865105197812,239.0,0.367528349161148,True,11566.666321911733,9600.000214576708,15499.99890290202,True,True,True,True,False,True,True
789,output_ad,Output adaptation,PSTH SSE,2,0.025000000372529,1745.0,15943.7939453125,1745.0,0.8656625747680664,6.241401295258548,186.0,0.2698990404605865,True,15499.99890290202,15499.99890290202,,False,True,False,True,False,False,True
789,output_ad,Output adaptation,PSTH SSE,7,0.0,17179.0,-1610434.625,17179.0,0.0640546828508377,73.31968725881681,2185.0,1.4477344751358032,True,-33531998.407323964,,-33531998.407323964,False,True,False,True,False,False,True
789,output_ad,Output adaptation,PSTH SSE,7,0.0002500000118743,8796.0,-665745.25,8796.0,0.0237427130341529,49.99832220395288,1490.0,1.5467380285263062,True,-21677998.97035616,-33531998.407323964,-9823999.5333836,True,True,True,True,False,True,True
789,output_ad,Output adaptation,PSTH SSE,7,0.0005000000237487,6340.0,-392923.90625,6340.0,0.0253610257059335,40.19999328881581,1198.0,1.5415732860565186,True,-8013332.952719302,-9823999.5333836,-4391999.7913914295,True,True,True,True,False,True,True
789,output_ad,Output adaptation,PSTH SSE,7,0.0010000000474974,4144.0,-203135.5625,4144.0,0.0572689473628997,30.200328848025237,900.0,1.4615154266357422,True,-3263333.178333535,-4391999.7913914295,-1005999.9522175172,True,True,True,True,False,True,True
789,output_ad,Output adaptation,PSTH SSE,7,0.0020000000949949,3138.0,-71409.3984375,3138.0,0.1374592334032058,21.878460454347167,652.0,1.3300697803497314,True,-645999.9625800399,-1005999.9522175172,-105999.99907861267,True,True,True,True,False,True,True
789,output_ad,Output adaptation,PSTH SSE,7,0.0035000001080334,2979.0,-16187.7021484375,2979.0,0.280497133731842,15.939062447568872,475.0,1.171204924583435,True,-234895.42235312704,-105999.99907861267,-303660.01809954765,True,True,True,True,False,True,True
789,output_ad,Output adaptation,PSTH SSE,7,0.0043002371676266,2736.0,582.1868286132812,2736.0,0.3421579599380493,14.227710479514108,424.0,1.1158820390701294,True,-61609.14179537259,-303660.01809954765,150050.86282358508,True,True,False,True,False,False,False
789,output_ad,Output adaptation,PSTH SSE,7,0.0049999998882412,2841.0,9043.5751953125,2841.0,0.397689551115036,13.05325324653535,389.0,1.0701984167099,True,123796.69127574452,150050.86282358508,30000.000670551613,True,True,True,True,False,True,True
789,output_ad,Output adaptation,PSTH SSE,7,0.0074999998323619,2916.0,6068.50146484375,2916.0,0.6171753406524658,10.53655917586658,314.0,0.9152196645736694,True,21400.00047832681,30000.000670551613,12800.000286102531,True,True,True,True,False,True,True
789,output_ad,Output adaptation,PSTH SSE,7,0.0099999997764825,2948.0,12065.5869140625,2948.0,0.7449337840080261,8.925874970638569,266.0,0.837729275226593,True,13266.66696319991,12800.000286102531,14200.000317394715,True,True,True,True,False,True,True
789,output_ad,Output adaptation,PSTH SSE,7,0.0149999996647238,3019.0,16287.5732421875,3019.0,1.0721379518508911,6.946075635045803,207.0,0.6653838157653809,True,21599.998893340424,14200.000317394715,36399.99742358926,True,True,True,True,False,True,True
789,output_ad,Output adaptation,PSTH SSE,7,0.025000000372529,3383.0,25133.263671875,3383.0,1.5752712488174438,5.335391429817791,159.0,0.4457266926765442,True,36399.99742358926,36399.99742358926,,False,True,False,True,False,False,True
789,rel_ref_a,Relative refractory a,CV squared error,1,0.0010000000474974,0.1168418899178505,-914533.8125,4816.0,0.1168418899178505,44.8642662997886,1337.0,0.9865567684173584,True,0.0,,0.0,False,True,False,False,False,False,False
789,rel_ref_a,Relative refractory a,CV squared error,1,0.050000000745058,0.1168418899178505,-14173.90234375,4816.0,0.1168418899178505,44.8642662997886,1337.0,0.9865567684173584,True,0.0,0.0,0.0,True,True,False,True,False,False,False
789,rel_ref_a,Relative refractory a,CV squared error,1,0.1000000014901161,0.1168418899178505,-4981.63330078125,4816.0,0.1168418899178505,44.8642662997886,1337.0,0.9865567684173584,True,-8.326672684688674e-17,0.0,0.0,True,True,False,True,False,False,True
789,rel_ref_a,Relative refractory a,CV squared error,1,0.25,0.1168418899178505,-466.2615966796875,4816.0,0.1168418899178505,44.8642662997886,1337.0,0.9865567684173584,True,0.0,0.0,0.0,True,True,False,True,False,False,False
789,rel_ref_a,Relative refractory a,CV squared error,1,0.5,0.1168418899178505,-25.77953720092773,4816.0,0.1168418899178505,44.8642662997886,1337.0,0.9865567684173584,True,2.7755575615628914e-17,0.0,0.0,True,True,False,True,False,False,False
789,rel_ref_a,Relative refractory a,CV squared error,1,1.0,0.1168418899178505,-0.3496149778366089,4816.0,0.1168418899178505,44.8642662997886,1337.0,0.9865567684173584,True,1.3877787807814457e-17,0.0,0.0,True,True,False,True,False,False,False
789,rel_ref_a,Relative refractory a,CV squared error,1,2.0,0.1168418899178505,-0.0022094130981713,4816.0,0.1168418899178505,44.8642662997886,1337.0,0.9865567684173584,True,6.938893903907228e-18,0.0,0.0,True,True,False,True,False,False,False
789,rel_ref_a,Relative refractory a,CV squared error,1,4.0,0.1168418899178505,-2.331675386813004e-05,4816.0,0.1168418899178505,44.8642662997886,1337.0,0.9865567684173584,True,0.0,0.0,0.0,True,False,False,True,False,False,False
789,rel_ref_a,Relative refractory a,CV squared error,1,6.0,0.1168418899178505,-4.227498209274927e-07,4816.0,0.1168418899178505,44.8642662997886,1337.0,0.9865567684173584,True,0.0,0.0,0.0,True,False,False,True,False,False,False
789,rel_ref_a,Relative refractory a,CV squared error,1,8.0,0.1168418899178505,-8.208730584158275e-09,4816.0,0.1168418899178505,44.8642662997886,1337.0,0.9865567684173584,True,0.0,0.0,0.0,True,False,False,True,False,False,False
789,rel_ref_a,Relative refractory a,CV squared error,1,8.795970916748047,0.1168418899178505,-2.0521826460395687e-09,4816.0,0.1168418899178505,44.8642662997886,1337.0,0.9865567684173584,True,6.938893903907228e-18,0.0,0.0,True,False,False,True,False,False,False
789,rel_ref_a,Relative refractory a,CV squared error,1,10.0,0.1168418899178505,0.0,4816.0,0.1168418899178505,44.8642662997886,1337.0,0.9865567684173584,True,8.673617379884035e-18,0.0,0.0,True,False,False,True,False,False,False
789,rel_ref_a,Relative refractory a,CV squared error,1,15.0,0.1168418899178505,0.0,4816.0,0.1168418899178505,44.8642662997886,1337.0,0.9865567684173584,True,0.0,0.0,,False,False,False,False,False,False,False
789,rel_ref_a,Relative refractory a,CV squared error,2,0.0010000000474974,1.1360255479812622,-3633.214599609375,2009.0,1.1360255479812622,1.946243414650515,58.0,0.1344639360904693,True,-13.922309190722727,,-13.922309190722727,False,True,False,False,False,False,True
789,rel_ref_a,Relative refractory a,CV squared error,2,0.050000000745058,0.4538323879241943,-44224.58984375,1419.0,0.4538323879241943,17.046407838663132,508.0,0.5266380906105042,True,-7.76258526481718,-13.922309190722727,-1.4771526831812742,True,True,True,True,False,True,True
789,rel_ref_a,Relative refractory a,CV squared error,2,0.1000000014901161,0.379974752664566,-9187.056640625,1450.0,0.379974752664566,17.415522969027883,519.0,0.5838879942893982,True,-1.1137353645033294,-1.4771526831812742,-0.023483435546193504,True,True,True,True,False,True,True
789,rel_ref_a,Relative refractory a,CV squared error,2,0.25,0.37645223736763,-20.55130958557129,1467.0,0.37645223736763,17.449078889970135,520.0,0.5867518782615662,True,-0.014677147271047408,-0.023483435546193504,0.0,True,True,False,True,False,False,True
789,rel_ref_a,Relative refractory a,CV squared error,2,0.5,0.37645223736763,-6.015851705676312e-10,1467.0,0.37645223736763,17.449078889970135,520.0,0.5867518782615662,True,0.0,0.0,0.0,True,False,False,True,False,False,False
789,rel_ref_a,Relative refractory a,CV squared error,2,1.0,0.37645223736763,0.0,1467.0,0.37645223736763,17.449078889970135,520.0,0.5867518782615662,True,0.0,0.0,0.0,True,False,False,True,False,False,False
789,rel_ref_a,Relative refractory a,CV squared error,2,2.0,0.37645223736763,0.0,1467.0,0.37645223736763,17.449078889970135,520.0,0.5867518782615662,True,5.551115123125783e-17,0.0,0.0,True,False,False,True,False,False,False
789,rel_ref_a,Relative refractory a,CV squared error,2,3.2449843883514404,0.37645223736763,0.0,1467.0,0.37645223736763,17.449078889970135,520.0,0.5867518782615662,True,0.0,0.0,0.0,True,False,False,True,False,False,False
789,rel_ref_a,Relative refractory a,CV squared error,2,4.0,0.37645223736763,0.0,1467.0,0.37645223736763,17.449078889970135,520.0,0.5867518782615662,True,-2.7755575615628914e-17,0.0,0.0,True,False,False,True,False,False,False
789,rel_ref_a,Relative refractory a,CV squared error,2,6.0,0.37645223736763,0.0,1467.0,0.37645223736763,17.449078889970135,520.0,0.5867518782615662,True,0.0,0.0,0.0,True,False,False,True,False,False,False
789,rel_ref_a,Relative refractory a,CV squared error,2,8.0,0.37645223736763,0.0,1467.0,0.37645223736763,17.449078889970135,520.0,0.5867518782615662,True,0.0,0.0,0.0,True,False,False,True,False,False,False
789,rel_ref_a,Relative refractory a,CV squared error,2,10.0,0.37645223736763,0.0,1467.0,0.37645223736763,17.449078889970135,520.0,0.5867518782615662,True,-1.0408340855860843e-17,0.0,0.0,True,False,False,True,False,False,False
789,rel_ref_a,Relative refractory a,CV squared error,2,15.0,0.37645223736763,0.0,1467.0,0.37645223736763,17.449078889970135,520.0,0.5867518782615662,True,0.0,0.0,,False,False,False,False,False,False,False
789,rel_ref_a,Relative refractory a,CV squared error,7,0.0010000000474974,0.4104591906070709,-1827975.375,2740.0,0.4104591906070709,13.825039428207106,412.0,1.060153841972351,True,-1.001755179527261,,-1.001755179527261,False,True,False,False,False,False,True
789,rel_ref_a,Relative refractory a,CV squared error,7,0.050000000745058,0.3613731861114502,-10343.48046875,2752.0,0.3613731861114502,14.093486795745108,420.0,1.0996814966201782,True,-0.5708150128747058,-1.001755179527261,-0.13108014865100148,True,True,True,True,False,True,True
789,rel_ref_a,Relative refractory a,CV squared error,7,0.1000000014901161,0.3548191785812378,-7037.22802734375,2746.0,0.3548191785812378,14.160598637629608,422.0,1.105157732963562,True,-0.11941214255252863,-0.13108014865100148,-0.08440812512644257,True,True,True,True,False,True,True
789,rel_ref_a,Relative refractory a,CV squared error,7,0.25,0.3421579599380493,-1169.2352294921875,2736.0,0.3421579599380493,14.227710479514108,424.0,1.1158820390701294,True,-0.0527550784005546,-0.08440812512644257,0.0,True,True,False,True,False,False,True
789,rel_ref_a,Relative refractory a,CV squared error,7,0.5,0.3421579599380493,-71.01236724853516,2736.0,0.3421579599380493,14.227710479514108,424.0,1.1158820390701294,True,0.0,0.0,0.0,True,True,False,True,False,False,False
789,rel_ref_a,Relative refractory a,CV squared error,7,1.0,0.3421579599380493,-0.7629992961883545,2736.0,0.3421579599380493,14.227710479514108,424.0,1.1158820390701294,True,0.0,0.0,0.0,True,True,False,True,False,False,False
789,rel_ref_a,Relative refractory a,CV squared error,7,2.0,0.3421579599380493,-0.0054600210860371,2736.0,0.3421579599380493,14.227710479514108,424.0,1.1158820390701294,True,0.0,0.0,0.0,True,True,False,True,False,False,False
789,rel_ref_a,Relative refractory a,CV squared error,7,4.0,0.3421579599380493,-8.567908662371337e-05,2736.0,0.3421579599380493,14.227710479514108,424.0,1.1158820390701294,True,0.0,0.0,0.0,True,False,False,True,False,False,False
789,rel_ref_a,Relative refractory a,CV squared error,7,6.0,0.3421579599380493,-1.570063545841549e-06,2736.0,0.3421579599380493,14.227710479514108,424.0,1.1158820390701294,True,0.0,0.0,0.0,True,False,False,True,False,False,False
789,rel_ref_a,Relative refractory a,CV squared error,7,8.0,0.3421579599380493,-2.8616945257908813e-08,2736.0,0.3421579599380493,14.227710479514108,424.0,1.1158820390701294,True,4.440892098500626e-16,0.0,0.0,True,False,False,True,False,False,False
789,rel_ref_a,Relative refractory a,CV squared error,7,8.140619277954102,0.3421579599380493,-2.1656054727259292e-08,2736.0,0.3421579599380493,14.227710479514108,424.0,1.1158820390701294,True,3.0704605524789486e-16,0.0,0.0,True,False,False,True,False,False,False
789,rel_ref_a,Relative refractory a,CV squared error,7,10.0,0.3421579599380493,-7.734304308115725e-10,2736.0,0.3421579599380493,14.227710479514108,424.0,1.1158820390701294,True,2.0816681711721685e-17,0.0,0.0,True,False,False,True,False,False,False
789,rel_ref_a,Relative refractory a,CV squared error,7,15.0,0.3421579599380493,0.0,2736.0,0.3421579599380493,14.227710479514108,424.0,1.1158820390701294,True,0.0,0.0,,False,False,False,False,False,False,False
789,rel_ref_b,Relative refractory b,CV squared error,1,0.0,0.1168418899178505,2.0521826460395687e-09,4816.0,0.1168418899178505,44.8642662997886,1337.0,0.9865567684173584,True,0.0,,0.0,False,True,False,False,False,False,False
789,rel_ref_b,Relative refractory b,CV squared error,1,0.25,0.1168418899178505,2.0521826460395687e-09,4816.0,0.1168418899178505,44.8642662997886,1337.0,0.9865567684173584,True,0.0,0.0,0.0,True,True,False,True,False,False,False
789,rel_ref_b,Relative refractory b,CV squared error,1,0.5,0.1168418899178505,4.104365292079137e-09,4816.0,0.1168418899178505,44.8642662997886,1337.0,0.9865567684173584,True,2.7755575615628914e-17,0.0,0.0,True,True,False,True,False,False,True
789,rel_ref_b,Relative refractory b,CV squared error,1,1.0,0.1168418899178505,1.231313007110657e-08,4816.0,0.1168418899178505,44.8642662997886,1337.0,0.9865567684173584,True,1.3877787807814457e-17,0.0,0.0,True,True,False,True,False,False,True
789,rel_ref_b,Relative refractory b,CV squared error,1,2.0,0.1168418899178505,8.619156943723284e-08,4816.0,0.1168418899178505,44.8642662997886,1337.0,0.9865567684173584,True,6.938893903907228e-18,0.0,0.0,True,True,False,True,False,False,True
789,rel_ref_b,Relative refractory b,CV squared error,1,4.0,0.1168418899178505,4.701554189523449e-06,4816.0,0.1168418899178505,44.8642662997886,1337.0,0.9865567684173584,True,0.0,0.0,0.0,True,True,False,True,False,False,False
789,rel_ref_b,Relative refractory b,CV squared error,1,6.0,0.1168418899178505,0.0002547908807173,4816.0,0.1168418899178505,44.8642662997886,1337.0,0.9865567684173584,True,0.0,0.0,0.0,True,True,False,True,False,False,False
789,rel_ref_b,Relative refractory b,CV squared error,1,8.0,0.1168418899178505,0.0096756601706147,4816.0,0.1168418899178505,44.8642662997886,1337.0,0.9865567684173584,True,0.0,0.0,0.0,True,True,False,True,False,False,False
789,rel_ref_b,Relative refractory b,CV squared error,1,10.0,0.1168418899178505,0.005215969402343,4816.0,0.1168418899178505,44.8642662997886,1337.0,0.9865567684173584,True,-3.469446951953614e-18,0.0,0.0,True,True,False,True,False,False,False
789,rel_ref_b,Relative refractory b,CV squared error,1,15.0,0.1168418899178505,0.0054370812140405,4816.0,0.1168418899178505,44.8642662997886,1337.0,0.9865567684173584,True,4.336808689942018e-19,0.0,0.0,True,True,False,True,False,False,True
789,rel_ref_b,Relative refractory b,CV squared error,1,25.0,0.1168418899178505,0.8762091994285583,4816.0,0.1168418899178505,44.8642662997886,1337.0,0.9865567684173584,True,0.0,0.0,,False,True,False,False,False,False,False
789,rel_ref_b,Relative refractory b,CV squared error,2,0.0,0.37645223736763,0.0,1467.0,0.37645223736763,17.449078889970135,520.0,0.5867518782615662,True,0.0,,0.0,False,False,False,False,False,False,False
789,rel_ref_b,Relative refractory b,CV squared error,2,0.25,0.37645223736763,0.0,1467.0,0.37645223736763,17.449078889970135,520.0,0.5867518782615662,True,0.0,0.0,0.0,True,False,False,True,False,False,False
789,rel_ref_b,Relative refractory b,CV squared error,2,0.5,0.37645223736763,0.0,1467.0,0.37645223736763,17.449078889970135,520.0,0.5867518782615662,True,0.0,0.0,0.0,True,False,False,True,False,False,False
789,rel_ref_b,Relative refractory b,CV squared error,2,1.0,0.37645223736763,0.0,1467.0,0.37645223736763,17.449078889970135,520.0,0.5867518782615662,True,0.0,0.0,0.0,True,False,False,True,False,False,False
789,rel_ref_b,Relative refractory b,CV squared error,2,2.0,0.37645223736763,0.0,1467.0,0.37645223736763,17.449078889970135,520.0,0.5867518782615662,True,0.0,0.0,0.0,True,False,False,True,False,False,False
789,rel_ref_b,Relative refractory b,CV squared error,2,4.0,0.37645223736763,0.0,1467.0,0.37645223736763,17.449078889970135,520.0,0.5867518782615662,True,0.0,0.0,0.0,True,False,False,True,False,False,False
789,rel_ref_b,Relative refractory b,CV squared error,2,6.0,0.37645223736763,0.0,1467.0,0.37645223736763,17.449078889970135,520.0,0.5867518782615662,True,0.0,0.0,0.0,True,False,False,True,False,False,False
789,rel_ref_b,Relative refractory b,CV squared error,2,8.0,0.37645223736763,0.0,1467.0,0.37645223736763,17.449078889970135,520.0,0.5867518782615662,True,0.0,0.0,0.0,True,False,False,True,False,False,False
789,rel_ref_b,Relative refractory b,CV squared error,2,8.554961204528809,0.37645223736763,0.0,1467.0,0.37645223736763,17.449078889970135,520.0,0.5867518782615662,True,-6.938893903907228e-17,0.0,0.0,True,False,False,True,False,False,False
789,rel_ref_b,Relative refractory b,CV squared error,2,10.0,0.37645223736763,0.0,1467.0,0.37645223736763,17.449078889970135,520.0,0.5867518782615662,True,1.734723475976807e-17,0.0,0.0,True,False,False,True,False,False,False
789,rel_ref_b,Relative refractory b,CV squared error,2,15.0,0.37645223736763,0.0,1467.0,0.37645223736763,17.449078889970135,520.0,0.5867518782615662,True,1.734723475976807e-18,0.0,0.0,True,False,False,True,False,False,False
789,rel_ref_b,Relative refractory b,CV squared error,2,25.0,0.37645223736763,0.0,1467.0,0.37645223736763,17.449078889970135,520.0,0.5867518782615662,True,0.0,0.0,,False,False,False,False,False,False,False
789,rel_ref_b,Relative refractory b,CV squared error,7,0.0,0.3421579599380493,2.320292402657742e-09,2736.0,0.3421579599380493,14.227710479514108,424.0,1.1158820390701294,True,0.0,,0.0,False,True,False,False,False,False,False
789,rel_ref_b,Relative refractory b,CV squared error,7,0.25,0.3421579599380493,3.867152820191677e-09,2736.0,0.3421579599380493,14.227710479514108,424.0,1.1158820390701294,True,0.0,0.0,0.0,True,True,False,True,False,False,False
789,rel_ref_b,Relative refractory b,CV squared error,7,0.5,0.3421579599380493,6.187443446492581e-09,2736.0,0.3421579599380493,14.227710479514108,424.0,1.1158820390701294,True,0.0,0.0,0.0,True,True,False,True,False,False,False
789,rel_ref_b,Relative refractory b,CV squared error,7,1.0,0.3421579599380493,1.6242045930425775e-08,2736.0,0.3421579599380493,14.227710479514108,424.0,1.1158820390701294,True,0.0,0.0,0.0,True,True,False,True,False,False,False
789,rel_ref_b,Relative refractory b,CV squared error,7,1.1436665058135986,0.3421579599380493,2.1656054727259292e-08,2736.0,0.3421579599380493,14.227710479514108,424.0,1.1158820390701294,True,-2.636779683484747e-16,0.0,0.0,True,True,False,True,False,False,False
789,rel_ref_b,Relative refractory b,CV squared error,7,2.0,0.3421579599380493,1.206551871746342e-07,2736.0,0.3421579599380493,14.227710479514108,424.0,1.1158820390701294,True,4.163336342344337e-17,0.0,0.0,True,True,False,True,False,False,True
789,rel_ref_b,Relative refractory b,CV squared error,7,4.0,0.3421579599380493,6.568747267010622e-06,2736.0,0.3421579599380493,14.227710479514108,424.0,1.1158820390701294,True,0.0,0.0,0.0,True,True,False,True,False,False,False
789,rel_ref_b,Relative refractory b,CV squared error,7,6.0,0.3421579599380493,0.0003490808594506,2736.0,0.3421579599380493,14.227710479514108,424.0,1.1158820390701294,True,0.0,0.0,0.0,True,True,False,True,False,False,False
789,rel_ref_b,Relative refractory b,CV squared error,7,8.0,0.3421579599380493,0.0063614002428948,2736.0,0.3421579599380493,14.227710479514108,424.0,1.1158820390701294,True,0.0,0.0,0.0,True,True,False,True,False,False,False
789,rel_ref_b,Relative refractory b,CV squared error,7,10.0,0.3421579599380493,0.0006010113866068,2736.0,0.3421579599380493,14.227710479514108,424.0,1.1158820390701294,True,-3.469446951953614e-18,0.0,0.0,True,True,False,True,False,False,False
789,rel_ref_b,Relative refractory b,CV squared error,7,15.0,0.3421579599380493,0.0151033569127321,2736.0,0.3421579599380493,14.227710479514108,424.0,1.1158820390701294,True,1.734723475976807e-18,0.0,0.0,True,True,False,True,False,False,True
789,rel_ref_b,Relative refractory b,CV squared error,7,25.0,0.3421579599380493,0.5016550421714783,2736.0,0.3421579599380493,14.227710479514108,424.0,1.1158820390701294,True,0.0,0.0,,False,True,False,False,False,False,False
789,rel_ref_c,Relative refractory c,CV squared error,1,0.2000000029802322,0.151683896780014,-13691.0400390625,4730.0,0.151683896780014,43.92470051340559,1309.0,0.938912034034729,True,-0.26090238826503787,,-0.26090238826503787,False,True,False,False,False,False,True
789,rel_ref_c,Relative refractory c,CV squared error,1,0.2800000011920929,0.1308117061853408,-12294.6025390625,4669.0,0.1308117061853408,44.36092748565484,1322.0,0.9666991829872132,True,-0.1671596020873909,-0.26090238826503787,-0.07341679844878908,True,True,True,True,False,True,True
789,rel_ref_c,Relative refractory c,CV squared error,1,0.3600000143051147,0.1249383613467216,-11594.5439453125,4746.0,0.1249383613467216,44.7300426160196,1333.0,0.9749119877815248,True,-0.06332769755667511,-0.07341679844878908,-0.053238600423043674,True,True,True,True,False,True,True
789,rel_ref_c,Relative refractory c,CV squared error,1,0.4399999976158142,0.1206792742013931,-11199.31640625,4781.0,0.1206792742013931,44.83071037884635,1336.0,0.9809889793395996,True,-0.05060295698704387,-0.053238600423043674,-0.047967313551043965,True,True,True,True,False,True,True
789,rel_ref_c,Relative refractory c,CV squared error,1,0.5199999809265137,0.1168418899178505,-10903.9248046875,4816.0,0.1168418899178505,44.8642662997886,1337.0,0.9865567684173584,True,-0.023983665710128776,-0.047967313551043965,0.0,True,True,False,True,False,False,True
789,rel_ref_c,Relative refractory c,CV squared error,1,0.6000000238418579,0.1168418899178505,-10903.9248046875,4816.0,0.1168418899178505,44.8642662997886,1337.0,0.9865567684173584,True,-1.1102230246251565e-16,0.0,0.0,True,True,False,True,False,False,True
789,rel_ref_c,Relative refractory c,CV squared error,1,0.6800000071525574,0.1168418899178505,-10903.9248046875,4816.0,0.1168418899178505,44.8642662997886,1337.0,0.9865567684173584,True,0.0,0.0,0.0,True,True,False,True,False,False,False
789,rel_ref_c,Relative refractory c,CV squared error,1,0.7599999904632568,0.1168418899178505,-10903.9248046875,4816.0,0.1168418899178505,44.8642662997886,1337.0,0.9865567684173584,True,0.0,0.0,0.0,True,True,False,True,False,False,False
789,rel_ref_c,Relative refractory c,CV squared error,1,0.8399999737739563,0.1168418899178505,-10903.9248046875,4816.0,0.1168418899178505,44.8642662997886,1337.0,0.9865567684173584,True,1.1102230246251565e-16,0.0,0.0,True,True,False,True,False,False,False
789,rel_ref_c,Relative refractory c,CV squared error,1,0.9200000166893004,0.1168418899178505,-10903.9248046875,4816.0,0.1168418899178505,44.8642662997886,1337.0,0.9865567684173584,True,0.0,0.0,0.0,True,True,False,True,False,False,False
789,rel_ref_c,Relative refractory c,CV squared error,1,1.0,0.1168418899178505,-10903.9248046875,4816.0,0.1168418899178505,44.8642662997886,1337.0,0.9865567684173584,True,0.0,0.0,,False,True,False,False,False,False,False
789,rel_ref_c,Relative refractory c,CV squared error,2,0.2000000029802322,0.3749829530715942,-16661.107421875,1445.0,0.3749829530715942,17.449078889970135,520.0,0.5879504084587097,True,0.02427883500484077,,0.02427883500484077,False,True,False,False,False,False,False
789,rel_ref_c,Relative refractory c,CV squared error,2,0.2800000011920929,0.3769252598285675,-16357.8896484375,1461.0,0.3769252598285675,17.449078889970135,520.0,0.5863665342330933,True,0.014629402028445426,0.02427883500484077,0.004979967254703647,True,True,True,True,False,True,False
789,rel_ref_c,Relative refractory c,CV squared error,2,0.3600000143051147,0.3773236572742462,-16062.681640625,1453.0,0.3773236572742462,17.449078889970135,520.0,0.5860421657562256,True,-0.002804960293033787,0.004979967254703647,-0.01058988494065983,True,True,False,True,False,False,True
789,rel_ref_c,Relative refractory c,CV squared error,2,0.4399999976158142,0.3764764666557312,-15751.3876953125,1449.0,0.3764764666557312,17.449078889970135,520.0,0.5867321491241455,True,-0.005446375552554006,-0.01058988494065983,-0.0003028661644477591,True,True,True,True,False,True,True
789,rel_ref_c,Relative refractory c,CV squared error,2,0.5199999809265137,0.37645223736763,-15642.6591796875,1467.0,0.37645223736763,17.449078889970135,520.0,0.5867518782615662,True,-0.00015143313863674734,-0.0003028661644477591,0.0,True,True,False,True,False,False,True
789,rel_ref_c,Relative refractory c,CV squared error,2,0.6000000238418579,0.37645223736763,-15642.6591796875,1467.0,0.37645223736763,17.449078889970135,520.0,0.5867518782615662,True,-4.440892098500626e-16,0.0,0.0,True,True,False,True,False,False,True
789,rel_ref_c,Relative refractory c,CV squared error,2,0.6800000071525574,0.37645223736763,-15642.6591796875,1467.0,0.37645223736763,17.449078889970135,520.0,0.5867518782615662,True,0.0,0.0,0.0,True,True,False,True,False,False,False
789,rel_ref_c,Relative refractory c,CV squared error,2,0.7599999904632568,0.37645223736763,-15642.6591796875,1467.0,0.37645223736763,17.449078889970135,520.0,0.5867518782615662,True,0.0,0.0,0.0,True,True,False,True,False,False,False
789,rel_ref_c,Relative refractory c,CV squared error,2,0.8399999737739563,0.37645223736763,-15642.6591796875,1467.0,0.37645223736763,17.449078889970135,520.0,0.5867518782615662,True,0.0,0.0,0.0,True,True,False,True,False,False,False
789,rel_ref_c,Relative refractory c,CV squared error,2,0.9200000166893004,0.37645223736763,-15642.6591796875,1467.0,0.37645223736763,17.449078889970135,520.0,0.5867518782615662,True,4.440892098500626e-16,0.0,0.0,True,True,False,True,False,False,False
789,rel_ref_c,Relative refractory c,CV squared error,2,1.0,0.37645223736763,-15642.6591796875,1467.0,0.37645223736763,17.449078889970135,520.0,0.5867518782615662,True,0.0,0.0,,False,True,False,False,False,False,False
789,rel_ref_c,Relative refractory c,CV squared error,7,0.2000000029802322,0.3904158174991607,-7694.787109375,2692.0,0.3904158174991607,13.825039428207106,412.0,1.0759921073913574,True,-0.25331415802197504,,-0.25331415802197504,False,True,False,False,False,False,True
789,rel_ref_c,Relative refractory c,CV squared error,7,0.2800000011920929,0.3701506853103637,-7315.87060546875,2759.0,0.3701506853103637,14.127042716687358,421.0,1.0924246311187744,True,-0.1750918127014236,-0.25331415802197504,-0.09686945281082357,True,True,True,True,False,True,True
789,rel_ref_c,Relative refractory c,CV squared error,7,0.3600000143051147,0.3624011278152466,-7117.43017578125,2744.0,0.3624011278152466,14.160598637629608,422.0,1.0988271236419678,True,-0.0688055441023514,-0.09686945281082357,-0.04074164584849834,True,True,True,True,False,True,True
789,rel_ref_c,Relative refractory c,CV squared error,7,0.4399999976158142,0.3591417968273163,-7123.380859375,2767.0,0.3591417968273163,14.194154558571858,423.0,1.1015403270721436,True,-0.1265198256265756,-0.04074164584849834,-0.2122980054046523,True,True,True,True,False,True,True
789,rel_ref_c,Relative refractory c,CV squared error,7,0.5199999809265137,0.3421579599380493,-6927.9560546875,2736.0,0.3421579599380493,14.227710479514108,424.0,1.1158820390701294,True,-0.10614904224590438,-0.2122980054046523,0.0,True,True,False,True,False,False,True
789,rel_ref_c,Relative refractory c,CV squared error,7,0.6000000238418579,0.3421579599380493,-6927.9560546875,2736.0,0.3421579599380493,14.227710479514108,424.0,1.1158820390701294,True,-4.440892098500626e-16,0.0,0.0,True,True,False,True,False,False,True
789,rel_ref_c,Relative refractory c,CV squared error,7,0.6800000071525574,0.3421579599380493,-6927.9560546875,2736.0,0.3421579599380493,14.227710479514108,424.0,1.1158820390701294,True,0.0,0.0,0.0,True,True,False,True,False,False,False
789,rel_ref_c,Relative refractory c,CV squared error,7,0.7599999904632568,0.3421579599380493,-6927.9560546875,2736.0,0.3421579599380493,14.227710479514108,424.0,1.1158820390701294,True,0.0,0.0,0.0,True,True,False,True,False,False,False
789,rel_ref_c,Relative refractory c,CV squared error,7,0.8399999737739563,0.3421579599380493,-6927.9560546875,2736.0,0.3421579599380493,14.227710479514108,424.0,1.1158820390701294,True,0.0,0.0,0.0,True,True,False,True,False,False,False
789,rel_ref_c,Relative refractory c,CV squared error,7,0.9200000166893004,0.3421579599380493,-6927.9560546875,2736.0,0.3421579599380493,14.227710479514108,424.0,1.1158820390701294,True,0.0,0.0,0.0,True,True,False,True,False,False,False
789,rel_ref_c,Relative refractory c,CV squared error,7,1.0,0.3421579599380493,-6927.9560546875,2736.0,0.3421579599380493,14.227710479514108,424.0,1.1158820390701294,True,0.0,0.0,,False,True,False,False,False,False,False
789,sonoff_ron_gSYN,sonoff -> ron gSYN,PSTH SSE,1,0.0010000000474974,4895.0,-4264.29296875,4895.0,0.1127023547887802,44.96493406261535,1340.0,0.992666482925415,True,0.0,,0.0,False,True,False,True,False,False,False
789,sonoff_ron_gSYN,sonoff -> ron gSYN,PSTH SSE,1,0.0015182418283075,4895.0,-3808.983154296875,4895.0,0.1127023547887802,44.96493406261535,1340.0,0.992666482925415,True,0.0,0.0,0.0,True,True,False,True,False,False,False
789,sonoff_ron_gSYN,sonoff -> ron gSYN,PSTH SSE,1,0.0023050580639392,4895.0,-3272.31640625,4895.0,0.1127061173319816,44.96493406261535,1340.0,0.9926608800888062,True,-11634.729243895272,0.0,-29299.063487018637,True,True,False,True,False,False,True
789,sonoff_ron_gSYN,sonoff -> ron gSYN,PSTH SSE,1,0.0034996354952454,4860.0,-2619.8935546875,4860.0,0.1124236285686492,44.93137814167309,1339.0,0.9930818676948548,True,-17664.33420308912,-29299.063487018637,0.0,True,True,False,True,False,False,True
789,sonoff_ron_gSYN,sonoff -> ron gSYN,PSTH SSE,1,0.0053132930770516,4860.0,-3377.995361328125,4860.0,0.112781248986721,44.93137814167309,1339.0,0.9925490021705629,True,-2884.2744435772765,0.0,-7263.298864955157,True,True,False,True,False,False,True
789,sonoff_ron_gSYN,sonoff -> ron gSYN,PSTH SSE,1,0.0080668628215789,4840.0,-1802.068115234375,4840.0,0.1134441867470741,44.93137814167309,1339.0,0.9915634393692015,True,-3524.1403032078524,-7263.298864955157,2152.8082604307897,True,True,False,True,False,False,True
789,sonoff_ron_gSYN,sonoff -> ron gSYN,PSTH SSE,1,0.0122474487870931,4849.0,-1183.17919921875,4849.0,0.1133367270231247,44.897822220730845,1338.0,0.9917230010032654,True,2799.458702761389,2152.8082604307897,3781.2304243902,True,True,True,True,False,True,False
789,sonoff_ron_gSYN,sonoff -> ron gSYN,PSTH SSE,1,0.0185945890843868,4873.0,-5372.05126953125,4873.0,0.1140493899583816,44.897822220730845,1338.0,0.9906662106513976,True,1331.9056467377814,3781.2304243902,-2386.7607740291432,True,True,False,True,False,False,False
789,sonoff_ron_gSYN,sonoff -> ron gSYN,PSTH SSE,1,0.0282310806214809,4850.0,235.4117584228516,4850.0,0.1154181882739067,44.8642662997886,1337.0,0.9886456727981568,True,-1927.5291239736835,-2386.7607740291432,-1230.3043394124077,True,True,True,True,False,True,False
789,sonoff_ron_gSYN,sonoff -> ron gSYN,PSTH SSE,1,0.0428616069257259,4832.0,1068.4075927734375,4832.0,0.1156965866684913,44.8642662997886,1337.0,0.9882361888885498,True,-1166.9869635558862,-1230.3043394124077,-1104.2818426400538,True,True,True,True,False,True,False
789,sonoff_ron_gSYN,sonoff -> ron gSYN,PSTH SSE,1,0.0573506616055965,4816.0,2265.17529296875,4816.0,0.1168418899178505,44.8642662997886,1337.0,0.9865567684173584,True,-383.9723141386057,-1104.2818426400538,0.0,True,True,False,True,False,False,False
789,sonoff_ron_gSYN,sonoff -> ron gSYN,PSTH SSE,1,0.0650742799043655,4816.0,669.5228271484375,4816.0,0.1168427094817161,44.8642662997886,1337.0,0.9865555763244628,True,99.46028875208503,0.0,533.7411723743456,True,True,False,True,False,False,True
789,sonoff_ron_gSYN,sonoff -> ron gSYN,PSTH SSE,1,0.0987984910607338,4834.0,424.84417724609375,4834.0,0.1168843954801559,44.8642662997886,1337.0,0.9864946007728576,True,290.76855380708,533.7411723743456,-78.12268851484795,True,True,False,True,False,False,True
789,sonoff_ron_gSYN,sonoff -> ron gSYN,PSTH SSE,1,0.1500000059604644,4830.0,168.08790588378906,4830.0,0.1171794459223747,44.8642662997886,1337.0,0.9860633611679076,True,-78.12268851484795,-78.12268851484795,,False,True,False,True,False,False,False
789,sonoff_ron_gSYN,sonoff -> ron gSYN,PSTH SSE,2,0.0010000000474974,1467.0,0.0,1467.0,0.37645223736763,17.449078889970135,520.0,0.5867518782615662,True,0.0,,0.0,False,False,False,True,False,False,False
789,sonoff_ron_gSYN,sonoff -> ron gSYN,PSTH SSE,2,0.0015182418283075,1467.0,0.0,1467.0,0.37645223736763,17.449078889970135,520.0,0.5867518782615662,True,0.0,0.0,0.0,True,False,False,True,False,False,False
789,sonoff_ron_gSYN,sonoff -> ron gSYN,PSTH SSE,2,0.0023050580639392,1467.0,0.0,1467.0,0.37645223736763,17.449078889970135,520.0,0.5867518782615662,True,-2.3283064365386963e-10,0.0,0.0,True,False,False,True,False,False,False
789,sonoff_ron_gSYN,sonoff -> ron gSYN,PSTH SSE,2,0.0034996354952454,1467.0,0.0,1467.0,0.37645223736763,17.449078889970135,520.0,0.5867518782615662,True,-5.820766091346741e-11,0.0,0.0,True,False,False,True,False,False,False
789,sonoff_ron_gSYN,sonoff -> ron gSYN,PSTH SSE,2,0.0053132930770516,1467.0,0.0,1467.0,0.37645223736763,17.449078889970135,520.0,0.5867518782615662,True,-1.1641532182693481e-10,0.0,0.0,True,False,False,True,False,False,False
789,sonoff_ron_gSYN,sonoff -> ron gSYN,PSTH SSE,2,0.0080668628215789,1467.0,0.0,1467.0,0.37645223736763,17.449078889970135,520.0,0.5867518782615662,True,0.0,0.0,0.0,True,False,False,True,False,False,False
789,sonoff_ron_gSYN,sonoff -> ron gSYN,PSTH SSE,2,0.0122474487870931,1467.0,0.0,1467.0,0.37645223736763,17.449078889970135,520.0,0.5867518782615662,True,-2.9103830456733704e-11,0.0,0.0,True,False,False,True,False,False,False
789,sonoff_ron_gSYN,sonoff -> ron gSYN,PSTH SSE,2,0.0185945890843868,1467.0,0.0,1467.0,0.37645223736763,17.449078889970135,520.0,0.5867518782615662,True,7.275957614183426e-12,0.0,0.0,True,False,False,True,False,False,False
789,sonoff_ron_gSYN,sonoff -> ron gSYN,PSTH SSE,2,0.0282310806214809,1467.0,0.0,1467.0,0.37645223736763,17.449078889970135,520.0,0.5867518782615662,True,0.0,0.0,0.0,True,False,False,True,False,False,False
789,sonoff_ron_gSYN,sonoff -> ron gSYN,PSTH SSE,2,0.030887808650732,1467.0,0.0,1467.0,0.37645223736763,17.449078889970135,520.0,0.5867518782615662,True,-8.36735125631094e-11,0.0,0.0,True,False,False,True,False,False,False
789,sonoff_ron_gSYN,sonoff -> ron gSYN,PSTH SSE,2,0.0428616069257259,1467.0,0.0,1467.0,0.37645223736763,17.449078889970135,520.0,0.5867518782615662,True,-7.275957614183426e-12,0.0,0.0,True,False,False,True,False,False,False
789,sonoff_ron_gSYN,sonoff -> ron gSYN,PSTH SSE,2,0.0650742799043655,1467.0,0.0,1467.0,0.37645223736763,17.449078889970135,520.0,0.5867518782615662,True,0.0,0.0,0.0,True,False,False,True,False,False,False
789,sonoff_ron_gSYN,sonoff -> ron gSYN,PSTH SSE,2,0.0987984910607338,1467.0,0.0,1467.0,0.37645223736763,17.449078889970135,520.0,0.5867518782615662,True,1.8189894035458565e-12,0.0,0.0,True,False,False,True,False,False,False
789,sonoff_ron_gSYN,sonoff -> ron gSYN,PSTH SSE,2,0.1500000059604644,1467.0,0.0,1467.0,0.37645223736763,17.449078889970135,520.0,0.5867518782615662,True,0.0,0.0,,False,False,False,True,False,False,False
789,sonoff_ron_gSYN,sonoff -> ron gSYN,PSTH SSE,7,0.0010000000474974,2956.0,-72581.8515625,2956.0,0.1627462357282638,17.247743364316634,514.0,1.297406554222107,True,-46310.43055325241,,-46310.43055325241,False,True,False,True,False,False,True
789,sonoff_ron_gSYN,sonoff -> ron gSYN,PSTH SSE,7,0.0015182418283075,2932.0,-61110.4140625,2932.0,0.1672719568014145,17.180631522432133,512.0,1.2918357849121094,True,-23378.185494438512,-46310.43055325241,11438.503163034378,True,True,False,True,False,False,True
789,sonoff_ron_gSYN,sonoff -> ron gSYN,PSTH SSE,7,0.0023050580639392,2941.0,-55761.2265625,2941.0,0.1728703826665878,17.07996375960538,509.0,1.2850478887557983,True,19195.81670120533,11438.503163034378,30973.295686276844,True,True,True,True,False,True,False
789,sonoff_ron_gSYN,sonoff -> ron gSYN,PSTH SSE,7,0.0034996354952454,2978.0,-47949.1796875,2978.0,0.18553027510643,16.91218415489413,504.0,1.270092487335205,True,15827.359664613381,30973.295686276844,-7167.83594125494,True,True,False,True,False,False,False
789,sonoff_ron_gSYN,sonoff -> ron gSYN,PSTH SSE,7,0.0053132930770516,2965.0,-35239.60546875,2965.0,0.2003405392169952,16.677292708298378,497.0,1.2532305717468262,True,-12541.652231553802,-7167.83594125494,-20700.4017651222,True,True,True,True,False,True,True
789,sonoff_ron_gSYN,sonoff -> ron gSYN,PSTH SSE,7,0.0080668628215789,2908.0,-10747.28125,2908.0,0.2251408100128173,16.308177577933627,486.0,1.2263346910476685,True,-10675.465103705297,-20700.4017651222,4544.817438687223,True,True,False,True,False,False,True
789,sonoff_ron_gSYN,sonoff -> ron gSYN,PSTH SSE,7,0.0122474487870931,2927.0,24625.267578125,2927.0,0.2630415856838226,15.737726921915373,469.0,1.1879489421844482,True,-5643.516129708238,4544.817438687223,-21111.86986951195,True,True,False,True,False,False,False
789,sonoff_ron_gSYN,sonoff -> ron gSYN,PSTH SSE,7,0.0185945890843868,2793.0,-7567.95458984375,2793.0,0.3073624968528747,15.335055870608368,457.0,1.1464219093322754,True,-14747.495377207262,-21111.86986951195,-5084.83817075774,True,True,True,True,False,True,True
789,sonoff_ron_gSYN,sonoff -> ron gSYN,PSTH SSE,7,0.0282310806214809,2744.0,3047.4013671875,2744.0,0.3222287893295288,14.630381530821111,436.0,1.1331727504730225,True,-2833.3664111856197,-5084.83817075774,-1045.375049348414,True,True,True,True,False,True,False
789,sonoff_ron_gSYN,sonoff -> ron gSYN,PSTH SSE,7,0.0358838364481925,2736.0,2951.999267578125,2736.0,0.3421579599380493,14.227710479514108,424.0,1.1158820390701294,True,9846.1843652018,-1045.375049348414,19777.090754750952,True,True,False,True,False,False,True
789,sonoff_ron_gSYN,sonoff -> ron gSYN,PSTH SSE,7,0.0428616069257259,2874.0,3715.398193359375,2874.0,0.3421297967433929,14.026374953860609,418.0,1.1159061193466189,True,16136.43351421442,19777.090754750952,4546.95389866518,True,True,True,True,False,True,True
789,sonoff_ron_gSYN,sonoff -> ron gSYN,PSTH SSE,7,0.0650742799043655,2975.0,3511.203369140625,2975.0,0.4126744270324707,13.321700614073352,397.0,1.058427333831787,True,3177.022262526698,4546.95389866518,1097.1346321028216,True,True,True,True,False,True,True
789,sonoff_ron_gSYN,sonoff -> ron gSYN,PSTH SSE,7,0.0987984910607338,3012.0,2059.484375,3012.0,0.4618994295597076,12.751249958055098,380.0,1.0211929082870483,True,444.30085746517943,1097.1346321028216,-546.8588196039357,True,True,False,True,False,False,True
789,sonoff_ron_gSYN,sonoff -> ron gSYN,PSTH SSE,7,0.1500000059604644,2984.0,2706.592529296875,2984.0,0.4995886385440826,12.147243381094594,362.0,0.9940088987350464,True,-546.8588196039357,-546.8588196039357,,False,True,False,True,False,False,False
