seed,row_index,row_kind,grid_index,parameter,parameter_label,objective,cell,checkpoint_batch_zero_based,parameter_value,loss,psth_sse,cv_squared_error,analytic_gradient,firing_rate_hz,spike_count,sim_cv,cv_valid
123,0,grid,0,Strf_gain,STRF gain,PSTH SSE,1,6,0.0010000000474974513,8897.0,8897.0,0.008721467107534409,-65930.1328125,12.281467064863595,366.0,1.2349894046783447,True
123,0,grid,0,Strf_gain,STRF gain,PSTH SSE,2,3,0.0010000000474974513,1676.0,1676.0,0.29539594054222107,-2369.969970703125,6.946075635045803,207.0,0.6568055152893066,True
123,0,grid,0,Strf_gain,STRF gain,PSTH SSE,7,3,0.0010000000474974513,3610.0,3610.0,0.5925397276878357,93.63355255126953,3.4898157779940266,104.0,0.9310587048530579,True
123,1,grid,1,Strf_gain,STRF gain,PSTH SSE,1,6,0.0015182418283075094,7977.0,7977.0,0.001117037609219551,-165967.34375,18.05308546693064,538.0,1.3618003129959106,True
123,1,grid,1,Strf_gain,STRF gain,PSTH SSE,2,3,0.0015182418283075094,1589.0,1589.0,0.2164636254310608,-6789.90966796875,8.254756551793564,246.0,0.7350524067878723,True
123,1,grid,1,Strf_gain,STRF gain,PSTH SSE,7,3,0.0015182418283075094,3534.0,3534.0,0.5286387801170349,-203.52139282226562,4.496493406261535,134.0,0.9737492203712463,True
123,2,grid,2,Strf_gain,STRF gain,PSTH SSE,1,6,0.0023050580639392138,7347.0,7347.0,0.0019250033656135201,-138495.171875,23.22069729203718,692.0,1.2845033407211304,True
123,2,grid,2,Strf_gain,STRF gain,PSTH SSE,2,3,0.0023050580639392138,1541.0,1541.0,0.31223782896995544,-157.96649169921875,9.999664440790577,298.0,0.641526460647583,True
123,2,grid,2,Strf_gain,STRF gain,PSTH SSE,7,3,0.0023050580639392138,3257.0,3257.0,0.49609899520874023,-3299.43359375,6.5434045837388,195.0,0.9964817762374878,True
123,3,grid,3,Strf_gain,STRF gain,PSTH SSE,1,6,0.0034996354952454567,6702.0,6702.0,0.005670571234077215,-71687.3125,29.361430824468975,875.0,1.2530750036239624,True
123,3,grid,3,Strf_gain,STRF gain,PSTH SSE,2,3,0.0034996354952454567,1440.0,1440.0,0.28287169337272644,5755.9794921875,12.046575618267843,359.0,0.6684520840644836,True
123,3,grid,3,Strf_gain,STRF gain,PSTH SSE,7,3,0.0034996354952454567,2882.0,2882.0,0.5414467453956604,-11669.052734375,9.462769705714573,282.0,0.9649940729141235,True
123,4,grid,4,Strf_gain,STRF gain,PSTH SSE,1,6,0.0053132930770516396,6331.0,6331.0,0.010776679962873459,19506.462890625,35.16660514747827,1048.0,1.2245674133300781,True
123,4,grid,4,Strf_gain,STRF gain,PSTH SSE,2,3,0.0053132930770516396,1352.0,1352.0,0.3001846969127655,3164.524169921875,13.858595349149356,413.0,0.652417778968811,True
123,4,grid,4,Strf_gain,STRF gain,PSTH SSE,7,3,0.0053132930770516396,2874.0,2874.0,0.3396342098712921,-16898.009765625,13.288144693131102,396.0,1.118043303489685,True
123,5,grid,5,Strf_gain,STRF gain,PSTH SSE,1,6,0.00806686282157898,5940.0,5940.0,0.024309717118740082,222811.59375,40.23354920975806,1199.0,1.1724624633789062,True
123,5,grid,5,Strf_gain,STRF gain,PSTH SSE,2,3,0.00806686282157898,1273.0,1273.0,0.316632479429245,-841.6826171875,15.63705915908862,466.0,0.6376078724861145,True
123,5,grid,5,Strf_gain,STRF gain,PSTH SSE,7,3,0.00806686282157898,2988.0,2988.0,0.2622189223766327,-25960.888671875,16.57662494547163,494.0,1.1887515783309937,True
123,6,grid,6,Strf_gain,STRF gain,PSTH SSE,1,6,0.012247448787093163,5392.0,5392.0,0.08045734465122223,55540.44140625,43.48847354115633,1296.0,1.04472815990448,True
123,6,grid,6,Strf_gain,STRF gain,PSTH SSE,2,3,0.012247448787093163,1186.0,1186.0,0.3586238920688629,1981.499755859375,17.21418744337438,513.0,0.6014567613601685,True
123,6,grid,6,Strf_gain,STRF gain,PSTH SSE,7,3,0.012247448787093163,3072.0,3072.0,0.13450975716114044,-31814.130859375,20.133552565350154,600.0,1.334069013595581,True
123,7,grid,7,Strf_gain,STRF gain,PSTH SSE,1,6,0.018594589084386826,5024.0,5024.0,0.15647754073143005,-226474.359375,45.2669373510956,1349.0,0.9328057765960693,True
123,7,grid,7,Strf_gain,STRF gain,PSTH SSE,2,3,0.018594589084386826,1386.0,1386.0,0.3589649498462677,53241.86328125,18.690647964833392,557.0,0.6011720895767212,True
123,7,grid,7,Strf_gain,STRF gain,PSTH SSE,7,3,0.018594589084386826,3858.0,3858.0,0.08233297616243362,97968.65625,23.42203281769068,698.0,1.4138875007629395,True
123,8,grid,8,Strf_gain,STRF gain,PSTH SSE,1,6,0.028231080621480942,5424.0,5424.0,0.2337275892496109,-483470.5,45.8709439280561,1367.0,0.8449243903160095,True
123,8,grid,8,Strf_gain,STRF gain,PSTH SSE,2,3,0.028231080621480942,1260.0,1260.0,0.38094305992126465,50970.921875,19.2275426999094,573.0,0.5831030607223511,True
123,8,grid,8,Strf_gain,STRF gain,PSTH SSE,7,3,0.028231080621480942,5363.0,5363.0,0.08925978094339371,218109.15625,26.811180832857957,799.0,1.4020609855651855,True
123,9,grid,9,Strf_gain,STRF gain,PSTH SSE,1,6,0.04286160692572594,5399.0,5399.0,0.2861482501029968,-2678798.5,45.904499848998356,1368.0,0.7934499382972717,True
123,9,grid,9,Strf_gain,STRF gain,PSTH SSE,2,3,0.04286160692572594,1281.0,1281.0,0.41011977195739746,270150.34375,19.73088151404315,588.0,0.5599029660224915,True
123,9,grid,9,Strf_gain,STRF gain,PSTH SSE,7,3,0.04286160692572594,5819.0,5819.0,0.11655381321907043,521684.5625,28.891647931277472,861.0,1.3594249486923218,True
123,10,grid,10,Strf_gain,STRF gain,PSTH SSE,1,6,0.06507427990436554,7042.0,7042.0,0.3054250180721283,-4909083.0,44.93137814167309,1339.0,0.7757254838943481,True
123,10,grid,10,Strf_gain,STRF gain,PSTH SSE,2,3,0.06507427990436554,1318.0,1318.0,0.4135149419307709,383671.03125,20.032884802523405,597.0,0.5572576522827148,True
123,10,grid,10,Strf_gain,STRF gain,PSTH SSE,7,3,0.06507427990436554,6160.0,6160.0,0.19679328799247742,704924.6875,31.542565685715243,940.0,1.2572108507156372,True
123,11,grid,11,Strf_gain,STRF gain,PSTH SSE,1,6,0.0987984910607338,20395.0,20395.0,0.0425252765417099,25303516.0,47.582295896110864,1418.0,1.122161626815796,True
123,11,grid,11,Strf_gain,STRF gain,PSTH SSE,2,3,0.0987984910607338,2316.0,2316.0,0.03321876376867294,688381.375,17.21418744337438,513.0,1.0180487632751465,True
123,11,grid,11,Strf_gain,STRF gain,PSTH SSE,7,3,0.0987984910607338,7415.0,7415.0,0.14682327210903168,1798526.125,34.93171370088252,1041.0,1.317649483680725,True
123,12,grid,12,Strf_gain,STRF gain,PSTH SSE,1,6,0.15000000596046448,63843.0,63843.0,1.3927366733551025,40378180.0,41.50867420556357,1237.0,2.5085208415985107,True
123,12,grid,12,Strf_gain,STRF gain,PSTH SSE,2,3,0.15000000596046448,1832.0,1832.0,0.05247904732823372,99422.21875,9.831884836079325,293.0,0.9712258577346802,True
123,12,grid,12,Strf_gain,STRF gain,PSTH SSE,7,3,0.15000000596046448,15563.0,15563.0,0.0028417313005775213,9207442.0,34.93171370088252,1041.0,1.6475168466567993,True
123,13,checkpoint_baseline,-1,Strf_gain,STRF gain,PSTH SSE,1,6,0.015168705955147743,4714.0,4714.0,0.12150664627552032,-186385.96875,44.52870709036609,1327.0,0.9798001646995544,True
123,13,checkpoint_baseline,-1,Strf_gain,STRF gain,PSTH SSE,2,3,0.014653658494353294,1324.0,1324.0,0.3585936427116394,23244.048828125,17.885305862219386,533.0,0.6014820337295532,True
123,13,checkpoint_baseline,-1,Strf_gain,STRF gain,PSTH SSE,7,3,0.006921572145074606,2910.0,2910.0,0.3006350100040436,4760.4853515625,15.50283547531962,462.0,1.1525228023529053,True
123,14,grid,0,Strf_alpha,STRF alpha (ms),PSTH SSE,1,6,0.10000000149011612,10908.0,10908.0,0.6123000383377075,0.0,3.120700647629274,93.0,0.5458821654319763,True
123,14,grid,0,Strf_alpha,STRF alpha (ms),PSTH SSE,2,3,0.10000000149011612,1796.0,1796.0,0.3554309606552124,0.0,4.530049327203785,135.0,0.6041285991668701,True
123,14,grid,0,Strf_alpha,STRF alpha (ms),PSTH SSE,7,3,0.10000000149011612,3720.0,3720.0,0.8989932537078857,0.0,2.751585517264521,82.0,0.7526721954345703,True
123,15,grid,1,Strf_alpha,STRF alpha (ms),PSTH SSE,1,6,0.19193831086158752,10908.0,10908.0,0.6122921109199524,0.0,3.120700647629274,93.0,0.5458872318267822,True
123,15,grid,1,Strf_alpha,STRF alpha (ms),PSTH SSE,2,3,0.19193831086158752,1796.0,1796.0,0.3554309606552124,0.0,4.530049327203785,135.0,0.6041285991668701,True
123,15,grid,1,Strf_alpha,STRF alpha (ms),PSTH SSE,7,3,0.19193831086158752,3720.0,3720.0,0.8989932537078857,0.0,2.751585517264521,82.0,0.7526721954345703,True
123,16,grid,2,Strf_alpha,STRF alpha (ms),PSTH SSE,1,6,0.3684031367301941,10900.0,10900.0,0.6134203672409058,0.0,3.120700647629274,93.0,0.5451666116714478,True
123,16,grid,2,Strf_alpha,STRF alpha (ms),PSTH SSE,2,3,0.3684031367301941,1802.0,1802.0,0.35849684476852417,-6.945496017511307e-14,4.530049327203785,135.0,0.6015628576278687,True
123,16,grid,2,Strf_alpha,STRF alpha (ms),PSTH SSE,7,3,0.3684031367301941,3720.0,3720.0,0.8990278244018555,0.0,2.751585517264521,82.0,0.752653956413269,True
123,17,grid,3,Strf_alpha,STRF alpha (ms),PSTH SSE,1,6,0.7071067690849304,10894.0,10894.0,0.602867066860199,-1.1550416729733115e-06,3.1878124895137745,95.0,0.5519330501556396,True
123,17,grid,3,Strf_alpha,STRF alpha (ms),PSTH SSE,2,3,0.7071067690849304,1787.0,1787.0,0.35285821557044983,-3.2154659379557415e-07,4.630717090030536,138.0,0.6062902212142944,True
123,17,grid,3,Strf_alpha,STRF alpha (ms),PSTH SSE,7,3,0.7071067690849304,3720.0,3720.0,0.8991392850875854,-5.450764032073172e-19,2.751585517264521,82.0,0.7525951862335205,True
123,18,grid,4,Strf_alpha,STRF alpha (ms),PSTH SSE,1,6,1.3572088479995728,10809.0,10809.0,0.54477858543396,-7.256051321746781e-05,3.422703936109526,102.0,0.5902870297431946,True
123,18,grid,4,Strf_alpha,STRF alpha (ms),PSTH SSE,2,3,1.3572088479995728,1795.0,1795.0,0.3350818455219269,0.0725131407380104,4.697828931915036,140.0,0.6214463710784912,True
123,18,grid,4,Strf_alpha,STRF alpha (ms),PSTH SSE,7,3,1.3572088479995728,3682.0,3682.0,0.9174529314041138,-7.541938202848542e-07,2.818697359149022,84.0,0.7429870963096619,True
123,19,grid,5,Strf_alpha,STRF alpha (ms),PSTH SSE,1,6,2.605003595352173,10507.0,10507.0,0.2561658024787903,-0.5699536204338074,4.832052615684037,144.0,0.8222499489784241,True
123,19,grid,5,Strf_alpha,STRF alpha (ms),PSTH SSE,2,3,2.605003595352173,1778.0,1778.0,0.31579962372779846,-0.0658802017569542,5.20116774604879,155.0,0.638348400592804,True
123,19,grid,5,Strf_alpha,STRF alpha (ms),PSTH SSE,7,3,2.605003595352173,3620.0,3620.0,0.862501323223114,-4.494390395848313e-06,3.0200328848025233,90.0,0.7721152305603027,True
123,20,grid,6,Strf_alpha,STRF alpha (ms),PSTH SSE,1,6,5.0,9613.0,9613.0,0.009510405361652374,-8.062209129333496,8.590315761216067,256.0,1.2308568954467773,True
123,20,grid,6,Strf_alpha,STRF alpha (ms),PSTH SSE,2,3,5.0,1652.0,1652.0,0.24224260449409485,-0.8607975840568542,6.140733532431797,183.0,0.7081274390220642,True
123,20,grid,6,Strf_alpha,STRF alpha (ms),PSTH SSE,7,3,5.0,3603.0,3603.0,0.5307266116142273,-0.014610562473535538,3.7247072245897788,111.0,0.9723148941993713,True
123,21,grid,7,Strf_alpha,STRF alpha (ms),PSTH SSE,1,6,9.596915245056152,8858.0,8858.0,0.1820507049560547,-71.94248962402344,16.006174289453373,477.0,1.7550522089004517,True
123,21,grid,7,Strf_alpha,STRF alpha (ms),PSTH SSE,2,3,9.596915245056152,1542.0,1542.0,0.23291826248168945,-1.5372896194458008,8.288312472735814,247.0,0.7176928520202637,True
123,21,grid,7,Strf_alpha,STRF alpha (ms),PSTH SSE,7,3,9.596915245056152,3068.0,3068.0,0.5845286250114441,-2.6872334480285645,6.57696050468105,196.0,0.9362800121307373,True
123,22,grid,8,Strf_alpha,STRF alpha (ms),PSTH SSE,1,6,18.42015838623047,8822.0,8822.0,0.2572859525680542,128.2230987548828,28.958759773161972,863.0,1.8356118202209473,True
123,22,grid,8,Strf_alpha,STRF alpha (ms),PSTH SSE,2,3,18.42015838623047,1460.0,1460.0,0.12463600933551788,-0.741124153137207,12.180799302036844,363.0,0.847270667552948,True
123,22,grid,8,Strf_alpha,STRF alpha (ms),PSTH SSE,7,3,18.42015838623047,2862.0,2862.0,0.3003082871437073,9.752907752990723,15.50283547531962,462.0,1.1528208255767822,True
123,23,grid,9,Strf_alpha,STRF alpha (ms),PSTH SSE,1,6,35.35533905029297,4161.0,4161.0,0.3004426658153534,750.9799194335938,45.43471695580685,1354.0,0.780251681804657,True
123,23,grid,9,Strf_alpha,STRF alpha (ms),PSTH SSE,2,3,35.35533905029297,1250.0,1250.0,0.38090232014656067,-8.450974464416504,18.55642428106439,553.0,0.5831360816955566,True
123,23,grid,9,Strf_alpha,STRF alpha (ms),PSTH SSE,7,3,35.35533905029297,3682.0,3682.0,0.7365729212760925,251.65621948242188,31.811013053253244,948.0,0.8425864577293396,True
123,24,grid,10,Strf_alpha,STRF alpha (ms),PSTH SSE,1,6,67.86044311523438,4336.0,4336.0,0.37711894512176514,111.79986572265625,44.19314788094359,1317.0,0.7142781019210815,True
123,24,grid,10,Strf_alpha,STRF alpha (ms),PSTH SSE,2,3,67.86044311523438,1343.0,1343.0,0.36559098958969116,-16.353870391845703,18.858427569544645,562.0,0.5956677198410034,True
123,24,grid,10,Strf_alpha,STRF alpha (ms),PSTH SSE,7,3,67.86044311523438,3820.0,3820.0,0.7669076919555664,-86.75311279296875,33.01902620717426,984.0,0.825092077255249,True
123,25,grid,11,Strf_alpha,STRF alpha (ms),PSTH SSE,1,6,130.25018310546875,5389.0,5389.0,0.22194287180900574,-98.22289276123047,44.29381564377034,1320.0,0.8572700619697571,True
123,25,grid,11,Strf_alpha,STRF alpha (ms),PSTH SSE,2,3,130.25018310546875,1374.0,1374.0,0.3551675081253052,-2.3045239448547363,17.348411127143383,517.0,0.6043496131896973,True
123,25,grid,11,Strf_alpha,STRF alpha (ms),PSTH SSE,7,3,130.25018310546875,4090.0,4090.0,0.6534131169319153,-28.383453369140625,28.388309117143717,846.0,0.8924850225448608,True
123,26,grid,12,Strf_alpha,STRF alpha (ms),PSTH SSE,1,6,250.0,7120.0,7120.0,0.028419476002454758,-8.611132621765137,37.41485185060904,1115.0,1.1597974300384521,True
123,26,grid,12,Strf_alpha,STRF alpha (ms),PSTH SSE,2,3,250.0,1446.0,1446.0,0.31025463342666626,-0.07193277031183243,12.583470353343847,375.0,0.6433038711547852,True
123,26,grid,12,Strf_alpha,STRF alpha (ms),PSTH SSE,7,3,250.0,3784.0,3784.0,0.4973985254764557,-2.9313156604766846,16.91218415489413,504.0,0.9955598711967468,True
123,27,checkpoint_baseline,-1,Strf_alpha,STRF alpha (ms),PSTH SSE,1,6,25.937660217285156,4714.0,4714.0,0.12150664627552032,55.08091735839844,44.52870709036609,1327.0,0.9798001646995544,True
123,27,checkpoint_baseline,-1,Strf_alpha,STRF alpha (ms),PSTH SSE,2,3,29.200740814208984,1324.0,1324.0,0.3585936427116394,39.14794921875,17.885305862219386,533.0,0.6014820337295532,True
123,27,checkpoint_baseline,-1,Strf_alpha,STRF alpha (ms),PSTH SSE,7,3,18.431663513183594,2910.0,2910.0,0.3006350100040436,17.698087692260742,15.50283547531962,462.0,1.1525228023529053,True
123,28,grid,0,output_ad,Output adaptation,PSTH SSE,1,6,0.0,991948.0,991948.0,0.00819886103272438,-56916724.0,599.7114190798966,17872.0,1.237830638885498,True
123,28,grid,0,output_ad,Output adaptation,PSTH SSE,2,3,0.0,19395.0,19395.0,0.2437136471271515,-2618999.5,96.70816415556524,2882.0,0.7066352963447571,True
123,28,grid,0,output_ad,Output adaptation,PSTH SSE,7,3,0.0,19677.0,19677.0,0.044164977967739105,-1804717.625,77.54773329754035,2311.0,1.490670084953308,True
123,29,grid,1,output_ad,Output adaptation,PSTH SSE,1,6,0.0002500000118743628,250744.0,250744.0,0.019875025376677513,-17960988.0,318.51280158383946,9492.0,1.4693570137023926,True
123,29,grid,1,output_ad,Output adaptation,PSTH SSE,2,3,0.0002500000118743628,9062.0,9062.0,0.2838834822177887,-1571246.625,69.56142411328479,2073.0,0.6675017476081848,True
123,29,grid,1,output_ad,Output adaptation,PSTH SSE,7,3,0.0002500000118743628,9734.0,9734.0,0.028902903199195862,-743669.375,53.55524982383141,1596.0,1.5308161973953247,True
123,30,grid,2,output_ad,Output adaptation,PSTH SSE,1,6,0.0005000000237487257,111946.0,111946.0,0.0231818575412035,-9058477.0,225.26089728532597,6713.0,1.480634093284607,True
123,30,grid,2,output_ad,Output adaptation,PSTH SSE,2,3,0.0005000000237487257,5081.0,5081.0,0.3120366334915161,-921187.5,54.49481561021442,1624.0,0.6417065262794495,True
123,30,grid,2,output_ad,Output adaptation,PSTH SSE,7,3,0.0005000000237487257,6551.0,6551.0,0.014514468610286713,-444673.375,42.78379920136908,1275.0,1.5803487300872803,True
123,31,grid,3,output_ad,Output adaptation,PSTH SSE,1,6,0.0010000000474974513,40292.0,40292.0,0.007208317518234253,-3604315.25,147.10915741082513,4384.0,1.4132800102233887,True
123,31,grid,3,output_ad,Output adaptation,PSTH SSE,2,3,0.0010000000474974513,2477.0,2477.0,0.3176913261413574,-397951.6875,38.253749874165294,1140.0,0.636667788028717,True
123,31,grid,3,output_ad,Output adaptation,PSTH SSE,7,3,0.0010000000474974513,4298.0,4298.0,0.01931283064186573,-223515.625,32.34790778832925,964.0,1.5618541240692139,True
123,32,grid,4,output_ad,Output adaptation,PSTH SSE,1,6,0.0020000000949949026,12287.0,12287.0,0.005067693535238504,-1070158.5,91.7418878561122,2734.0,1.257190465927124,True
123,32,grid,4,output_ad,Output adaptation,PSTH SSE,2,3,0.0020000000949949026,1480.0,1480.0,0.3467825949192047,-125646.7734375,25.200496627629942,751.0,0.6114264130592346,True
123,32,grid,4,output_ad,Output adaptation,PSTH SSE,7,3,0.0020000000949949026,2976.0,2976.0,0.07943470776081085,-71123.9609375,23.08647360826818,688.0,1.4189831018447876,True
123,33,grid,5,output_ad,Output adaptation,PSTH SSE,1,6,0.0035000001080334187,5919.0,5919.0,0.049714986234903336,-268864.625,60.53488137981947,1804.0,1.1054096221923828,True
123,33,grid,5,output_ad,Output adaptation,PSTH SSE,2,3,0.0035000001080334187,1362.0,1362.0,0.35930564999580383,-21064.970703125,18.55642428106439,553.0,0.6008878350257874,True
123,33,grid,5,output_ad,Output adaptation,PSTH SSE,7,3,0.0035000001080334187,2928.0,2928.0,0.2103767693042755,-19592.587890625,17.314855206201134,516.0,1.2421562671661377,True
123,34,grid,6,output_ad,Output adaptation,PSTH SSE,1,6,0.004999999888241291,4699.0,4699.0,0.10705433785915375,-35823.21875,46.30717090030536,1380.0,1.0011866092681885,True
123,34,grid,6,output_ad,Output adaptation,PSTH SSE,2,3,0.004999999888241291,1437.0,1437.0,0.37652942538261414,60.27435302734375,15.50283547531962,462.0,0.5866889953613281,True
123,34,grid,6,output_ad,Output adaptation,PSTH SSE,7,3,0.004999999888241291,2903.0,2903.0,0.34640663862228394,-2156.880126953125,14.328378242340861,427.0,1.1122615337371826,True
123,35,grid,7,output_ad,Output adaptation,PSTH SSE,1,6,0.007499999832361937,5068.0,5068.0,0.20377948880195618,101095.390625,33.79081238884601,1007.0,0.8769587874412537,True
123,35,grid,7,output_ad,Output adaptation,PSTH SSE,2,3,0.007499999832361937,1441.0,1441.0,0.4338361322879791,6520.4599609375,12.147243381094594,362.0,0.5416465401649475,True
123,35,grid,7,output_ad,Output adaptation,PSTH SSE,7,3,0.007499999832361937,2963.0,2963.0,0.5195101499557495,4931.64794921875,11.241233515653837,335.0,0.9800541996955872,True
123,36,grid,8,output_ad,Output adaptation,PSTH SSE,1,6,0.009999999776482582,5737.0,5737.0,0.32026827335357666,133844.453125,26.978960437569206,804.0,0.7624557018280029,True
123,36,grid,8,output_ad,Output adaptation,PSTH SSE,2,3,0.009999999776482582,1542.0,1542.0,0.5356656908988953,9334.4765625,10.43589141303983,311.0,0.4684170186519623,True
123,36,grid,8,output_ad,Output adaptation,PSTH SSE,7,3,0.009999999776482582,2998.0,2998.0,0.6925086379051208,11078.19921875,9.19432233817657,274.0,0.8686537146568298,True
123,37,grid,9,output_ad,Output adaptation,PSTH SSE,1,6,0.014999999664723873,6803.0,6803.0,0.505518913269043,146376.265625,19.73088151404315,588.0,0.6173796653747559,True
123,37,grid,9,output_ad,Output adaptation,PSTH SSE,2,3,0.014999999664723873,1617.0,1617.0,0.6768861413002014,14103.07421875,8.254756551793564,246.0,0.3775779902935028,True
123,37,grid,9,output_ad,Output adaptation,PSTH SSE,7,3,0.014999999664723873,3151.0,3151.0,1.012195348739624,14636.91015625,7.281634844468306,217.0,0.6947456002235413,True
123,38,grid,10,output_ad,Output adaptation,PSTH SSE,1,6,0.02500000037252903,8097.0,8097.0,0.8214634656906128,120945.953125,13.556592060669104,404.0,0.42203202843666077,True
123,38,grid,10,output_ad,Output adaptation,PSTH SSE,2,3,0.02500000037252903,1786.0,1786.0,0.8441489934921265,8945.1376953125,6.342069058085299,189.0,0.2815330922603607,True
123,38,grid,10,output_ad,Output adaptation,PSTH SSE,7,3,0.02500000037252903,3374.0,3374.0,1.3946900367736816,10234.517578125,5.771618402067045,172.0,0.5198547840118408,True
123,39,checkpoint_baseline,-1,output_ad,Output adaptation,PSTH SSE,1,6,0.005254278425127268,4714.0,4714.0,0.12150664627552032,-5966.9951171875,44.52870709036609,1327.0,0.9798001646995544,True
123,39,checkpoint_baseline,-1,output_ad,Output adaptation,PSTH SSE,2,3,0.0037855682894587517,1324.0,1324.0,0.3585936427116394,-13771.109375,17.885305862219386,533.0,0.6014820337295532,True
123,39,checkpoint_baseline,-1,output_ad,Output adaptation,PSTH SSE,7,3,0.004300237167626619,2910.0,2910.0,0.3006350100040436,-16210.6953125,15.50283547531962,462.0,1.1525228023529053,True
123,40,grid,0,on_ron_gSYN,on -> ron gSYN,PSTH SSE,1,6,0.0010000000474974513,10194.0,10194.0,0.21605217456817627,-321477.40625,5.805174323009295,173.0,0.8635640740394592,True
123,40,grid,0,on_ron_gSYN,on -> ron gSYN,PSTH SSE,2,3,0.0010000000474974513,1581.0,1581.0,0.1186218187212944,-84580.6484375,9.19432233817657,274.0,0.8558937311172485,True
123,40,grid,0,on_ron_gSYN,on -> ron gSYN,PSTH SSE,7,3,0.0010000000474974513,3809.0,3809.0,0.8219107985496521,-26388.404296875,6.4762927418543,193.0,0.7942317724227905,True
123,41,grid,1,on_ron_gSYN,on -> ron gSYN,PSTH SSE,1,6,0.0015182418283075094,10131.0,10131.0,0.153143972158432,-568572.6875,6.57696050468105,196.0,0.9370420575141907,True
123,41,grid,1,on_ron_gSYN,on -> ron gSYN,PSTH SSE,2,3,0.0015182418283075094,1549.0,1549.0,0.16026711463928223,-112744.0546875,10.133888124559578,302.0,0.7999751567840576,True
123,41,grid,1,on_ron_gSYN,on -> ron gSYN,PSTH SSE,7,3,0.0015182418283075094,3799.0,3799.0,0.7999359965324402,-22754.841796875,6.677628267507801,199.0,0.8064333200454712,True
123,42,grid,2,on_ron_gSYN,on -> ron gSYN,PSTH SSE,1,6,0.0023050580639392138,9691.0,9691.0,0.26081934571266174,-1148113.0,7.986309184255561,238.0,0.8176734447479248,True
123,42,grid,2,on_ron_gSYN,on -> ron gSYN,PSTH SSE,2,3,0.0023050580639392138,1462.0,1462.0,0.20438437163829803,-132937.4375,11.845240092614342,353.0,0.7482200264930725,True
123,42,grid,2,on_ron_gSYN,on -> ron gSYN,PSTH SSE,7,3,0.0023050580639392138,3762.0,3762.0,0.8346617221832275,-49240.6328125,6.845407872219052,204.0,0.7872264981269836,True
123,43,grid,3,on_ron_gSYN,on -> ron gSYN,PSTH SSE,1,6,0.0034996354952454567,9082.0,9082.0,0.4147975742816925,-1387565.375,10.234555887386328,305.0,0.684330403804779,True
123,43,grid,3,on_ron_gSYN,on -> ron gSYN,PSTH SSE,2,3,0.0034996354952454567,1386.0,1386.0,0.2922423779964447,-137054.5,14.227710479514108,424.0,0.6597144603729248,True
123,43,grid,3,on_ron_gSYN,on -> ron gSYN,PSTH SSE,7,3,0.0034996354952454567,3646.0,3646.0,0.8413281440734863,-138821.6875,7.248078923526056,216.0,0.7835853099822998,True
123,44,grid,4,on_ron_gSYN,on -> ron gSYN,PSTH SSE,1,6,0.0053132930770516396,8092.0,8092.0,0.422839879989624,-1810959.25,13.992819032918357,417.0,0.6781167984008789,True
123,44,grid,4,on_ron_gSYN,on -> ron gSYN,PSTH SSE,2,3,0.0053132930770516396,1393.0,1393.0,0.37672656774520874,136059.953125,18.791315727660145,560.0,0.5865283608436584,True
123,44,grid,4,on_ron_gSYN,on -> ron gSYN,PSTH SSE,7,3,0.0053132930770516396,3334.0,3334.0,0.8732926845550537,-167668.90625,8.388980235562565,250.0,0.766323447227478,True
123,45,grid,5,on_ron_gSYN,on -> ron gSYN,PSTH SSE,1,6,0.00806686282157898,6675.0,6675.0,0.3936406970024109,-1854597.0,20.80467098419516,620.0,0.7009702920913696,True
123,45,grid,5,on_ron_gSYN,on -> ron gSYN,PSTH SSE,2,3,0.00806686282157898,1740.0,1740.0,0.36040398478507996,822358.8125,27.21385188416496,811.0,0.5999723672866821,True
123,45,grid,5,on_ron_gSYN,on -> ron gSYN,PSTH SSE,7,3,0.00806686282157898,3001.0,3001.0,0.652522623538971,-221094.875,10.905674306231333,325.0,0.8930360078811646,True
123,46,grid,6,on_ron_gSYN,on -> ron gSYN,PSTH SSE,1,6,0.012247448787093163,5022.0,5022.0,0.22872844338417053,-1386878.625,32.1130163417335,957.0,0.8501225709915161,True
123,46,grid,6,on_ron_gSYN,on -> ron gSYN,PSTH SSE,2,3,0.012247448787093163,2753.0,2753.0,0.31023743748664856,2263733.5,40.06576960504681,1194.0,0.643319308757782,True
123,46,grid,6,on_ron_gSYN,on -> ron gSYN,PSTH SSE,7,3,0.012247448787093163,2950.0,2950.0,0.23305325210094452,24078.044921875,16.442401261702628,490.0,1.2180688381195068,True
123,47,grid,7,on_ron_gSYN,on -> ron gSYN,PSTH SSE,1,6,0.018594589084386826,4814.0,4814.0,0.07626473903656006,696097.0625,50.90433206939364,1517.0,1.0522174835205078,True
123,47,grid,7,on_ron_gSYN,on -> ron gSYN,PSTH SSE,2,3,0.018594589084386826,6396.0,6396.0,0.2361484318971634,4351693.5,58.085299151035194,1731.0,0.714357852935791,True
123,47,grid,7,on_ron_gSYN,on -> ron gSYN,PSTH SSE,7,3,0.018594589084386826,4230.0,4230.0,2.4472285076626576e-05,922427.9375,25.770947283648198,768.0,1.7057716846466064,True
123,48,grid,8,on_ron_gSYN,on -> ron gSYN,PSTH SSE,1,6,0.028231080621480942,10227.0,10227.0,0.0001525245315860957,5310743.0,80.53421026140062,2400.0,1.316028118133545,True
123,48,grid,8,on_ron_gSYN,on -> ron gSYN,PSTH SSE,2,3,0.028231080621480942,14132.0,14132.0,0.15880882740020752,6774721.0,82.11133854568638,2447.0,0.8018006682395935,True
123,48,grid,8,on_ron_gSYN,on -> ron gSYN,PSTH SSE,7,3,0.028231080621480942,10292.0,10292.0,0.3364057242870331,2826718.25,42.01201301969732,1252.0,2.280829668045044,True
123,49,grid,9,on_ron_gSYN,on -> ron gSYN,PSTH SSE,1,6,0.04286160692572594,31703.0,31703.0,0.08482641726732254,14163156.0,126.10315090097647,3758.0,1.6196279525756836,True
123,49,grid,9,on_ron_gSYN,on -> ron gSYN,PSTH SSE,2,3,0.04286160692572594,28330.0,28330.0,0.10196535289287567,8903193.0,111.23787792355961,3315.0,0.8809887766838074,True
123,49,grid,9,on_ron_gSYN,on -> ron gSYN,PSTH SSE,7,3,0.04286160692572594,29312.0,29312.0,1.6919654607772827,6375561.0,68.25274319653703,2034.0,3.0015804767608643,True
123,50,grid,10,on_ron_gSYN,on -> ron gSYN,PSTH SSE,1,6,0.06507427990436554,95542.0,95542.0,0.4112885892391205,30174502.0,196.26858159122176,5849.0,1.969696044921875,True
123,50,grid,10,on_ron_gSYN,on -> ron gSYN,PSTH SSE,2,3,0.06507427990436554,49784.0,49784.0,0.0653628259897232,12391994.0,143.18311466058185,4267.0,0.9446473717689514,True
123,50,grid,10,on_ron_gSYN,on -> ron gSYN,PSTH SSE,7,3,0.06507427990436554,80021.0,80021.0,4.683027267456055,12623548.0,107.94939767121907,3217.0,3.8648550510406494,True
123,51,grid,11,on_ron_gSYN,on -> ron gSYN,PSTH SSE,1,6,0.0987984910607338,265843.0,265843.0,1.1513928174972534,57582748.0,302.5066272943861,9015.0,2.4014079570770264,True
123,51,grid,11,on_ron_gSYN,on -> ron gSYN,PSTH SSE,2,3,0.0987984910607338,76935.0,76935.0,0.04344268888235092,33526822.0,174.79279218818158,5209.0,0.9918798208236694,True
123,51,grid,11,on_ron_gSYN,on -> ron gSYN,PSTH SSE,7,3,0.0987984910607338,212991.0,212991.0,10.008180618286133,23102994.0,170.16207509815106,5071.0,4.864395618438721,True
123,52,grid,12,on_ron_gSYN,on -> ron gSYN,PSTH SSE,1,6,0.15000000596046448,705973.0,705973.0,2.7895007133483887,101782296.0,467.93731753967984,13945.0,2.9985580444335938,True
123,52,grid,12,on_ron_gSYN,on -> ron gSYN,PSTH SSE,2,3,0.15000000596046448,105523.0,105523.0,0.029052257537841797,71062024.0,202.14086775611554,6024.0,1.0298616886138916,True
123,52,grid,12,on_ron_gSYN,on -> ron gSYN,PSTH SSE,7,3,0.15000000596046448,519922.0,519922.0,19.04597282409668,36203980.0,263.0113083453575,7838.0,6.064993858337402,True
123,53,checkpoint_baseline,-1,on_ron_gSYN,on -> ron gSYN,PSTH SSE,1,6,0.016436368227005005,4714.0,4714.0,0.12150664627552032,2471.5625,44.52870709036609,1327.0,0.9798001646995544,True
123,53,checkpoint_baseline,-1,on_ron_gSYN,on -> ron gSYN,PSTH SSE,2,3,0.004957615397870541,1324.0,1324.0,0.3585936427116394,15287.7529296875,17.885305862219386,533.0,0.6014820337295532,True
123,53,checkpoint_baseline,-1,on_ron_gSYN,on -> ron gSYN,PSTH SSE,7,3,0.011607290245592594,2910.0,2910.0,0.3006350100040436,53222.91015625,15.50283547531962,462.0,1.1525228023529053,True
123,54,grid,0,off_ron_gSYN,off -> ron gSYN,PSTH SSE,1,6,0.0010000000474974513,4714.0,4714.0,0.12150664627552032,52565.16796875,44.52870709036609,1327.0,0.9798001646995544,True
123,54,grid,0,off_ron_gSYN,off -> ron gSYN,PSTH SSE,2,3,0.0010000000474974513,1254.0,1254.0,0.3739568591117859,-52947.3671875,17.180631522432133,512.0,0.5887888073921204,True
123,54,grid,0,off_ron_gSYN,off -> ron gSYN,PSTH SSE,7,3,0.0010000000474974513,2739.0,2739.0,0.19261573255062103,-11863.59375,11.912351934498842,355.0,1.2619446516036987,True
123,55,grid,1,off_ron_gSYN,off -> ron gSYN,PSTH SSE,1,6,0.0015182418283075094,4661.0,4661.0,0.10649707168340683,349995.90625,45.36760511392235,1352.0,1.0020393133163452,True
123,55,grid,1,off_ron_gSYN,off -> ron gSYN,PSTH SSE,2,3,0.0015182418283075094,1387.0,1387.0,0.36010217666625977,258647.140625,18.18730915069964,542.0,0.6002237796783447,True
123,55,grid,1,off_ron_gSYN,off -> ron gSYN,PSTH SSE,7,3,0.0015182418283075094,2834.0,2834.0,0.17430298030376434,-3311.8173828125,12.751249958055098,380.0,1.283328652381897,True
123,56,grid,2,off_ron_gSYN,off -> ron gSYN,PSTH SSE,1,6,0.0023050580639392138,4632.0,4632.0,0.09274957329034805,405747.5625,46.676286030670106,1391.0,1.0238300561904907,True
123,56,grid,2,off_ron_gSYN,off -> ron gSYN,PSTH SSE,2,3,0.0023050580639392138,1366.0,1366.0,0.3591618835926056,274735.59375,19.630213751216402,585.0,0.6010077595710754,True
123,56,grid,2,off_ron_gSYN,off -> ron gSYN,PSTH SSE,7,3,0.0023050580639392138,2866.0,2866.0,0.18775954842567444,-3555.087646484375,13.757927586322605,410.0,1.2675124406814575,True
123,57,grid,3,off_ron_gSYN,off -> ron gSYN,PSTH SSE,1,6,0.0034996354952454567,5319.0,5319.0,0.07316932082176208,953456.5625,48.65608536626287,1450.0,1.05787992477417,True
123,57,grid,3,off_ron_gSYN,off -> ron gSYN,PSTH SSE,2,3,0.0034996354952454567,1468.0,1468.0,0.30206310749053955,426452.28125,22.24757558471192,663.0,0.6507062315940857,True
123,57,grid,3,off_ron_gSYN,off -> ron gSYN,PSTH SSE,7,3,0.0034996354952454567,2910.0,2910.0,0.30065932869911194,47230.9453125,15.50283547531962,462.0,1.1525006294250488,True
123,58,grid,4,off_ron_gSYN,off -> ron gSYN,PSTH SSE,1,6,0.0053132930770516396,6296.0,6296.0,0.06679592281579971,1765039.625,52.24656890708365,1557.0,1.0699291229248047,True
123,58,grid,4,off_ron_gSYN,off -> ron gSYN,PSTH SSE,2,3,0.0053132930770516396,1907.0,1907.0,0.2562493085861206,787171.8125,26.1065064930707,778.0,0.694098174571991,True
123,58,grid,4,off_ron_gSYN,off -> ron gSYN,PSTH SSE,7,3,0.0053132930770516396,2971.0,2971.0,0.4626723527908325,177848.265625,18.690647964833392,557.0,1.0206245183944702,True
123,59,grid,5,off_ron_gSYN,off -> ron gSYN,PSTH SSE,1,6,0.00806686282157898,8435.0,8435.0,0.05115397647023201,3420600.25,57.85040770443945,1724.0,1.102205753326416,True
123,59,grid,5,off_ron_gSYN,off -> ron gSYN,PSTH SSE,2,3,0.00806686282157898,2526.0,2526.0,0.17169202864170074,1313219.625,32.5156873930405,969.0,0.785951554775238,True
123,59,grid,5,off_ron_gSYN,off -> ron gSYN,PSTH SSE,7,3,0.00806686282157898,3526.0,3526.0,0.5313774347305298,910714.5,24.56293412972719,732.0,0.9718683362007141,True
123,60,grid,6,off_ron_gSYN,off -> ron gSYN,PSTH SSE,1,6,0.012247448787093163,14498.0,14498.0,0.019217954948544502,6991982.0,67.21250964732727,2003.0,1.1897493600845337,True
123,60,grid,6,off_ron_gSYN,off -> ron gSYN,PSTH SSE,2,3,0.012247448787093163,3981.0,3981.0,0.06209691986441612,2144436.75,41.27378275896782,1230.0,0.9511163830757141,True
123,60,grid,6,off_ron_gSYN,off -> ron gSYN,PSTH SSE,7,3,0.012247448787093163,6159.0,6159.0,0.37389057874679565,2290832.25,35.80416764538103,1067.0,1.0893588066101074,True
123,61,grid,7,off_ron_gSYN,off -> ron gSYN,PSTH SSE,1,6,0.018594589084386826,29285.0,29285.0,0.0019498642068356276,12418250.0,83.15157209489614,2478.0,1.3725354671478271,True
123,61,grid,7,off_ron_gSYN,off -> ron gSYN,PSTH SSE,2,3,0.018594589084386826,6993.0,6993.0,0.0060762399807572365,3226237.5,53.68947350760041,1600.0,1.1223586797714233,True
123,61,grid,7,off_ron_gSYN,off -> ron gSYN,PSTH SSE,7,3,0.018594589084386826,13018.0,13018.0,0.143198624253273,5340107.0,54.29348008456092,1618.0,1.3224087953567505,True
123,62,grid,8,off_ron_gSYN,off -> ron gSYN,PSTH SSE,1,6,0.028231080621480942,60370.0,60370.0,0.07986810803413391,19859558.0,109.6943055602161,3269.0,1.610987663269043,True
123,62,grid,8,off_ron_gSYN,off -> ron gSYN,PSTH SSE,2,3,0.028231080621480942,12320.0,12320.0,0.0025936486199498177,5093706.5,70.0312070064763,2087.0,1.2512367963790894,True
123,62,grid,8,off_ron_gSYN,off -> ron gSYN,PSTH SSE,7,3,0.028231080621480942,31710.0,31710.0,0.000795517407823354,10726643.0,85.29915103520015,2542.0,1.6726198196411133,True
123,63,grid,9,off_ron_gSYN,off -> ron gSYN,PSTH SSE,1,6,0.04286160692572594,148271.0,148271.0,0.40610450506210327,36781720.0,153.48478238985268,4574.0,1.9656414985656738,True
123,63,grid,9,off_ron_gSYN,off -> ron gSYN,PSTH SSE,2,3,0.04286160692572594,20857.0,20857.0,0.021804360672831535,7161420.0,88.85607865507868,2648.0,1.3479719161987305,True
123,63,grid,9,off_ron_gSYN,off -> ron gSYN,PSTH SSE,7,3,0.04286160692572594,79323.0,79323.0,0.14409692585468292,19621856.0,134.32435153182777,4003.0,2.08042573928833,True
123,64,grid,10,off_ron_gSYN,off -> ron gSYN,PSTH SSE,1,6,0.06507427990436554,328269.0,328269.0,1.0694758892059326,53007196.0,221.6033019026207,6604.0,2.3625328540802,True
123,64,grid,10,off_ron_gSYN,off -> ron gSYN,PSTH SSE,2,3,0.06507427990436554,33391.0,33391.0,0.05906489118933678,11685728.0,109.79497332304284,3272.0,1.443341612815857,True
123,64,grid,10,off_ron_gSYN,off -> ron gSYN,PSTH SSE,7,3,0.06507427990436554,195311.0,195311.0,0.778278112411499,36193184.0,209.62383812623736,6247.0,2.5830254554748535,True
123,65,grid,11,off_ron_gSYN,off -> ron gSYN,PSTH SSE,1,6,0.0987984910607338,645333.0,645333.0,2.3759572505950928,69484224.0,326.499110768095,9730.0,2.8697922229766846,True
123,65,grid,11,off_ron_gSYN,off -> ron gSYN,PSTH SSE,2,3,0.0987984910607338,49045.0,49045.0,0.11299742013216019,24028316.0,131.136539042314,3908.0,1.5364598035812378,True
123,65,grid,11,off_ron_gSYN,off -> ron gSYN,PSTH SSE,7,3,0.0987984910607338,482072.0,482072.0,2.170762538909912,61808384.0,326.23066340055703,9722.0,3.174175500869751,True
123,66,grid,12,off_ron_gSYN,off -> ron gSYN,PSTH SSE,1,6,0.15000000596046448,1234037.0,1234037.0,4.607715606689453,99855264.0,488.1715378678567,14548.0,3.4749372005462646,True
123,66,grid,12,off_ron_gSYN,off -> ron gSYN,PSTH SSE,2,3,0.15000000596046448,64797.0,64797.0,0.17444685101509094,36360072.0,148.65272977416865,4430.0,1.617977261543274,True
123,66,grid,12,off_ron_gSYN,off -> ron gSYN,PSTH SSE,7,3,0.15000000596046448,1121156.0,1121156.0,4.789391994476318,91991808.0,503.27170229186936,14998.0,3.8892927169799805,True
123,67,checkpoint_baseline,-1,off_ron_gSYN,off -> ron gSYN,PSTH SSE,1,6,0.0010000000474974513,4714.0,4714.0,0.12150664627552032,52565.16796875,44.52870709036609,1327.0,0.9798001646995544,True
123,67,checkpoint_baseline,-1,off_ron_gSYN,off -> ron gSYN,PSTH SSE,2,3,0.0013098177732899785,1324.0,1324.0,0.3585936427116394,238954.5625,17.885305862219386,533.0,0.6014820337295532,True
123,67,checkpoint_baseline,-1,off_ron_gSYN,off -> ron gSYN,PSTH SSE,7,3,0.0034952524583786726,2910.0,2910.0,0.3006350100040436,48242.0859375,15.50283547531962,462.0,1.1525228023529053,True
123,68,grid,0,on_sonoff_gSYN,on -> sonoff gSYN,PSTH SSE,1,6,0.0010000000474974513,4764.0,4764.0,0.12114967405796051,-499.19659423828125,44.595818932250594,1329.0,0.9803125858306885,True
123,68,grid,0,on_sonoff_gSYN,on -> sonoff gSYN,PSTH SSE,2,3,0.0010000000474974513,1324.0,1324.0,0.3585936427116394,-208.17684936523438,17.885305862219386,533.0,0.6014820337295532,True
123,68,grid,0,on_sonoff_gSYN,on -> sonoff gSYN,PSTH SSE,7,3,0.0010000000474974513,3203.0,3203.0,0.13640530407428741,-1509.2034912109375,18.757759806717893,559.0,1.331493854522705,True
123,69,grid,1,on_sonoff_gSYN,on -> sonoff gSYN,PSTH SSE,1,6,0.0015182418283075094,4764.0,4764.0,0.12114967405796051,-1139.9927978515625,44.595818932250594,1329.0,0.9803125858306885,True
123,69,grid,1,on_sonoff_gSYN,on -> sonoff gSYN,PSTH SSE,2,3,0.0015182418283075094,1324.0,1324.0,0.3585936427116394,-969.993896484375,17.885305862219386,533.0,0.6014820337295532,True
123,69,grid,1,on_sonoff_gSYN,on -> sonoff gSYN,PSTH SSE,7,3,0.0015182418283075094,3203.0,3203.0,0.13640530407428741,-2417.984619140625,18.757759806717893,559.0,1.331493854522705,True
123,70,grid,2,on_sonoff_gSYN,on -> sonoff gSYN,PSTH SSE,1,6,0.0023050580639392138,4764.0,4764.0,0.12114967405796051,-3365.05126953125,44.595818932250594,1329.0,0.9803125858306885,True
123,70,grid,2,on_sonoff_gSYN,on -> sonoff gSYN,PSTH SSE,2,3,0.0023050580639392138,1324.0,1324.0,0.3585936427116394,-5238.40576171875,17.885305862219386,533.0,0.6014820337295532,True
123,70,grid,2,on_sonoff_gSYN,on -> sonoff gSYN,PSTH SSE,7,3,0.0023050580639392138,3203.0,3203.0,0.13640530407428741,-5287.1728515625,18.757759806717893,559.0,1.331493854522705,True
123,71,grid,3,on_sonoff_gSYN,on -> sonoff gSYN,PSTH SSE,1,6,0.0034996354952454567,4738.0,4738.0,0.120762400329113,-4489.6015625,44.595818932250594,1329.0,0.9808693528175354,True
123,71,grid,3,on_sonoff_gSYN,on -> sonoff gSYN,PSTH SSE,2,3,0.0034996354952454567,1327.0,1327.0,0.3613949716091156,-7364.4501953125,17.851749941277138,532.0,0.5991475582122803,True
123,71,grid,3,on_sonoff_gSYN,on -> sonoff gSYN,PSTH SSE,7,3,0.0034996354952454567,3205.0,3205.0,0.1386115700006485,-11705.2216796875,18.690647964833392,557.0,1.3285189867019653,True
123,72,grid,4,on_sonoff_gSYN,on -> sonoff gSYN,PSTH SSE,1,6,0.0053132930770516396,4714.0,4714.0,0.12149613350629807,10352.0703125,44.52870709036609,1327.0,0.9798152446746826,True
123,72,grid,4,on_sonoff_gSYN,on -> sonoff gSYN,PSTH SSE,2,3,0.0053132930770516396,1334.0,1334.0,0.3771454393863678,6214.16455078125,17.818194020334886,531.0,0.5861872434616089,True
123,72,grid,4,on_sonoff_gSYN,on -> sonoff gSYN,PSTH SSE,7,3,0.0053132930770516396,3198.0,3198.0,0.13802209496498108,-26731.615234375,18.657092043891144,556.0,1.329311490058899,True
123,73,grid,5,on_sonoff_gSYN,on -> sonoff gSYN,PSTH SSE,1,6,0.00806686282157898,4691.0,4691.0,0.1319384127855301,104506.7734375,44.22670380188584,1318.0,0.96514493227005,True
123,73,grid,5,on_sonoff_gSYN,on -> sonoff gSYN,PSTH SSE,2,3,0.00806686282157898,1348.0,1348.0,0.37846192717552185,33039.00390625,17.751082178450385,529.0,0.5851163268089294,True
123,73,grid,5,on_sonoff_gSYN,on -> sonoff gSYN,PSTH SSE,7,3,0.00806686282157898,3129.0,3129.0,0.14998209476470947,-86758.265625,18.48931243917989,551.0,1.313549518585205,True
123,74,grid,6,on_sonoff_gSYN,on -> sonoff gSYN,PSTH SSE,1,6,0.012247448787093163,5020.0,5020.0,0.14343321323394775,257950.734375,43.253582094560585,1289.0,0.9496524333953857,True
123,74,grid,6,on_sonoff_gSYN,on -> sonoff gSYN,PSTH SSE,2,3,0.012247448787093163,1316.0,1316.0,0.36909276247024536,88123.5703125,17.482634810912383,521.0,0.5927788615226746,True
123,74,grid,6,on_sonoff_gSYN,on -> sonoff gSYN,PSTH SSE,7,3,0.012247448787093163,3075.0,3075.0,0.18995963037014008,-61427.234375,17.952417704103887,535.0,1.2649811506271362,True
123,75,grid,7,on_sonoff_gSYN,on -> sonoff gSYN,PSTH SSE,1,6,0.018594589084386826,4897.0,4897.0,0.1533377319574356,669015.875,40.736888023891815,1214.0,0.9367945790290833,True
123,75,grid,7,on_sonoff_gSYN,on -> sonoff gSYN,PSTH SSE,2,3,0.018594589084386826,1352.0,1352.0,0.3698541820049286,227421.828125,15.60350323814637,465.0,0.5921525359153748,True
123,75,grid,7,on_sonoff_gSYN,on -> sonoff gSYN,PSTH SSE,7,3,0.018594589084386826,2858.0,2858.0,0.25504785776138306,55389.37890625,16.71084862924063,498.0,1.195802092552185,True
123,76,grid,8,on_sonoff_gSYN,on -> sonoff gSYN,PSTH SSE,1,6,0.028231080621480942,5198.0,5198.0,0.13364574313163757,1154010.25,37.75041106003154,1125.0,0.9628022909164429,True
123,76,grid,8,on_sonoff_gSYN,on -> sonoff gSYN,PSTH SSE,2,3,0.028231080621480942,1366.0,1366.0,0.2859044373035431,358061.4375,13.321700614073352,397.0,0.6656085848808289,True
123,76,grid,8,on_sonoff_gSYN,on -> sonoff gSYN,PSTH SSE,7,3,0.028231080621480942,2879.0,2879.0,0.29677629470825195,101043.21875,15.53639139626187,463.0,1.1560529470443726,True
123,77,grid,9,on_sonoff_gSYN,on -> sonoff gSYN,PSTH SSE,1,6,0.04286160692572594,5285.0,5285.0,0.1384006142616272,1246950.375,36.37461830139928,1084.0,0.95635586977005,True
123,77,grid,9,on_sonoff_gSYN,on -> sonoff gSYN,PSTH SSE,2,3,0.04286160692572594,1342.0,1342.0,0.24303510785102844,392744.625,12.650582195228347,377.0,0.7073230147361755,True
123,77,grid,9,on_sonoff_gSYN,on -> sonoff gSYN,PSTH SSE,7,3,0.04286160692572594,2823.0,2823.0,0.32141348719596863,140167.203125,15.066608503070366,449.0,1.1338913440704346,True
123,78,grid,10,on_sonoff_gSYN,on -> sonoff gSYN,PSTH SSE,1,6,0.06507427990436554,5236.0,5236.0,0.13104696571826935,1292460.5,35.60283211972752,1061.0,0.9663740992546082,True
123,78,grid,10,on_sonoff_gSYN,on -> sonoff gSYN,PSTH SSE,2,3,0.06507427990436554,1382.0,1382.0,0.2348562330007553,394004.25,12.449246669574846,371.0,0.7156892418861389,True
123,78,grid,10,on_sonoff_gSYN,on -> sonoff gSYN,PSTH SSE,7,3,0.06507427990436554,2924.0,2924.0,0.3372837007045746,142674.515625,14.697493372705614,438.0,1.1200634241104126,True
123,79,grid,11,on_sonoff_gSYN,on -> sonoff gSYN,PSTH SSE,1,6,0.0987984910607338,5236.0,5236.0,0.13100533187389374,1272544.375,35.46860843595852,1057.0,0.9664316177368164,True
123,79,grid,11,on_sonoff_gSYN,on -> sonoff gSYN,PSTH SSE,2,3,0.0987984910607338,1376.0,1376.0,0.23229394853115082,393667.0,12.315022985805845,367.0,0.7183400988578796,True
123,79,grid,11,on_sonoff_gSYN,on -> sonoff gSYN,PSTH SSE,7,3,0.0987984910607338,2856.0,2856.0,0.3378908634185791,183280.8125,14.294822321398609,426.0,1.1195409297943115,True
123,80,grid,12,on_sonoff_gSYN,on -> sonoff gSYN,PSTH SSE,1,6,0.15000000596046448,5194.0,5194.0,0.13491010665893555,1220748.625,34.93171370088252,1041.0,0.961077094078064,True
123,80,grid,12,on_sonoff_gSYN,on -> sonoff gSYN,PSTH SSE,2,3,0.15000000596046448,1383.0,1383.0,0.24183166027069092,372884.3125,12.214355222979094,364.0,0.7085450887680054,True
123,80,grid,12,on_sonoff_gSYN,on -> sonoff gSYN,PSTH SSE,7,3,0.15000000596046448,2854.0,2854.0,0.299148291349411,214475.640625,14.294822321398609,426.0,1.15388023853302,True
123,81,checkpoint_baseline,-1,on_sonoff_gSYN,on -> sonoff gSYN,PSTH SSE,1,6,0.0052709621377289295,4714.0,4714.0,0.12150664627552032,12135.330078125,44.52870709036609,1327.0,0.9798001646995544,True
123,81,checkpoint_baseline,-1,on_sonoff_gSYN,on -> sonoff gSYN,PSTH SSE,2,3,0.00100049062166363,1324.0,1324.0,0.3585936427116394,-208.5270538330078,17.885305862219386,533.0,0.6014820337295532,True
123,81,checkpoint_baseline,-1,on_sonoff_gSYN,on -> sonoff gSYN,PSTH SSE,7,3,0.028810489922761917,2910.0,2910.0,0.3006350100040436,100332.046875,15.50283547531962,462.0,1.1525228023529053,True
123,82,grid,0,off_sonoff_gSYN,off -> sonoff gSYN,PSTH SSE,1,6,0.0010000000474974513,4714.0,4714.0,0.12150664627552032,209407.421875,44.52870709036609,1327.0,0.9798001646995544,True
123,82,grid,0,off_sonoff_gSYN,off -> sonoff gSYN,PSTH SSE,2,3,0.0010000000474974513,1324.0,1324.0,0.3585936427116394,4800.05224609375,17.885305862219386,533.0,0.6014820337295532,True
123,82,grid,0,off_sonoff_gSYN,off -> sonoff gSYN,PSTH SSE,7,3,0.0010000000474974513,2846.0,2846.0,0.28949543833732605,142553.640625,15.905506526626622,474.0,1.1627769470214844,True
123,83,grid,1,off_sonoff_gSYN,off -> sonoff gSYN,PSTH SSE,1,6,0.0015182418283075094,4664.0,4664.0,0.12509110569953918,3495497.25,43.723364987752085,1303.0,0.9746959805488586,True
123,83,grid,1,off_sonoff_gSYN,off -> sonoff gSYN,PSTH SSE,2,3,0.0015182418283075094,1335.0,1335.0,0.3549499213695526,658649.1875,17.851749941277138,532.0,0.6045321822166443,True
123,83,grid,1,off_sonoff_gSYN,off -> sonoff gSYN,PSTH SSE,7,3,0.0015182418283075094,2930.0,2930.0,0.2952066659927368,133414.703125,15.838394684742122,472.0,1.1574954986572266,True
123,84,grid,2,off_sonoff_gSYN,off -> sonoff gSYN,PSTH SSE,1,6,0.0023050580639392138,4838.0,4838.0,0.08429078012704849,8095966.0,41.10600315425656,1225.0,1.0380494594573975,True
123,84,grid,2,off_sonoff_gSYN,off -> sonoff gSYN,PSTH SSE,2,3,0.0023050580639392138,1331.0,1331.0,0.32296353578567505,1705330.0,16.97929599677863,506.0,0.6320101022720337,True
123,84,grid,2,off_sonoff_gSYN,off -> sonoff gSYN,PSTH SSE,7,3,0.0023050580639392138,2942.0,2942.0,0.2705225944519043,128042.109375,15.435723633435119,460.0,1.1807068586349487,True
123,85,grid,3,off_sonoff_gSYN,off -> sonoff gSYN,PSTH SSE,1,6,0.0034996354952454567,4921.0,4921.0,0.0740988701581955,9404870.0,39.4617630280863,1176.0,1.0561671257019043,True
123,85,grid,3,off_sonoff_gSYN,off -> sonoff gSYN,PSTH SSE,2,3,0.0034996354952454567,1382.0,1382.0,0.3226456344127655,2172844.25,15.737726921915371,469.0,0.6322898864746094,True
123,85,grid,3,off_sonoff_gSYN,off -> sonoff gSYN,PSTH SSE,7,3,0.0034996354952454567,2964.0,2964.0,0.23695597052574158,492946.375,14.764605214590114,440.0,1.2140434980392456,True
123,86,grid,4,off_sonoff_gSYN,off -> sonoff gSYN,PSTH SSE,1,6,0.0053132930770516396,4792.0,4792.0,0.07590796798467636,10235300.0,37.951746585685044,1131.0,1.0528641939163208,True
123,86,grid,4,off_sonoff_gSYN,off -> sonoff gSYN,PSTH SSE,2,3,0.0053132930770516396,1444.0,1444.0,0.33408400416374207,2454731.5,14.932384819301365,445.0,0.6223089098930359,True
123,86,grid,4,off_sonoff_gSYN,off -> sonoff gSYN,PSTH SSE,7,3,0.0053132930770516396,2846.0,2846.0,0.13444069027900696,938410.25,14.026374953860607,418.0,1.3341631889343262,True
123,87,grid,5,off_sonoff_gSYN,off -> sonoff gSYN,PSTH SSE,1,6,0.00806686282157898,4853.0,4853.0,0.08657506853342056,10003276.0,37.58263145532029,1120.0,1.0341417789459229,True
123,87,grid,5,off_sonoff_gSYN,off -> sonoff gSYN,PSTH SSE,2,3,0.00806686282157898,1421.0,1421.0,0.30039623379707336,2540917.75,14.496157847052112,432.0,0.6522247791290283,True
123,87,grid,5,off_sonoff_gSYN,off -> sonoff gSYN,PSTH SSE,7,3,0.00806686282157898,2798.0,2798.0,0.09170722216367722,1165749.5,13.556592060669104,404.0,1.397992730140686,True
123,88,grid,6,off_sonoff_gSYN,off -> sonoff gSYN,PSTH SSE,1,6,0.012247448787093163,4834.0,4834.0,0.09953680634498596,9475233.0,37.01218079930204,1103.0,1.0128836631774902,True
123,88,grid,6,off_sonoff_gSYN,off -> sonoff gSYN,PSTH SSE,2,3,0.012247448787093163,1378.0,1378.0,0.2892155945301056,2434528.75,13.925707191033856,415.0,0.662521243095398,True
123,88,grid,6,off_sonoff_gSYN,off -> sonoff gSYN,PSTH SSE,7,3,0.012247448787093163,2877.0,2877.0,0.09364110231399536,1172826.375,13.388812455957853,399.0,1.3948163986206055,True
123,89,grid,7,off_sonoff_gSYN,off -> sonoff gSYN,PSTH SSE,1,6,0.018594589084386826,4818.0,4818.0,0.11065860092639923,8930838.0,36.81084527364853,1097.0,0.9957243204116821,True
123,89,grid,7,off_sonoff_gSYN,off -> sonoff gSYN,PSTH SSE,2,3,0.018594589084386826,1391.0,1391.0,0.2817519009113312,2339582.25,13.288144693131102,396.0,0.6695058345794678,True
123,89,grid,7,off_sonoff_gSYN,off -> sonoff gSYN,PSTH SSE,7,3,0.018594589084386826,2791.0,2791.0,0.07794669270515442,1136019.75,13.187476930304351,393.0,1.421635389328003,True
123,90,grid,8,off_sonoff_gSYN,off -> sonoff gSYN,PSTH SSE,1,6,0.028231080621480942,4892.0,4892.0,0.11060868203639984,10718661.0,36.67662158987953,1093.0,0.9957993626594543,True
123,90,grid,8,off_sonoff_gSYN,off -> sonoff gSYN,PSTH SSE,2,3,0.028231080621480942,1407.0,1407.0,0.2676823139190674,2888294.75,13.221032851246601,394.0,0.6829286813735962,True
123,90,grid,8,off_sonoff_gSYN,off -> sonoff gSYN,PSTH SSE,7,3,0.028231080621480942,2818.0,2818.0,0.08798901736736298,1162413.625,13.288144693131102,396.0,1.4041953086853027,True
123,91,grid,9,off_sonoff_gSYN,off -> sonoff gSYN,PSTH SSE,1,6,0.04286160692572594,4758.0,4758.0,0.10697922855615616,14281752.0,36.40817422234153,1085.0,1.0013014078140259,True
123,91,grid,9,off_sonoff_gSYN,off -> sonoff gSYN,PSTH SSE,2,3,0.04286160692572594,1401.0,1401.0,0.25941842794418335,3828440.75,13.0196973255931,388.0,0.6909775733947754,True
123,91,grid,9,off_sonoff_gSYN,off -> sonoff gSYN,PSTH SSE,7,3,0.04286160692572594,2752.0,2752.0,0.08579709380865097,1493556.5,13.355256535015602,398.0,1.407913327217102,True
123,92,grid,10,off_sonoff_gSYN,off -> sonoff gSYN,PSTH SSE,1,6,0.06507427990436554,4803.0,4803.0,0.11769814789295197,13733206.0,36.30750645951478,1082.0,0.9853065609931946,True
123,92,grid,10,off_sonoff_gSYN,off -> sonoff gSYN,PSTH SSE,2,3,0.06507427990436554,1409.0,1409.0,0.26596829295158386,3643635.75,12.818361799939598,382.0,0.6845877766609192,True
123,92,grid,10,off_sonoff_gSYN,off -> sonoff gSYN,PSTH SSE,7,3,0.06507427990436554,2743.0,2743.0,0.08374496549367905,1608935.875,13.455924297842353,401.0,1.4114375114440918,True
123,93,grid,11,off_sonoff_gSYN,off -> sonoff gSYN,PSTH SSE,1,6,0.0987984910607338,4723.0,4723.0,0.1148516982793808,10314979.0,36.30750645951478,1082.0,0.9894804358482361,True
123,93,grid,11,off_sonoff_gSYN,off -> sonoff gSYN,PSTH SSE,2,3,0.0987984910607338,1400.0,1400.0,0.25817230343818665,2821414.75,12.851917720881849,383.0,0.6922023296356201,True
123,93,grid,11,off_sonoff_gSYN,off -> sonoff gSYN,PSTH SSE,7,3,0.0987984910607338,2780.0,2780.0,0.07746034115552902,1582672.25,13.422368376900103,400.0,1.4225077629089355,True
123,94,grid,12,off_sonoff_gSYN,off -> sonoff gSYN,PSTH SSE,1,6,0.15000000596046448,4829.0,4829.0,0.1200215145945549,5932054.5,36.24039461763028,1080.0,0.9819369912147522,True
123,94,grid,12,off_sonoff_gSYN,off -> sonoff gSYN,PSTH SSE,2,3,0.15000000596046448,1396.0,1396.0,0.2513051927089691,1596786.625,12.784805878997348,381.0,0.6990054249763489,True
123,94,grid,12,off_sonoff_gSYN,off -> sonoff gSYN,PSTH SSE,7,3,0.15000000596046448,2775.0,2775.0,0.08407709002494812,920702.0,13.590147981611354,405.0,1.410864233970642,True
123,95,checkpoint_baseline,-1,off_sonoff_gSYN,off -> sonoff gSYN,PSTH SSE,1,6,0.0010000000474974513,4714.0,4714.0,0.12150664627552032,209407.421875,44.52870709036609,1327.0,0.9798001646995544,True
123,95,checkpoint_baseline,-1,off_sonoff_gSYN,off -> sonoff gSYN,PSTH SSE,2,3,0.0010000000474974513,1324.0,1324.0,0.3585936427116394,4800.05224609375,17.885305862219386,533.0,0.6014820337295532,True
123,95,checkpoint_baseline,-1,off_sonoff_gSYN,off -> sonoff gSYN,PSTH SSE,7,3,0.002133022528141737,2910.0,2910.0,0.3006350100040436,159925.5,15.50283547531962,462.0,1.1525228023529053,True
123,96,grid,0,sonoff_ron_gSYN,sonoff -> ron gSYN,PSTH SSE,1,6,0.0010000000474974513,4782.0,4782.0,0.12109283357858658,2076.978271484375,44.595818932250594,1329.0,0.9803942441940308,True
123,96,grid,0,sonoff_ron_gSYN,sonoff -> ron gSYN,PSTH SSE,2,3,0.0010000000474974513,1324.0,1324.0,0.3585936427116394,0.0,17.885305862219386,533.0,0.6014820337295532,True
123,96,grid,0,sonoff_ron_gSYN,sonoff -> ron gSYN,PSTH SSE,7,3,0.0010000000474974513,3224.0,3224.0,0.14926432073116302,-56054.02734375,18.589980202006643,554.0,1.3144773244857788,True
123,97,grid,1,sonoff_ron_gSYN,sonoff -> ron gSYN,PSTH SSE,1,6,0.0015182418283075094,4782.0,4782.0,0.1210978552699089,2071.388671875,44.595818932250594,1329.0,0.9803870320320129,True
123,97,grid,1,sonoff_ron_gSYN,sonoff -> ron gSYN,PSTH SSE,2,3,0.0015182418283075094,1324.0,1324.0,0.3585936427116394,0.0,17.885305862219386,533.0,0.6014820337295532,True
123,97,grid,1,sonoff_ron_gSYN,sonoff -> ron gSYN,PSTH SSE,7,3,0.0015182418283075094,3235.0,3235.0,0.14123353362083435,-61827.25390625,18.48931243917989,551.0,1.3250142335891724,True
123,98,grid,2,sonoff_ron_gSYN,sonoff -> ron gSYN,PSTH SSE,1,6,0.0023050580639392138,4782.0,4782.0,0.1211024597287178,1529.1961669921875,44.595818932250594,1329.0,0.9803804159164429,True
123,98,grid,2,sonoff_ron_gSYN,sonoff -> ron gSYN,PSTH SSE,2,3,0.0023050580639392138,1324.0,1324.0,0.3585936427116394,0.0,17.885305862219386,533.0,0.6014820337295532,True
123,98,grid,2,sonoff_ron_gSYN,sonoff -> ron gSYN,PSTH SSE,7,3,0.0023050580639392138,3123.0,3123.0,0.15484832227230072,-72066.34375,18.35508875541089,547.0,1.3073170185089111,True
123,99,grid,3,sonoff_ron_gSYN,sonoff -> ron gSYN,PSTH SSE,1,6,0.0034996354952454567,4754.0,4754.0,0.12021569162607193,-3469.140625,44.595818932250594,1329.0,0.9816568493843079,True
123,99,grid,3,sonoff_ron_gSYN,sonoff -> ron gSYN,PSTH SSE,2,3,0.0034996354952454567,1324.0,1324.0,0.3585936427116394,0.0,17.885305862219386,533.0,0.6014820337295532,True
123,99,grid,3,sonoff_ron_gSYN,sonoff -> ron gSYN,PSTH SSE,7,3,0.0034996354952454567,3085.0,3085.0,0.15847793221473694,-48119.95703125,18.22086507164189,543.0,1.3027318716049194,True
123,100,grid,4,sonoff_ron_gSYN,sonoff -> ron gSYN,PSTH SSE,1,6,0.0053132930770516396,4734.0,4734.0,0.12042952328920364,-2342.1474609375,44.595818932250594,1329.0,0.9813486337661743,True
123,100,grid,4,sonoff_ron_gSYN,sonoff -> ron gSYN,PSTH SSE,2,3,0.0053132930770516396,1324.0,1324.0,0.3585936427116394,0.0,17.885305862219386,533.0,0.6014820337295532,True
123,100,grid,4,sonoff_ron_gSYN,sonoff -> ron gSYN,PSTH SSE,7,3,0.0053132930770516396,3026.0,3026.0,0.1609674096107483,-50312.79296875,17.98597362504614,536.0,1.2996172904968262,True
123,101,grid,5,sonoff_ron_gSYN,sonoff -> ron gSYN,PSTH SSE,1,6,0.00806686282157898,4739.0,4739.0,0.12084978073835373,-1089.886474609375,44.562263011308346,1328.0,0.9807436466217041,True
123,101,grid,5,sonoff_ron_gSYN,sonoff -> ron gSYN,PSTH SSE,2,3,0.00806686282157898,1324.0,1324.0,0.3585936427116394,0.0,17.885305862219386,533.0,0.6014820337295532,True
123,101,grid,5,sonoff_ron_gSYN,sonoff -> ron gSYN,PSTH SSE,7,3,0.00806686282157898,3002.0,3002.0,0.1797931045293808,-22816.90625,17.583302573739136,524.0,1.2768045663833618,True
123,102,grid,6,sonoff_ron_gSYN,sonoff -> ron gSYN,PSTH SSE,1,6,0.012247448787093163,4721.0,4721.0,0.12093430012464523,-1278.9473876953125,44.562263011308346,1328.0,0.9806221127510071,True
123,102,grid,6,sonoff_ron_gSYN,sonoff -> ron gSYN,PSTH SSE,2,3,0.012247448787093163,1324.0,1324.0,0.3585936427116394,0.0,17.885305862219386,533.0,0.6014820337295532,True
123,102,grid,6,sonoff_ron_gSYN,sonoff -> ron gSYN,PSTH SSE,7,3,0.012247448787093163,2867.0,2867.0,0.21127234399318695,-8382.9716796875,17.07996375960538,509.0,1.2411810159683228,True
123,103,grid,7,sonoff_ron_gSYN,sonoff -> ron gSYN,PSTH SSE,1,6,0.018594589084386826,4729.0,4729.0,0.12084969878196716,814.7054443359375,44.562263011308346,1328.0,0.9807437658309937,True
123,103,grid,7,sonoff_ron_gSYN,sonoff -> ron gSYN,PSTH SSE,2,3,0.018594589084386826,1324.0,1324.0,0.3585936427116394,0.0,17.885305862219386,533.0,0.6014820337295532,True
123,103,grid,7,sonoff_ron_gSYN,sonoff -> ron gSYN,PSTH SSE,7,3,0.018594589084386826,2954.0,2954.0,0.22191396355628967,3139.3134765625,16.64373678735613,496.0,1.2297472953796387,True
123,104,grid,8,sonoff_ron_gSYN,sonoff -> ron gSYN,PSTH SSE,1,6,0.028231080621480942,4709.0,4709.0,0.12071985751390457,1460.481689453125,44.562263011308346,1328.0,0.9809305667877197,True
123,104,grid,8,sonoff_ron_gSYN,sonoff -> ron gSYN,PSTH SSE,2,3,0.028231080621480942,1324.0,1324.0,0.3585936427116394,0.0,17.885305862219386,533.0,0.6014820337295532,True
123,104,grid,8,sonoff_ron_gSYN,sonoff -> ron gSYN,PSTH SSE,7,3,0.028231080621480942,2937.0,2937.0,0.2628251910209656,9287.1103515625,16.073286131337873,479.0,1.1881599426269531,True
123,105,grid,9,sonoff_ron_gSYN,sonoff -> ron gSYN,PSTH SSE,1,6,0.04286160692572594,4726.0,4726.0,0.1214531734585762,811.5875854492188,44.52870709036609,1327.0,0.9798768758773804,True
123,105,grid,9,sonoff_ron_gSYN,sonoff -> ron gSYN,PSTH SSE,2,3,0.04286160692572594,1324.0,1324.0,0.3585936427116394,0.0,17.885305862219386,533.0,0.6014820337295532,True
123,105,grid,9,sonoff_ron_gSYN,sonoff -> ron gSYN,PSTH SSE,7,3,0.04286160692572594,2845.0,2845.0,0.3227909505367279,4243.22509765625,15.200832186839367,453.0,1.1326777935028076,True
123,106,grid,10,sonoff_ron_gSYN,sonoff -> ron gSYN,PSTH SSE,1,6,0.06507427990436554,4706.0,4706.0,0.12158232927322388,-9.033090591430664,44.52870709036609,1327.0,0.9796916246414185,True
123,106,grid,10,sonoff_ron_gSYN,sonoff -> ron gSYN,PSTH SSE,2,3,0.06507427990436554,1324.0,1324.0,0.3585936427116394,0.0,17.885305862219386,533.0,0.6014820337295532,True
123,106,grid,10,sonoff_ron_gSYN,sonoff -> ron gSYN,PSTH SSE,7,3,0.06507427990436554,2945.0,2945.0,0.374685674905777,3636.01025390625,14.395490084225361,429.0,1.0887089967727661,True
123,107,grid,11,sonoff_ron_gSYN,sonoff -> ron gSYN,PSTH SSE,1,6,0.0987984910607338,4729.0,4729.0,0.12238147109746933,202.3929443359375,44.49515116942384,1326.0,0.9785475730895996,True
123,107,grid,11,sonoff_ron_gSYN,sonoff -> ron gSYN,PSTH SSE,2,3,0.0987984910607338,1324.0,1324.0,0.3585936427116394,0.0,17.885305862219386,533.0,0.6014820337295532,True
123,107,grid,11,sonoff_ron_gSYN,sonoff -> ron gSYN,PSTH SSE,7,3,0.0987984910607338,3016.0,3016.0,0.4434845745563507,3099.565673828125,13.489480218784603,402.0,1.0348783731460571,True
123,108,grid,12,sonoff_ron_gSYN,sonoff -> ron gSYN,PSTH SSE,1,6,0.15000000596046448,4733.0,4733.0,0.12237875908613205,217.08522033691406,44.49515116942384,1326.0,0.97855144739151,True
123,108,grid,12,sonoff_ron_gSYN,sonoff -> ron gSYN,PSTH SSE,2,3,0.15000000596046448,1324.0,1324.0,0.3585936427116394,0.0,17.885305862219386,533.0,0.6014820337295532,True
123,108,grid,12,sonoff_ron_gSYN,sonoff -> ron gSYN,PSTH SSE,7,3,0.15000000596046448,3013.0,3013.0,0.48053449392318726,3833.25439453125,12.91902956276635,385.0,1.00761878490448,True
123,109,checkpoint_baseline,-1,sonoff_ron_gSYN,sonoff -> ron gSYN,PSTH SSE,1,6,0.05735066160559654,4714.0,4714.0,0.12150664627552032,-54.69470977783203,44.52870709036609,1327.0,0.9798001646995544,True
123,109,checkpoint_baseline,-1,sonoff_ron_gSYN,sonoff -> ron gSYN,PSTH SSE,2,3,0.03088780865073204,1324.0,1324.0,0.3585936427116394,0.0,17.885305862219386,533.0,0.6014820337295532,True
123,109,checkpoint_baseline,-1,sonoff_ron_gSYN,sonoff -> ron gSYN,PSTH SSE,7,3,0.035883836448192596,2910.0,2910.0,0.3006350100040436,5085.21728515625,15.50283547531962,462.0,1.1525228023529053,True
123,110,grid,0,abs_ref,Absolute refractory period (ms),CV squared error,1,6,0.0,0.12150664627552032,4714.0,0.12150664627552032,1.579781413078308,44.52870709036609,1327.0,0.9798001646995544,True
123,110,grid,0,abs_ref,Absolute refractory period (ms),CV squared error,2,3,0.0,0.09567906707525253,1570.0,0.09567906707525253,0.07535979151725769,20.435555853830408,609.0,0.8909885883331299,True
123,110,grid,0,abs_ref,Absolute refractory period (ms),CV squared error,7,3,0.0,0.3006350100040436,2910.0,0.3006350100040436,0.7410614490509033,15.50283547531962,462.0,1.1525228023529053,True
123,111,grid,1,abs_ref,Absolute refractory period (ms),CV squared error,1,6,0.5,0.22025594115257263,4470.0,0.22025594115257263,2.076231002807617,42.44823999194658,1265.0,0.8590638637542725,True
123,111,grid,1,abs_ref,Absolute refractory period (ms),CV squared error,2,3,0.5,0.18273113667964935,1426.0,0.18273113667964935,0.07315642386674881,19.2946545417939,575.0,0.772838294506073,True
123,111,grid,1,abs_ref,Absolute refractory period (ms),CV squared error,7,3,0.5,0.4479450285434723,2717.0,0.4479450285434723,0.5917969942092896,13.992819032918357,417.0,1.0315377712249756,True
123,112,grid,2,abs_ref,Absolute refractory period (ms),CV squared error,1,6,1.0,0.3212524354457855,4405.0,0.3212524354457855,1.2580326795578003,41.206670917083315,1228.0,0.7615868449211121,True
123,112,grid,2,abs_ref,Absolute refractory period (ms),CV squared error,2,3,1.0,0.25388121604919434,1381.0,0.25388121604919434,0.05123300850391388,18.455756518237642,550.0,0.6964426636695862,True
123,112,grid,2,abs_ref,Absolute refractory period (ms),CV squared error,7,3,1.0,0.5479127168655396,2625.0,0.5479127168655396,0.30152973532676697,13.388812455957853,399.0,0.960613489151001,True
123,113,grid,3,abs_ref,Absolute refractory period (ms),CV squared error,1,6,2.0,0.41545894742012024,4410.0,0.41545894742012024,1.029708743095398,39.83087815845106,1187.0,0.6838171482086182,True
123,113,grid,3,abs_ref,Absolute refractory period (ms),CV squared error,2,3,2.0,0.33155786991119385,1277.0,0.33155786991119385,0.014105779118835926,17.851749941277138,532.0,0.6244983077049255,True
123,113,grid,3,abs_ref,Absolute refractory period (ms),CV squared error,7,3,2.0,0.6258743405342102,2712.0,0.6258743405342102,0.047544606029987335,12.885473641824099,384.0,0.9097025394439697,True
123,114,grid,4,abs_ref,Absolute refractory period (ms),CV squared error,1,6,3.0,0.46669667959213257,4342.0,0.46669667959213257,0.29174479842185974,39.29398342337505,1171.0,0.6452261805534363,True
123,114,grid,4,abs_ref,Absolute refractory period (ms),CV squared error,2,3,3.0,0.35013261437416077,1329.0,0.35013261437416077,0.011565335094928741,17.91886178316164,534.0,0.6085888743400574,True
123,114,grid,4,abs_ref,Absolute refractory period (ms),CV squared error,7,3,3.0,0.6523079872131348,2679.0,0.6523079872131348,0.006867442280054092,12.784805878997348,381.0,0.8931688666343689,True
123,115,grid,5,abs_ref,Absolute refractory period (ms),CV squared error,1,6,4.0,0.4986734092235565,4434.0,0.4986734092235565,0.3716380298137665,38.824200530183546,1157.0,0.6222100853919983,True
123,115,grid,5,abs_ref,Absolute refractory period (ms),CV squared error,2,3,4.0,0.37165817618370056,1327.0,0.37165817618370056,0.00643018027767539,17.851749941277138,532.0,0.590671181678772,True
123,115,grid,5,abs_ref,Absolute refractory period (ms),CV squared error,7,3,4.0,0.655104398727417,2668.0,0.655104398727417,-0.0007206795271486044,12.751249958055098,380.0,0.8914395570755005,True
123,116,grid,6,abs_ref,Absolute refractory period (ms),CV squared error,1,6,5.0,0.5078045129776001,4531.0,0.5078045129776001,0.2833046615123749,38.4550853998188,1146.0,0.6157741546630859,True
123,116,grid,6,abs_ref,Absolute refractory period (ms),CV squared error,2,3,5.0,0.3818068504333496,1343.0,0.3818068504333496,0.0024944620672613382,17.784638099392637,530.0,0.5824037194252014,True
123,116,grid,6,abs_ref,Absolute refractory period (ms),CV squared error,7,3,5.0,0.6690363883972168,2666.0,0.6690363883972168,0.0005340742645785213,12.617026274286097,376.0,0.882878303527832,True
123,117,grid,7,abs_ref,Absolute refractory period (ms),CV squared error,1,6,7.5,0.6181326508522034,4274.0,0.6181326508522034,0.5119245648384094,37.54907553437804,1119.0,0.5421640872955322,True
123,117,grid,7,abs_ref,Absolute refractory period (ms),CV squared error,2,3,7.5,0.4217678904533386,1281.0,0.4217678904533386,0.004161247052252293,17.516190731854635,522.0,0.5508723258972168,True
123,117,grid,7,abs_ref,Absolute refractory period (ms),CV squared error,7,3,7.5,0.6866199970245361,2673.0,0.6866199970245361,0.0044310856610536575,12.583470353343847,375.0,0.8721993565559387,True
123,118,grid,8,abs_ref,Absolute refractory period (ms),CV squared error,1,6,10.0,0.6879370212554932,4415.0,0.6879370212554932,0.16849873960018158,36.71017751082178,1094.0,0.4989585280418396,True
123,118,grid,8,abs_ref,Absolute refractory period (ms),CV squared error,2,3,10.0,0.4534721076488495,1262.0,0.4534721076488495,0.0024063498713076115,17.07996375960538,509.0,0.5269055366516113,True
123,118,grid,8,abs_ref,Absolute refractory period (ms),CV squared error,7,3,10.0,0.7033742070198059,2662.0,0.7033742070198059,0.0037430524826049805,12.482802590517096,372.0,0.8621506690979004,True
123,119,grid,9,abs_ref,Absolute refractory period (ms),CV squared error,1,6,15.0,0.8452351689338684,4763.0,0.8452351689338684,0.5257141590118408,34.15992751921076,1018.0,0.40901151299476624,True
123,119,grid,9,abs_ref,Absolute refractory period (ms),CV squared error,2,3,15.0,0.5126678347587585,1293.0,0.5126678347587585,0.004691959824413061,16.64373678735613,496.0,0.4843006730079651,True
123,119,grid,9,abs_ref,Absolute refractory period (ms),CV squared error,7,3,15.0,0.7707297801971436,2711.0,0.7707297801971436,0.010799048468470573,12.247911143921344,365.0,0.8229125738143921,True
123,120,grid,10,abs_ref,Absolute refractory period (ms),CV squared error,1,6,25.0,1.10746169090271,5365.0,1.10746169090271,0.94683438539505,28.455420959028217,848.0,0.2760181128978729,True
123,120,grid,10,abs_ref,Absolute refractory period (ms),CV squared error,2,3,25.0,0.6460463404655457,1289.0,0.6460463404655457,0.01328145433217287,15.771282842857621,470.0,0.3965388834476471,True
123,120,grid,10,abs_ref,Absolute refractory period (ms),CV squared error,7,3,25.0,0.9141224026679993,2865.0,0.9141224026679993,0.017131680622696877,11.50968088319184,343.0,0.7447272539138794,True
123,121,checkpoint_baseline,-1,abs_ref,Absolute refractory period (ms),CV squared error,1,6,0.0,0.12150664627552032,4714.0,0.12150664627552032,1.579781413078308,44.52870709036609,1327.0,0.9798001646995544,True
123,121,checkpoint_baseline,-1,abs_ref,Absolute refractory period (ms),CV squared error,2,3,3.6539320945739746,0.3585936427116394,1324.0,0.3585936427116394,0.014340817928314209,17.885305862219386,533.0,0.6014820337295532,True
123,121,checkpoint_baseline,-1,abs_ref,Absolute refractory period (ms),CV squared error,7,3,0.0,0.3006350100040436,2910.0,0.3006350100040436,0.7410614490509033,15.50283547531962,462.0,1.1525228023529053,True
123,122,grid,0,rel_ref_a,Relative refractory a,CV squared error,1,6,0.0010000000474974513,0.12150664627552032,4714.0,0.12150664627552032,-970617.5625,44.52870709036609,1327.0,0.9798001646995544,True
123,122,grid,0,rel_ref_a,Relative refractory a,CV squared error,2,3,0.0010000000474974513,1.0850720405578613,2030.0,1.0850720405578613,-673.7594604492188,1.9797993355927652,59.0,0.1586410254240036,True
123,122,grid,0,rel_ref_a,Relative refractory a,CV squared error,7,3,0.0010000000474974513,0.3641921281814575,2745.0,0.3641921281814575,-1310878.375,14.798161135532364,441.0,1.0973414182662964,True
123,123,grid,1,rel_ref_a,Relative refractory a,CV squared error,1,6,0.05000000074505806,0.12150664627552032,4714.0,0.12150664627552032,-15474.455078125,44.52870709036609,1327.0,0.9798001646995544,True
123,123,grid,1,rel_ref_a,Relative refractory a,CV squared error,2,3,0.05000000074505806,0.43186113238334656,1332.0,0.43186113238334656,-49979.55859375,17.482634810912383,521.0,0.5431475043296814,True
123,123,grid,1,rel_ref_a,Relative refractory a,CV squared error,7,3,0.05000000074505806,0.3195480406284332,2827.0,0.3195480406284332,-12346.6357421875,15.335055870608368,457.0,1.135538935661316,True
123,124,grid,2,rel_ref_a,Relative refractory a,CV squared error,1,6,0.10000000149011612,0.12150664627552032,4714.0,0.12150664627552032,-5117.2060546875,44.52870709036609,1327.0,0.9798001646995544,True
123,124,grid,2,rel_ref_a,Relative refractory a,CV squared error,2,3,0.10000000149011612,0.363065242767334,1316.0,0.363065242767334,-12931.9736328125,17.885305862219386,533.0,0.5977599620819092,True
123,124,grid,2,rel_ref_a,Relative refractory a,CV squared error,7,3,0.10000000149011612,0.3136764466762543,2913.0,0.3136764466762543,-8366.8427734375,15.402167712492869,459.0,1.1407564878463745,True
123,125,grid,3,rel_ref_a,Relative refractory a,CV squared error,1,6,0.25,0.12150664627552032,4714.0,0.12150664627552032,-414.52239990234375,44.52870709036609,1327.0,0.9798001646995544,True
123,125,grid,3,rel_ref_a,Relative refractory a,CV squared error,2,3,0.25,0.3585936427116394,1324.0,0.3585936427116394,-26.304059982299805,17.885305862219386,533.0,0.6014820337295532,True
123,125,grid,3,rel_ref_a,Relative refractory a,CV squared error,7,3,0.25,0.3006350100040436,2910.0,0.3006350100040436,-1257.4254150390625,15.50283547531962,462.0,1.1525228023529053,True
123,126,grid,4,rel_ref_a,Relative refractory a,CV squared error,1,6,0.5,0.12150664627552032,4714.0,0.12150664627552032,-19.071495056152344,44.52870709036609,1327.0,0.9798001646995544,True
123,126,grid,4,rel_ref_a,Relative refractory a,CV squared error,2,3,0.5,0.3585936427116394,1324.0,0.3585936427116394,-6.381001282917964e-10,17.885305862219386,533.0,0.6014820337295532,True
123,126,grid,4,rel_ref_a,Relative refractory a,CV squared error,7,3,0.5,0.3006350100040436,2910.0,0.3006350100040436,-79.97236633300781,15.50283547531962,462.0,1.1525228023529053,True
123,127,grid,5,rel_ref_a,Relative refractory a,CV squared error,1,6,1.0,0.12150664627552032,4714.0,0.12150664627552032,-0.22229115664958954,44.52870709036609,1327.0,0.9798001646995544,True
123,127,grid,5,rel_ref_a,Relative refractory a,CV squared error,2,3,1.0,0.3585936427116394,1324.0,0.3585936427116394,0.0,17.885305862219386,533.0,0.6014820337295532,True
123,127,grid,5,rel_ref_a,Relative refractory a,CV squared error,7,3,1.0,0.3006350100040436,2910.0,0.3006350100040436,-0.9714230895042419,15.50283547531962,462.0,1.1525228023529053,True
123,128,grid,6,rel_ref_a,Relative refractory a,CV squared error,1,6,2.0,0.12150664627552032,4714.0,0.12150664627552032,-0.0016636562068015337,44.52870709036609,1327.0,0.9798001646995544,True
123,128,grid,6,rel_ref_a,Relative refractory a,CV squared error,2,3,2.0,0.3585936427116394,1324.0,0.3585936427116394,0.0,17.885305862219386,533.0,0.6014820337295532,True
123,128,grid,6,rel_ref_a,Relative refractory a,CV squared error,7,3,2.0,0.3006350100040436,2910.0,0.3006350100040436,-0.0062468526884913445,15.50283547531962,462.0,1.1525228023529053,True
123,129,grid,7,rel_ref_a,Relative refractory a,CV squared error,1,6,4.0,0.12150664627552032,4714.0,0.12150664627552032,-2.024875720962882e-05,44.52870709036609,1327.0,0.9798001646995544,True
123,129,grid,7,rel_ref_a,Relative refractory a,CV squared error,2,3,4.0,0.3585936427116394,1324.0,0.3585936427116394,0.0,17.885305862219386,533.0,0.6014820337295532,True
123,129,grid,7,rel_ref_a,Relative refractory a,CV squared error,7,3,4.0,0.3006350100040436,2910.0,0.3006350100040436,-9.193633013637736e-05,15.50283547531962,462.0,1.1525228023529053,True
123,130,grid,8,rel_ref_a,Relative refractory a,CV squared error,1,6,6.0,0.12150664627552032,4714.0,0.12150664627552032,-3.681181794945587e-07,44.52870709036609,1327.0,0.9798001646995544,True
123,130,grid,8,rel_ref_a,Relative refractory a,CV squared error,2,3,6.0,0.3585936427116394,1324.0,0.3585936427116394,0.0,17.885305862219386,533.0,0.6014820337295532,True
123,130,grid,8,rel_ref_a,Relative refractory a,CV squared error,7,3,6.0,0.3006350100040436,2910.0,0.3006350100040436,-1.6835917904245434e-06,15.50283547531962,462.0,1.1525228023529053,True
123,131,grid,9,rel_ref_a,Relative refractory a,CV squared error,1,6,8.0,0.12150664627552032,4714.0,0.12150664627552032,-7.147924030448394e-09,44.52870709036609,1327.0,0.9798001646995544,True
123,131,grid,9,rel_ref_a,Relative refractory a,CV squared error,2,3,8.0,0.3585936427116394,1324.0,0.3585936427116394,0.0,17.885305862219386,533.0,0.6014820337295532,True
123,131,grid,9,rel_ref_a,Relative refractory a,CV squared error,7,3,8.0,0.3006350100040436,2910.0,0.3006350100040436,-3.068617715484834e-08,15.50283547531962,462.0,1.1525228023529053,True
123,132,grid,10,rel_ref_a,Relative refractory a,CV squared error,1,6,10.0,0.12150664627552032,4714.0,0.12150664627552032,0.0,44.52870709036609,1327.0,0.9798001646995544,True
123,132,grid,10,rel_ref_a,Relative refractory a,CV squared error,2,3,10.0,0.3585936427116394,1324.0,0.3585936427116394,0.0,17.885305862219386,533.0,0.6014820337295532,True
123,132,grid,10,rel_ref_a,Relative refractory a,CV squared error,7,3,10.0,0.3006350100040436,2910.0,0.3006350100040436,-8.29355806253318e-10,15.50283547531962,462.0,1.1525228023529053,True
123,133,grid,11,rel_ref_a,Relative refractory a,CV squared error,1,6,15.0,0.12150664627552032,4714.0,0.12150664627552032,0.0,44.52870709036609,1327.0,0.9798001646995544,True
123,133,grid,11,rel_ref_a,Relative refractory a,CV squared error,2,3,15.0,0.3585936427116394,1324.0,0.3585936427116394,0.0,17.885305862219386,533.0,0.6014820337295532,True
123,133,grid,11,rel_ref_a,Relative refractory a,CV squared error,7,3,15.0,0.3006350100040436,2910.0,0.3006350100040436,0.0,15.50283547531962,462.0,1.1525228023529053,True
123,134,checkpoint_baseline,-1,rel_ref_a,Relative refractory a,CV squared error,1,6,8.795970916748047,0.12150664627552032,4714.0,0.12150664627552032,-1.7869810076120984e-09,44.52870709036609,1327.0,0.9798001646995544,True
123,134,checkpoint_baseline,-1,rel_ref_a,Relative refractory a,CV squared error,2,3,3.2449843883514404,0.3585936427116394,1324.0,0.3585936427116394,0.0,17.885305862219386,533.0,0.6014820337295532,True
123,134,checkpoint_baseline,-1,rel_ref_a,Relative refractory a,CV squared error,7,3,8.140619277954102,0.3006350100040436,2910.0,0.3006350100040436,-2.3221952361041076e-08,15.50283547531962,462.0,1.1525228023529053,True
123,135,grid,0,rel_ref_b,Relative refractory b,CV squared error,1,6,0.0,0.12150664627552032,4714.0,0.12150664627552032,1.7869810076120984e-09,44.52870709036609,1327.0,0.9798001646995544,True
123,135,grid,0,rel_ref_b,Relative refractory b,CV squared error,2,3,0.0,0.3585936427116394,1324.0,0.3585936427116394,0.0,17.885305862219386,533.0,0.6014820337295532,True
123,135,grid,0,rel_ref_b,Relative refractory b,CV squared error,7,3,0.0,0.3006350100040436,2910.0,0.3006350100040436,2.488067973871466e-09,15.50283547531962,462.0,1.1525228023529053,True
123,136,grid,1,rel_ref_b,Relative refractory b,CV squared error,1,6,0.25,0.12150664627552032,4714.0,0.12150664627552032,1.7869810076120984e-09,44.52870709036609,1327.0,0.9798001646995544,True
123,136,grid,1,rel_ref_b,Relative refractory b,CV squared error,2,3,0.25,0.3585936427116394,1324.0,0.3585936427116394,0.0,17.885305862219386,533.0,0.6014820337295532,True
123,136,grid,1,rel_ref_b,Relative refractory b,CV squared error,7,3,0.25,0.3006350100040436,2910.0,0.3006350100040436,4.146776255709028e-09,15.50283547531962,462.0,1.1525228023529053,True
123,137,grid,2,rel_ref_b,Relative refractory b,CV squared error,1,6,0.5,0.12150664627552032,4714.0,0.12150664627552032,3.573962015224197e-09,44.52870709036609,1327.0,0.9798001646995544,True
123,137,grid,2,rel_ref_b,Relative refractory b,CV squared error,2,3,0.5,0.3585936427116394,1324.0,0.3585936427116394,0.0,17.885305862219386,533.0,0.6014820337295532,True
123,137,grid,2,rel_ref_b,Relative refractory b,CV squared error,7,3,0.5,0.3006350100040436,2910.0,0.3006350100040436,6.634846450026544e-09,15.50283547531962,462.0,1.1525228023529053,True
123,138,grid,3,rel_ref_b,Relative refractory b,CV squared error,1,6,1.0,0.12150664627552032,4714.0,0.12150664627552032,1.0721881160691282e-08,44.52870709036609,1327.0,0.9798001646995544,True
123,138,grid,3,rel_ref_b,Relative refractory b,CV squared error,2,3,1.0,0.3585936427116394,1324.0,0.3585936427116394,0.0,17.885305862219386,533.0,0.6014820337295532,True
123,138,grid,3,rel_ref_b,Relative refractory b,CV squared error,7,3,1.0,0.3006350100040436,2910.0,0.3006350100040436,1.7416473596654214e-08,15.50283547531962,462.0,1.1525228023529053,True
123,139,grid,4,rel_ref_b,Relative refractory b,CV squared error,1,6,2.0,0.12150664627552032,4714.0,0.12150664627552032,7.505308019517543e-08,44.52870709036609,1327.0,0.9798001646995544,True
123,139,grid,4,rel_ref_b,Relative refractory b,CV squared error,2,3,2.0,0.3585936427116394,1324.0,0.3585936427116394,0.0,17.885305862219386,533.0,0.6014820337295532,True
123,139,grid,4,rel_ref_b,Relative refractory b,CV squared error,7,3,2.0,0.3006350100040436,2910.0,0.3006350100040436,1.2937952931224572e-07,15.50283547531962,462.0,1.1525228023529053,True
123,140,grid,5,rel_ref_b,Relative refractory b,CV squared error,1,6,4.0,0.12150664627552032,4714.0,0.12150664627552032,4.0939739847090095e-06,44.52870709036609,1327.0,0.9798001646995544,True
123,140,grid,5,rel_ref_b,Relative refractory b,CV squared error,2,3,4.0,0.3585936427116394,1324.0,0.3585936427116394,0.0,17.885305862219386,533.0,0.6014820337295532,True
123,140,grid,5,rel_ref_b,Relative refractory b,CV squared error,7,3,4.0,0.3006350100040436,2910.0,0.3006350100040436,7.043720415822463e-06,15.50283547531962,462.0,1.1525228023529053,True
123,141,grid,6,rel_ref_b,Relative refractory b,CV squared error,1,6,6.0,0.12150664627552032,4714.0,0.12150664627552032,0.00022186448040883988,44.52870709036609,1327.0,0.9798001646995544,True
123,141,grid,6,rel_ref_b,Relative refractory b,CV squared error,2,3,6.0,0.3585936427116394,1324.0,0.3585936427116394,0.0,17.885305862219386,533.0,0.6014820337295532,True
123,141,grid,6,rel_ref_b,Relative refractory b,CV squared error,7,3,6.0,0.3006350100040436,2910.0,0.3006350100040436,0.00037432232056744397,15.50283547531962,462.0,1.1525228023529053,True
123,142,grid,7,rel_ref_b,Relative refractory b,CV squared error,1,6,8.0,0.12150664627552032,4714.0,0.12150664627552032,0.008425284177064896,44.52870709036609,1327.0,0.9798001646995544,True
123,142,grid,7,rel_ref_b,Relative refractory b,CV squared error,2,3,8.0,0.3585936427116394,1324.0,0.3585936427116394,0.0,17.885305862219386,533.0,0.6014820337295532,True
123,142,grid,7,rel_ref_b,Relative refractory b,CV squared error,7,3,8.0,0.3006350100040436,2910.0,0.3006350100040436,0.006821379065513611,15.50283547531962,462.0,1.1525228023529053,True
123,143,grid,8,rel_ref_b,Relative refractory b,CV squared error,1,6,10.0,0.12150664627552032,4714.0,0.12150664627552032,0.004541849717497826,44.52870709036609,1327.0,0.9798001646995544,True
123,143,grid,8,rel_ref_b,Relative refractory b,CV squared error,2,3,10.0,0.3585936427116394,1324.0,0.3585936427116394,0.0,17.885305862219386,533.0,0.6014820337295532,True
123,143,grid,8,rel_ref_b,Relative refractory b,CV squared error,7,3,10.0,0.3006350100040436,2910.0,0.3006350100040436,0.0006445676553994417,15.50283547531962,462.0,1.1525228023529053,True
123,144,grid,9,rel_ref_b,Relative refractory b,CV squared error,1,6,15.0,0.12150664627552032,4714.0,0.12150664627552032,0.0034604929387569427,44.52870709036609,1327.0,0.9798001646995544,True
123,144,grid,9,rel_ref_b,Relative refractory b,CV squared error,2,3,15.0,0.3585936427116394,1324.0,0.3585936427116394,0.0,17.885305862219386,533.0,0.6014820337295532,True
123,144,grid,9,rel_ref_b,Relative refractory b,CV squared error,7,3,15.0,0.3006350100040436,2910.0,0.3006350100040436,0.018064530566334724,15.50283547531962,462.0,1.1525228023529053,True
123,145,grid,10,rel_ref_b,Relative refractory b,CV squared error,1,6,25.0,0.12150664627552032,4714.0,0.12150664627552032,0.46912023425102234,44.52870709036609,1327.0,0.9798001646995544,True
123,145,grid,10,rel_ref_b,Relative refractory b,CV squared error,2,3,25.0,0.3585936427116394,1324.0,0.3585936427116394,0.0,17.885305862219386,533.0,0.6014820337295532,True
123,145,grid,10,rel_ref_b,Relative refractory b,CV squared error,7,3,25.0,0.3006350100040436,2910.0,0.3006350100040436,0.7234343886375427,15.50283547531962,462.0,1.1525228023529053,True
123,146,checkpoint_baseline,-1,rel_ref_b,Relative refractory b,CV squared error,1,6,0.0,0.12150664627552032,4714.0,0.12150664627552032,1.7869810076120984e-09,44.52870709036609,1327.0,0.9798001646995544,True
123,146,checkpoint_baseline,-1,rel_ref_b,Relative refractory b,CV squared error,2,3,8.554961204528809,0.3585936427116394,1324.0,0.3585936427116394,0.0,17.885305862219386,533.0,0.6014820337295532,True
123,146,checkpoint_baseline,-1,rel_ref_b,Relative refractory b,CV squared error,7,3,1.1436665058135986,0.3006350100040436,2910.0,0.3006350100040436,2.3221952361041076e-08,15.50283547531962,462.0,1.1525228023529053,True
123,147,grid,0,rel_ref_c,Relative refractory c,CV squared error,1,6,0.20000000298023224,0.14554694294929504,4612.0,0.14554694294929504,-13853.8173828125,43.65625314586759,1301.0,0.9468720555305481,True
123,147,grid,0,rel_ref_c,Relative refractory c,CV squared error,2,3,0.20000000298023224,0.35890695452690125,1302.0,0.35890695452690125,-14744.9892578125,17.851749941277138,532.0,0.6012204885482788,True
123,147,grid,0,rel_ref_c,Relative refractory c,CV squared error,7,3,0.20000000298023224,0.35637640953063965,2697.0,0.35637640953063965,-7296.76171875,14.865272977416865,443.0,1.1038520336151123,True
123,148,grid,1,rel_ref_c,Relative refractory c,CV squared error,1,6,0.2800000011920929,0.13482972979545593,4675.0,0.13482972979545593,-12976.443359375,43.95825643434784,1310.0,0.9611865282058716,True
123,148,grid,1,rel_ref_c,Relative refractory c,CV squared error,2,3,0.2800000011920929,0.3589409291744232,1314.0,0.3589409291744232,-14364.6376953125,17.851749941277138,532.0,0.6011921167373657,True
123,148,grid,1,rel_ref_c,Relative refractory c,CV squared error,7,3,0.2800000011920929,0.3270289897918701,2752.0,0.3270289897918701,-6977.42138671875,15.167276265897117,452.0,1.1289602518081665,True
123,149,grid,2,rel_ref_c,Relative refractory c,CV squared error,1,6,0.36000001430511475,0.12735134363174438,4677.0,0.12735134363174438,-12140.6494140625,44.29381564377034,1320.0,0.9715149998664856,True
123,149,grid,2,rel_ref_c,Relative refractory c,CV squared error,2,3,0.36000001430511475,0.3587375581264496,1313.0,0.3587375581264496,-13966.140625,17.885305862219386,533.0,0.601361870765686,True
123,149,grid,2,rel_ref_c,Relative refractory c,CV squared error,7,3,0.36000001430511475,0.3191022276878357,2833.0,0.3191022276878357,-6921.0166015625,15.267944028723868,455.0,1.1359333992004395,True
123,150,grid,3,rel_ref_c,Relative refractory c,CV squared error,1,6,0.4399999976158142,0.12585486471652985,4718.0,0.12585486471652985,-11805.4873046875,44.46159524848159,1325.0,0.9736179113388062,True
123,150,grid,3,rel_ref_c,Relative refractory c,CV squared error,2,3,0.4399999976158142,0.35859614610671997,1325.0,0.35859614610671997,-13767.1103515625,17.885305862219386,533.0,0.6014799475669861,True
123,150,grid,3,rel_ref_c,Relative refractory c,CV squared error,7,3,0.4399999976158142,0.3051934242248535,2880.0,0.3051934242248535,-6503.701171875,15.435723633435119,460.0,1.1483815908432007,True
123,151,grid,4,rel_ref_c,Relative refractory c,CV squared error,1,6,0.5199999809265137,0.12150664627552032,4714.0,0.12150664627552032,-11586.75390625,44.52870709036609,1327.0,0.9798001646995544,True
123,151,grid,4,rel_ref_c,Relative refractory c,CV squared error,2,3,0.5199999809265137,0.3585936427116394,1324.0,0.3585936427116394,-13681.6064453125,17.885305862219386,533.0,0.6014820337295532,True
123,151,grid,4,rel_ref_c,Relative refractory c,CV squared error,7,3,0.5199999809265137,0.3006350100040436,2910.0,0.3006350100040436,-6382.93896484375,15.50283547531962,462.0,1.1525228023529053,True
123,152,grid,5,rel_ref_c,Relative refractory c,CV squared error,1,6,0.6000000238418579,0.12150664627552032,4714.0,0.12150664627552032,-11586.75390625,44.52870709036609,1327.0,0.9798001646995544,True
123,152,grid,5,rel_ref_c,Relative refractory c,CV squared error,2,3,0.6000000238418579,0.3585936427116394,1324.0,0.3585936427116394,-13681.6064453125,17.885305862219386,533.0,0.6014820337295532,True
123,152,grid,5,rel_ref_c,Relative refractory c,CV squared error,7,3,0.6000000238418579,0.3006350100040436,2910.0,0.3006350100040436,-6382.93896484375,15.50283547531962,462.0,1.1525228023529053,True
123,153,grid,6,rel_ref_c,Relative refractory c,CV squared error,1,6,0.6800000071525574,0.12150664627552032,4714.0,0.12150664627552032,-11586.75390625,44.52870709036609,1327.0,0.9798001646995544,True
123,153,grid,6,rel_ref_c,Relative refractory c,CV squared error,2,3,0.6800000071525574,0.3585936427116394,1324.0,0.3585936427116394,-13681.6064453125,17.885305862219386,533.0,0.6014820337295532,True
123,153,grid,6,rel_ref_c,Relative refractory c,CV squared error,7,3,0.6800000071525574,0.3006350100040436,2910.0,0.3006350100040436,-6382.93896484375,15.50283547531962,462.0,1.1525228023529053,True
123,154,grid,7,rel_ref_c,Relative refractory c,CV squared error,1,6,0.7599999904632568,0.12150664627552032,4714.0,0.12150664627552032,-11586.75390625,44.52870709036609,1327.0,0.9798001646995544,True
123,154,grid,7,rel_ref_c,Relative refractory c,CV squared error,2,3,0.7599999904632568,0.3585936427116394,1324.0,0.3585936427116394,-13681.6064453125,17.885305862219386,533.0,0.6014820337295532,True
123,154,grid,7,rel_ref_c,Relative refractory c,CV squared error,7,3,0.7599999904632568,0.3006350100040436,2910.0,0.3006350100040436,-6382.93896484375,15.50283547531962,462.0,1.1525228023529053,True
123,155,grid,8,rel_ref_c,Relative refractory c,CV squared error,1,6,0.8399999737739563,0.12150664627552032,4714.0,0.12150664627552032,-11586.75390625,44.52870709036609,1327.0,0.9798001646995544,True
123,155,grid,8,rel_ref_c,Relative refractory c,CV squared error,2,3,0.8399999737739563,0.3585936427116394,1324.0,0.3585936427116394,-13681.6064453125,17.885305862219386,533.0,0.6014820337295532,True
123,155,grid,8,rel_ref_c,Relative refractory c,CV squared error,7,3,0.8399999737739563,0.3006350100040436,2910.0,0.3006350100040436,-6382.93896484375,15.50283547531962,462.0,1.1525228023529053,True
123,156,grid,9,rel_ref_c,Relative refractory c,CV squared error,1,6,0.9200000166893005,0.12150664627552032,4714.0,0.12150664627552032,-11586.75390625,44.52870709036609,1327.0,0.9798001646995544,True
123,156,grid,9,rel_ref_c,Relative refractory c,CV squared error,2,3,0.9200000166893005,0.3585936427116394,1324.0,0.3585936427116394,-13681.6064453125,17.885305862219386,533.0,0.6014820337295532,True
123,156,grid,9,rel_ref_c,Relative refractory c,CV squared error,7,3,0.9200000166893005,0.3006350100040436,2910.0,0.3006350100040436,-6382.93896484375,15.50283547531962,462.0,1.1525228023529053,True
123,157,grid,10,rel_ref_c,Relative refractory c,CV squared error,1,6,1.0,0.12150664627552032,4714.0,0.12150664627552032,-11586.75390625,44.52870709036609,1327.0,0.9798001646995544,True
123,157,grid,10,rel_ref_c,Relative refractory c,CV squared error,2,3,1.0,0.3585936427116394,1324.0,0.3585936427116394,-13681.6064453125,17.885305862219386,533.0,0.6014820337295532,True
123,157,grid,10,rel_ref_c,Relative refractory c,CV squared error,7,3,1.0,0.3006350100040436,2910.0,0.3006350100040436,-6382.93896484375,15.50283547531962,462.0,1.1525228023529053,True
123,158,checkpoint_baseline,-1,rel_ref_c,Relative refractory c,CV squared error,1,6,1.0,0.12150664627552032,4714.0,0.12150664627552032,-11586.75390625,44.52870709036609,1327.0,0.9798001646995544,True
123,158,checkpoint_baseline,-1,rel_ref_c,Relative refractory c,CV squared error,2,3,1.0,0.3585936427116394,1324.0,0.3585936427116394,-13681.6064453125,17.885305862219386,533.0,0.6014820337295532,True
123,158,checkpoint_baseline,-1,rel_ref_c,Relative refractory c,CV squared error,7,3,1.0,0.3006350100040436,2910.0,0.3006350100040436,-6382.93896484375,15.50283547531962,462.0,1.1525228023529053,True
456,0,grid,0,Strf_gain,STRF gain,PSTH SSE,1,6,0.0010000000474974513,8966.0,8966.0,0.008217047899961472,-14655.5673828125,12.180799302036844,363.0,1.2377302646636963,True
456,0,grid,0,Strf_gain,STRF gain,PSTH SSE,2,3,0.0010000000474974513,1678.0,1678.0,0.24891959130764008,-3784.476806640625,6.4762927418543,193.0,0.7013905048370361,True
456,0,grid,0,Strf_gain,STRF gain,PSTH SSE,7,3,0.0010000000474974513,3651.0,3651.0,0.8439927697181702,807.31689453125,3.6575953827052783,109.0,0.782133936882019,True
456,1,grid,1,Strf_gain,STRF gain,PSTH SSE,1,6,0.0015182418283075094,7652.0,7652.0,0.0015606736997142434,-70932.0,17.348411127143383,517.0,1.2888728380203247,True
456,1,grid,1,Strf_gain,STRF gain,PSTH SSE,2,3,0.0015182418283075094,1590.0,1590.0,0.26708710193634033,-7137.732421875,7.550082212006308,225.0,0.6835042238235474,True
456,1,grid,1,Strf_gain,STRF gain,PSTH SSE,7,3,0.0015182418283075094,3497.0,3497.0,0.7078652381896973,-256.9713439941406,5.066944062279789,151.0,0.8594774603843689,True
456,2,grid,2,Strf_gain,STRF gain,PSTH SSE,1,6,0.0023050580639392138,7167.0,7167.0,0.004374002572149038,-106177.9140625,22.818026240730177,680.0,1.2622419595718384,True
456,2,grid,2,Strf_gain,STRF gain,PSTH SSE,2,3,0.0023050580639392138,1458.0,1458.0,0.25825759768486023,-13006.234375,9.362101942887822,279.0,0.6921184062957764,True
456,2,grid,2,Strf_gain,STRF gain,PSTH SSE,7,3,0.0023050580639392138,3313.0,3313.0,0.5870951414108276,-1558.177001953125,7.214523002583806,215.0,0.9346033930778503,True
456,3,grid,3,Strf_gain,STRF gain,PSTH SSE,1,6,0.0034996354952454567,6230.0,6230.0,0.002611759817227721,-97307.6953125,28.891647931277472,861.0,1.2772728204727173,True
456,3,grid,3,Strf_gain,STRF gain,PSTH SSE,2,3,0.0034996354952454567,1437.0,1437.0,0.29082027077674866,-3904.726318359375,11.341901278480588,338.0,0.6610313653945923,True
456,3,grid,3,Strf_gain,STRF gain,PSTH SSE,7,3,0.0034996354952454567,3089.0,3089.0,0.5479174852371216,-2209.568603515625,9.563437468541323,285.0,0.9606102705001831,True
456,4,grid,4,Strf_gain,STRF gain,PSTH SSE,1,6,0.0053132930770516396,5494.0,5494.0,0.01642984338104725,-65606.0390625,34.46193080769101,1027.0,1.2001992464065552,True
456,4,grid,4,Strf_gain,STRF gain,PSTH SSE,2,3,0.0053132930770516396,1381.0,1381.0,0.3290313184261322,5284.99365234375,13.221032851246601,394.0,0.6266964077949524,True
456,4,grid,4,Strf_gain,STRF gain,PSTH SSE,7,3,0.0053132930770516396,2827.0,2827.0,0.4542107880115509,5490.57373046875,12.98614140465085,387.0,1.0268731117248535,True
456,5,grid,5,Strf_gain,STRF gain,PSTH SSE,1,6,0.00806686282157898,5115.0,5115.0,0.023883920162916183,-22562.974609375,39.66309855373981,1182.0,1.173833966255188,True
456,5,grid,5,Strf_gain,STRF gain,PSTH SSE,2,3,0.00806686282157898,1290.0,1290.0,0.3468109667301178,-737.7290649414062,15.200832186839367,453.0,0.6114023327827454,True
456,5,grid,5,Strf_gain,STRF gain,PSTH SSE,7,3,0.00806686282157898,2790.0,2790.0,0.2930161952972412,-11282.80859375,16.77796047112513,500.0,1.1595150232315063,True
456,6,grid,6,Strf_gain,STRF gain,PSTH SSE,1,6,0.012247448787093163,4621.0,4621.0,0.06389608234167099,-91080.8671875,43.28713801550283,1290.0,1.0756014585494995,True
456,6,grid,6,Strf_gain,STRF gain,PSTH SSE,2,3,0.012247448787093163,1335.0,1335.0,0.3625732362270355,14203.83984375,16.64373678735613,496.0,0.5981683731079102,True
456,6,grid,6,Strf_gain,STRF gain,PSTH SSE,7,3,0.012247448787093163,3148.0,3148.0,0.21284236013889313,2541.198486328125,20.334888091003656,606.0,1.2394763231277466,True
456,7,grid,7,Strf_gain,STRF gain,PSTH SSE,1,6,0.018594589084386826,4827.0,4827.0,0.12865665555000305,-311561.25,45.16626958826885,1346.0,0.9696907997131348,True
456,7,grid,7,Strf_gain,STRF gain,PSTH SSE,2,3,0.018594589084386826,1491.0,1491.0,0.37790557742118835,72354.953125,17.91886178316164,534.0,0.5855686664581299,True
456,7,grid,7,Strf_gain,STRF gain,PSTH SSE,7,3,0.018594589084386826,4108.0,4108.0,0.11086038500070572,87828.8984375,23.15358545015268,690.0,1.3678677082061768,True
456,8,grid,8,Strf_gain,STRF gain,PSTH SSE,1,6,0.028231080621480942,5048.0,5048.0,0.20438194274902344,-743696.75,45.938055769940604,1369.0,0.8762919902801514,True
456,8,grid,8,Strf_gain,STRF gain,PSTH SSE,2,3,0.028231080621480942,1418.0,1418.0,0.38969460129737854,29091.1171875,18.48931243917989,551.0,0.5760536789894104,True
456,8,grid,8,Strf_gain,STRF gain,PSTH SSE,7,3,0.028231080621480942,5189.0,5189.0,0.09440243244171143,289428.75,26.542733465319955,791.0,1.3935749530792236,True
456,9,grid,9,Strf_gain,STRF gain,PSTH SSE,1,6,0.04286160692572594,5714.0,5714.0,0.276347815990448,-2469499.0,46.206503137478606,1377.0,0.8026902675628662,True
456,9,grid,9,Strf_gain,STRF gain,PSTH SSE,2,3,0.04286160692572594,1332.0,1332.0,0.4113447666168213,183970.4375,19.0933190161404,569.0,0.5589472651481628,True
456,9,grid,9,Strf_gain,STRF gain,PSTH SSE,7,3,0.04286160692572594,5413.0,5413.0,0.12023119628429413,453216.1875,28.82453608939297,859.0,1.3540810346603394,True
456,10,grid,10,Strf_gain,STRF gain,PSTH SSE,1,6,0.06507427990436554,6300.0,6300.0,0.28652504086494446,-4975469.0,45.2669373510956,1349.0,0.7930978536605835,True
456,10,grid,10,Strf_gain,STRF gain,PSTH SSE,2,3,0.06507427990436554,1327.0,1327.0,0.4484950006008148,157143.609375,19.261098620851648,574.0,0.5306112170219421,True
456,10,grid,10,Strf_gain,STRF gain,PSTH SSE,7,3,0.06507427990436554,5887.0,5887.0,0.1526653915643692,1040009.5,31.710345290426492,945.0,1.3101005554199219,True
456,11,grid,11,Strf_gain,STRF gain,PSTH SSE,1,6,0.0987984910607338,20276.0,20276.0,0.03812602162361145,22427360.0,48.15274655212912,1435.0,1.1331193447113037,True
456,11,grid,11,Strf_gain,STRF gain,PSTH SSE,2,3,0.0987984910607338,2370.0,2370.0,0.032448191195726395,591544.6875,16.610180866413877,495.0,1.0201750993728638,True
456,11,grid,11,Strf_gain,STRF gain,PSTH SSE,7,3,0.0987984910607338,7398.0,7398.0,0.12744057178497314,2153949.75,34.696822254286765,1034.0,1.3438365459442139,True
456,12,grid,12,Strf_gain,STRF gain,PSTH SSE,1,6,0.15000000596046448,57040.0,57040.0,1.2498291730880737,36035908.0,41.40800644273682,1234.0,2.446335792541504,True
456,12,grid,12,Strf_gain,STRF gain,PSTH SSE,2,3,0.15000000596046448,1694.0,1694.0,0.1119370386004448,97744.5234375,9.563437468541323,285.0,0.8657389879226685,True
456,12,grid,12,Strf_gain,STRF gain,PSTH SSE,7,3,0.15000000596046448,14975.0,14975.0,0.002378694247454405,9002316.0,34.66326633334452,1033.0,1.652052879333496,True
456,13,checkpoint_baseline,-1,Strf_gain,STRF gain,PSTH SSE,1,6,0.015168705955147743,4660.0,4660.0,0.0833723247051239,-122693.4296875,44.595818932250594,1329.0,1.0396355390548706,True
456,13,checkpoint_baseline,-1,Strf_gain,STRF gain,PSTH SSE,2,3,0.014653658494353294,1426.0,1426.0,0.3583820164203644,21705.74609375,17.482634810912383,521.0,0.6016587615013123,True
456,13,checkpoint_baseline,-1,Strf_gain,STRF gain,PSTH SSE,7,3,0.006921572145074606,2790.0,2790.0,0.3655545115470886,12738.03515625,15.435723633435119,460.0,1.096213698387146,True
456,14,grid,0,Strf_alpha,STRF alpha (ms),PSTH SSE,1,6,0.10000000149011612,10945.0,10945.0,0.41071540117263794,0.0,3.422703936109526,102.0,0.6875073909759521,True
456,14,grid,0,Strf_alpha,STRF alpha (ms),PSTH SSE,2,3,0.10000000149011612,1871.0,1871.0,0.4153856635093689,0.0,4.228046038723533,126.0,0.5558047294616699,True
456,14,grid,0,Strf_alpha,STRF alpha (ms),PSTH SSE,7,3,0.10000000149011612,3690.0,3690.0,1.1169887781143188,0.0,3.1542565685715243,94.0,0.6439478397369385,True
456,15,grid,1,Strf_alpha,STRF alpha (ms),PSTH SSE,1,6,0.19193831086158752,10945.0,10945.0,0.41071540117263794,0.0,3.422703936109526,102.0,0.6875073909759521,True
456,15,grid,1,Strf_alpha,STRF alpha (ms),PSTH SSE,2,3,0.19193831086158752,1871.0,1871.0,0.4153832793235779,0.0,4.228046038723533,126.0,0.555806577205658,True
456,15,grid,1,Strf_alpha,STRF alpha (ms),PSTH SSE,7,3,0.19193831086158752,3690.0,3690.0,1.1169887781143188,0.0,3.1542565685715243,94.0,0.6439478397369385,True
456,16,grid,2,Strf_alpha,STRF alpha (ms),PSTH SSE,1,6,0.3684031367301941,10945.0,10945.0,0.41072043776512146,-4.405796040496401e-12,3.422703936109526,102.0,0.687503457069397,True
456,16,grid,2,Strf_alpha,STRF alpha (ms),PSTH SSE,2,3,0.3684031367301941,1871.0,1871.0,0.4153832793235779,-1.6930754758240352e-13,4.228046038723533,126.0,0.555806577205658,True
456,16,grid,2,Strf_alpha,STRF alpha (ms),PSTH SSE,7,3,0.3684031367301941,3690.0,3690.0,1.1169887781143188,0.0,3.1542565685715243,94.0,0.6439478397369385,True
456,17,grid,3,Strf_alpha,STRF alpha (ms),PSTH SSE,1,6,0.7071067690849304,10913.0,10913.0,0.40785014629364014,-7.098046594933294e-09,3.4898157779940266,104.0,0.6897467374801636,True
456,17,grid,3,Strf_alpha,STRF alpha (ms),PSTH SSE,2,3,0.7071067690849304,1868.0,1868.0,0.4122878611087799,-6.066745328325851e-09,4.261601959665783,127.0,0.5582124590873718,True
456,17,grid,3,Strf_alpha,STRF alpha (ms),PSTH SSE,7,3,0.7071067690849304,3684.0,3684.0,1.1179636716842651,-1.1913474727995391e-16,3.1542565685715243,94.0,0.6434867978096008,True
456,18,grid,4,Strf_alpha,STRF alpha (ms),PSTH SSE,1,6,1.3572088479995728,10811.0,10811.0,0.4078768789768219,-0.00036859887768514454,3.6911513036475285,110.0,0.6897258162498474,True
456,18,grid,4,Strf_alpha,STRF alpha (ms),PSTH SSE,2,3,1.3572088479995728,1860.0,1860.0,0.3793547451496124,-2.4358365408261307e-05,4.4629374853192845,133.0,0.5843911170959473,True
456,18,grid,4,Strf_alpha,STRF alpha (ms),PSTH SSE,7,3,1.3572088479995728,3677.0,3677.0,1.1004095077514648,-1.7672274310598368e-08,3.1878124895137745,95.0,0.6518206000328064,True
456,19,grid,5,Strf_alpha,STRF alpha (ms),PSTH SSE,1,6,2.605003595352173,10451.0,10451.0,0.3101031184196472,-0.21656633913516998,4.697828931915036,140.0,0.7715091705322266,True
456,19,grid,5,Strf_alpha,STRF alpha (ms),PSTH SSE,2,3,2.605003595352173,1801.0,1801.0,0.39879611134529114,0.004436282906681299,4.764940773799537,142.0,0.5688058733940125,True
456,19,grid,5,Strf_alpha,STRF alpha (ms),PSTH SSE,7,3,2.605003595352173,3652.0,3652.0,0.9550982713699341,0.030176661908626556,3.422703936109526,102.0,0.7235334515571594,True
456,20,grid,6,Strf_alpha,STRF alpha (ms),PSTH SSE,1,6,5.0,9499.0,9499.0,0.01645839959383011,-11.589600563049316,8.724539444985068,260.0,1.2000879049301147,True
456,20,grid,6,Strf_alpha,STRF alpha (ms),PSTH SSE,2,3,5.0,1699.0,1699.0,0.33173757791519165,-0.1696336567401886,5.637394718298044,168.0,0.6243422627449036,True
456,20,grid,6,Strf_alpha,STRF alpha (ms),PSTH SSE,7,3,5.0,3632.0,3632.0,0.8868368864059448,-0.48761528730392456,4.093822354954532,122.0,0.7591045498847961,True
456,21,grid,7,Strf_alpha,STRF alpha (ms),PSTH SSE,1,6,9.596915245056152,8719.0,8719.0,0.08354079723358154,-107.90052032470703,16.173953894164626,482.0,1.6174124479293823,True
456,21,grid,7,Strf_alpha,STRF alpha (ms),PSTH SSE,2,3,9.596915245056152,1579.0,1579.0,0.2636156380176544,-2.802123546600342,7.85208550048656,234.0,0.6868737936019897,True
456,21,grid,7,Strf_alpha,STRF alpha (ms),PSTH SSE,7,3,9.596915245056152,3251.0,3251.0,0.5988038182258606,1.0838443040847778,7.214523002583806,215.0,0.9270005822181702,True
456,22,grid,8,Strf_alpha,STRF alpha (ms),PSTH SSE,1,6,18.42015838623047,8264.0,8264.0,0.1709672212600708,-22.49169921875,28.086305828663466,837.0,1.741860032081604,True
456,22,grid,8,Strf_alpha,STRF alpha (ms),PSTH SSE,2,3,18.42015838623047,1435.0,1435.0,0.16909568011760712,-4.43591833114624,12.080131539210093,360.0,0.789096474647522,True
456,22,grid,8,Strf_alpha,STRF alpha (ms),PSTH SSE,7,3,18.42015838623047,2783.0,2783.0,0.3665909767150879,15.864884376525879,15.402167712492869,459.0,1.0953571796417236,True
456,23,grid,9,Strf_alpha,STRF alpha (ms),PSTH SSE,1,6,35.35533905029297,4375.0,4375.0,0.2847305238246918,832.41748046875,45.56894063957585,1358.0,0.7947767376899719,True
456,23,grid,9,Strf_alpha,STRF alpha (ms),PSTH SSE,2,3,35.35533905029297,1420.0,1420.0,0.3919840455055237,105.11109161376953,18.019529545988387,537.0,0.5742226243019104,True
456,23,grid,9,Strf_alpha,STRF alpha (ms),PSTH SSE,7,3,35.35533905029297,4046.0,4046.0,0.6570889353752136,329.4130554199219,32.07946042079125,956.0,0.8902145028114319,True
456,24,grid,10,Strf_alpha,STRF alpha (ms),PSTH SSE,1,6,67.86044311523438,4653.0,4653.0,0.31149500608444214,-80.8837661743164,44.49515116942384,1326.0,0.7702608108520508,True
456,24,grid,10,Strf_alpha,STRF alpha (ms),PSTH SSE,2,3,67.86044311523438,1332.0,1332.0,0.3916790783405304,-15.529180526733398,18.28797691352639,545.0,0.5744662284851074,True
456,24,grid,10,Strf_alpha,STRF alpha (ms),PSTH SSE,7,3,67.86044311523438,4134.0,4134.0,0.7529228329658508,-99.03363037109375,32.95191436528975,982.0,0.8331134915351868,True
456,25,grid,11,Strf_alpha,STRF alpha (ms),PSTH SSE,1,6,130.25018310546875,5089.0,5089.0,0.17637713253498077,-113.09239959716797,44.159591960001336,1316.0,0.9084054231643677,True
456,25,grid,11,Strf_alpha,STRF alpha (ms),PSTH SSE,2,3,130.25018310546875,1437.0,1437.0,0.336151659488678,-5.409265995025635,16.77796047112513,500.0,0.6205230355262756,True
456,25,grid,11,Strf_alpha,STRF alpha (ms),PSTH SSE,7,3,130.25018310546875,4428.0,4428.0,0.5594759583473206,-32.374454498291016,29.059427535988725,866.0,0.9528434872627258,True
456,26,grid,12,Strf_alpha,STRF alpha (ms),PSTH SSE,1,6,250.0,5984.0,5984.0,0.02477663941681385,-6.059442520141602,36.54239790611053,1089.0,1.170972228050232,True
456,26,grid,12,Strf_alpha,STRF alpha (ms),PSTH SSE,2,3,250.0,1358.0,1358.0,0.31150972843170166,-0.2486659586429596,12.180799302036844,363.0,0.6421783566474915,True
456,26,grid,12,Strf_alpha,STRF alpha (ms),PSTH SSE,7,3,250.0,3710.0,3710.0,0.5466374158859253,-1.7012300491333008,16.71084862924063,498.0,0.9614754319190979,True
456,27,checkpoint_baseline,-1,Strf_alpha,STRF alpha (ms),PSTH SSE,1,6,25.937660217285156,4660.0,4660.0,0.0833723247051239,154.4402313232422,44.595818932250594,1329.0,1.0396355390548706,True
456,27,checkpoint_baseline,-1,Strf_alpha,STRF alpha (ms),PSTH SSE,2,3,29.200740814208984,1426.0,1426.0,0.3583820164203644,34.272727966308594,17.482634810912383,521.0,0.6016587615013123,True
456,27,checkpoint_baseline,-1,Strf_alpha,STRF alpha (ms),PSTH SSE,7,3,18.431663513183594,2790.0,2790.0,0.3655545115470886,15.902717590332031,15.435723633435119,460.0,1.096213698387146,True
456,28,grid,0,output_ad,Output adaptation,PSTH SSE,1,6,0.0,989072.0,989072.0,0.04295587167143822,-56136536.0,597.5638401395926,17808.0,1.5356361865997314,True
456,28,grid,0,output_ad,Output adaptation,PSTH SSE,2,3,0.0,19602.0,19602.0,0.23269882798194885,-2683588.0,96.3390490252005,2871.0,0.7179202437400818,True
456,28,grid,0,output_ad,Output adaptation,PSTH SSE,7,3,0.0,20470.0,20470.0,0.06578656286001205,-1812079.25,78.3866313210966,2336.0,1.4443358182907104,True
456,29,grid,1,output_ad,Output adaptation,PSTH SSE,1,6,0.0002500000118743628,249708.0,249708.0,0.08830883353948593,-18126130.0,317.33834435086067,9457.0,1.6255462169647217,True
456,29,grid,1,output_ad,Output adaptation,PSTH SSE,2,3,0.0002500000118743628,9132.0,9132.0,0.27738258242607117,-1568590.5,69.22586490386229,2063.0,0.6736376881599426,True
456,29,grid,1,output_ad,Output adaptation,PSTH SSE,7,3,0.0002500000118743628,10219.0,10219.0,0.008794092573225498,-741904.375,53.72302942854266,1601.0,1.6070479154586792,True
456,30,grid,2,output_ad,Output adaptation,PSTH SSE,1,6,0.0005000000237487257,112174.0,112174.0,0.06033100560307503,-8998519.0,224.32133149894298,6685.0,1.5740019083023071,True
456,30,grid,2,output_ad,Output adaptation,PSTH SSE,2,3,0.0005000000237487257,5125.0,5125.0,0.3005310297012329,-926161.3125,53.65591758665816,1599.0,0.6521018147468567,True
456,30,grid,2,output_ad,Output adaptation,PSTH SSE,7,3,0.0005000000237487257,6699.0,6699.0,0.017636816948652267,-469437.96875,43.18647025267608,1287.0,1.5680210590362549,True
456,31,grid,3,output_ad,Output adaptation,PSTH SSE,1,6,0.0010000000474974513,39640.0,39640.0,0.014647533185780048,-3580403.5,147.2098251736519,4387.0,1.4494051933288574,True
456,31,grid,3,output_ad,Output adaptation,PSTH SSE,2,3,0.0010000000474974513,2541.0,2541.0,0.3320449888706207,-383010.375,37.649743297204786,1122.0,0.6240754723548889,True
456,31,grid,3,output_ad,Output adaptation,PSTH SSE,7,3,0.0010000000474974513,4399.0,4399.0,0.04297909885644913,-237502.21875,32.582799234925,971.0,1.4935107231140137,True
456,32,grid,4,output_ad,Output adaptation,PSTH SSE,1,6,0.0020000000949949026,11742.0,11742.0,0.00018169292889069766,-1097102.375,91.77544377705445,2735.0,1.3148988485336304,True
456,32,grid,4,output_ad,Output adaptation,PSTH SSE,2,3,0.0020000000949949026,1483.0,1483.0,0.3460296392440796,-92101.28125,24.965605181034192,744.0,0.6120660901069641,True
456,32,grid,4,output_ad,Output adaptation,PSTH SSE,7,3,0.0020000000949949026,2998.0,2998.0,0.14182749390602112,-72985.546875,23.15358545015268,690.0,1.324224829673767,True
456,33,grid,5,output_ad,Output adaptation,PSTH SSE,1,6,0.0035000001080334187,5490.0,5490.0,0.0262745413929224,-264602.03125,60.870440589241966,1814.0,1.1662839651107788,True
456,33,grid,5,output_ad,Output adaptation,PSTH SSE,2,3,0.0035000001080334187,1384.0,1384.0,0.36406680941581726,-25836.95703125,18.019529545988387,537.0,0.5969294309616089,True
456,33,grid,5,output_ad,Output adaptation,PSTH SSE,7,3,0.0035000001080334187,2781.0,2781.0,0.2803419828414917,-28272.322265625,17.415522969027883,519.0,1.171351432800293,True
456,34,grid,6,output_ad,Output adaptation,PSTH SSE,1,6,0.004999999888241291,4735.0,4735.0,0.07528600096702576,-27790.375,46.57561826784336,1388.0,1.0539952516555786,True
456,34,grid,6,output_ad,Output adaptation,PSTH SSE,2,3,0.004999999888241291,1448.0,1448.0,0.40124890208244324,-3082.856201171875,14.932384819301365,445.0,0.5668668150901794,True
456,34,grid,6,output_ad,Output adaptation,PSTH SSE,7,3,0.004999999888241291,2706.0,2706.0,0.42394694685935974,-2568.468994140625,14.160598637629608,422.0,1.0497126579284668,True
456,35,grid,7,output_ad,Output adaptation,PSTH SSE,1,6,0.007499999832361937,4946.0,4946.0,0.17978046834468842,109212.75,33.99214791449951,1013.0,0.9043729305267334,True
456,35,grid,7,output_ad,Output adaptation,PSTH SSE,2,3,0.007499999832361937,1464.0,1464.0,0.45400145649909973,15410.873046875,11.912351934498842,355.0,0.526512622833252,True
456,35,grid,7,output_ad,Output adaptation,PSTH SSE,7,3,0.007499999832361937,2810.0,2810.0,0.6130808591842651,13986.1572265625,11.073453910942584,330.0,0.9178299307823181,True
456,36,grid,8,output_ad,Output adaptation,PSTH SSE,1,6,0.009999999776482582,5705.0,5705.0,0.2832777500152588,137357.84375,27.24740780510721,812.0,0.7961397767066956,True
456,36,grid,8,output_ad,Output adaptation,PSTH SSE,2,3,0.009999999776482582,1520.0,1520.0,0.5455442667007446,31089.24609375,9.966108519848326,297.0,0.4616992771625519,True
456,36,grid,8,output_ad,Output adaptation,PSTH SSE,7,3,0.009999999776482582,2899.0,2899.0,0.8111948370933533,16874.8359375,9.227878259118821,275.0,0.8001611828804016,True
456,37,grid,9,output_ad,Output adaptation,PSTH SSE,1,6,0.014999999664723873,6645.0,6645.0,0.4900747537612915,150766.515625,20.066440723465654,598.0,0.6283248066902161,True
456,37,grid,9,output_ad,Output adaptation,PSTH SSE,2,3,0.014999999664723873,1698.0,1698.0,0.7136552929878235,13571.1865234375,8.086976947082313,241.0,0.35552769899368286,True
456,37,grid,9,output_ad,Output adaptation,PSTH SSE,7,3,0.014999999664723873,3035.0,3035.0,1.1753007173538208,26383.880859375,7.281634844468306,217.0,0.6167119145393372,True
456,38,grid,10,output_ad,Output adaptation,PSTH SSE,1,6,0.02500000037252903,7895.0,7895.0,0.7460300326347351,115611.8359375,13.892151270091606,414.0,0.46464791893959045,True
456,38,grid,10,output_ad,Output adaptation,PSTH SSE,2,3,0.02500000037252903,1801.0,1801.0,0.8768585920333862,9271.947265625,6.1742894533740476,184.0,0.26390165090560913,True
456,38,grid,10,output_ad,Output adaptation,PSTH SSE,7,3,0.02500000037252903,3160.0,3160.0,1.4373637437820435,20256.140625,5.704506560182544,170.0,0.501923680305481,True
456,39,checkpoint_baseline,-1,output_ad,Output adaptation,PSTH SSE,1,6,0.005254278425127268,4660.0,4660.0,0.0833723247051239,1919.710693359375,44.595818932250594,1329.0,1.0396355390548706,True
456,39,checkpoint_baseline,-1,output_ad,Output adaptation,PSTH SSE,2,3,0.0037855682894587517,1426.0,1426.0,0.3583820164203644,-14167.2265625,17.482634810912383,521.0,0.6016587615013123,True
456,39,checkpoint_baseline,-1,output_ad,Output adaptation,PSTH SSE,7,3,0.004300237167626619,2790.0,2790.0,0.3655545115470886,-4144.2451171875,15.435723633435119,460.0,1.096213698387146,True
456,40,grid,0,on_ron_gSYN,on -> ron gSYN,PSTH SSE,1,6,0.0010000000474974513,10142.0,10142.0,0.12765391170978546,-400007.3125,6.140733532431797,183.0,0.9710913300514221,True
456,40,grid,0,on_ron_gSYN,on -> ron gSYN,PSTH SSE,2,3,0.0010000000474974513,1608.0,1608.0,0.1777096539735794,-83474.2734375,8.623871682158317,257.0,0.7787526845932007,True
456,40,grid,0,on_ron_gSYN,on -> ron gSYN,PSTH SSE,7,3,0.0010000000474974513,3836.0,3836.0,0.7275022268295288,-64140.6953125,6.711184188450051,200.0,0.8478873372077942,True
456,41,grid,1,on_ron_gSYN,on -> ron gSYN,PSTH SSE,1,6,0.0015182418283075094,9941.0,9941.0,0.11272180825471878,-535529.25,6.845407872219052,204.0,0.9926375150680542,True
456,41,grid,1,on_ron_gSYN,on -> ron gSYN,PSTH SSE,2,3,0.0015182418283075094,1557.0,1557.0,0.19408753514289856,-68206.8125,9.19432233817657,274.0,0.7597552537918091,True
456,41,grid,1,on_ron_gSYN,on -> ron gSYN,PSTH SSE,7,3,0.0015182418283075094,3769.0,3769.0,0.7245821952819824,-88119.9765625,6.811851951276802,203.0,0.8496007919311523,True
456,42,grid,2,on_ron_gSYN,on -> ron gSYN,PSTH SSE,1,6,0.0023050580639392138,9526.0,9526.0,0.17900316417217255,-1096120.75,8.355424314620315,249.0,0.9052905440330505,True
456,42,grid,2,on_ron_gSYN,on -> ron gSYN,PSTH SSE,2,3,0.0023050580639392138,1506.0,1506.0,0.25080040097236633,-168362.546875,10.57011509680883,315.0,0.6995091438293457,True
456,42,grid,2,on_ron_gSYN,on -> ron gSYN,PSTH SSE,7,3,0.0023050580639392138,3699.0,3699.0,0.8352513909339905,-102856.6171875,7.080299318814804,211.0,0.7869038581848145,True
456,43,grid,3,on_ron_gSYN,on -> ron gSYN,PSTH SSE,1,6,0.0034996354952454567,8897.0,8897.0,0.2843474745750427,-1527526.25,10.603671017751081,316.0,0.7951357960700989,True
456,43,grid,3,on_ron_gSYN,on -> ron gSYN,PSTH SSE,2,3,0.0034996354952454567,1441.0,1441.0,0.3259764611721039,-115574.8125,13.422368376900103,400.0,0.6293654441833496,True
456,43,grid,3,on_ron_gSYN,on -> ron gSYN,PSTH SSE,7,3,0.0034996354952454567,3571.0,3571.0,0.8777719140052795,-71354.2890625,7.550082212006308,225.0,0.7639299035072327,True
456,44,grid,4,on_ron_gSYN,on -> ron gSYN,PSTH SSE,1,6,0.0053132930770516396,7921.0,7921.0,0.3532423973083496,-1654885.125,14.496157847052112,432.0,0.7340362071990967,True
456,44,grid,4,on_ron_gSYN,on -> ron gSYN,PSTH SSE,2,3,0.0053132930770516396,1409.0,1409.0,0.3625944256782532,124573.4765625,18.32153283446864,546.0,0.5981507897377014,True
456,44,grid,4,on_ron_gSYN,on -> ron gSYN,PSTH SSE,7,3,0.0053132930770516396,3374.0,3374.0,0.8506772518157959,-161737.140625,8.590315761216067,256.0,0.7785030603408813,True
456,45,grid,5,on_ron_gSYN,on -> ron gSYN,PSTH SSE,1,6,0.00806686282157898,6570.0,6570.0,0.3322145342826843,-1775294.625,21.173786114559913,631.0,0.7519976496696472,True
456,45,grid,5,on_ron_gSYN,on -> ron gSYN,PSTH SSE,2,3,0.00806686282157898,1631.0,1631.0,0.33838310837745667,875507.9375,26.844736753800206,800.0,0.6186018586158752,True
456,45,grid,5,on_ron_gSYN,on -> ron gSYN,PSTH SSE,7,3,0.00806686282157898,3046.0,3046.0,0.6973701119422913,-162195.9375,10.939230227173583,326.0,0.8657378554344177,True
456,46,grid,6,on_ron_gSYN,on -> ron gSYN,PSTH SSE,1,6,0.012247448787093163,4863.0,4863.0,0.19811247289180756,-1357141.25,32.48213147209825,968.0,0.8832799196243286,True
456,46,grid,6,on_ron_gSYN,on -> ron gSYN,PSTH SSE,2,3,0.012247448787093163,2818.0,2818.0,0.28986358642578125,2179644.0,39.96510184222006,1191.0,0.661919116973877,True
456,46,grid,6,on_ron_gSYN,on -> ron gSYN,PSTH SSE,7,3,0.012247448787093163,2789.0,2789.0,0.3054741621017456,59529.1953125,16.207509815106874,483.0,1.148127555847168,True
456,47,grid,7,on_ron_gSYN,on -> ron gSYN,PSTH SSE,1,6,0.018594589084386826,4913.0,4913.0,0.04962794855237007,800875.6875,51.2063353578739,1526.0,1.105604887008667,True
456,47,grid,7,on_ron_gSYN,on -> ron gSYN,PSTH SSE,2,3,0.018594589084386826,6255.0,6255.0,0.2256244570016861,4184645.5,58.32019059763095,1738.0,0.7253094911575317,True
456,47,grid,7,on_ron_gSYN,on -> ron gSYN,PSTH SSE,7,3,0.018594589084386826,3843.0,3843.0,0.0028004490304738283,867040.5,25.536055837052448,761.0,1.6479054689407349,True
456,48,grid,8,on_ron_gSYN,on -> ron gSYN,PSTH SSE,1,6,0.028231080621480942,10236.0,10236.0,0.00321910809725523,5277158.0,80.43354249857387,2397.0,1.385115385055542,True
456,48,grid,8,on_ron_gSYN,on -> ron gSYN,PSTH SSE,2,3,0.028231080621480942,13965.0,13965.0,0.15469211339950562,6671739.5,82.07778262474413,2446.0,0.8069997429847717,True
456,48,grid,8,on_ron_gSYN,on -> ron gSYN,PSTH SSE,7,3,0.028231080621480942,9402.0,9402.0,0.23015174269676208,2757574.75,41.47511828462132,1236.0,2.1805660724639893,True
456,49,grid,9,on_ron_gSYN,on -> ron gSYN,PSTH SSE,1,6,0.04286160692572594,31309.0,31309.0,0.1253071129322052,13859767.0,125.90181537532297,3752.0,1.6823656558990479,True
456,49,grid,9,on_ron_gSYN,on -> ron gSYN,PSTH SSE,2,3,0.04286160692572594,27684.0,27684.0,0.11091504245996475,8738854.0,110.7680950303681,3301.0,0.8672698140144348,True
456,49,grid,9,on_ron_gSYN,on -> ron gSYN,PSTH SSE,7,3,0.04286160692572594,28063.0,28063.0,1.4536685943603516,6168936.0,67.34673333109627,2007.0,2.9065065383911133,True
456,50,grid,10,on_ron_gSYN,on -> ron gSYN,PSTH SSE,1,6,0.06507427990436554,94293.0,94293.0,0.534244179725647,29296874.0,194.8927888325895,5808.0,2.059298276901245,True
456,50,grid,10,on_ron_gSYN,on -> ron gSYN,PSTH SSE,2,3,0.06507427990436554,49539.0,49539.0,0.0760505422949791,12521472.0,143.51867387000436,4277.0,0.9245362877845764,True
456,50,grid,10,on_ron_gSYN,on -> ron gSYN,PSTH SSE,7,3,0.06507427990436554,78139.0,78139.0,3.7659456729888916,12477008.0,106.80849635918257,3183.0,3.6414291858673096,True
456,51,grid,11,on_ron_gSYN,on -> ron gSYN,PSTH SSE,1,6,0.0987984910607338,268035.0,268035.0,1.4675414562225342,55880056.0,301.46639374517633,8984.0,2.539799451828003,True
456,51,grid,11,on_ron_gSYN,on -> ron gSYN,PSTH SSE,2,3,0.0987984910607338,76400.0,76400.0,0.05101761221885681,33675868.0,174.42367705781683,5198.0,0.9744381308555603,True
456,51,grid,11,on_ron_gSYN,on -> ron gSYN,PSTH SSE,7,3,0.0987984910607338,205982.0,205982.0,8.299223899841309,22250148.0,167.9809402369048,5006.0,4.581662178039551,True
456,52,grid,12,on_ron_gSYN,on -> ron gSYN,PSTH SSE,1,6,0.15000000596046448,698609.0,698609.0,3.350482940673828,97881200.0,464.21261031509005,13834.0,3.158810615539551,True
456,52,grid,12,on_ron_gSYN,on -> ron gSYN,PSTH SSE,2,3,0.15000000596046448,105355.0,105355.0,0.03567356988787651,69823848.0,202.07375591423104,6022.0,1.0114344358444214,True
456,52,grid,12,on_ron_gSYN,on -> ron gSYN,PSTH SSE,7,3,0.15000000596046448,507287.0,507287.0,16.78369140625,35429840.0,259.62216033019024,7737.0,5.797615051269531,True
456,53,checkpoint_baseline,-1,on_ron_gSYN,on -> ron gSYN,PSTH SSE,1,6,0.016436368227005005,4660.0,4660.0,0.0833723247051239,21.57421875,44.595818932250594,1329.0,1.0396355390548706,True
456,53,checkpoint_baseline,-1,on_ron_gSYN,on -> ron gSYN,PSTH SSE,2,3,0.004957615397870541,1426.0,1426.0,0.3583820164203644,55810.78125,17.482634810912383,521.0,0.6016587615013123,True
456,53,checkpoint_baseline,-1,on_ron_gSYN,on -> ron gSYN,PSTH SSE,7,3,0.011607290245592594,2790.0,2790.0,0.3655545115470886,-44176.73046875,15.435723633435119,460.0,1.096213698387146,True
456,54,grid,0,off_ron_gSYN,off -> ron gSYN,PSTH SSE,1,6,0.0010000000474974513,4660.0,4660.0,0.0833723247051239,-8598.8671875,44.595818932250594,1329.0,1.0396355390548706,True
456,54,grid,0,off_ron_gSYN,off -> ron gSYN,PSTH SSE,2,3,0.0010000000474974513,1369.0,1369.0,0.3997814655303955,-9387.251953125,16.64373678735613,496.0,0.5680261850357056,True
456,54,grid,0,off_ron_gSYN,off -> ron gSYN,PSTH SSE,7,3,0.0010000000474974513,2715.0,2715.0,0.2697289288043976,-16193.8505859375,12.046575618267843,359.0,1.1814703941345215,True
456,55,grid,1,off_ron_gSYN,off -> ron gSYN,PSTH SSE,1,6,0.0015182418283075094,4718.0,4718.0,0.08786381036043167,150319.6875,45.5353847186336,1357.0,1.031959891319275,True
456,55,grid,1,off_ron_gSYN,off -> ron gSYN,PSTH SSE,2,3,0.0015182418283075094,1480.0,1480.0,0.3612246513366699,221667.59375,17.751082178450385,529.0,0.5992892384529114,True
456,55,grid,1,off_ron_gSYN,off -> ron gSYN,PSTH SSE,7,3,0.0015182418283075094,2702.0,2702.0,0.28173723816871643,-37923.89453125,12.415690748632596,370.0,1.170035481452942,True
456,56,grid,2,off_ron_gSYN,off -> ron gSYN,PSTH SSE,1,6,0.0023050580639392138,4841.0,4841.0,0.0701020359992981,335841.90625,47.04540116103486,1402.0,1.063610315322876,True
456,56,grid,2,off_ron_gSYN,off -> ron gSYN,PSTH SSE,2,3,0.0023050580639392138,1451.0,1451.0,0.35683608055114746,175943.921875,19.059763095198146,568.0,0.6029513478279114,True
456,56,grid,2,off_ron_gSYN,off -> ron gSYN,PSTH SSE,7,3,0.0023050580639392138,2718.0,2718.0,0.27345094084739685,3035.5556640625,13.489480218784603,402.0,1.1778993606567383,True
456,57,grid,3,off_ron_gSYN,off -> ron gSYN,PSTH SSE,1,6,0.0034996354952454567,5128.0,5128.0,0.06461890041828156,887382.75,49.15942418039663,1465.0,1.0741757154464722,True
456,57,grid,3,off_ron_gSYN,off -> ron gSYN,PSTH SSE,2,3,0.0034996354952454567,1602.0,1602.0,0.3142383396625519,440257.75,21.643569007751417,645.0,0.6397392749786377,True
456,57,grid,3,off_ron_gSYN,off -> ron gSYN,PSTH SSE,7,3,0.0034996354952454567,2790.0,2790.0,0.36554527282714844,51503.42578125,15.435723633435119,460.0,1.0962213277816772,True
456,58,grid,4,off_ron_gSYN,off -> ron gSYN,PSTH SSE,1,6,0.0053132930770516396,6225.0,6225.0,0.043190911412239075,1740379.5,52.54857219556391,1566.0,1.120553970336914,True
456,58,grid,4,off_ron_gSYN,off -> ron gSYN,PSTH SSE,2,3,0.0053132930770516396,1806.0,1806.0,0.24043166637420654,825365.5,25.636723599879197,764.0,0.7099705934524536,True
456,58,grid,4,off_ron_gSYN,off -> ron gSYN,PSTH SSE,7,3,0.0053132930770516396,2906.0,2906.0,0.49728065729141235,167376.578125,18.589980202006643,554.0,0.9956434369087219,True
456,59,grid,5,off_ron_gSYN,off -> ron gSYN,PSTH SSE,1,6,0.00806686282157898,8471.0,8471.0,0.021211015060544014,3407580.25,58.051743230092946,1730.0,1.182738184928894,True
456,59,grid,5,off_ron_gSYN,off -> ron gSYN,PSTH SSE,2,3,0.00806686282157898,2453.0,2453.0,0.16623128950595856,1405824.125,32.28079594644475,962.0,0.7925941944122314,True
456,59,grid,5,off_ron_gSYN,off -> ron gSYN,PSTH SSE,7,3,0.00806686282157898,3680.0,3680.0,0.5650078654289246,796121.0,24.69715781349619,736.0,0.9491546750068665,True
456,60,grid,6,off_ron_gSYN,off -> ron gSYN,PSTH SSE,1,6,0.012247448787093163,14331.0,14331.0,0.003071803832426667,6511701.5,67.51451293580752,2012.0,1.2729543447494507,True
456,60,grid,6,off_ron_gSYN,off -> ron gSYN,PSTH SSE,2,3,0.012247448787093163,3964.0,3964.0,0.08612402528524399,2206855.5,41.13955907519882,1226.0,0.9068399667739868,True
456,60,grid,6,off_ron_gSYN,off -> ron gSYN,PSTH SSE,7,3,0.012247448787093163,5950.0,5950.0,0.4275752604007721,2226182.5,35.703499882554276,1064.0,1.046932339668274,True
456,61,grid,7,off_ron_gSYN,off -> ron gSYN,PSTH SSE,1,6,0.018594589084386826,28288.0,28288.0,0.00552150746807456,11802551.0,83.38646354149189,2485.0,1.4026850461959839,True
456,61,grid,7,off_ron_gSYN,off -> ron gSYN,PSTH SSE,2,3,0.018594589084386826,6983.0,6983.0,0.014346778392791748,3246023.0,53.756585349484915,1602.0,1.0805308818817139,True
456,61,grid,7,off_ron_gSYN,off -> ron gSYN,PSTH SSE,7,3,0.018594589084386826,12578.0,12578.0,0.153451606631279,5158471.5,54.39414784738767,1621.0,1.3090957403182983,True
456,62,grid,8,off_ron_gSYN,off -> ron gSYN,PSTH SSE,1,6,0.028231080621480942,62082.0,62082.0,0.091582290828228,20814330.0,110.4996476628301,3293.0,1.6310038566589355,True
456,62,grid,8,off_ron_gSYN,off -> ron gSYN,PSTH SSE,2,3,0.028231080621480942,12535.0,12535.0,0.0005209535593166947,5101613.0,70.06476292741854,2088.0,1.2231333255767822,True
456,62,grid,8,off_ron_gSYN,off -> ron gSYN,PSTH SSE,7,3,0.028231080621480942,31393.0,31393.0,0.0014854974579066038,10714176.0,85.46693063991141,2547.0,1.6622825860977173,True
456,63,grid,9,off_ron_gSYN,off -> ron gSYN,PSTH SSE,1,6,0.04286160692572594,139783.0,139783.0,0.4237041771411896,35897644.0,153.9545652830442,4588.0,1.9793038368225098,True
456,63,grid,9,off_ron_gSYN,off -> ron gSYN,PSTH SSE,2,3,0.04286160692572594,21221.0,21221.0,0.014428109861910343,7214174.0,89.3929733901547,2664.0,1.3204259872436523,True
456,63,grid,9,off_ron_gSYN,off -> ron gSYN,PSTH SSE,7,3,0.04286160692572594,79973.0,79973.0,0.11811571568250656,20071820.0,135.1296936344418,4027.0,2.044504404067993,True
456,64,grid,10,off_ron_gSYN,off -> ron gSYN,PSTH SSE,1,6,0.06507427990436554,336421.0,336421.0,1.1204556226730347,61599732.0,223.31465387067547,6655.0,2.3868939876556396,True
456,64,grid,10,off_ron_gSYN,off -> ron gSYN,PSTH SSE,2,3,0.06507427990436554,34266.0,34266.0,0.037567440420389175,11844707.0,111.3721016073286,3319.0,1.394132137298584,True
456,64,grid,10,off_ron_gSYN,off -> ron gSYN,PSTH SSE,7,3,0.06507427990436554,199766.0,199766.0,0.6550964713096619,36308700.0,210.99963088486962,6288.0,2.510205030441284,True
456,65,grid,11,off_ron_gSYN,off -> ron gSYN,PSTH SSE,1,6,0.0987984910607338,712103.0,712103.0,2.322044610977173,73840288.0,328.98224891782155,9804.0,2.852203845977783,True
456,65,grid,11,off_ron_gSYN,off -> ron gSYN,PSTH SSE,2,3,0.0987984910607338,49504.0,49504.0,0.07151290774345398,23911106.0,131.90832522398577,3931.0,1.4677278995513916,True
456,65,grid,11,off_ron_gSYN,off -> ron gSYN,PSTH SSE,7,3,0.0987984910607338,491845.0,491845.0,1.9095680713653564,62063840.0,328.6131337874568,9793.0,3.082695960998535,True
456,66,grid,12,off_ron_gSYN,off -> ron gSYN,PSTH SSE,1,6,0.15000000596046448,1283585.0,1283585.0,4.6152825355529785,98581704.0,491.59424180396627,14650.0,3.476699113845825,True
456,66,grid,12,off_ron_gSYN,off -> ron gSYN,PSTH SSE,2,3,0.15000000596046448,64615.0,64615.0,0.11284639686346054,35690616.0,149.39096003489814,4452.0,1.5362350940704346,True
456,66,grid,12,off_ron_gSYN,off -> ron gSYN,PSTH SSE,7,3,0.15000000596046448,1135563.0,1135563.0,4.0242743492126465,94372504.0,506.76151806986337,15102.0,3.7068841457366943,True
456,67,checkpoint_baseline,-1,off_ron_gSYN,off -> ron gSYN,PSTH SSE,1,6,0.0010000000474974513,4660.0,4660.0,0.0833723247051239,-8598.8671875,44.595818932250594,1329.0,1.0396355390548706,True
456,67,checkpoint_baseline,-1,off_ron_gSYN,off -> ron gSYN,PSTH SSE,2,3,0.0013098177732899785,1426.0,1426.0,0.3583820164203644,226315.859375,17.482634810912383,521.0,0.6016587615013123,True
456,67,checkpoint_baseline,-1,off_ron_gSYN,off -> ron gSYN,PSTH SSE,7,3,0.0034952524583786726,2790.0,2790.0,0.3655545115470886,50100.484375,15.435723633435119,460.0,1.096213698387146,True
456,68,grid,0,on_sonoff_gSYN,on -> sonoff gSYN,PSTH SSE,1,6,0.0010000000474974513,4773.0,4773.0,0.0814167782664299,-2846.327392578125,44.62937485319284,1330.0,1.0430419445037842,True
456,68,grid,0,on_sonoff_gSYN,on -> sonoff gSYN,PSTH SSE,2,3,0.0010000000474974513,1426.0,1426.0,0.3583820164203644,-331.1702880859375,17.482634810912383,521.0,0.6016587615013123,True
456,68,grid,0,on_sonoff_gSYN,on -> sonoff gSYN,PSTH SSE,7,3,0.0010000000474974513,2985.0,2985.0,0.18784281611442566,-1597.5438232421875,18.48931243917989,551.0,1.2674163579940796,True
456,69,grid,1,on_sonoff_gSYN,on -> sonoff gSYN,PSTH SSE,1,6,0.0015182418283075094,4773.0,4773.0,0.0814167782664299,-6558.2890625,44.62937485319284,1330.0,1.0430419445037842,True
456,69,grid,1,on_sonoff_gSYN,on -> sonoff gSYN,PSTH SSE,2,3,0.0015182418283075094,1426.0,1426.0,0.3583820164203644,-1106.556884765625,17.482634810912383,521.0,0.6016587615013123,True
456,69,grid,1,on_sonoff_gSYN,on -> sonoff gSYN,PSTH SSE,7,3,0.0015182418283075094,2985.0,2985.0,0.18784281611442566,-2819.251220703125,18.48931243917989,551.0,1.2674163579940796,True
456,70,grid,2,on_sonoff_gSYN,on -> sonoff gSYN,PSTH SSE,1,6,0.0023050580639392138,4773.0,4773.0,0.0814167782664299,-20354.525390625,44.62937485319284,1330.0,1.0430419445037842,True
456,70,grid,2,on_sonoff_gSYN,on -> sonoff gSYN,PSTH SSE,2,3,0.0023050580639392138,1426.0,1426.0,0.3583820164203644,-5788.76904296875,17.482634810912383,521.0,0.6016587615013123,True
456,70,grid,2,on_sonoff_gSYN,on -> sonoff gSYN,PSTH SSE,7,3,0.0023050580639392138,2985.0,2985.0,0.18784281611442566,-7251.11279296875,18.48931243917989,551.0,1.2674163579940796,True
456,71,grid,3,on_sonoff_gSYN,on -> sonoff gSYN,PSTH SSE,1,6,0.0034996354952454567,4763.0,4763.0,0.0820949450135231,-26200.890625,44.62937485319284,1330.0,1.041856050491333,True
456,71,grid,3,on_sonoff_gSYN,on -> sonoff gSYN,PSTH SSE,2,3,0.0034996354952454567,1437.0,1437.0,0.3646658658981323,-9670.8916015625,17.449078889970135,520.0,0.5964332222938538,True
456,71,grid,3,on_sonoff_gSYN,on -> sonoff gSYN,PSTH SSE,7,3,0.0034996354952454567,2985.0,2985.0,0.18784281611442566,-20879.275390625,18.48931243917989,551.0,1.2674163579940796,True
456,72,grid,4,on_sonoff_gSYN,on -> sonoff gSYN,PSTH SSE,1,6,0.0053132930770516396,4660.0,4660.0,0.0833723247051239,14551.138671875,44.595818932250594,1329.0,1.0396355390548706,True
456,72,grid,4,on_sonoff_gSYN,on -> sonoff gSYN,PSTH SSE,2,3,0.0053132930770516396,1439.0,1439.0,0.3663230240345001,-1136.752197265625,17.381967048085635,518.0,0.5950626730918884,True
456,72,grid,4,on_sonoff_gSYN,on -> sonoff gSYN,PSTH SSE,7,3,0.0053132930770516396,2974.0,2974.0,0.189452663064003,-80119.03125,18.455756518237642,550.0,1.2655631303787231,True
456,73,grid,5,on_sonoff_gSYN,on -> sonoff gSYN,PSTH SSE,1,6,0.00806686282157898,4694.0,4694.0,0.08370281755924225,59693.80078125,44.39448340659709,1323.0,1.039063811302185,True
456,73,grid,5,on_sonoff_gSYN,on -> sonoff gSYN,PSTH SSE,2,3,0.00806686282157898,1443.0,1443.0,0.35637861490249634,32105.732421875,17.314855206201134,516.0,0.603334367275238,True
456,73,grid,5,on_sonoff_gSYN,on -> sonoff gSYN,PSTH SSE,7,3,0.00806686282157898,2832.0,2832.0,0.20796044170856476,-96961.0078125,17.91886178316164,534.0,1.244797945022583,True
456,74,grid,6,on_sonoff_gSYN,on -> sonoff gSYN,PSTH SSE,1,6,0.012247448787093163,4826.0,4826.0,0.10062215477228165,206887.015625,43.45491762021408,1295.0,1.0111682415008545,True
456,74,grid,6,on_sonoff_gSYN,on -> sonoff gSYN,PSTH SSE,2,3,0.012247448787093163,1476.0,1476.0,0.3595501184463501,94928.03125,16.87862823395188,503.0,0.6006839275360107,True
456,74,grid,6,on_sonoff_gSYN,on -> sonoff gSYN,PSTH SSE,7,3,0.012247448787093163,2707.0,2707.0,0.25229009985923767,-64178.58203125,17.482634810912383,521.0,1.1985398530960083,True
456,75,grid,7,on_sonoff_gSYN,on -> sonoff gSYN,PSTH SSE,1,6,0.018594589084386826,4740.0,4740.0,0.10951036214828491,656492.5625,40.770443944834064,1215.0,0.9974547028541565,True
456,75,grid,7,on_sonoff_gSYN,on -> sonoff gSYN,PSTH SSE,2,3,0.018594589084386826,1441.0,1441.0,0.3542303442955017,249450.4375,15.033052582128116,448.0,0.6051363945007324,True
456,75,grid,7,on_sonoff_gSYN,on -> sonoff gSYN,PSTH SSE,7,3,0.018594589084386826,2726.0,2726.0,0.32958972454071045,27774.921875,16.173953894164626,482.0,1.126725673675537,True
456,76,grid,8,on_sonoff_gSYN,on -> sonoff gSYN,PSTH SSE,1,6,0.028231080621480942,5227.0,5227.0,0.1208299770951271,1107367.125,37.98530250662729,1132.0,0.9807721376419067,True
456,76,grid,8,on_sonoff_gSYN,on -> sonoff gSYN,PSTH SSE,2,3,0.028231080621480942,1340.0,1340.0,0.3103608787059784,403492.03125,12.449246669574846,371.0,0.6432085037231445,True
456,76,grid,8,on_sonoff_gSYN,on -> sonoff gSYN,PSTH SSE,7,3,0.028231080621480942,2809.0,2809.0,0.37340033054351807,76155.3046875,15.402167712492869,459.0,1.0897598266601562,True
456,77,grid,9,on_sonoff_gSYN,on -> sonoff gSYN,PSTH SSE,1,6,0.04286160692572594,5097.0,5097.0,0.11679960042238235,1241187.125,36.30750645951478,1082.0,0.9866186380386353,True
456,77,grid,9,on_sonoff_gSYN,on -> sonoff gSYN,PSTH SSE,2,3,0.04286160692572594,1368.0,1368.0,0.3036484122276306,417024.875,11.71101640884534,349.0,0.6492658853530884,True
456,77,grid,9,on_sonoff_gSYN,on -> sonoff gSYN,PSTH SSE,7,3,0.04286160692572594,2631.0,2631.0,0.37246033549308777,96245.328125,14.865272977416865,443.0,1.090529441833496,True
456,78,grid,10,on_sonoff_gSYN,on -> sonoff gSYN,PSTH SSE,1,6,0.06507427990436554,5191.0,5191.0,0.12612825632095337,1292441.875,35.63638804066977,1062.0,0.9732328057289124,True
456,78,grid,10,on_sonoff_gSYN,on -> sonoff gSYN,PSTH SSE,2,3,0.06507427990436554,1407.0,1407.0,0.29426810145378113,426586.03125,11.476124962249589,342.0,0.657844066619873,True
456,78,grid,10,on_sonoff_gSYN,on -> sonoff gSYN,PSTH SSE,7,3,0.06507427990436554,2683.0,2683.0,0.3750344216823578,104130.4921875,14.731049293647864,439.0,1.0884242057800293,True
456,79,grid,11,on_sonoff_gSYN,on -> sonoff gSYN,PSTH SSE,1,6,0.0987984910607338,5102.0,5102.0,0.13467879593372345,1314789.25,35.267272910305024,1051.0,0.9613921046257019,True
456,79,grid,11,on_sonoff_gSYN,on -> sonoff gSYN,PSTH SSE,2,3,0.0987984910607338,1396.0,1396.0,0.2914319634437561,414577.875,11.442569041307339,341.0,0.6604645252227783,True
456,79,grid,11,on_sonoff_gSYN,on -> sonoff gSYN,PSTH SSE,7,3,0.0987984910607338,2661.0,2661.0,0.3671756982803345,129954.515625,14.395490084225361,429.0,1.0948745012283325,True
456,80,grid,12,on_sonoff_gSYN,on -> sonoff gSYN,PSTH SSE,1,6,0.15000000596046448,5014.0,5014.0,0.11976674944162369,1231980.125,35.20016106842052,1049.0,0.9823048710823059,True
456,80,grid,12,on_sonoff_gSYN,on -> sonoff gSYN,PSTH SSE,2,3,0.15000000596046448,1402.0,1402.0,0.29340511560440063,390385.71875,11.308345357538338,337.0,0.6586400866508484,True
456,80,grid,12,on_sonoff_gSYN,on -> sonoff gSYN,PSTH SSE,7,3,0.15000000596046448,2726.0,2726.0,0.38593366742134094,159416.90625,14.429046005167612,430.0,1.0795891284942627,True
456,81,checkpoint_baseline,-1,on_sonoff_gSYN,on -> sonoff gSYN,PSTH SSE,1,6,0.0052709621377289295,4660.0,4660.0,0.0833723247051239,13598.255859375,44.595818932250594,1329.0,1.0396355390548706,True
456,81,checkpoint_baseline,-1,on_sonoff_gSYN,on -> sonoff gSYN,PSTH SSE,2,3,0.00100049062166363,1426.0,1426.0,0.3583820164203644,-331.55902099609375,17.482634810912383,521.0,0.6016587615013123,True
456,81,checkpoint_baseline,-1,on_sonoff_gSYN,on -> sonoff gSYN,PSTH SSE,7,3,0.028810489922761917,2790.0,2790.0,0.3655545115470886,77473.8671875,15.435723633435119,460.0,1.096213698387146,True
456,82,grid,0,off_sonoff_gSYN,off -> sonoff gSYN,PSTH SSE,1,6,0.0010000000474974513,4660.0,4660.0,0.0833723247051239,167446.3125,44.595818932250594,1329.0,1.0396355390548706,True
456,82,grid,0,off_sonoff_gSYN,off -> sonoff gSYN,PSTH SSE,2,3,0.0010000000474974513,1426.0,1426.0,0.3583820164203644,3640.82373046875,17.482634810912383,521.0,0.6016587615013123,True
456,82,grid,0,off_sonoff_gSYN,off -> sonoff gSYN,PSTH SSE,7,3,0.0010000000474974513,2709.0,2709.0,0.35204532742500305,-13015.296875,15.60350323814637,465.0,1.1074906587600708,True
456,83,grid,1,off_sonoff_gSYN,off -> sonoff gSYN,PSTH SSE,1,6,0.0015182418283075094,4540.0,4540.0,0.08515428006649017,3049959.75,43.79047682963659,1305.0,1.036566138267517,True
456,83,grid,1,off_sonoff_gSYN,off -> sonoff gSYN,PSTH SSE,2,3,0.0015182418283075094,1450.0,1450.0,0.35933735966682434,700401.25,17.415522969027883,519.0,0.6008613705635071,True
456,83,grid,1,off_sonoff_gSYN,off -> sonoff gSYN,PSTH SSE,7,3,0.0015182418283075094,2707.0,2707.0,0.3599269390106201,91495.8515625,15.53639139626187,463.0,1.1008856296539307,True
456,84,grid,2,off_sonoff_gSYN,off -> sonoff gSYN,PSTH SSE,1,6,0.0023050580639392138,4822.0,4822.0,0.057365983724594116,7758157.5,41.37445052179457,1233.0,1.0888662338256836,True
456,84,grid,2,off_sonoff_gSYN,off -> sonoff gSYN,PSTH SSE,2,3,0.0023050580639392138,1529.0,1529.0,0.3151091933250427,1821949.75,16.57662494547163,494.0,0.6389630436897278,True
456,84,grid,2,off_sonoff_gSYN,off -> sonoff gSYN,PSTH SSE,7,3,0.0023050580639392138,2730.0,2730.0,0.35368862748146057,179819.03125,15.435723633435119,460.0,1.106107473373413,True
456,85,grid,3,off_sonoff_gSYN,off -> sonoff gSYN,PSTH SSE,1,6,0.0034996354952454567,4800.0,4800.0,0.06276337057352066,9239552.0,39.562430790913055,1179.0,1.0778520107269287,True
456,85,grid,3,off_sonoff_gSYN,off -> sonoff gSYN,PSTH SSE,2,3,0.0034996354952454567,1467.0,1467.0,0.30723389983177185,2367869.25,15.167276265897117,452.0,0.6460220813751221,True
456,85,grid,3,off_sonoff_gSYN,off -> sonoff gSYN,PSTH SSE,7,3,0.0034996354952454567,2573.0,2573.0,0.26001742482185364,596136.5,14.395490084225361,429.0,1.1909056901931763,True
456,86,grid,4,off_sonoff_gSYN,off -> sonoff gSYN,PSTH SSE,1,6,0.0053132930770516396,4900.0,4900.0,0.07131297886371613,9863049.0,38.28730579510754,1141.0,1.0613332986831665,True
456,86,grid,4,off_sonoff_gSYN,off -> sonoff gSYN,PSTH SSE,2,3,0.0053132930770516396,1477.0,1477.0,0.30142635107040405,2733104.75,14.093486795745108,420.0,0.6512858271598816,True
456,86,grid,4,off_sonoff_gSYN,off -> sonoff gSYN,PSTH SSE,7,3,0.0053132930770516396,2630.0,2630.0,0.17031769454479218,1009039.25,13.556592060669104,404.0,1.2881290912628174,True
456,87,grid,5,off_sonoff_gSYN,off -> sonoff gSYN,PSTH SSE,1,6,0.00806686282157898,4740.0,4740.0,0.09211930632591248,10170054.0,37.48196369249354,1117.0,1.0248665809631348,True
456,87,grid,5,off_sonoff_gSYN,off -> sonoff gSYN,PSTH SSE,2,3,0.00806686282157898,1430.0,1430.0,0.290395051240921,2886551.25,13.455924297842353,401.0,0.661425769329071,True
456,87,grid,5,off_sonoff_gSYN,off -> sonoff gSYN,PSTH SSE,7,3,0.00806686282157898,2748.0,2748.0,0.152072936296463,1134310.375,13.355256535015602,398.0,1.3108594417572021,True
456,88,grid,6,off_sonoff_gSYN,off -> sonoff gSYN,PSTH SSE,1,6,0.012247448787093163,4973.0,4973.0,0.09462840855121613,9508128.0,37.179960404013286,1108.0,1.0207608938217163,True
456,88,grid,6,off_sonoff_gSYN,off -> sonoff gSYN,PSTH SSE,2,3,0.012247448787093163,1407.0,1407.0,0.2915359139442444,2769872.25,13.0868091674776,390.0,0.6603682637214661,True
456,88,grid,6,off_sonoff_gSYN,off -> sonoff gSYN,PSTH SSE,7,3,0.012247448787093163,2776.0,2776.0,0.16088716685771942,1231472.0,13.0868091674776,390.0,1.2997173070907593,True
456,89,grid,7,off_sonoff_gSYN,off -> sonoff gSYN,PSTH SSE,1,6,0.018594589084386826,4924.0,4924.0,0.0966663509607315,8957013.0,36.81084527364853,1097.0,1.0174660682678223,True
456,89,grid,7,off_sonoff_gSYN,off -> sonoff gSYN,PSTH SSE,2,3,0.018594589084386826,1373.0,1373.0,0.31850749254226685,2626378.5,12.482802590517096,372.0,0.6359442472457886,True
456,89,grid,7,off_sonoff_gSYN,off -> sonoff gSYN,PSTH SSE,7,3,0.018594589084386826,2736.0,2736.0,0.1544291377067566,1150852.125,12.885473641824099,384.0,1.3078500032424927,True
456,90,grid,8,off_sonoff_gSYN,off -> sonoff gSYN,PSTH SSE,1,6,0.028231080621480942,4852.0,4852.0,0.10564331710338593,10836760.0,36.81084527364853,1097.0,1.003350019454956,True
456,90,grid,8,off_sonoff_gSYN,off -> sonoff gSYN,PSTH SSE,2,3,0.028231080621480942,1372.0,1372.0,0.31464841961860657,3143701.25,12.449246669574846,371.0,0.6393736004829407,True
456,90,grid,8,off_sonoff_gSYN,off -> sonoff gSYN,PSTH SSE,7,3,0.028231080621480942,2737.0,2737.0,0.15598401427268982,1234312.75,12.851917720881849,383.0,1.305876612663269,True
456,91,grid,9,off_sonoff_gSYN,off -> sonoff gSYN,PSTH SSE,1,6,0.04286160692572594,4911.0,4911.0,0.1113165095448494,14089740.0,36.57595382705278,1090.0,0.994736909866333,True
456,91,grid,9,off_sonoff_gSYN,off -> sonoff gSYN,PSTH SSE,2,3,0.04286160692572594,1377.0,1377.0,0.3177080452442169,4198228.5,12.281467064863595,366.0,0.636652946472168,True
456,91,grid,9,off_sonoff_gSYN,off -> sonoff gSYN,PSTH SSE,7,3,0.04286160692572594,2763.0,2763.0,0.15406957268714905,1626827.625,12.91902956276635,385.0,1.3083077669143677,True
456,92,grid,10,off_sonoff_gSYN,off -> sonoff gSYN,PSTH SSE,1,6,0.06507427990436554,4906.0,4906.0,0.11127212643623352,13617784.0,36.34106238045703,1083.0,0.9948034286499023,True
456,92,grid,10,off_sonoff_gSYN,off -> sonoff gSYN,PSTH SSE,2,3,0.06507427990436554,1380.0,1380.0,0.30593252182006836,3956874.25,12.315022985805845,367.0,0.6471972465515137,True
456,92,grid,10,off_sonoff_gSYN,off -> sonoff gSYN,PSTH SSE,7,3,0.06507427990436554,2838.0,2838.0,0.16778291761875153,1724752.625,13.0196973255931,388.0,1.2912116050720215,True
456,93,grid,11,off_sonoff_gSYN,off -> sonoff gSYN,PSTH SSE,1,6,0.0987984910607338,4938.0,4938.0,0.1085708886384964,10308222.0,36.34106238045703,1083.0,0.998877227306366,True
456,93,grid,11,off_sonoff_gSYN,off -> sonoff gSYN,PSTH SSE,2,3,0.0987984910607338,1407.0,1407.0,0.2919880747795105,3093124.0,12.147243381094594,362.0,0.6599497199058533,True
456,93,grid,11,off_sonoff_gSYN,off -> sonoff gSYN,PSTH SSE,7,3,0.0987984910607338,2875.0,2875.0,0.1579856276512146,1644561.25,13.05325324653535,389.0,1.3033506870269775,True
456,94,grid,12,off_sonoff_gSYN,off -> sonoff gSYN,PSTH SSE,1,6,0.15000000596046448,4951.0,4951.0,0.1083601787686348,5826756.0,36.24039461763028,1080.0,0.9991971254348755,True
456,94,grid,12,off_sonoff_gSYN,off -> sonoff gSYN,PSTH SSE,2,3,0.15000000596046448,1421.0,1421.0,0.28732573986053467,1746264.125,12.080131539210093,360.0,0.6642811894416809,True
456,94,grid,12,off_sonoff_gSYN,off -> sonoff gSYN,PSTH SSE,7,3,0.15000000596046448,2820.0,2820.0,0.18045678734779358,957269.125,13.0868091674776,390.0,1.2760226726531982,True
456,95,checkpoint_baseline,-1,off_sonoff_gSYN,off -> sonoff gSYN,PSTH SSE,1,6,0.0010000000474974513,4660.0,4660.0,0.0833723247051239,167446.3125,44.595818932250594,1329.0,1.0396355390548706,True
456,95,checkpoint_baseline,-1,off_sonoff_gSYN,off -> sonoff gSYN,PSTH SSE,2,3,0.0010000000474974513,1426.0,1426.0,0.3583820164203644,3640.82373046875,17.482634810912383,521.0,0.6016587615013123,True
456,95,checkpoint_baseline,-1,off_sonoff_gSYN,off -> sonoff gSYN,PSTH SSE,7,3,0.002133022528141737,2790.0,2790.0,0.3655545115470886,136621.4375,15.435723633435119,460.0,1.096213698387146,True
456,96,grid,0,sonoff_ron_gSYN,sonoff -> ron gSYN,PSTH SSE,1,6,0.0010000000474974513,4773.0,4773.0,0.08142473548650742,-2567.557373046875,44.62937485319284,1330.0,1.0430279970169067,True
456,96,grid,0,sonoff_ron_gSYN,sonoff -> ron gSYN,PSTH SSE,2,3,0.0010000000474974513,1426.0,1426.0,0.3583820164203644,0.0,17.482634810912383,521.0,0.6016587615013123,True
456,96,grid,0,sonoff_ron_gSYN,sonoff -> ron gSYN,PSTH SSE,7,3,0.0010000000474974513,2987.0,2987.0,0.18407845497131348,-75634.9140625,18.35508875541089,547.0,1.271781086921692,True
456,97,grid,1,sonoff_ron_gSYN,sonoff -> ron gSYN,PSTH SSE,1,6,0.0015182418283075094,4773.0,4773.0,0.08142473548650742,-2431.08837890625,44.62937485319284,1330.0,1.0430279970169067,True
456,97,grid,1,sonoff_ron_gSYN,sonoff -> ron gSYN,PSTH SSE,2,3,0.0015182418283075094,1426.0,1426.0,0.3583820164203644,0.0,17.482634810912383,521.0,0.6016587615013123,True
456,97,grid,1,sonoff_ron_gSYN,sonoff -> ron gSYN,PSTH SSE,7,3,0.0015182418283075094,2987.0,2987.0,0.18563441932201385,-72884.0390625,18.28797691352639,545.0,1.2699716091156006,True
456,98,grid,2,sonoff_ron_gSYN,sonoff -> ron gSYN,PSTH SSE,1,6,0.0023050580639392138,4773.0,4773.0,0.08142827451229095,-2413.740966796875,44.62937485319284,1330.0,1.04302179813385,True
456,98,grid,2,sonoff_ron_gSYN,sonoff -> ron gSYN,PSTH SSE,2,3,0.0023050580639392138,1426.0,1426.0,0.3583820164203644,0.0,17.482634810912383,521.0,0.6016587615013123,True
456,98,grid,2,sonoff_ron_gSYN,sonoff -> ron gSYN,PSTH SSE,7,3,0.0023050580639392138,2850.0,2850.0,0.19005358219146729,-57926.78515625,17.98597362504614,536.0,1.2648733854293823,True
456,99,grid,3,sonoff_ron_gSYN,sonoff -> ron gSYN,PSTH SSE,1,6,0.0034996354952454567,4773.0,4773.0,0.08143487572669983,-2413.33642578125,44.62937485319284,1330.0,1.0430102348327637,True
456,99,grid,3,sonoff_ron_gSYN,sonoff -> ron gSYN,PSTH SSE,2,3,0.0034996354952454567,1426.0,1426.0,0.3583820164203644,0.0,17.482634810912383,521.0,0.6016587615013123,True
456,99,grid,3,sonoff_ron_gSYN,sonoff -> ron gSYN,PSTH SSE,7,3,0.0034996354952454567,2815.0,2815.0,0.19516511261463165,-44780.04296875,17.952417704103887,535.0,1.2590497732162476,True
456,100,grid,4,sonoff_ron_gSYN,sonoff -> ron gSYN,PSTH SSE,1,6,0.0053132930770516396,4773.0,4773.0,0.08145038783550262,-3013.26025390625,44.62937485319284,1330.0,1.042983055114746,True
456,100,grid,4,sonoff_ron_gSYN,sonoff -> ron gSYN,PSTH SSE,2,3,0.0053132930770516396,1426.0,1426.0,0.3583820164203644,0.0,17.482634810912383,521.0,0.6016587615013123,True
456,100,grid,4,sonoff_ron_gSYN,sonoff -> ron gSYN,PSTH SSE,7,3,0.0053132930770516396,2815.0,2815.0,0.21279385685920715,-35984.39453125,17.751082178450385,529.0,1.2395288944244385,True
456,101,grid,5,sonoff_ron_gSYN,sonoff -> ron gSYN,PSTH SSE,1,6,0.00806686282157898,4762.0,4762.0,0.08083067834377289,-2376.34423828125,44.595818932250594,1329.0,1.044070839881897,True
456,101,grid,5,sonoff_ron_gSYN,sonoff -> ron gSYN,PSTH SSE,2,3,0.00806686282157898,1426.0,1426.0,0.3583820164203644,0.0,17.482634810912383,521.0,0.6016587615013123,True
456,101,grid,5,sonoff_ron_gSYN,sonoff -> ron gSYN,PSTH SSE,7,3,0.00806686282157898,2776.0,2776.0,0.24099092185497284,-33764.59765625,17.381967048085635,518.0,1.2099164724349976,True
456,102,grid,6,sonoff_ron_gSYN,sonoff -> ron gSYN,PSTH SSE,1,6,0.012247448787093163,4750.0,4750.0,0.0809948667883873,268.47216796875,44.595818932250594,1329.0,1.0437822341918945,True
456,102,grid,6,sonoff_ron_gSYN,sonoff -> ron gSYN,PSTH SSE,2,3,0.012247448787093163,1426.0,1426.0,0.3583820164203644,0.0,17.482634810912383,521.0,0.6016587615013123,True
456,102,grid,6,sonoff_ron_gSYN,sonoff -> ron gSYN,PSTH SSE,7,3,0.012247448787093163,2743.0,2743.0,0.2705034017562866,-13440.8173828125,16.87862823395188,503.0,1.180725336074829,True
456,103,grid,7,sonoff_ron_gSYN,sonoff -> ron gSYN,PSTH SSE,1,6,0.018594589084386826,4758.0,4758.0,0.08089426904916763,-1553.4576416015625,44.595818932250594,1329.0,1.0439590215682983,True
456,103,grid,7,sonoff_ron_gSYN,sonoff -> ron gSYN,PSTH SSE,2,3,0.018594589084386826,1426.0,1426.0,0.3583820164203644,0.0,17.482634810912383,521.0,0.6016587615013123,True
456,103,grid,7,sonoff_ron_gSYN,sonoff -> ron gSYN,PSTH SSE,7,3,0.018594589084386826,2644.0,2644.0,0.30496522784233093,-248.47378540039062,16.308177577933627,486.0,1.1485881805419922,True
456,104,grid,8,sonoff_ron_gSYN,sonoff -> ron gSYN,PSTH SSE,1,6,0.028231080621480942,4758.0,4758.0,0.08089582622051239,-980.2223510742188,44.595818932250594,1329.0,1.0439562797546387,True
456,104,grid,8,sonoff_ron_gSYN,sonoff -> ron gSYN,PSTH SSE,2,3,0.028231080621480942,1426.0,1426.0,0.3583820164203644,0.0,17.482634810912383,521.0,0.6016587615013123,True
456,104,grid,8,sonoff_ron_gSYN,sonoff -> ron gSYN,PSTH SSE,7,3,0.028231080621480942,2674.0,2674.0,0.3774438798427582,307.0450439453125,15.905506526626622,474.0,1.0864601135253906,True
456,105,grid,9,sonoff_ron_gSYN,sonoff -> ron gSYN,PSTH SSE,1,6,0.04286160692572594,4712.0,4712.0,0.08162957429885864,-257.837646484375,44.595818932250594,1329.0,1.0426692962646484,True
456,105,grid,9,sonoff_ron_gSYN,sonoff -> ron gSYN,PSTH SSE,2,3,0.04286160692572594,1426.0,1426.0,0.3583820164203644,0.0,17.482634810912383,521.0,0.6016587615013123,True
456,105,grid,9,sonoff_ron_gSYN,sonoff -> ron gSYN,PSTH SSE,7,3,0.04286160692572594,2771.0,2771.0,0.39840930700302124,5563.89697265625,15.133720344954867,451.0,1.0696280002593994,True
456,106,grid,10,sonoff_ron_gSYN,sonoff -> ron gSYN,PSTH SSE,1,6,0.06507427990436554,4660.0,4660.0,0.0833723247051239,-29.937721252441406,44.595818932250594,1329.0,1.0396355390548706,True
456,106,grid,10,sonoff_ron_gSYN,sonoff -> ron gSYN,PSTH SSE,2,3,0.06507427990436554,1426.0,1426.0,0.3583820164203644,0.0,17.482634810912383,521.0,0.6016587615013123,True
456,106,grid,10,sonoff_ron_gSYN,sonoff -> ron gSYN,PSTH SSE,7,3,0.06507427990436554,2761.0,2761.0,0.3983408510684967,2267.698974609375,14.395490084225361,429.0,1.069682240486145,True
456,107,grid,11,sonoff_ron_gSYN,sonoff -> ron gSYN,PSTH SSE,1,6,0.0987984910607338,4654.0,4654.0,0.08404204994440079,277.02996826171875,44.595818932250594,1329.0,1.038478136062622,True
456,107,grid,11,sonoff_ron_gSYN,sonoff -> ron gSYN,PSTH SSE,2,3,0.0987984910607338,1426.0,1426.0,0.3583820164203644,0.0,17.482634810912383,521.0,0.6016587615013123,True
456,107,grid,11,sonoff_ron_gSYN,sonoff -> ron gSYN,PSTH SSE,7,3,0.0987984910607338,2894.0,2894.0,0.4654548466205597,3822.2509765625,13.959263111976107,416.0,1.0185822248458862,True
456,108,grid,12,sonoff_ron_gSYN,sonoff -> ron gSYN,PSTH SSE,1,6,0.15000000596046448,4648.0,4648.0,0.08479385077953339,211.38816833496094,44.595818932250594,1329.0,1.0371843576431274,True
456,108,grid,12,sonoff_ron_gSYN,sonoff -> ron gSYN,PSTH SSE,2,3,0.15000000596046448,1426.0,1426.0,0.3583820164203644,0.0,17.482634810912383,521.0,0.6016587615013123,True
456,108,grid,12,sonoff_ron_gSYN,sonoff -> ron gSYN,PSTH SSE,7,3,0.15000000596046448,3021.0,3021.0,0.5100820660591125,3126.408447265625,13.321700614073352,397.0,0.9866244196891785,True
456,109,checkpoint_baseline,-1,sonoff_ron_gSYN,sonoff -> ron gSYN,PSTH SSE,1,6,0.05735066160559654,4660.0,4660.0,0.0833723247051239,-38.73643112182617,44.595818932250594,1329.0,1.0396355390548706,True
456,109,checkpoint_baseline,-1,sonoff_ron_gSYN,sonoff -> ron gSYN,PSTH SSE,2,3,0.03088780865073204,1426.0,1426.0,0.3583820164203644,0.0,17.482634810912383,521.0,0.6016587615013123,True
456,109,checkpoint_baseline,-1,sonoff_ron_gSYN,sonoff -> ron gSYN,PSTH SSE,7,3,0.035883836448192596,2790.0,2790.0,0.3655545115470886,14651.4501953125,15.435723633435119,460.0,1.096213698387146,True
456,110,grid,0,abs_ref,Absolute refractory period (ms),CV squared error,1,6,0.0,0.0833723247051239,4660.0,0.0833723247051239,2.381070613861084,44.595818932250594,1329.0,1.0396355390548706,True
456,110,grid,0,abs_ref,Absolute refractory period (ms),CV squared error,2,3,0.0,0.11310399323701859,1543.0,0.11310399323701859,0.07137548178434372,19.32821046273615,576.0,0.8639995455741882,True
456,110,grid,0,abs_ref,Absolute refractory period (ms),CV squared error,7,3,0.0,0.3655545115470886,2790.0,0.3655545115470886,0.5940557718276978,15.435723633435119,460.0,1.096213698387146,True
456,111,grid,1,abs_ref,Absolute refractory period (ms),CV squared error,1,6,0.5,0.1816103458404541,4132.0,0.1816103458404541,2.5017056465148926,42.515351833831076,1267.0,0.9022205471992493,True
456,111,grid,1,abs_ref,Absolute refractory period (ms),CV squared error,2,3,0.5,0.21806897222995758,1430.0,0.21806897222995758,0.08124499022960663,18.35508875541089,547.0,0.7333303689956665,True
456,111,grid,1,abs_ref,Absolute refractory period (ms),CV squared error,7,3,0.5,0.5410519242286682,2659.0,0.5410519242286682,0.4203682541847229,14.462601926109862,431.0,0.9652624130249023,True
456,112,grid,2,abs_ref,Absolute refractory period (ms),CV squared error,1,6,1.0,0.24530614912509918,4094.0,0.24530614912509918,1.6357319355010986,41.038891312372066,1223.0,0.8330942988395691,True
456,112,grid,2,abs_ref,Absolute refractory period (ms),CV squared error,2,3,1.0,0.3092649281024933,1422.0,0.3092649281024933,0.03912831470370293,17.549746652796884,523.0,0.6441929936408997,True
456,112,grid,2,abs_ref,Absolute refractory period (ms),CV squared error,7,3,1.0,0.6427175402641296,2541.0,0.6427175402641296,0.31768402457237244,13.724371665380355,409.0,0.8991280794143677,True
456,113,grid,3,abs_ref,Absolute refractory period (ms),CV squared error,1,6,2.0,0.34696057438850403,3982.0,0.34696057438850403,0.41925743222236633,39.696654474682056,1183.0,0.739344596862793,True
456,113,grid,3,abs_ref,Absolute refractory period (ms),CV squared error,2,3,2.0,0.34673431515693665,1367.0,0.34673431515693665,0.01022250298410654,17.381967048085635,518.0,0.6114674210548401,True
456,113,grid,3,abs_ref,Absolute refractory period (ms),CV squared error,7,3,2.0,0.7701659798622131,2501.0,0.7701659798622131,0.08484838902950287,13.187476930304351,393.0,0.8232337236404419,True
456,114,grid,4,abs_ref,Absolute refractory period (ms),CV squared error,1,6,3.0,0.4019848704338074,3903.0,0.4019848704338074,0.3415147662162781,38.9248682930103,1160.0,0.6943554282188416,True
456,114,grid,4,abs_ref,Absolute refractory period (ms),CV squared error,2,3,3.0,0.3509480059146881,1410.0,0.3509480059146881,0.0033329285215586424,17.549746652796884,523.0,0.6079002618789673,True
456,114,grid,4,abs_ref,Absolute refractory period (ms),CV squared error,7,3,3.0,0.784557580947876,2463.0,0.784557580947876,0.015930067747831345,13.12036508841985,391.0,0.8150721788406372,True
456,115,grid,5,abs_ref,Absolute refractory period (ms),CV squared error,1,6,4.0,0.43516960740089417,3988.0,0.43516960740089417,0.29472461342811584,38.42152947887654,1145.0,0.6687043309211731,True
456,115,grid,5,abs_ref,Absolute refractory period (ms),CV squared error,2,3,4.0,0.36192813515663147,1443.0,0.36192813515663147,0.00161185662727803,17.449078889970135,520.0,0.5987042784690857,True
456,115,grid,5,abs_ref,Absolute refractory period (ms),CV squared error,7,3,4.0,0.8103426694869995,2477.0,0.8103426694869995,-2.0158264305791818e-05,13.12036508841985,391.0,0.8006343841552734,True
456,116,grid,6,abs_ref,Absolute refractory period (ms),CV squared error,1,6,5.0,0.4849384129047394,3932.0,0.4849384129047394,0.10208607465028763,37.81752290191604,1127.0,0.6320030093193054,True
456,116,grid,6,abs_ref,Absolute refractory period (ms),CV squared error,2,3,5.0,0.3786316514015198,1417.0,0.3786316514015198,0.0028235195204615593,17.381967048085635,518.0,0.5849784016609192,True
456,116,grid,6,abs_ref,Absolute refractory period (ms),CV squared error,7,3,5.0,0.8046741485595703,2483.0,0.8046741485595703,0.008191702887415886,13.187476930304351,393.0,0.803788423538208,True
456,117,grid,7,abs_ref,Absolute refractory period (ms),CV squared error,1,6,7.5,0.550770103931427,4130.0,0.550770103931427,0.3761957287788391,37.14640448307104,1107.0,0.5862393379211426,True
456,117,grid,7,abs_ref,Absolute refractory period (ms),CV squared error,2,3,7.5,0.4189448356628418,1382.0,0.4189448356628418,0.0017200078582391143,17.01285191772088,507.0,0.5530494451522827,True
456,117,grid,7,abs_ref,Absolute refractory period (ms),CV squared error,7,3,7.5,0.8086009621620178,2476.0,0.8086009621620178,-0.0005300297634676099,13.0868091674776,390.0,0.801602303981781,True
456,118,grid,8,abs_ref,Absolute refractory period (ms),CV squared error,1,6,10.0,0.6502374410629272,4204.0,0.6502374410629272,0.1718607097864151,36.27395053857253,1081.0,0.5220052003860474,True
456,118,grid,8,abs_ref,Absolute refractory period (ms),CV squared error,2,3,10.0,0.4446728229522705,1435.0,0.4446728229522705,0.0027051817160099745,16.71084862924063,498.0,0.5334709882736206,True
456,118,grid,8,abs_ref,Absolute refractory period (ms),CV squared error,7,3,10.0,0.8360159397125244,2540.0,0.8360159397125244,0.0014739178586751223,13.0196973255931,388.0,0.7864856719970703,True
456,119,grid,9,abs_ref,Absolute refractory period (ms),CV squared error,1,6,15.0,0.8333887457847595,4427.0,0.8333887457847595,0.3667043447494507,34.092815677326264,1016.0,0.41547688841819763,True
456,119,grid,9,abs_ref,Absolute refractory period (ms),CV squared error,2,3,15.0,0.5191130042076111,1344.0,0.5191130042076111,0.004367177840322256,16.341733498875875,487.0,0.47981393337249756,True
456,119,grid,9,abs_ref,Absolute refractory period (ms),CV squared error,7,3,15.0,0.8355998396873474,2632.0,0.8355998396873474,0.14031797647476196,12.885473641824099,384.0,0.7867132425308228,True
456,120,grid,10,abs_ref,Absolute refractory period (ms),CV squared error,1,6,25.0,1.1476774215698242,5368.0,1.1476774215698242,0.4365268051624298,28.086305828663466,837.0,0.25708118081092834,True
456,120,grid,10,abs_ref,Absolute refractory period (ms),CV squared error,2,3,25.0,0.6895151734352112,1272.0,0.6895151734352112,0.006593542173504829,15.67061508003087,467.0,0.3699384331703186,True
456,120,grid,10,abs_ref,Absolute refractory period (ms),CV squared error,7,3,25.0,1.019708514213562,2702.0,1.019708514213562,0.0194760262966156,11.945907855441092,356.0,0.6910185217857361,True
456,121,checkpoint_baseline,-1,abs_ref,Absolute refractory period (ms),CV squared error,1,6,0.0,0.0833723247051239,4660.0,0.0833723247051239,2.381070613861084,44.595818932250594,1329.0,1.0396355390548706,True
456,121,checkpoint_baseline,-1,abs_ref,Absolute refractory period (ms),CV squared error,2,3,3.6539320945739746,0.3583820164203644,1426.0,0.3583820164203644,0.003832935355603695,17.482634810912383,521.0,0.6016587615013123,True
456,121,checkpoint_baseline,-1,abs_ref,Absolute refractory period (ms),CV squared error,7,3,0.0,0.3655545115470886,2790.0,0.3655545115470886,0.5940557718276978,15.435723633435119,460.0,1.096213698387146,True
456,122,grid,0,rel_ref_a,Relative refractory a,CV squared error,1,6,0.0010000000474974513,0.0833723247051239,4660.0,0.0833723247051239,-841945.0,44.595818932250594,1329.0,1.0396355390548706,True
456,122,grid,0,rel_ref_a,Relative refractory a,CV squared error,2,3,0.0010000000474974513,1.0785764455795288,2023.0,1.0785764455795288,-8097.35205078125,1.946243414650515,58.0,0.1617634892463684,True
456,122,grid,0,rel_ref_a,Relative refractory a,CV squared error,7,3,0.0010000000474974513,0.4323856234550476,2613.0,0.4323856234550476,-1668504.0,14.999496661185866,447.0,1.043264389038086,True
456,123,grid,1,rel_ref_a,Relative refractory a,CV squared error,1,6,0.05000000074505806,0.0833723247051239,4660.0,0.0833723247051239,-12311.0234375,44.595818932250594,1329.0,1.0396355390548706,True
456,123,grid,1,rel_ref_a,Relative refractory a,CV squared error,2,3,0.05000000074505806,0.4442766308784485,1361.0,0.4442766308784485,-46876.32421875,16.97929599677863,506.0,0.5337681174278259,True
456,123,grid,1,rel_ref_a,Relative refractory a,CV squared error,7,3,0.05000000074505806,0.36118805408477783,2700.0,0.36118805408477783,-11981.9326171875,15.368611791550618,458.0,1.0998355150222778,True
456,124,grid,2,rel_ref_a,Relative refractory a,CV squared error,1,6,0.10000000149011612,0.0833723247051239,4660.0,0.0833723247051239,-4380.22314453125,44.595818932250594,1329.0,1.0396355390548706,True
456,124,grid,2,rel_ref_a,Relative refractory a,CV squared error,2,3,0.10000000149011612,0.36216068267822266,1438.0,0.36216068267822266,-9319.916015625,17.482634810912383,521.0,0.5985110402107239,True
456,124,grid,2,rel_ref_a,Relative refractory a,CV squared error,7,3,0.10000000149011612,0.36942243576049805,2735.0,0.36942243576049805,-8562.3310546875,15.402167712492869,459.0,1.093023419380188,True
456,125,grid,3,rel_ref_a,Relative refractory a,CV squared error,1,6,0.25,0.0833723247051239,4660.0,0.0833723247051239,-399.83880615234375,44.595818932250594,1329.0,1.0396355390548706,True
456,125,grid,3,rel_ref_a,Relative refractory a,CV squared error,2,3,0.25,0.3583820164203644,1426.0,0.3583820164203644,-8.697198867797852,17.482634810912383,521.0,0.6016587615013123,True
456,125,grid,3,rel_ref_a,Relative refractory a,CV squared error,7,3,0.25,0.3655545115470886,2790.0,0.3655545115470886,-1288.3660888671875,15.435723633435119,460.0,1.096213698387146,True
456,126,grid,4,rel_ref_a,Relative refractory a,CV squared error,1,6,0.5,0.0833723247051239,4660.0,0.0833723247051239,-21.352859497070312,44.595818932250594,1329.0,1.0396355390548706,True
456,126,grid,4,rel_ref_a,Relative refractory a,CV squared error,2,3,0.5,0.3583820164203644,1426.0,0.3583820164203644,-5.654914869701599e-10,17.482634810912383,521.0,0.6016587615013123,True
456,126,grid,4,rel_ref_a,Relative refractory a,CV squared error,7,3,0.5,0.3655545115470886,2790.0,0.3655545115470886,-70.84269714355469,15.435723633435119,460.0,1.096213698387146,True
456,127,grid,5,rel_ref_a,Relative refractory a,CV squared error,1,6,1.0,0.0833723247051239,4660.0,0.0833723247051239,-0.30645740032196045,44.595818932250594,1329.0,1.0396355390548706,True
456,127,grid,5,rel_ref_a,Relative refractory a,CV squared error,2,3,1.0,0.3583820164203644,1426.0,0.3583820164203644,0.0,17.482634810912383,521.0,0.6016587615013123,True
456,127,grid,5,rel_ref_a,Relative refractory a,CV squared error,7,3,1.0,0.3655545115470886,2790.0,0.3655545115470886,-0.8120282888412476,15.435723633435119,460.0,1.096213698387146,True
456,128,grid,6,rel_ref_a,Relative refractory a,CV squared error,1,6,2.0,0.0833723247051239,4660.0,0.0833723247051239,-0.0018946975469589233,44.595818932250594,1329.0,1.0396355390548706,True
456,128,grid,6,rel_ref_a,Relative refractory a,CV squared error,2,3,2.0,0.3583820164203644,1426.0,0.3583820164203644,0.0,17.482634810912383,521.0,0.6016587615013123,True
456,128,grid,6,rel_ref_a,Relative refractory a,CV squared error,7,3,2.0,0.3655545115470886,2790.0,0.3655545115470886,-0.005770242772996426,15.435723633435119,460.0,1.096213698387146,True
456,129,grid,7,rel_ref_a,Relative refractory a,CV squared error,1,6,4.0,0.0833723247051239,4660.0,0.0833723247051239,-1.9744777091545984e-05,44.595818932250594,1329.0,1.0396355390548706,True
456,129,grid,7,rel_ref_a,Relative refractory a,CV squared error,2,3,4.0,0.3583820164203644,1426.0,0.3583820164203644,0.0,17.482634810912383,521.0,0.6016587615013123,True
456,129,grid,7,rel_ref_a,Relative refractory a,CV squared error,7,3,4.0,0.3655545115470886,2790.0,0.3655545115470886,-9.210399002768099e-05,15.435723633435119,460.0,1.096213698387146,True
456,130,grid,8,rel_ref_a,Relative refractory a,CV squared error,1,6,6.0,0.0833723247051239,4660.0,0.0833723247051239,-3.5800965747512237e-07,44.595818932250594,1329.0,1.0396355390548706,True
456,130,grid,8,rel_ref_a,Relative refractory a,CV squared error,2,3,6.0,0.3583820164203644,1426.0,0.3583820164203644,0.0,17.482634810912383,521.0,0.6016587615013123,True
456,130,grid,8,rel_ref_a,Relative refractory a,CV squared error,7,3,6.0,0.3655545115470886,2790.0,0.3655545115470886,-1.6882394220374408e-06,15.435723633435119,460.0,1.096213698387146,True
456,131,grid,9,rel_ref_a,Relative refractory a,CV squared error,1,6,8.0,0.0833723247051239,4660.0,0.0833723247051239,-6.951639708319135e-09,44.595818932250594,1329.0,1.0396355390548706,True
456,131,grid,9,rel_ref_a,Relative refractory a,CV squared error,2,3,8.0,0.3583820164203644,1426.0,0.3583820164203644,0.0,17.482634810912383,521.0,0.6016587615013123,True
456,131,grid,9,rel_ref_a,Relative refractory a,CV squared error,7,3,8.0,0.3655545115470886,2790.0,0.3655545115470886,-3.07708809543783e-08,15.435723633435119,460.0,1.096213698387146,True
456,132,grid,10,rel_ref_a,Relative refractory a,CV squared error,1,6,10.0,0.0833723247051239,4660.0,0.0833723247051239,0.0,44.595818932250594,1329.0,1.0396355390548706,True
456,132,grid,10,rel_ref_a,Relative refractory a,CV squared error,2,3,10.0,0.3583820164203644,1426.0,0.3583820164203644,0.0,17.482634810912383,521.0,0.6016587615013123,True
456,132,grid,10,rel_ref_a,Relative refractory a,CV squared error,7,3,10.0,0.3655545115470886,2790.0,0.3655545115470886,-8.316453081747e-10,15.435723633435119,460.0,1.096213698387146,True
456,133,grid,11,rel_ref_a,Relative refractory a,CV squared error,1,6,15.0,0.0833723247051239,4660.0,0.0833723247051239,0.0,44.595818932250594,1329.0,1.0396355390548706,True
456,133,grid,11,rel_ref_a,Relative refractory a,CV squared error,2,3,15.0,0.3583820164203644,1426.0,0.3583820164203644,0.0,17.482634810912383,521.0,0.6016587615013123,True
456,133,grid,11,rel_ref_a,Relative refractory a,CV squared error,7,3,15.0,0.3655545115470886,2790.0,0.3655545115470886,0.0,15.435723633435119,460.0,1.096213698387146,True
456,134,checkpoint_baseline,-1,rel_ref_a,Relative refractory a,CV squared error,1,6,8.795970916748047,0.0833723247051239,4660.0,0.0833723247051239,-1.7379099270797838e-09,44.595818932250594,1329.0,1.0396355390548706,True
456,134,checkpoint_baseline,-1,rel_ref_a,Relative refractory a,CV squared error,2,3,3.2449843883514404,0.3583820164203644,1426.0,0.3583820164203644,0.0,17.482634810912383,521.0,0.6016587615013123,True
456,134,checkpoint_baseline,-1,rel_ref_a,Relative refractory a,CV squared error,7,3,8.140619277954102,0.3655545115470886,2790.0,0.3655545115470886,-2.3286069961159228e-08,15.435723633435119,460.0,1.096213698387146,True
456,135,grid,0,rel_ref_b,Relative refractory b,CV squared error,1,6,0.0,0.0833723247051239,4660.0,0.0833723247051239,1.7379099270797838e-09,44.595818932250594,1329.0,1.0396355390548706,True
456,135,grid,0,rel_ref_b,Relative refractory b,CV squared error,2,3,0.0,0.3583820164203644,1426.0,0.3583820164203644,0.0,17.482634810912383,521.0,0.6016587615013123,True
456,135,grid,0,rel_ref_b,Relative refractory b,CV squared error,7,3,0.0,0.3655545115470886,2790.0,0.3655545115470886,2.494936701680217e-09,15.435723633435119,460.0,1.096213698387146,True
456,136,grid,1,rel_ref_b,Relative refractory b,CV squared error,1,6,0.25,0.0833723247051239,4660.0,0.0833723247051239,1.7379099270797838e-09,44.595818932250594,1329.0,1.0396355390548706,True
456,136,grid,1,rel_ref_b,Relative refractory b,CV squared error,2,3,0.25,0.3583820164203644,1426.0,0.3583820164203644,0.0,17.482634810912383,521.0,0.6016587615013123,True
456,136,grid,1,rel_ref_b,Relative refractory b,CV squared error,7,3,0.25,0.3655545115470886,2790.0,0.3655545115470886,4.158225319628173e-09,15.435723633435119,460.0,1.096213698387146,True
456,137,grid,2,rel_ref_b,Relative refractory b,CV squared error,1,6,0.5,0.0833723247051239,4660.0,0.0833723247051239,3.4758198541595675e-09,44.595818932250594,1329.0,1.0396355390548706,True
456,137,grid,2,rel_ref_b,Relative refractory b,CV squared error,2,3,0.5,0.3583820164203644,1426.0,0.3583820164203644,0.0,17.482634810912383,521.0,0.6016587615013123,True
456,137,grid,2,rel_ref_b,Relative refractory b,CV squared error,7,3,0.5,0.3655545115470886,2790.0,0.3655545115470886,6.6531624653976e-09,15.435723633435119,460.0,1.096213698387146,True
456,138,grid,3,rel_ref_b,Relative refractory b,CV squared error,1,6,1.0,0.0833723247051239,4660.0,0.0833723247051239,1.0427471330842764e-08,44.595818932250594,1329.0,1.0396355390548706,True
456,138,grid,3,rel_ref_b,Relative refractory b,CV squared error,2,3,1.0,0.3583820164203644,1426.0,0.3583820164203644,0.0,17.482634810912383,521.0,0.6016587615013123,True
456,138,grid,3,rel_ref_b,Relative refractory b,CV squared error,7,3,1.0,0.3655545115470886,2790.0,0.3655545115470886,1.746455957629678e-08,15.435723633435119,460.0,1.096213698387146,True
456,139,grid,4,rel_ref_b,Relative refractory b,CV squared error,1,6,2.0,0.0833723247051239,4660.0,0.0833723247051239,7.299220072809476e-08,44.595818932250594,1329.0,1.0396355390548706,True
456,139,grid,4,rel_ref_b,Relative refractory b,CV squared error,2,3,2.0,0.3583820164203644,1426.0,0.3583820164203644,0.0,17.482634810912383,521.0,0.6016587615013123,True
456,139,grid,4,rel_ref_b,Relative refractory b,CV squared error,7,3,2.0,0.3655545115470886,2790.0,0.3655545115470886,1.2973667651294818e-07,15.435723633435119,460.0,1.096213698387146,True
456,140,grid,5,rel_ref_b,Relative refractory b,CV squared error,1,6,4.0,0.0833723247051239,4660.0,0.0833723247051239,3.981554073106963e-06,44.595818932250594,1329.0,1.0396355390548706,True
456,140,grid,5,rel_ref_b,Relative refractory b,CV squared error,2,3,4.0,0.3583820164203644,1426.0,0.3583820164203644,0.0,17.482634810912383,521.0,0.6016587615013123,True
456,140,grid,5,rel_ref_b,Relative refractory b,CV squared error,7,3,4.0,0.3655545115470886,2790.0,0.3655545115470886,7.063169960019877e-06,15.435723633435119,460.0,1.096213698387146,True
456,141,grid,6,rel_ref_b,Relative refractory b,CV squared error,1,6,6.0,0.0833723247051239,4660.0,0.0833723247051239,0.00021577205916401,44.595818932250594,1329.0,1.0396355390548706,True
456,141,grid,6,rel_ref_b,Relative refractory b,CV squared error,2,3,6.0,0.3583820164203644,1426.0,0.3583820164203644,0.0,17.482634810912383,521.0,0.6016587615013123,True
456,141,grid,6,rel_ref_b,Relative refractory b,CV squared error,7,3,6.0,0.3655545115470886,2790.0,0.3655545115470886,0.00037535568117164075,15.435723633435119,460.0,1.096213698387146,True
456,142,grid,7,rel_ref_b,Relative refractory b,CV squared error,1,6,8.0,0.0833723247051239,4660.0,0.0833723247051239,0.008193924091756344,44.595818932250594,1329.0,1.0396355390548706,True
456,142,grid,7,rel_ref_b,Relative refractory b,CV squared error,2,3,8.0,0.3583820164203644,1426.0,0.3583820164203644,0.0,17.482634810912383,521.0,0.6016587615013123,True
456,142,grid,7,rel_ref_b,Relative refractory b,CV squared error,7,3,8.0,0.3655545115470886,2790.0,0.3655545115470886,0.006840209010988474,15.435723633435119,460.0,1.096213698387146,True
456,143,grid,8,rel_ref_b,Relative refractory b,CV squared error,1,6,10.0,0.0833723247051239,4660.0,0.0833723247051239,0.0044171917252242565,44.595818932250594,1329.0,1.0396355390548706,True
456,143,grid,8,rel_ref_b,Relative refractory b,CV squared error,2,3,10.0,0.3583820164203644,1426.0,0.3583820164203644,0.0,17.482634810912383,521.0,0.6016587615013123,True
456,143,grid,8,rel_ref_b,Relative refractory b,CV squared error,7,3,10.0,0.3655545115470886,2790.0,0.3655545115470886,0.0006462110904976726,15.435723633435119,460.0,1.096213698387146,True
456,144,grid,9,rel_ref_b,Relative refractory b,CV squared error,1,6,15.0,0.0833723247051239,4660.0,0.0833723247051239,0.004575617145746946,44.595818932250594,1329.0,1.0396355390548706,True
456,144,grid,9,rel_ref_b,Relative refractory b,CV squared error,2,3,15.0,0.3583820164203644,1426.0,0.3583820164203644,0.0,17.482634810912383,521.0,0.6016587615013123,True
456,144,grid,9,rel_ref_b,Relative refractory b,CV squared error,7,3,15.0,0.3655545115470886,2790.0,0.3655545115470886,0.015516453422605991,15.435723633435119,460.0,1.096213698387146,True
456,145,grid,10,rel_ref_b,Relative refractory b,CV squared error,1,6,25.0,0.0833723247051239,4660.0,0.0833723247051239,0.8153932094573975,44.595818932250594,1329.0,1.0396355390548706,True
456,145,grid,10,rel_ref_b,Relative refractory b,CV squared error,2,3,25.0,0.3583820164203644,1426.0,0.3583820164203644,0.0,17.482634810912383,521.0,0.6016587615013123,True
456,145,grid,10,rel_ref_b,Relative refractory b,CV squared error,7,3,25.0,0.3655545115470886,2790.0,0.3655545115470886,0.4981403946876526,15.435723633435119,460.0,1.096213698387146,True
456,146,checkpoint_baseline,-1,rel_ref_b,Relative refractory b,CV squared error,1,6,0.0,0.0833723247051239,4660.0,0.0833723247051239,1.7379099270797838e-09,44.595818932250594,1329.0,1.0396355390548706,True
456,146,checkpoint_baseline,-1,rel_ref_b,Relative refractory b,CV squared error,2,3,8.554961204528809,0.3583820164203644,1426.0,0.3583820164203644,0.0,17.482634810912383,521.0,0.6016587615013123,True
456,146,checkpoint_baseline,-1,rel_ref_b,Relative refractory b,CV squared error,7,3,1.1436665058135986,0.3655545115470886,2790.0,0.3655545115470886,2.3286069961159228e-08,15.435723633435119,460.0,1.096213698387146,True
456,147,grid,0,rel_ref_c,Relative refractory c,CV squared error,1,6,0.20000000298023224,0.11005595326423645,4435.0,0.11005595326423645,-11686.9443359375,43.891144592463334,1308.0,0.996631383895874,True
456,147,grid,0,rel_ref_c,Relative refractory c,CV squared error,2,3,0.20000000298023224,0.3578607439994812,1431.0,0.3578607439994812,-15716.46484375,17.449078889970135,520.0,0.602094292640686,True
456,147,grid,0,rel_ref_c,Relative refractory c,CV squared error,7,3,0.20000000298023224,0.39837080240249634,2661.0,0.39837080240249634,-8108.4794921875,14.932384819301365,445.0,1.0696585178375244,True
456,148,grid,1,rel_ref_c,Relative refractory c,CV squared error,1,6,0.2800000011920929,0.09882664680480957,4636.0,0.09882664680480957,-10811.068359375,44.12603603905909,1315.0,1.0140111446380615,True
456,148,grid,1,rel_ref_c,Relative refractory c,CV squared error,2,3,0.2800000011920929,0.3585173189640045,1422.0,0.3585173189640045,-15177.3701171875,17.482634810912383,521.0,0.6015457510948181,True
456,148,grid,1,rel_ref_c,Relative refractory c,CV squared error,7,3,0.2800000011920929,0.38027235865592957,2685.0,0.38027235865592957,-7714.71630859375,15.267944028723868,455.0,1.0841624736785889,True
456,149,grid,2,rel_ref_c,Relative refractory c,CV squared error,1,6,0.36000001430511475,0.09302089363336563,4578.0,0.09302089363336563,-10267.2763671875,44.39448340659709,1323.0,1.023384928703308,True
456,149,grid,2,rel_ref_c,Relative refractory c,CV squared error,2,3,0.36000001430511475,0.3585267663002014,1408.0,0.3585267663002014,-14925.3642578125,17.482634810912383,521.0,0.6015378832817078,True
456,149,grid,2,rel_ref_c,Relative refractory c,CV squared error,7,3,0.36000001430511475,0.37121209502220154,2719.0,0.37121209502220154,-7492.318359375,15.335055870608368,457.0,1.091552972793579,True
456,150,grid,3,rel_ref_c,Relative refractory c,CV squared error,1,6,0.4399999976158142,0.08788466453552246,4614.0,0.08788466453552246,-9928.5810546875,44.46159524848159,1325.0,1.0319247245788574,True
456,150,grid,3,rel_ref_c,Relative refractory c,CV squared error,2,3,0.4399999976158142,0.3583841621875763,1412.0,0.3583841621875763,-14758.01171875,17.482634810912383,521.0,0.601656973361969,True
456,150,grid,3,rel_ref_c,Relative refractory c,CV squared error,7,3,0.4399999976158142,0.36568382382392883,2780.0,0.36568382382392883,-7354.07373046875,15.435723633435119,460.0,1.096106767654419,True
456,151,grid,4,rel_ref_c,Relative refractory c,CV squared error,1,6,0.5199999809265137,0.0833723247051239,4660.0,0.0833723247051239,-9497.9912109375,44.595818932250594,1329.0,1.0396355390548706,True
456,151,grid,4,rel_ref_c,Relative refractory c,CV squared error,2,3,0.5199999809265137,0.3583820164203644,1426.0,0.3583820164203644,-14669.3095703125,17.482634810912383,521.0,0.6016587615013123,True
456,151,grid,4,rel_ref_c,Relative refractory c,CV squared error,7,3,0.5199999809265137,0.3655545115470886,2790.0,0.3655545115470886,-7322.05859375,15.435723633435119,460.0,1.096213698387146,True
456,152,grid,5,rel_ref_c,Relative refractory c,CV squared error,1,6,0.6000000238418579,0.0833723247051239,4660.0,0.0833723247051239,-9497.9912109375,44.595818932250594,1329.0,1.0396355390548706,True
456,152,grid,5,rel_ref_c,Relative refractory c,CV squared error,2,3,0.6000000238418579,0.3583820164203644,1426.0,0.3583820164203644,-14669.3095703125,17.482634810912383,521.0,0.6016587615013123,True
456,152,grid,5,rel_ref_c,Relative refractory c,CV squared error,7,3,0.6000000238418579,0.3655545115470886,2790.0,0.3655545115470886,-7322.05859375,15.435723633435119,460.0,1.096213698387146,True
456,153,grid,6,rel_ref_c,Relative refractory c,CV squared error,1,6,0.6800000071525574,0.0833723247051239,4660.0,0.0833723247051239,-9497.9912109375,44.595818932250594,1329.0,1.0396355390548706,True
456,153,grid,6,rel_ref_c,Relative refractory c,CV squared error,2,3,0.6800000071525574,0.3583820164203644,1426.0,0.3583820164203644,-14669.3095703125,17.482634810912383,521.0,0.6016587615013123,True
456,153,grid,6,rel_ref_c,Relative refractory c,CV squared error,7,3,0.6800000071525574,0.3655545115470886,2790.0,0.3655545115470886,-7322.05859375,15.435723633435119,460.0,1.096213698387146,True
456,154,grid,7,rel_ref_c,Relative refractory c,CV squared error,1,6,0.7599999904632568,0.0833723247051239,4660.0,0.0833723247051239,-9497.9912109375,44.595818932250594,1329.0,1.0396355390548706,True
456,154,grid,7,rel_ref_c,Relative refractory c,CV squared error,2,3,0.7599999904632568,0.3583820164203644,1426.0,0.3583820164203644,-14669.3095703125,17.482634810912383,521.0,0.6016587615013123,True
456,154,grid,7,rel_ref_c,Relative refractory c,CV squared error,7,3,0.7599999904632568,0.3655545115470886,2790.0,0.3655545115470886,-7322.05859375,15.435723633435119,460.0,1.096213698387146,True
456,155,grid,8,rel_ref_c,Relative refractory c,CV squared error,1,6,0.8399999737739563,0.0833723247051239,4660.0,0.0833723247051239,-9497.9912109375,44.595818932250594,1329.0,1.0396355390548706,True
456,155,grid,8,rel_ref_c,Relative refractory c,CV squared error,2,3,0.8399999737739563,0.3583820164203644,1426.0,0.3583820164203644,-14669.3095703125,17.482634810912383,521.0,0.6016587615013123,True
456,155,grid,8,rel_ref_c,Relative refractory c,CV squared error,7,3,0.8399999737739563,0.3655545115470886,2790.0,0.3655545115470886,-7322.05859375,15.435723633435119,460.0,1.096213698387146,True
456,156,grid,9,rel_ref_c,Relative refractory c,CV squared error,1,6,0.9200000166893005,0.0833723247051239,4660.0,0.0833723247051239,-9497.9912109375,44.595818932250594,1329.0,1.0396355390548706,True
456,156,grid,9,rel_ref_c,Relative refractory c,CV squared error,2,3,0.9200000166893005,0.3583820164203644,1426.0,0.3583820164203644,-14669.3095703125,17.482634810912383,521.0,0.6016587615013123,True
456,156,grid,9,rel_ref_c,Relative refractory c,CV squared error,7,3,0.9200000166893005,0.3655545115470886,2790.0,0.3655545115470886,-7322.05859375,15.435723633435119,460.0,1.096213698387146,True
456,157,grid,10,rel_ref_c,Relative refractory c,CV squared error,1,6,1.0,0.0833723247051239,4660.0,0.0833723247051239,-9497.9912109375,44.595818932250594,1329.0,1.0396355390548706,True
456,157,grid,10,rel_ref_c,Relative refractory c,CV squared error,2,3,1.0,0.3583820164203644,1426.0,0.3583820164203644,-14669.3095703125,17.482634810912383,521.0,0.6016587615013123,True
456,157,grid,10,rel_ref_c,Relative refractory c,CV squared error,7,3,1.0,0.3655545115470886,2790.0,0.3655545115470886,-7322.05859375,15.435723633435119,460.0,1.096213698387146,True
456,158,checkpoint_baseline,-1,rel_ref_c,Relative refractory c,CV squared error,1,6,1.0,0.0833723247051239,4660.0,0.0833723247051239,-9497.9912109375,44.595818932250594,1329.0,1.0396355390548706,True
456,158,checkpoint_baseline,-1,rel_ref_c,Relative refractory c,CV squared error,2,3,1.0,0.3583820164203644,1426.0,0.3583820164203644,-14669.3095703125,17.482634810912383,521.0,0.6016587615013123,True
456,158,checkpoint_baseline,-1,rel_ref_c,Relative refractory c,CV squared error,7,3,1.0,0.3655545115470886,2790.0,0.3655545115470886,-7322.05859375,15.435723633435119,460.0,1.096213698387146,True
789,0,grid,0,Strf_gain,STRF gain,PSTH SSE,1,6,0.0010000000474974513,8873.0,8873.0,0.007351935375481844,-37339.87109375,12.549914432401597,374.0,1.2426347732543945,True
789,0,grid,0,Strf_gain,STRF gain,PSTH SSE,2,3,0.0010000000474974513,1753.0,1753.0,0.2782684862613678,-107.22756958007812,6.50984866279655,194.0,0.6727973222732544,True
789,0,grid,0,Strf_gain,STRF gain,PSTH SSE,7,3,0.0010000000474974513,3708.0,3708.0,0.8894652128219604,971.3279418945312,3.0871447266870238,92.0,0.7577100992202759,True
789,1,grid,1,Strf_gain,STRF gain,PSTH SSE,1,6,0.0015182418283075094,7821.0,7821.0,0.01433869730681181,-65113.703125,17.381967048085635,518.0,1.2086338996887207,True
789,1,grid,1,Strf_gain,STRF gain,PSTH SSE,2,3,0.0015182418283075094,1661.0,1661.0,0.3053247034549713,-3527.571044921875,7.919197342371061,236.0,0.6477469801902771,True
789,1,grid,1,Strf_gain,STRF gain,PSTH SSE,7,3,0.0015182418283075094,3533.0,3533.0,0.6423137187957764,-903.9758911132812,4.261601959665783,127.0,0.8993799686431885,True
789,2,grid,2,Strf_gain,STRF gain,PSTH SSE,1,6,0.0023050580639392138,6994.0,6994.0,4.538558187050512e-06,-127703.6328125,23.72403610617093,707.0,1.3262478113174438,True
789,2,grid,2,Strf_gain,STRF gain,PSTH SSE,2,3,0.0023050580639392138,1615.0,1615.0,0.2667004466056824,179.1488800048828,9.19432233817657,274.0,0.6838784217834473,True
789,2,grid,2,Strf_gain,STRF gain,PSTH SSE,7,3,0.0023050580639392138,3449.0,3449.0,0.645095944404602,-445.90960693359375,6.073621690547297,181.0,0.8976460695266724,True
789,3,grid,3,Strf_gain,STRF gain,PSTH SSE,1,6,0.0034996354952454567,6608.0,6608.0,0.003952909726649523,-157327.484375,29.160095298815474,869.0,1.2655060291290283,True
789,3,grid,3,Strf_gain,STRF gain,PSTH SSE,2,3,0.0034996354952454567,1501.0,1501.0,0.31072571873664856,-8572.98046875,11.006342069058084,328.0,0.6428811550140381,True
789,3,grid,3,Strf_gain,STRF gain,PSTH SSE,7,3,0.0034996354952454567,3122.0,3122.0,0.5108659267425537,2808.0888671875,8.858763128754068,264.0,0.9860758781433105,True
789,4,grid,4,Strf_gain,STRF gain,PSTH SSE,1,6,0.0053132930770516396,5885.0,5885.0,0.02764587663114071,-146649.734375,34.42837488674876,1026.0,1.1621077060699463,True
789,4,grid,4,Strf_gain,STRF gain,PSTH SSE,2,3,0.0053132930770516396,1390.0,1390.0,0.31173020601272583,-9141.25,13.187476930304351,393.0,0.6419808864593506,True
789,4,grid,4,Strf_gain,STRF gain,PSTH SSE,7,3,0.0053132930770516396,2904.0,2904.0,0.4344644248485565,-12086.2001953125,12.147243381094594,362.0,1.0416855812072754,True
789,5,grid,5,Strf_gain,STRF gain,PSTH SSE,1,6,0.00806686282157898,5635.0,5635.0,0.022888394072651863,58654.3984375,39.93154592127781,1190.0,1.1770890951156616,True
789,5,grid,5,Strf_gain,STRF gain,PSTH SSE,2,3,0.00806686282157898,1364.0,1364.0,0.37797975540161133,-13090.6416015625,14.932384819301365,445.0,0.5855083465576172,True
789,5,grid,5,Strf_gain,STRF gain,PSTH SSE,7,3,0.00806686282157898,2930.0,2930.0,0.3388851284980774,-33896.1640625,15.972618368511123,476.0,1.118686318397522,True
789,6,grid,6,Strf_gain,STRF gain,PSTH SSE,1,6,0.012247448787093163,5066.0,5066.0,0.06739694625139236,-127326.328125,43.45491762021408,1295.0,1.0687689781188965,True
789,6,grid,6,Strf_gain,STRF gain,PSTH SSE,2,3,0.012247448787093163,1411.0,1411.0,0.3983399569988251,-39355.97265625,16.50951310358713,492.0,0.5691671371459961,True
789,6,grid,6,Strf_gain,STRF gain,PSTH SSE,7,3,0.012247448787093163,3173.0,3173.0,0.19052763283252716,46246.8515625,19.2946545417939,575.0,1.2643300294876099,True
789,7,grid,7,Strf_gain,STRF gain,PSTH SSE,1,6,0.018594589084386826,4666.0,4666.0,0.1411219984292984,-206851.234375,45.23338143015335,1348.0,0.9527161121368408,True
789,7,grid,7,Strf_gain,STRF gain,PSTH SSE,2,3,0.018594589084386826,1481.0,1481.0,0.4072977900505066,-13322.7607421875,17.851749941277138,532.0,0.5621100664138794,True
789,7,grid,7,Strf_gain,STRF gain,PSTH SSE,7,3,0.018594589084386826,4082.0,4082.0,0.13698823750019073,145620.53125,22.616690715076675,674.0,1.3307055234909058,True
789,8,grid,8,Strf_gain,STRF gain,PSTH SSE,1,6,0.028231080621480942,4681.0,4681.0,0.23302873969078064,-747038.375,46.30717090030536,1380.0,0.8456476926803589,True
789,8,grid,8,Strf_gain,STRF gain,PSTH SSE,2,3,0.028231080621480942,1406.0,1406.0,0.4097789227962494,40687.359375,18.62353612294889,555.0,0.5601691603660583,True
789,8,grid,8,Strf_gain,STRF gain,PSTH SSE,7,3,0.028231080621480942,5240.0,5240.0,0.07737177610397339,324405.09375,26.509177544377703,790.0,1.4226669073104858,True
789,9,grid,9,Strf_gain,STRF gain,PSTH SSE,1,6,0.04286160692572594,4787.0,4787.0,0.298351526260376,-2424269.75,45.904499848998356,1368.0,0.7821625471115112,True
789,9,grid,9,Strf_gain,STRF gain,PSTH SSE,2,3,0.04286160692572594,1420.0,1420.0,0.4200115501880646,224465.125,18.824871648602393,561.0,0.5522259473800659,True
789,9,grid,9,Strf_gain,STRF gain,PSTH SSE,7,3,0.04286160692572594,5969.0,5969.0,0.11195538938045502,443761.59375,28.75742424750847,857.0,1.366227388381958,True
789,10,grid,10,Strf_gain,STRF gain,PSTH SSE,1,6,0.06507427990436554,5088.0,5088.0,0.33790069818496704,-4413971.5,45.065601825442094,1343.0,0.7470859289169312,True
789,10,grid,10,Strf_gain,STRF gain,PSTH SSE,2,3,0.06507427990436554,1431.0,1431.0,0.41646721959114075,69725.71875,19.39532230462065,578.0,0.5549662113189697,True
789,10,grid,10,Strf_gain,STRF gain,PSTH SSE,7,3,0.06507427990436554,6535.0,6535.0,0.13339100778102875,899976.75,31.50900976477299,939.0,1.3355973958969116,True
789,11,grid,11,Strf_gain,STRF gain,PSTH SSE,1,6,0.0987984910607338,20616.0,20616.0,0.03696355223655701,28983036.0,47.88429918459112,1427.0,1.1361191272735596,True
789,11,grid,11,Strf_gain,STRF gain,PSTH SSE,2,3,0.0987984910607338,2613.0,2613.0,0.02186037413775921,614377.0625,16.375289419818127,488.0,1.0524563789367676,True
789,11,grid,11,Strf_gain,STRF gain,PSTH SSE,7,3,0.0987984910607338,7181.0,7181.0,0.14408361911773682,1735068.75,33.85792423073051,1009.0,1.3212412595748901,True
789,12,grid,12,Strf_gain,STRF gain,PSTH SSE,1,6,0.15000000596046448,53671.0,53671.0,1.1979831457138062,34809796.0,41.206670917083315,1228.0,2.4229023456573486,True
789,12,grid,12,Strf_gain,STRF gain,PSTH SSE,2,3,0.15000000596046448,1865.0,1865.0,0.0655275359749794,137145.609375,9.261434180061071,276.0,0.9443254470825195,True
789,12,grid,12,Strf_gain,STRF gain,PSTH SSE,7,3,0.15000000596046448,13782.0,13782.0,0.0049932729452848434,8463735.0,34.02570383544176,1014.0,1.6301616430282593,True
789,13,checkpoint_baseline,-1,Strf_gain,STRF gain,PSTH SSE,1,6,0.015168705955147743,4816.0,4816.0,0.1168418899178505,-144734.9375,44.864266299788596,1337.0,0.9865567684173584,True
789,13,checkpoint_baseline,-1,Strf_gain,STRF gain,PSTH SSE,2,3,0.014653658494353294,1467.0,1467.0,0.37645223736763,14422.09375,17.449078889970135,520.0,0.5867518782615662,True
789,13,checkpoint_baseline,-1,Strf_gain,STRF gain,PSTH SSE,7,3,0.006921572145074606,2736.0,2736.0,0.3421579599380493,-14752.19921875,14.227710479514108,424.0,1.1158820390701294,True
789,14,grid,0,Strf_alpha,STRF alpha (ms),PSTH SSE,1,6,0.10000000149011612,10939.0,10939.0,0.5557045936584473,0.0,3.2213684104560247,96.0,0.5829222202301025,True
789,14,grid,0,Strf_alpha,STRF alpha (ms),PSTH SSE,2,3,0.10000000149011612,1892.0,1892.0,0.4275224208831787,0.0,4.060266434012282,121.0,0.5464569330215454,True
789,14,grid,0,Strf_alpha,STRF alpha (ms),PSTH SSE,7,3,0.10000000149011612,3806.0,3806.0,1.111767292022705,0.0,2.483138149726519,74.0,0.6464210152626038,True
789,15,grid,1,Strf_alpha,STRF alpha (ms),PSTH SSE,1,6,0.19193831086158752,10939.0,10939.0,0.5557045936584473,0.0,3.2213684104560247,96.0,0.5829222202301025,True
789,15,grid,1,Strf_alpha,STRF alpha (ms),PSTH SSE,2,3,0.19193831086158752,1892.0,1892.0,0.4275161921977997,0.0,4.060266434012282,121.0,0.5464617013931274,True
789,15,grid,1,Strf_alpha,STRF alpha (ms),PSTH SSE,7,3,0.19193831086158752,3806.0,3806.0,1.111767292022705,0.0,2.483138149726519,74.0,0.6464210152626038,True
789,16,grid,2,Strf_alpha,STRF alpha (ms),PSTH SSE,1,6,0.3684031367301941,10939.0,10939.0,0.5557045936584473,0.0,3.2213684104560247,96.0,0.5829222202301025,True
789,16,grid,2,Strf_alpha,STRF alpha (ms),PSTH SSE,2,3,0.3684031367301941,1892.0,1892.0,0.4280787408351898,0.0,4.060266434012282,121.0,0.546031653881073,True
789,16,grid,2,Strf_alpha,STRF alpha (ms),PSTH SSE,7,3,0.3684031367301941,3806.0,3806.0,1.111767292022705,0.0,2.483138149726519,74.0,0.6464210152626038,True
789,17,grid,3,Strf_alpha,STRF alpha (ms),PSTH SSE,1,6,0.7071067690849304,10924.0,10924.0,0.5013110041618347,-7.531441951869056e-05,3.3220361732827755,99.0,0.6203449964523315,True
789,17,grid,3,Strf_alpha,STRF alpha (ms),PSTH SSE,2,3,0.7071067690849304,1868.0,1868.0,0.453595906496048,0.0003796267556026578,4.194490117781283,125.0,0.5268136262893677,True
789,17,grid,3,Strf_alpha,STRF alpha (ms),PSTH SSE,7,3,0.7071067690849304,3803.0,3803.0,1.079446792602539,7.178488203862798e-08,2.5166940706687693,75.0,0.661860466003418,True
789,18,grid,4,Strf_alpha,STRF alpha (ms),PSTH SSE,1,6,1.3572088479995728,10784.0,10784.0,0.5048220157623291,-0.009961768053472042,3.6575953827052783,109.0,0.6178699135780334,True
789,18,grid,4,Strf_alpha,STRF alpha (ms),PSTH SSE,2,3,1.3572088479995728,1868.0,1868.0,0.4036010801792145,-0.011170009151101112,4.3287138015502835,129.0,0.5650128722190857,True
789,18,grid,4,Strf_alpha,STRF alpha (ms),PSTH SSE,7,3,1.3572088479995728,3780.0,3780.0,1.1282894611358643,0.0009694467298686504,2.6844736753800205,80.0,0.6386150121688843,True
789,19,grid,5,Strf_alpha,STRF alpha (ms),PSTH SSE,1,6,2.605003595352173,10426.0,10426.0,0.26016682386398315,-0.4503317177295685,4.664273010972786,139.0,0.8183127045631409,True
789,19,grid,5,Strf_alpha,STRF alpha (ms),PSTH SSE,2,3,2.605003595352173,1811.0,1811.0,0.33337587118148804,-0.06215093657374382,4.832052615684037,144.0,0.6229218244552612,True
789,19,grid,5,Strf_alpha,STRF alpha (ms),PSTH SSE,7,3,2.605003595352173,3807.0,3807.0,1.0322545766830444,0.0012492756359279156,2.852253280091272,85.0,0.6848253607749939,True
789,20,grid,6,Strf_alpha,STRF alpha (ms),PSTH SSE,1,6,5.0,9106.0,9106.0,0.014227145351469517,-4.961844444274902,8.758095365927318,261.0,1.209100604057312,True
789,20,grid,6,Strf_alpha,STRF alpha (ms),PSTH SSE,2,3,5.0,1784.0,1784.0,0.2721836566925049,-0.8849161267280579,5.7380624811247944,171.0,0.6785966753959656,True
789,20,grid,6,Strf_alpha,STRF alpha (ms),PSTH SSE,7,3,5.0,3752.0,3752.0,0.8152928352355957,0.3134145140647888,3.1542565685715243,94.0,0.7978890538215637,True
789,21,grid,7,Strf_alpha,STRF alpha (ms),PSTH SSE,1,6,9.596915245056152,8425.0,8425.0,0.11511844396591187,-56.896060943603516,15.70417100097312,468.0,1.6676692962646484,True
789,21,grid,7,Strf_alpha,STRF alpha (ms),PSTH SSE,2,3,9.596915245056152,1639.0,1639.0,0.21394935250282288,-4.245171070098877,7.717861816717559,230.0,0.7377623319625854,True
789,21,grid,7,Strf_alpha,STRF alpha (ms),PSTH SSE,7,3,9.596915245056152,3259.0,3259.0,0.574836015701294,-0.048481035977602005,6.677628267507801,199.0,0.9426453113555908,True
789,22,grid,8,Strf_alpha,STRF alpha (ms),PSTH SSE,1,6,18.42015838623047,8192.0,8192.0,0.14194846153259277,20.526878356933594,28.086305828663466,837.0,1.7051386833190918,True
789,22,grid,8,Strf_alpha,STRF alpha (ms),PSTH SSE,2,3,18.42015838623047,1471.0,1471.0,0.1577390432357788,-3.264566659927368,11.878796013556592,354.0,0.803145170211792,True
789,22,grid,8,Strf_alpha,STRF alpha (ms),PSTH SSE,7,3,18.42015838623047,2723.0,2723.0,0.34659022092819214,-7.142787456512451,14.194154558571858,423.0,1.1121056079864502,True
789,23,grid,9,Strf_alpha,STRF alpha (ms),PSTH SSE,1,6,35.35533905029297,4291.0,4291.0,0.2654368281364441,832.1812744140625,45.56894063957585,1358.0,0.8131725788116455,True
789,23,grid,9,Strf_alpha,STRF alpha (ms),PSTH SSE,2,3,35.35533905029297,1477.0,1477.0,0.40586236119270325,1.1711292266845703,17.91886178316164,534.0,0.5632356405258179,True
789,23,grid,9,Strf_alpha,STRF alpha (ms),PSTH SSE,7,3,35.35533905029297,3920.0,3920.0,0.7134546041488647,320.4940490722656,31.40834200194624,936.0,0.8561623096466064,True
789,24,grid,10,Strf_alpha,STRF alpha (ms),PSTH SSE,1,6,67.86044311523438,4247.0,4247.0,0.34102097153663635,20.914268493652344,44.36092748565484,1322.0,0.7444081902503967,True
789,24,grid,10,Strf_alpha,STRF alpha (ms),PSTH SSE,2,3,67.86044311523438,1390.0,1390.0,0.44866085052490234,-9.998435020446777,18.086641387872888,539.0,0.5304874181747437,True
789,24,grid,10,Strf_alpha,STRF alpha (ms),PSTH SSE,7,3,67.86044311523438,4069.0,4069.0,0.7212691307067871,-78.90394592285156,32.5156873930405,969.0,0.8515490889549255,True
789,25,grid,11,Strf_alpha,STRF alpha (ms),PSTH SSE,1,6,130.25018310546875,4914.0,4914.0,0.1695595234632492,-66.54981994628906,44.19314788094359,1317.0,0.9166021347045898,True
789,25,grid,11,Strf_alpha,STRF alpha (ms),PSTH SSE,2,3,130.25018310546875,1466.0,1466.0,0.41616347432136536,-4.342905521392822,17.01285191772088,507.0,0.5552015900611877,True
789,25,grid,11,Strf_alpha,STRF alpha (ms),PSTH SSE,7,3,130.25018310546875,4017.0,4017.0,0.6350356340408325,-35.76250457763672,28.287641354316968,843.0,0.9039335250854492,True
789,26,grid,12,Strf_alpha,STRF alpha (ms),PSTH SSE,1,6,250.0,6417.0,6417.0,0.02988334931433201,-0.6355957388877869,36.57595382705278,1090.0,1.1555101871490479,True
789,26,grid,12,Strf_alpha,STRF alpha (ms),PSTH SSE,2,3,250.0,1395.0,1395.0,0.33925241231918335,0.6304670572280884,12.281467064863595,366.0,0.6178551316261292,True
789,26,grid,12,Strf_alpha,STRF alpha (ms),PSTH SSE,7,3,250.0,3653.0,3653.0,0.6120067834854126,-1.6331019401550293,16.475957182644876,491.0,0.9185160994529724,True
789,27,checkpoint_baseline,-1,Strf_alpha,STRF alpha (ms),PSTH SSE,1,6,25.937660217285156,4816.0,4816.0,0.1168418899178505,211.5982208251953,44.864266299788596,1337.0,0.9865567684173584,True
789,27,checkpoint_baseline,-1,Strf_alpha,STRF alpha (ms),PSTH SSE,2,3,29.200740814208984,1467.0,1467.0,0.37645223736763,32.010719299316406,17.449078889970135,520.0,0.5867518782615662,True
789,27,checkpoint_baseline,-1,Strf_alpha,STRF alpha (ms),PSTH SSE,7,3,18.431663513183594,2736.0,2736.0,0.3421579599380493,-6.041604995727539,14.227710479514108,424.0,1.1158820390701294,True
789,28,grid,0,output_ad,Output adaptation,PSTH SSE,1,6,0.0,986224.0,986224.0,0.00688188849017024,-56330132.0,597.0940572464011,17794.0,1.4113353490829468,True
789,28,grid,0,output_ad,Output adaptation,PSTH SSE,2,3,0.0,19050.0,19050.0,0.313517302274704,-2612377.25,95.80215429012449,2855.0,0.6403827667236328,True
789,28,grid,0,output_ad,Output adaptation,PSTH SSE,7,3,0.0,17179.0,17179.0,0.06405468285083771,-1610434.625,73.31968725881681,2185.0,1.4477344751358032,True
789,29,grid,1,output_ad,Output adaptation,PSTH SSE,1,6,0.0002500000118743628,250949.0,250949.0,0.046023525297641754,-17971880.0,318.1101305325324,9480.0,1.5429091453552246,True
789,29,grid,1,output_ad,Output adaptation,PSTH SSE,2,3,0.0002500000118743628,8804.0,8804.0,0.33483797311782837,-1541565.375,68.82319385255528,2051.0,0.6216570734977722,True
789,29,grid,1,output_ad,Output adaptation,PSTH SSE,7,3,0.0002500000118743628,8796.0,8796.0,0.023742713034152985,-665745.25,49.99832220395288,1490.0,1.5467380285263062,True
789,30,grid,2,output_ad,Output adaptation,PSTH SSE,1,6,0.0005000000237487257,112880.0,112880.0,0.03543539345264435,-9126877.0,224.48911110365424,6690.0,1.5166211128234863,True
789,30,grid,2,output_ad,Output adaptation,PSTH SSE,2,3,0.0005000000237487257,5005.0,5005.0,0.3471362888813019,-915747.5625,53.21969061440891,1586.0,0.611126184463501,True
789,30,grid,2,output_ad,Output adaptation,PSTH SSE,7,3,0.0005000000237487257,6340.0,6340.0,0.02536102570593357,-392923.90625,40.19999328881581,1198.0,1.5415732860565186,True
789,31,grid,3,output_ad,Output adaptation,PSTH SSE,1,6,0.0010000000474974513,40170.0,40170.0,0.008049787022173405,-3632418.5,147.3440488574209,4391.0,1.4180988073349,True
789,31,grid,3,output_ad,Output adaptation,PSTH SSE,2,3,0.0010000000474974513,2531.0,2531.0,0.3483703136444092,-363058.96875,37.24707224589778,1110.0,0.6100798845291138,True
789,31,grid,3,output_ad,Output adaptation,PSTH SSE,7,3,0.0010000000474974513,4144.0,4144.0,0.05726894736289978,-203135.5625,30.200328848025233,900.0,1.4615154266357422,True
789,32,grid,4,output_ad,Output adaptation,PSTH SSE,1,6,0.0020000000949949026,12040.0,12040.0,0.003481480060145259,-1105296.125,91.54055233045871,2728.0,1.269374132156372,True
789,32,grid,4,output_ad,Output adaptation,PSTH SSE,2,3,0.0020000000949949026,1620.0,1620.0,0.35606056451797485,-93912.484375,24.79782557632294,739.0,0.603600800037384,True
789,32,grid,4,output_ad,Output adaptation,PSTH SSE,7,3,0.0020000000949949026,3138.0,3138.0,0.13745923340320587,-71409.3984375,21.878460454347167,652.0,1.3300697803497314,True
789,33,grid,5,output_ad,Output adaptation,PSTH SSE,1,6,0.0035000001080334187,5336.0,5336.0,0.045798443257808685,-278280.25,60.97110835206872,1817.0,1.1143724918365479,True
789,33,grid,5,output_ad,Output adaptation,PSTH SSE,2,3,0.0035000001080334187,1428.0,1428.0,0.36296913027763367,-25351.673828125,18.15375322975739,541.0,0.5978397130966187,True
789,33,grid,5,output_ad,Output adaptation,PSTH SSE,7,3,0.0035000001080334187,2979.0,2979.0,0.28049713373184204,-16187.7021484375,15.939062447568872,475.0,1.171204924583435,True
789,34,grid,6,output_ad,Output adaptation,PSTH SSE,1,6,0.004999999888241291,4902.0,4902.0,0.10951351374387741,-39749.953125,46.47495050501661,1385.0,0.9974499344825745,True
789,34,grid,6,output_ad,Output adaptation,PSTH SSE,2,3,0.004999999888241291,1471.0,1471.0,0.402009516954422,-9377.7099609375,15.100164424012616,450.0,0.5662667155265808,True
789,34,grid,6,output_ad,Output adaptation,PSTH SSE,7,3,0.004999999888241291,2841.0,2841.0,0.397689551115036,9043.5751953125,13.05325324653535,389.0,1.0701984167099,True
789,35,grid,7,output_ad,Output adaptation,PSTH SSE,1,6,0.007499999832361937,5132.0,5132.0,0.20836247503757477,98720.9609375,33.92503607261501,1011.0,0.871910810470581,True
789,35,grid,7,output_ad,Output adaptation,PSTH SSE,2,3,0.007499999832361937,1509.0,1509.0,0.46281564235687256,11136.82421875,11.945907855441092,356.0,0.5200033783912659,True
789,35,grid,7,output_ad,Output adaptation,PSTH SSE,7,3,0.007499999832361937,2916.0,2916.0,0.6171753406524658,6068.50146484375,10.53655917586658,314.0,0.9152196645736694,True
789,36,grid,8,output_ad,Output adaptation,PSTH SSE,1,6,0.009999999776482582,5785.0,5785.0,0.34307861328125,125556.953125,27.24740780510721,812.0,0.7426490783691406,True
789,36,grid,8,output_ad,Output adaptation,PSTH SSE,2,3,0.009999999776482582,1542.0,1542.0,0.5476692914962769,16229.513671875,10.100332203617327,301.0,0.46026211977005005,True
789,36,grid,8,output_ad,Output adaptation,PSTH SSE,7,3,0.009999999776482582,2948.0,2948.0,0.7449337840080261,12065.5869140625,8.925874970638569,266.0,0.837729275226593,True
789,37,grid,9,output_ad,Output adaptation,PSTH SSE,1,6,0.014999999664723873,6708.0,6708.0,0.49598413705825806,148344.125,19.831549276869904,591.0,0.6241167783737183,True
789,37,grid,9,output_ad,Output adaptation,PSTH SSE,2,3,0.014999999664723873,1590.0,1590.0,0.6935235261917114,20313.013671875,8.019865105197812,239.0,0.36752834916114807,True
789,37,grid,9,output_ad,Output adaptation,PSTH SSE,7,3,0.014999999664723873,3019.0,3019.0,1.0721379518508911,16287.5732421875,6.946075635045803,207.0,0.6653838157653809,True
789,38,grid,10,output_ad,Output adaptation,PSTH SSE,1,6,0.02500000037252903,8091.0,8091.0,0.7802760601043701,106973.4375,13.690815744438105,408.0,0.4450457990169525,True
789,38,grid,10,output_ad,Output adaptation,PSTH SSE,2,3,0.02500000037252903,1745.0,1745.0,0.8656625747680664,15943.7939453125,6.241401295258548,186.0,0.26989904046058655,True
789,38,grid,10,output_ad,Output adaptation,PSTH SSE,7,3,0.02500000037252903,3383.0,3383.0,1.5752712488174438,25133.263671875,5.335391429817791,159.0,0.4457266926765442,True
789,39,checkpoint_baseline,-1,output_ad,Output adaptation,PSTH SSE,1,6,0.005254278425127268,4816.0,4816.0,0.1168418899178505,-6297.466796875,44.864266299788596,1337.0,0.9865567684173584,True
789,39,checkpoint_baseline,-1,output_ad,Output adaptation,PSTH SSE,2,3,0.0037855682894587517,1467.0,1467.0,0.37645223736763,-18511.23828125,17.449078889970135,520.0,0.5867518782615662,True
789,39,checkpoint_baseline,-1,output_ad,Output adaptation,PSTH SSE,7,3,0.004300237167626619,2736.0,2736.0,0.3421579599380493,582.1868286132812,14.227710479514108,424.0,1.1158820390701294,True
789,40,grid,0,on_ron_gSYN,on -> ron gSYN,PSTH SSE,1,6,0.0010000000474974513,10176.0,10176.0,0.21909993886947632,-343537.21875,6.073621690547297,181.0,0.8602970838546753,True
789,40,grid,0,on_ron_gSYN,on -> ron gSYN,PSTH SSE,2,3,0.0010000000474974513,1666.0,1666.0,0.15681663155555725,-55222.234375,8.690983524042817,259.0,0.8043081164360046,True
789,40,grid,0,on_ron_gSYN,on -> ron gSYN,PSTH SSE,7,3,0.0010000000474974513,3785.0,3785.0,0.7947174310684204,-7758.8955078125,5.805174323009295,173.0,0.8093554973602295,True
789,41,grid,1,on_ron_gSYN,on -> ron gSYN,PSTH SSE,1,6,0.0015182418283075094,10025.0,10025.0,0.16191814839839935,-546400.5625,6.845407872219052,204.0,0.9259876608848572,True
789,41,grid,1,on_ron_gSYN,on -> ron gSYN,PSTH SSE,2,3,0.0015182418283075094,1642.0,1642.0,0.15700632333755493,-147168.84375,9.496325626656823,283.0,0.8040686845779419,True
789,41,grid,1,on_ron_gSYN,on -> ron gSYN,PSTH SSE,7,3,0.0015182418283075094,3786.0,3786.0,0.8094730377197266,-23276.716796875,5.838730243951545,174.0,0.8011175394058228,True
789,42,grid,2,on_ron_gSYN,on -> ron gSYN,PSTH SSE,1,6,0.0023050580639392138,9687.0,9687.0,0.234328955411911,-1025273.6875,7.986309184255561,238.0,0.8443028330802917,True
789,42,grid,2,on_ron_gSYN,on -> ron gSYN,PSTH SSE,2,3,0.0023050580639392138,1549.0,1549.0,0.23325766623020172,-128615.375,10.737894701520082,320.0,0.7173413634300232,True
789,42,grid,2,on_ron_gSYN,on -> ron gSYN,PSTH SSE,7,3,0.0023050580639392138,3774.0,3774.0,0.8640279769897461,-16177.3935546875,6.040065769605047,180.0,0.7712936997413635,True
789,43,grid,3,on_ron_gSYN,on -> ron gSYN,PSTH SSE,1,6,0.0034996354952454567,9082.0,9082.0,0.35149043798446655,-1393031.25,10.36877957115533,309.0,0.7355118989944458,True
789,43,grid,3,on_ron_gSYN,on -> ron gSYN,PSTH SSE,2,3,0.0034996354952454567,1486.0,1486.0,0.32237401604652405,-149135.46875,13.523036139726853,403.0,0.6325290203094482,True
789,43,grid,3,on_ron_gSYN,on -> ron gSYN,PSTH SSE,7,3,0.0034996354952454567,3638.0,3638.0,0.9269216656684875,-80012.4296875,6.4427368209120495,192.0,0.738057017326355,True
789,44,grid,4,on_ron_gSYN,on -> ron gSYN,PSTH SSE,1,6,0.0053132930770516396,8230.0,8230.0,0.42618289589881897,-1873766.0,14.127042716687358,421.0,0.6755513548851013,True
789,44,grid,4,on_ron_gSYN,on -> ron gSYN,PSTH SSE,2,3,0.0053132930770516396,1465.0,1465.0,0.37886500358581543,98238.1953125,18.455756518237642,550.0,0.5847887992858887,True
789,44,grid,4,on_ron_gSYN,on -> ron gSYN,PSTH SSE,7,3,0.0053132930770516396,3449.0,3449.0,0.9650948643684387,-137178.796875,7.684305895775309,229.0,0.7184323072433472,True
789,45,grid,5,on_ron_gSYN,on -> ron gSYN,PSTH SSE,1,6,0.00806686282157898,6594.0,6594.0,0.37300634384155273,-1791679.625,21.173786114559913,631.0,0.7176357507705688,True
789,45,grid,5,on_ron_gSYN,on -> ron gSYN,PSTH SSE,2,3,0.00806686282157898,1667.0,1667.0,0.38627249002456665,774280.875,26.911848595684706,802.0,0.5788006782531738,True
789,45,grid,5,on_ron_gSYN,on -> ron gSYN,PSTH SSE,7,3,0.00806686282157898,3076.0,3076.0,0.721183180809021,-143224.90625,10.066776282675077,300.0,0.8515996932983398,True
789,46,grid,6,on_ron_gSYN,on -> ron gSYN,PSTH SSE,1,6,0.012247448787093163,5236.0,5236.0,0.23422838747501373,-1011693.375,32.6499110768095,973.0,0.8444067239761353,True
789,46,grid,6,on_ron_gSYN,on -> ron gSYN,PSTH SSE,2,3,0.012247448787093163,2860.0,2860.0,0.31657537817955017,2160242.75,39.897990000335554,1189.0,0.6376585960388184,True
789,46,grid,6,on_ron_gSYN,on -> ron gSYN,PSTH SSE,7,3,0.012247448787093163,2889.0,2889.0,0.2803472876548767,75806.46875,14.999496661185866,447.0,1.1713464260101318,True
789,47,grid,7,on_ron_gSYN,on -> ron gSYN,PSTH SSE,1,6,0.018594589084386826,4956.0,4956.0,0.08002295345067978,846561.375,51.17277943693164,1525.0,1.0454949140548706,True
789,47,grid,7,on_ron_gSYN,on -> ron gSYN,PSTH SSE,2,3,0.018594589084386826,6193.0,6193.0,0.25330257415771484,4074002.75,57.85040770443945,1724.0,0.6970171928405762,True
789,47,grid,7,on_ron_gSYN,on -> ron gSYN,PSTH SSE,7,3,0.018594589084386826,3887.0,3887.0,0.0048752715811133385,742676.375,24.395154525015936,727.0,1.631001591682434,True
789,48,grid,8,on_ron_gSYN,on -> ron gSYN,PSTH SSE,1,6,0.028231080621480942,10017.0,10017.0,6.621444867960236e-07,5180269.0,80.73554578705412,2406.0,1.3275644779205322,True
789,48,grid,8,on_ron_gSYN,on -> ron gSYN,PSTH SSE,2,3,0.028231080621480942,13776.0,13776.0,0.19411972165107727,6543731.5,82.04422670380188,2445.0,0.7597187161445618,True
789,48,grid,8,on_ron_gSYN,on -> ron gSYN,PSTH SSE,7,3,0.028231080621480942,9702.0,9702.0,0.2854345440864563,2626774.5,39.79732223750881,1186.0,2.2350854873657227,True
789,49,grid,9,on_ron_gSYN,on -> ron gSYN,PSTH SSE,1,6,0.04286160692572594,32366.0,32366.0,0.09667636454105377,13957013.0,126.20381866380322,3761.0,1.6393064260482788,True
789,49,grid,9,on_ron_gSYN,on -> ron gSYN,PSTH SSE,2,3,0.04286160692572594,27066.0,27066.0,0.149336040019989,8751119.0,110.36542397906109,3289.0,0.8138687014579773,True
789,49,grid,9,on_ron_gSYN,on -> ron gSYN,PSTH SSE,7,3,0.04286160692572594,28016.0,28016.0,1.726276159286499,6013573.5,64.8300392604275,1932.0,3.0147030353546143,True
789,50,grid,10,on_ron_gSYN,on -> ron gSYN,PSTH SSE,1,6,0.06507427990436554,96092.0,96092.0,0.47244253754615784,29569456.0,195.73168685614576,5833.0,2.0157227516174316,True
789,50,grid,10,on_ron_gSYN,on -> ron gSYN,PSTH SSE,2,3,0.06507427990436554,48830.0,48830.0,0.11503433436155319,12699279.0,142.64621992550585,4251.0,0.8611418008804321,True
789,50,grid,10,on_ron_gSYN,on -> ron gSYN,PSTH SSE,7,3,0.06507427990436554,75593.0,75593.0,4.67634916305542,11738214.0,102.64756216234353,3059.0,3.863311529159546,True
789,51,grid,11,on_ron_gSYN,on -> ron gSYN,PSTH SSE,1,6,0.0987984910607338,273086.0,273086.0,1.3309706449508667,56289204.0,302.67440689909733,9020.0,2.482055187225342,True
789,51,grid,11,on_ron_gSYN,on -> ron gSYN,PSTH SSE,2,3,0.0987984910607338,76939.0,76939.0,0.08834174275398254,33563512.0,174.69212442535485,5206.0,0.9030855298042297,True
789,51,grid,11,on_ron_gSYN,on -> ron gSYN,PSTH SSE,7,3,0.0987984910607338,205997.0,205997.0,10.517695426940918,21689286.0,163.182443542163,4863.0,4.943924427032471,True
789,52,grid,12,on_ron_gSYN,on -> ron gSYN,PSTH SSE,1,6,0.15000000596046448,705168.0,705168.0,3.0237598419189453,97296160.0,465.4877353108956,13872.0,3.067274332046509,True
789,52,grid,12,on_ron_gSYN,on -> ron gSYN,PSTH SSE,2,3,0.15000000596046448,105368.0,105368.0,0.07440698146820068,69569176.0,201.9730881514043,6019.0,0.9275324940681458,True
789,52,grid,12,on_ron_gSYN,on -> ron gSYN,PSTH SSE,7,3,0.15000000596046448,493092.0,493092.0,18.57465362548828,33012780.0,249.99161101976443,7450.0,6.010656833648682,True
789,53,checkpoint_baseline,-1,on_ron_gSYN,on -> ron gSYN,PSTH SSE,1,6,0.016436368227005005,4816.0,4816.0,0.1168418899178505,1418.96875,44.864266299788596,1337.0,0.9865567684173584,True
789,53,checkpoint_baseline,-1,on_ron_gSYN,on -> ron gSYN,PSTH SSE,2,3,0.004957615397870541,1467.0,1467.0,0.37645223736763,16222.9306640625,17.449078889970135,520.0,0.5867518782615662,True
789,53,checkpoint_baseline,-1,on_ron_gSYN,on -> ron gSYN,PSTH SSE,7,3,0.011607290245592594,2736.0,2736.0,0.3421579599380493,7812.35400390625,14.227710479514108,424.0,1.1158820390701294,True
789,54,grid,0,off_ron_gSYN,off -> ron gSYN,PSTH SSE,1,6,0.0010000000474974513,4816.0,4816.0,0.1168418899178505,128369.0,44.864266299788596,1337.0,0.9865567684173584,True
789,54,grid,0,off_ron_gSYN,off -> ron gSYN,PSTH SSE,2,3,0.0010000000474974513,1441.0,1441.0,0.4000794589519501,-48079.15234375,16.64373678735613,496.0,0.5677905678749084,True
789,54,grid,0,off_ron_gSYN,off -> ron gSYN,PSTH SSE,7,3,0.0010000000474974513,2756.0,2756.0,0.18584074079990387,2925.709228515625,10.939230227173583,326.0,1.2697322368621826,True
789,55,grid,1,off_ron_gSYN,off -> ron gSYN,PSTH SSE,1,6,0.0015182418283075094,4774.0,4774.0,0.10809679329395294,332741.5625,45.6024965605181,1359.0,0.999597430229187,True
789,55,grid,1,off_ron_gSYN,off -> ron gSYN,PSTH SSE,2,3,0.0015182418283075094,1493.0,1493.0,0.36933159828186035,193914.59375,17.650414415623636,526.0,0.5925823450088501,True
789,55,grid,1,off_ron_gSYN,off -> ron gSYN,PSTH SSE,7,3,0.0015182418283075094,2757.0,2757.0,0.2283180207014084,6135.61865234375,11.57679272507634,345.0,1.2229983806610107,True
789,56,grid,2,off_ron_gSYN,off -> ron gSYN,PSTH SSE,1,6,0.0023050580639392138,4895.0,4895.0,0.09036891907453537,465860.6875,46.97828931915036,1400.0,1.0277639627456665,True
789,56,grid,2,off_ron_gSYN,off -> ron gSYN,PSTH SSE,2,3,0.0023050580639392138,1494.0,1494.0,0.3494945168495178,249826.0,19.1604308580249,571.0,0.6091282963752747,True
789,56,grid,2,off_ron_gSYN,off -> ron gSYN,PSTH SSE,7,3,0.0023050580639392138,2840.0,2840.0,0.30795586109161377,30141.732421875,12.751249958055098,380.0,1.145887017250061,True
789,57,grid,3,off_ron_gSYN,off -> ron gSYN,PSTH SSE,1,6,0.0034996354952454567,5263.0,5263.0,0.07636874169111252,786447.125,48.99164457568538,1460.0,1.0520292520523071,True
789,57,grid,3,off_ron_gSYN,off -> ron gSYN,PSTH SSE,2,3,0.0034996354952454567,1657.0,1657.0,0.285895973443985,547775.25,21.744236770578166,648.0,0.665616512298584,True
789,57,grid,3,off_ron_gSYN,off -> ron gSYN,PSTH SSE,7,3,0.0034996354952454567,2736.0,2736.0,0.342178612947464,21894.1328125,14.227710479514108,424.0,1.1158643960952759,True
789,58,grid,4,off_ron_gSYN,off -> ron gSYN,PSTH SSE,1,6,0.0053132930770516396,6505.0,6505.0,0.06430745869874954,1925018.25,52.414348511794906,1562.0,1.074789047241211,True
789,58,grid,4,off_ron_gSYN,off -> ron gSYN,PSTH SSE,2,3,0.0053132930770516396,2023.0,2023.0,0.21455730497837067,828564.6875,25.67027952082145,765.0,0.7371056079864502,True
789,58,grid,4,off_ron_gSYN,off -> ron gSYN,PSTH SSE,7,3,0.0053132930770516396,3086.0,3086.0,0.5145925879478455,252732.875,17.650414415623636,526.0,0.9834736585617065,True
789,59,grid,5,off_ron_gSYN,off -> ron gSYN,PSTH SSE,1,6,0.00806686282157898,8726.0,8726.0,0.03232462331652641,3694139.25,58.1524109929197,1733.0,1.148587703704834,True
789,59,grid,5,off_ron_gSYN,off -> ron gSYN,PSTH SSE,2,3,0.00806686282157898,2598.0,2598.0,0.14279219508171082,1368344.25,31.911680816079997,951.0,0.8224303722381592,True
789,59,grid,5,off_ron_gSYN,off -> ron gSYN,PSTH SSE,7,3,0.00806686282157898,3714.0,3714.0,0.5917405486106873,859278.25,24.294486762189187,724.0,0.9315779805183411,True
789,60,grid,6,off_ron_gSYN,off -> ron gSYN,PSTH SSE,1,6,0.012247448787093163,14415.0,14415.0,0.011132988147437572,6929787.0,67.58162477769201,2014.0,1.2228652238845825,True
789,60,grid,6,off_ron_gSYN,off -> ron gSYN,PSTH SSE,2,3,0.012247448787093163,4110.0,4110.0,0.06236789748072624,2264742.75,41.30733867991007,1231.0,0.9505732655525208,True
789,60,grid,6,off_ron_gSYN,off -> ron gSYN,PSTH SSE,7,3,0.012247448787093163,5775.0,5775.0,0.4375733733177185,2343553.25,35.66994396161203,1063.0,1.0393314361572266,True
789,61,grid,7,off_ron_gSYN,off -> ron gSYN,PSTH SSE,1,6,0.018594589084386826,28693.0,28693.0,0.002827717224135995,12123887.0,83.75557867185664,2496.0,1.3815544843673706,True
789,61,grid,7,off_ron_gSYN,off -> ron gSYN,PSTH SSE,2,3,0.018594589084386826,7151.0,7151.0,0.014211878180503845,3158696.0,53.95792087513841,1608.0,1.0810953378677368,True
789,61,grid,7,off_ron_gSYN,off -> ron gSYN,PSTH SSE,7,3,0.018594589084386826,12637.0,12637.0,0.14723585546016693,5270280.0,55.065266266232676,1641.0,1.3171114921569824,True
789,62,grid,8,off_ron_gSYN,off -> ron gSYN,PSTH SSE,1,6,0.028231080621480942,62635.0,62635.0,0.1092676892876625,20080664.0,110.53320358377235,3294.0,1.6589348316192627,True
789,62,grid,8,off_ron_gSYN,off -> ron gSYN,PSTH SSE,2,3,0.028231080621480942,12876.0,12876.0,0.0002813530445564538,5313360.0,70.2996543740143,2095.0,1.2170825004577637,True
789,62,grid,8,off_ron_gSYN,off -> ron gSYN,PSTH SSE,7,3,0.028231080621480942,32655.0,32655.0,8.711368536751252e-06,10746544.0,86.80916747760142,2587.0,1.703776240348816,True
789,63,grid,9,off_ron_gSYN,off -> ron gSYN,PSTH SSE,1,6,0.04286160692572594,146609.0,146609.0,0.49027448892593384,40906528.0,154.4243481762357,4602.0,2.028574228286743,True
789,63,grid,9,off_ron_gSYN,off -> ron gSYN,PSTH SSE,2,3,0.04286160692572594,21778.0,21778.0,0.02409370243549347,7107226.0,89.59430891580818,2670.0,1.3555303812026978,True
789,63,grid,9,off_ron_gSYN,off -> ron gSYN,PSTH SSE,7,3,0.04286160692572594,82302.0,82302.0,0.19242440164089203,20199166.0,136.37126270930506,4064.0,2.139486789703369,True
789,64,grid,10,off_ron_gSYN,off -> ron gSYN,PSTH SSE,1,6,0.06507427990436554,329525.0,329525.0,1.2807687520980835,54351840.0,223.54954531727122,6662.0,2.4600887298583984,True
789,64,grid,10,off_ron_gSYN,off -> ron gSYN,PSTH SSE,2,3,0.06507427990436554,34608.0,34608.0,0.06402584165334702,11394222.0,111.23787792355961,3315.0,1.4533421993255615,True
789,64,grid,10,off_ron_gSYN,off -> ron gSYN,PSTH SSE,7,3,0.06507427990436554,209635.0,209635.0,0.8237622976303101,37769816.0,213.1136539042314,6351.0,2.60843825340271,True
789,65,grid,11,off_ron_gSYN,off -> ron gSYN,PSTH SSE,1,6,0.0987984910607338,692246.0,692246.0,2.694878339767456,72844336.0,330.0224824670313,9835.0,2.9699866771698,True
789,65,grid,11,off_ron_gSYN,off -> ron gSYN,PSTH SSE,2,3,0.0987984910607338,50498.0,50498.0,0.08737657219171524,24838528.0,132.51233180094627,3949.0,1.4959042072296143,True
789,65,grid,11,off_ron_gSYN,off -> ron gSYN,PSTH SSE,7,3,0.0987984910607338,501264.0,501264.0,2.24965238571167,60564276.0,331.12982785812557,9868.0,3.2007088661193848,True
789,66,grid,12,off_ron_gSYN,off -> ron gSYN,PSTH SSE,1,6,0.15000000596046448,1291624.0,1291624.0,5.172402858734131,99204800.0,492.1646924599845,14667.0,3.6026699542999268,True
789,66,grid,12,off_ron_gSYN,off -> ron gSYN,PSTH SSE,2,3,0.15000000596046448,65836.0,65836.0,0.12410247325897217,36619196.0,150.36408174222342,4481.0,1.5525907278060913,True
789,66,grid,12,off_ron_gSYN,off -> ron gSYN,PSTH SSE,7,3,0.15000000596046448,1151507.0,1151507.0,4.791989803314209,92772104.0,510.95600818764467,15227.0,3.8898861408233643,True
789,67,checkpoint_baseline,-1,off_ron_gSYN,off -> ron gSYN,PSTH SSE,1,6,0.0010000000474974513,4816.0,4816.0,0.1168418899178505,128369.0,44.864266299788596,1337.0,0.9865567684173584,True
789,67,checkpoint_baseline,-1,off_ron_gSYN,off -> ron gSYN,PSTH SSE,2,3,0.0013098177732899785,1467.0,1467.0,0.37645223736763,176365.25,17.449078889970135,520.0,0.5867518782615662,True
789,67,checkpoint_baseline,-1,off_ron_gSYN,off -> ron gSYN,PSTH SSE,7,3,0.0034952524583786726,2736.0,2736.0,0.3421579599380493,23087.744140625,14.227710479514108,424.0,1.1158820390701294,True
789,68,grid,0,on_sonoff_gSYN,on -> sonoff gSYN,PSTH SSE,1,6,0.0010000000474974513,4895.0,4895.0,0.11268822848796844,-92.85523986816406,44.96493406261535,1340.0,0.9926875233650208,True
789,68,grid,0,on_sonoff_gSYN,on -> sonoff gSYN,PSTH SSE,2,3,0.0010000000474974513,1467.0,1467.0,0.37645223736763,-45.038307189941406,17.449078889970135,520.0,0.5867518782615662,True
789,68,grid,0,on_sonoff_gSYN,on -> sonoff gSYN,PSTH SSE,7,3,0.0010000000474974513,3111.0,3111.0,0.1554848849773407,-1398.8436279296875,17.616858494681384,525.0,1.306509017944336,True
789,69,grid,1,on_sonoff_gSYN,on -> sonoff gSYN,PSTH SSE,1,6,0.0015182418283075094,4895.0,4895.0,0.11268822848796844,-1577.191162109375,44.96493406261535,1340.0,0.9926875233650208,True
789,69,grid,1,on_sonoff_gSYN,on -> sonoff gSYN,PSTH SSE,2,3,0.0015182418283075094,1467.0,1467.0,0.37645223736763,-298.5268249511719,17.449078889970135,520.0,0.5867518782615662,True
789,69,grid,1,on_sonoff_gSYN,on -> sonoff gSYN,PSTH SSE,7,3,0.0015182418283075094,3111.0,3111.0,0.1554848849773407,-1800.531982421875,17.616858494681384,525.0,1.306509017944336,True
789,70,grid,2,on_sonoff_gSYN,on -> sonoff gSYN,PSTH SSE,1,6,0.0023050580639392138,4895.0,4895.0,0.11268822848796844,-12060.6728515625,44.96493406261535,1340.0,0.9926875233650208,True
789,70,grid,2,on_sonoff_gSYN,on -> sonoff gSYN,PSTH SSE,2,3,0.0023050580639392138,1467.0,1467.0,0.37645223736763,-1892.692626953125,17.449078889970135,520.0,0.5867518782615662,True
789,70,grid,2,on_sonoff_gSYN,on -> sonoff gSYN,PSTH SSE,7,3,0.0023050580639392138,3111.0,3111.0,0.1554848849773407,-986.8594360351562,17.616858494681384,525.0,1.306509017944336,True
789,71,grid,3,on_sonoff_gSYN,on -> sonoff gSYN,PSTH SSE,1,6,0.0034996354952454567,4895.0,4895.0,0.11269359290599823,-38516.01953125,44.96493406261535,1340.0,0.9926795363426208,True
789,71,grid,3,on_sonoff_gSYN,on -> sonoff gSYN,PSTH SSE,2,3,0.0034996354952454567,1461.0,1461.0,0.38105544447898865,-6509.68212890625,17.449078889970135,520.0,0.583012044429779,True
789,71,grid,3,on_sonoff_gSYN,on -> sonoff gSYN,PSTH SSE,7,3,0.0034996354952454567,3121.0,3121.0,0.15581025183200836,-26665.025390625,17.616858494681384,525.0,1.3060966730117798,True
789,72,grid,4,on_sonoff_gSYN,on -> sonoff gSYN,PSTH SSE,1,6,0.0053132930770516396,4816.0,4816.0,0.1168418899178505,6552.04541015625,44.864266299788596,1337.0,0.9865567684173584,True
789,72,grid,4,on_sonoff_gSYN,on -> sonoff gSYN,PSTH SSE,2,3,0.0053132930770516396,1443.0,1443.0,0.3786170482635498,9592.4130859375,17.381967048085635,518.0,0.5849902629852295,True
789,72,grid,4,on_sonoff_gSYN,on -> sonoff gSYN,PSTH SSE,7,3,0.0053132930770516396,3081.0,3081.0,0.16188529133796692,-84404.015625,17.549746652796884,523.0,1.2984750270843506,True
789,73,grid,5,on_sonoff_gSYN,on -> sonoff gSYN,PSTH SSE,1,6,0.00806686282157898,4774.0,4774.0,0.12169250845909119,132990.34375,44.66293077413509,1331.0,0.9795336723327637,True
789,73,grid,5,on_sonoff_gSYN,on -> sonoff gSYN,PSTH SSE,2,3,0.00806686282157898,1480.0,1480.0,0.38354602456092834,38692.37890625,17.281299285258882,515.0,0.5809980034828186,True
789,73,grid,5,on_sonoff_gSYN,on -> sonoff gSYN,PSTH SSE,7,3,0.00806686282157898,3083.0,3083.0,0.1781252920627594,-113560.265625,17.21418744337438,513.0,1.2787758111953735,True
789,74,grid,6,on_sonoff_gSYN,on -> sonoff gSYN,PSTH SSE,1,6,0.012247448787093163,4792.0,4792.0,0.11392876505851746,263089.65625,43.65625314586759,1301.0,0.9908448457717896,True
789,74,grid,6,on_sonoff_gSYN,on -> sonoff gSYN,PSTH SSE,2,3,0.012247448787093163,1453.0,1453.0,0.40314042568206787,82268.3046875,16.91218415489413,504.0,0.5653755068778992,True
789,74,grid,6,on_sonoff_gSYN,on -> sonoff gSYN,PSTH SSE,7,3,0.012247448787093163,2984.0,2984.0,0.240019291639328,-72300.3203125,16.173953894164626,482.0,1.2109071016311646,True
789,75,grid,7,on_sonoff_gSYN,on -> sonoff gSYN,PSTH SSE,1,6,0.018594589084386826,4475.0,4475.0,0.12544016540050507,630445.75,41.13955907519882,1226.0,0.9742028713226318,True
789,75,grid,7,on_sonoff_gSYN,on -> sonoff gSYN,PSTH SSE,2,3,0.018594589084386826,1427.0,1427.0,0.4176308214664459,240817.5,15.234388107781617,454.0,0.5540652871131897,True
789,75,grid,7,on_sonoff_gSYN,on -> sonoff gSYN,PSTH SSE,7,3,0.018594589084386826,2965.0,2965.0,0.3059760332107544,34148.640625,15.267944028723868,455.0,1.1476737260818481,True
789,76,grid,8,on_sonoff_gSYN,on -> sonoff gSYN,PSTH SSE,1,6,0.028231080621480942,4748.0,4748.0,0.1293892115354538,1185399.5,37.88463474380054,1129.0,0.9686710834503174,True
789,76,grid,8,on_sonoff_gSYN,on -> sonoff gSYN,PSTH SSE,2,3,0.028231080621480942,1468.0,1468.0,0.2976050078868866,401374.5625,12.583470353343847,375.0,0.6547770500183105,True
789,76,grid,8,on_sonoff_gSYN,on -> sonoff gSYN,PSTH SSE,7,3,0.028231080621480942,2780.0,2780.0,0.35756656527519226,91380.4296875,14.227710479514108,424.0,1.1028560400009155,True
789,77,grid,9,on_sonoff_gSYN,on -> sonoff gSYN,PSTH SSE,1,6,0.04286160692572594,4931.0,4931.0,0.14478252828121185,1270080.375,36.44173014328378,1086.0,0.9478752017021179,True
789,77,grid,9,on_sonoff_gSYN,on -> sonoff gSYN,PSTH SSE,2,3,0.04286160692572594,1425.0,1425.0,0.2512834966182709,437469.90625,11.811684171672091,352.0,0.6990270614624023,True
789,77,grid,9,on_sonoff_gSYN,on -> sonoff gSYN,PSTH SSE,7,3,0.04286160692572594,2925.0,2925.0,0.38434162735939026,113152.328125,13.590147981611354,405.0,1.080871820449829,True
789,78,grid,10,on_sonoff_gSYN,on -> sonoff gSYN,PSTH SSE,1,6,0.06507427990436554,5000.0,5000.0,0.1510976105928421,1315801.625,35.737055803496524,1065.0,0.9396654367446899,True
789,78,grid,10,on_sonoff_gSYN,on -> sonoff gSYN,PSTH SSE,2,3,0.06507427990436554,1510.0,1510.0,0.2667865455150604,439109.03125,11.57679272507634,345.0,0.6837950944900513,True
789,78,grid,10,on_sonoff_gSYN,on -> sonoff gSYN,PSTH SSE,7,3,0.06507427990436554,2899.0,2899.0,0.3688693642616272,116036.1796875,13.321700614073352,397.0,1.0934785604476929,True
789,79,grid,11,on_sonoff_gSYN,on -> sonoff gSYN,PSTH SSE,1,6,0.0987984910607338,5064.0,5064.0,0.1641129106283188,1317819.75,35.401496594074025,1055.0,0.9232696890830994,True
789,79,grid,11,on_sonoff_gSYN,on -> sonoff gSYN,PSTH SSE,2,3,0.0987984910607338,1473.0,1473.0,0.2586196959018707,428640.09375,11.54323680413409,344.0,0.6917622685432434,True
789,79,grid,11,on_sonoff_gSYN,on -> sonoff gSYN,PSTH SSE,7,3,0.0987984910607338,2809.0,2809.0,0.36051592230796814,152083.28125,13.187476930304351,393.0,1.1003949642181396,True
789,80,grid,12,on_sonoff_gSYN,on -> sonoff gSYN,PSTH SSE,1,6,0.15000000596046448,5059.0,5059.0,0.15410326421260834,1207567.125,35.23371698936277,1050.0,0.9358183145523071,True
789,80,grid,12,on_sonoff_gSYN,on -> sonoff gSYN,PSTH SSE,2,3,0.15000000596046448,1459.0,1459.0,0.26062631607055664,406655.1875,11.341901278480588,338.0,0.6897931694984436,True
789,80,grid,12,on_sonoff_gSYN,on -> sonoff gSYN,PSTH SSE,7,3,0.15000000596046448,2784.0,2784.0,0.34862521290779114,180748.15625,13.1539210093621,392.0,1.1103798151016235,True
789,81,checkpoint_baseline,-1,on_sonoff_gSYN,on -> sonoff gSYN,PSTH SSE,1,6,0.0052709621377289295,4816.0,4816.0,0.1168418899178505,6597.7705078125,44.864266299788596,1337.0,0.9865567684173584,True
789,81,checkpoint_baseline,-1,on_sonoff_gSYN,on -> sonoff gSYN,PSTH SSE,2,3,0.00100049062166363,1467.0,1467.0,0.37645223736763,-45.16285705566406,17.449078889970135,520.0,0.5867518782615662,True
789,81,checkpoint_baseline,-1,on_sonoff_gSYN,on -> sonoff gSYN,PSTH SSE,7,3,0.028810489922761917,2736.0,2736.0,0.3421579599380493,90371.234375,14.227710479514108,424.0,1.1158820390701294,True
789,82,grid,0,off_sonoff_gSYN,off -> sonoff gSYN,PSTH SSE,1,6,0.0010000000474974513,4816.0,4816.0,0.1168418899178505,90748.7109375,44.864266299788596,1337.0,0.9865567684173584,True
789,82,grid,0,off_sonoff_gSYN,off -> sonoff gSYN,PSTH SSE,2,3,0.0010000000474974513,1467.0,1467.0,0.37645223736763,6540.189453125,17.449078889970135,520.0,0.5867518782615662,True
789,82,grid,0,off_sonoff_gSYN,off -> sonoff gSYN,PSTH SSE,7,3,0.0010000000474974513,2847.0,2847.0,0.3494948744773865,-27666.93359375,14.395490084225361,429.0,1.109643816947937,True
789,83,grid,1,off_sonoff_gSYN,off -> sonoff gSYN,PSTH SSE,1,6,0.0015182418283075094,4633.0,4633.0,0.12122760713100433,3789782.5,44.025368276232335,1312.0,0.9802006483078003,True
789,83,grid,1,off_sonoff_gSYN,off -> sonoff gSYN,PSTH SSE,2,3,0.0015182418283075094,1450.0,1450.0,0.38266611099243164,717378.9375,17.281299285258882,515.0,0.5817087888717651,True
789,83,grid,1,off_sonoff_gSYN,off -> sonoff gSYN,PSTH SSE,7,3,0.0015182418283075094,2818.0,2818.0,0.34646207094192505,-9212.1552734375,14.361934163283111,428.0,1.11221444606781,True
789,84,grid,2,off_sonoff_gSYN,off -> sonoff gSYN,PSTH SSE,1,6,0.0023050580639392138,4980.0,4980.0,0.107947438955307,7552934.0,41.57578604744807,1239.0,0.9998246431350708,True
789,84,grid,2,off_sonoff_gSYN,off -> sonoff gSYN,PSTH SSE,2,3,0.0023050580639392138,1465.0,1465.0,0.3823818862438202,1811432.375,16.442401261702628,490.0,0.5819385647773743,True
789,84,grid,2,off_sonoff_gSYN,off -> sonoff gSYN,PSTH SSE,7,3,0.0023050580639392138,2777.0,2777.0,0.340319961309433,142357.375,14.127042716687358,421.0,1.117455244064331,True
789,85,grid,3,off_sonoff_gSYN,off -> sonoff gSYN,PSTH SSE,1,6,0.0034996354952454567,4873.0,4873.0,0.10278362035751343,8687285.0,40.06576960504681,1194.0,1.0077793598175049,True
789,85,grid,3,off_sonoff_gSYN,off -> sonoff gSYN,PSTH SSE,2,3,0.0034996354952454567,1381.0,1381.0,0.33481279015541077,2144594.0,15.167276265897117,452.0,0.6216788291931152,True
789,85,grid,3,off_sonoff_gSYN,off -> sonoff gSYN,PSTH SSE,7,3,0.0034996354952454567,2844.0,2844.0,0.29692426323890686,443528.40625,13.489480218784603,402.0,1.1559171676635742,True
789,86,grid,4,off_sonoff_gSYN,off -> sonoff gSYN,PSTH SSE,1,6,0.0053132930770516396,4624.0,4624.0,0.10755206644535065,9703962.0,38.48864132076105,1147.0,1.0004268884658813,True
789,86,grid,4,off_sonoff_gSYN,off -> sonoff gSYN,PSTH SSE,2,3,0.0053132930770516396,1415.0,1415.0,0.3310919404029846,2547961.0,14.093486795745108,420.0,0.6249030232429504,True
789,86,grid,4,off_sonoff_gSYN,off -> sonoff gSYN,PSTH SSE,7,3,0.0053132930770516396,2902.0,2902.0,0.20988036692142487,877679.125,13.0868091674776,390.0,1.2426977157592773,True
789,87,grid,5,off_sonoff_gSYN,off -> sonoff gSYN,PSTH SSE,1,6,0.00806686282157898,4702.0,4702.0,0.11643366515636444,9997591.0,37.61618737626254,1121.0,0.9871544241905212,True
789,87,grid,5,off_sonoff_gSYN,off -> sonoff gSYN,PSTH SSE,2,3,0.00806686282157898,1441.0,1441.0,0.3007292151451111,2624804.0,13.556592060669104,404.0,0.6519210934638977,True
789,87,grid,5,off_sonoff_gSYN,off -> sonoff gSYN,PSTH SSE,7,3,0.00806686282157898,2903.0,2903.0,0.1646862030029297,1053177.375,12.717694037112848,379.0,1.2950092554092407,True
789,88,grid,6,off_sonoff_gSYN,off -> sonoff gSYN,PSTH SSE,1,6,0.012247448787093163,4792.0,4792.0,0.11646885424852371,9422349.0,37.079292641186534,1105.0,0.9871028661727905,True
789,88,grid,6,off_sonoff_gSYN,off -> sonoff gSYN,PSTH SSE,2,3,0.012247448787093163,1436.0,1436.0,0.28719717264175415,2577389.75,12.98614140465085,387.0,0.664401113986969,True
789,88,grid,6,off_sonoff_gSYN,off -> sonoff gSYN,PSTH SSE,7,3,0.012247448787093163,2994.0,2994.0,0.10012536495923996,1167123.25,12.482802590517096,372.0,1.3843988180160522,True
789,89,grid,7,off_sonoff_gSYN,off -> sonoff gSYN,PSTH SSE,1,6,0.018594589084386826,4845.0,4845.0,0.12108603119850159,8832923.0,36.77728935270628,1096.0,0.9804040193557739,True
789,89,grid,7,off_sonoff_gSYN,off -> sonoff gSYN,PSTH SSE,2,3,0.018594589084386826,1448.0,1448.0,0.285214364528656,2409164.25,12.583470353343847,375.0,0.6662542819976807,True
789,89,grid,7,off_sonoff_gSYN,off -> sonoff gSYN,PSTH SSE,7,3,0.018594589084386826,2920.0,2920.0,0.09570244699716568,1064086.875,12.415690748632596,370.0,1.3914666175842285,True
789,90,grid,8,off_sonoff_gSYN,off -> sonoff gSYN,PSTH SSE,1,6,0.028231080621480942,4703.0,4703.0,0.12522032856941223,10810283.0,36.50884198516828,1088.0,0.9745133519172668,True
789,90,grid,8,off_sonoff_gSYN,off -> sonoff gSYN,PSTH SSE,2,3,0.028231080621480942,1487.0,1487.0,0.29455214738845825,2831702.5,12.549914432401597,374.0,0.6575823426246643,True
789,90,grid,8,off_sonoff_gSYN,off -> sonoff gSYN,PSTH SSE,7,3,0.028231080621480942,2907.0,2907.0,0.0779426321387291,1211683.75,12.315022985805845,367.0,1.4216426610946655,True
789,91,grid,9,off_sonoff_gSYN,off -> sonoff gSYN,PSTH SSE,1,6,0.04286160692572594,4840.0,4840.0,0.12134754657745361,14152026.0,36.47528606422603,1087.0,0.9800284504890442,True
789,91,grid,9,off_sonoff_gSYN,off -> sonoff gSYN,PSTH SSE,2,3,0.04286160692572594,1491.0,1491.0,0.31668412685394287,3922332.0,12.348578906748095,368.0,0.6375619769096375,True
789,91,grid,9,off_sonoff_gSYN,off -> sonoff gSYN,PSTH SSE,7,3,0.04286160692572594,2914.0,2914.0,0.09150704741477966,1451653.375,12.348578906748095,368.0,1.3983234167099,True
789,92,grid,10,off_sonoff_gSYN,off -> sonoff gSYN,PSTH SSE,1,6,0.06507427990436554,4892.0,4892.0,0.12717808783054352,13559929.0,36.27395053857253,1081.0,0.9717578291893005,True
789,92,grid,10,off_sonoff_gSYN,off -> sonoff gSYN,PSTH SSE,2,3,0.06507427990436554,1457.0,1457.0,0.3120875656604767,3730652.5,12.348578906748095,368.0,0.6416609287261963,True
789,92,grid,10,off_sonoff_gSYN,off -> sonoff gSYN,PSTH SSE,7,3,0.06507427990436554,2909.0,2909.0,0.09277890622615814,1592093.5,12.315022985805845,367.0,1.3962284326553345,True
789,93,grid,11,off_sonoff_gSYN,off -> sonoff gSYN,PSTH SSE,1,6,0.0987984910607338,4861.0,4861.0,0.13362504541873932,10139678.0,36.24039461763028,1080.0,0.9628306031227112,True
789,93,grid,11,off_sonoff_gSYN,off -> sonoff gSYN,PSTH SSE,2,3,0.0987984910607338,1488.0,1488.0,0.2879588007926941,2858416.0,12.315022985805845,367.0,0.663690984249115,True
789,93,grid,11,off_sonoff_gSYN,off -> sonoff gSYN,PSTH SSE,7,3,0.0987984910607338,2894.0,2894.0,0.09477999061346054,1596023.625,12.281467064863595,366.0,1.3929611444473267,True
789,94,grid,12,off_sonoff_gSYN,off -> sonoff gSYN,PSTH SSE,1,6,0.15000000596046448,4872.0,4872.0,0.1290104240179062,5823966.0,36.20683869668803,1079.0,0.9691979885101318,True
789,94,grid,12,off_sonoff_gSYN,off -> sonoff gSYN,PSTH SSE,2,3,0.15000000596046448,1446.0,1446.0,0.2952001094818115,1649265.75,12.247911143921344,365.0,0.6569857001304626,True
789,94,grid,12,off_sonoff_gSYN,off -> sonoff gSYN,PSTH SSE,7,3,0.15000000596046448,2864.0,2864.0,0.09627076983451843,982406.0625,12.348578906748095,368.0,1.3905494213104248,True
789,95,checkpoint_baseline,-1,off_sonoff_gSYN,off -> sonoff gSYN,PSTH SSE,1,6,0.0010000000474974513,4816.0,4816.0,0.1168418899178505,90748.7109375,44.864266299788596,1337.0,0.9865567684173584,True
789,95,checkpoint_baseline,-1,off_sonoff_gSYN,off -> sonoff gSYN,PSTH SSE,2,3,0.0010000000474974513,1467.0,1467.0,0.37645223736763,6540.189453125,17.449078889970135,520.0,0.5867518782615662,True
789,95,checkpoint_baseline,-1,off_sonoff_gSYN,off -> sonoff gSYN,PSTH SSE,7,3,0.002133022528141737,2736.0,2736.0,0.3421579599380493,86395.4609375,14.227710479514108,424.0,1.1158820390701294,True
789,96,grid,0,sonoff_ron_gSYN,sonoff -> ron gSYN,PSTH SSE,1,6,0.0010000000474974513,4895.0,4895.0,0.11270235478878021,-4264.29296875,44.96493406261535,1340.0,0.992666482925415,True
789,96,grid,0,sonoff_ron_gSYN,sonoff -> ron gSYN,PSTH SSE,2,3,0.0010000000474974513,1467.0,1467.0,0.37645223736763,0.0,17.449078889970135,520.0,0.5867518782615662,True
789,96,grid,0,sonoff_ron_gSYN,sonoff -> ron gSYN,PSTH SSE,7,3,0.0010000000474974513,2956.0,2956.0,0.16274623572826385,-72581.8515625,17.247743364316634,514.0,1.297406554222107,True
789,97,grid,1,sonoff_ron_gSYN,sonoff -> ron gSYN,PSTH SSE,1,6,0.0015182418283075094,4895.0,4895.0,0.11270235478878021,-3808.983154296875,44.96493406261535,1340.0,0.992666482925415,True
789,97,grid,1,sonoff_ron_gSYN,sonoff -> ron gSYN,PSTH SSE,2,3,0.0015182418283075094,1467.0,1467.0,0.37645223736763,0.0,17.449078889970135,520.0,0.5867518782615662,True
789,97,grid,1,sonoff_ron_gSYN,sonoff -> ron gSYN,PSTH SSE,7,3,0.0015182418283075094,2932.0,2932.0,0.1672719568014145,-61110.4140625,17.180631522432133,512.0,1.2918357849121094,True
789,98,grid,2,sonoff_ron_gSYN,sonoff -> ron gSYN,PSTH SSE,1,6,0.0023050580639392138,4895.0,4895.0,0.11270611733198166,-3272.31640625,44.96493406261535,1340.0,0.9926608800888062,True
789,98,grid,2,sonoff_ron_gSYN,sonoff -> ron gSYN,PSTH SSE,2,3,0.0023050580639392138,1467.0,1467.0,0.37645223736763,0.0,17.449078889970135,520.0,0.5867518782615662,True
789,98,grid,2,sonoff_ron_gSYN,sonoff -> ron gSYN,PSTH SSE,7,3,0.0023050580639392138,2941.0,2941.0,0.17287038266658783,-55761.2265625,17.07996375960538,509.0,1.2850478887557983,True
789,99,grid,3,sonoff_ron_gSYN,sonoff -> ron gSYN,PSTH SSE,1,6,0.0034996354952454567,4860.0,4860.0,0.11242362856864929,-2619.8935546875,44.93137814167309,1339.0,0.9930818676948547,True
789,99,grid,3,sonoff_ron_gSYN,sonoff -> ron gSYN,PSTH SSE,2,3,0.0034996354952454567,1467.0,1467.0,0.37645223736763,0.0,17.449078889970135,520.0,0.5867518782615662,True
789,99,grid,3,sonoff_ron_gSYN,sonoff -> ron gSYN,PSTH SSE,7,3,0.0034996354952454567,2978.0,2978.0,0.18553027510643005,-47949.1796875,16.91218415489413,504.0,1.270092487335205,True
789,100,grid,4,sonoff_ron_gSYN,sonoff -> ron gSYN,PSTH SSE,1,6,0.0053132930770516396,4860.0,4860.0,0.11278124898672104,-3377.995361328125,44.93137814167309,1339.0,0.9925490021705627,True
789,100,grid,4,sonoff_ron_gSYN,sonoff -> ron gSYN,PSTH SSE,2,3,0.0053132930770516396,1467.0,1467.0,0.37645223736763,0.0,17.449078889970135,520.0,0.5867518782615662,True
789,100,grid,4,sonoff_ron_gSYN,sonoff -> ron gSYN,PSTH SSE,7,3,0.0053132930770516396,2965.0,2965.0,0.20034053921699524,-35239.60546875,16.677292708298378,497.0,1.2532305717468262,True
789,101,grid,5,sonoff_ron_gSYN,sonoff -> ron gSYN,PSTH SSE,1,6,0.00806686282157898,4840.0,4840.0,0.11344418674707413,-1802.068115234375,44.93137814167309,1339.0,0.9915634393692017,True
789,101,grid,5,sonoff_ron_gSYN,sonoff -> ron gSYN,PSTH SSE,2,3,0.00806686282157898,1467.0,1467.0,0.37645223736763,0.0,17.449078889970135,520.0,0.5867518782615662,True
789,101,grid,5,sonoff_ron_gSYN,sonoff -> ron gSYN,PSTH SSE,7,3,0.00806686282157898,2908.0,2908.0,0.22514081001281738,-10747.28125,16.308177577933627,486.0,1.2263346910476685,True
789,102,grid,6,sonoff_ron_gSYN,sonoff -> ron gSYN,PSTH SSE,1,6,0.012247448787093163,4849.0,4849.0,0.1133367270231247,-1183.17919921875,44.897822220730845,1338.0,0.9917230010032654,True
789,102,grid,6,sonoff_ron_gSYN,sonoff -> ron gSYN,PSTH SSE,2,3,0.012247448787093163,1467.0,1467.0,0.37645223736763,0.0,17.449078889970135,520.0,0.5867518782615662,True
789,102,grid,6,sonoff_ron_gSYN,sonoff -> ron gSYN,PSTH SSE,7,3,0.012247448787093163,2927.0,2927.0,0.26304158568382263,24625.267578125,15.737726921915371,469.0,1.1879489421844482,True
789,103,grid,7,sonoff_ron_gSYN,sonoff -> ron gSYN,PSTH SSE,1,6,0.018594589084386826,4873.0,4873.0,0.11404938995838165,-5372.05126953125,44.897822220730845,1338.0,0.9906662106513977,True
789,103,grid,7,sonoff_ron_gSYN,sonoff -> ron gSYN,PSTH SSE,2,3,0.018594589084386826,1467.0,1467.0,0.37645223736763,0.0,17.449078889970135,520.0,0.5867518782615662,True
789,103,grid,7,sonoff_ron_gSYN,sonoff -> ron gSYN,PSTH SSE,7,3,0.018594589084386826,2793.0,2793.0,0.30736249685287476,-7567.95458984375,15.335055870608368,457.0,1.1464219093322754,True
789,104,grid,8,sonoff_ron_gSYN,sonoff -> ron gSYN,PSTH SSE,1,6,0.028231080621480942,4850.0,4850.0,0.11541818827390671,235.41175842285156,44.864266299788596,1337.0,0.9886456727981567,True
789,104,grid,8,sonoff_ron_gSYN,sonoff -> ron gSYN,PSTH SSE,2,3,0.028231080621480942,1467.0,1467.0,0.37645223736763,0.0,17.449078889970135,520.0,0.5867518782615662,True
789,104,grid,8,sonoff_ron_gSYN,sonoff -> ron gSYN,PSTH SSE,7,3,0.028231080621480942,2744.0,2744.0,0.3222287893295288,3047.4013671875,14.630381530821113,436.0,1.1331727504730225,True
789,105,grid,9,sonoff_ron_gSYN,sonoff -> ron gSYN,PSTH SSE,1,6,0.04286160692572594,4832.0,4832.0,0.11569658666849136,1068.4075927734375,44.864266299788596,1337.0,0.9882361888885498,True
789,105,grid,9,sonoff_ron_gSYN,sonoff -> ron gSYN,PSTH SSE,2,3,0.04286160692572594,1467.0,1467.0,0.37645223736763,0.0,17.449078889970135,520.0,0.5867518782615662,True
789,105,grid,9,sonoff_ron_gSYN,sonoff -> ron gSYN,PSTH SSE,7,3,0.04286160692572594,2874.0,2874.0,0.34212979674339294,3715.398193359375,14.026374953860607,418.0,1.1159061193466187,True
789,106,grid,10,sonoff_ron_gSYN,sonoff -> ron gSYN,PSTH SSE,1,6,0.06507427990436554,4816.0,4816.0,0.11684270948171616,669.5228271484375,44.864266299788596,1337.0,0.9865555763244629,True
789,106,grid,10,sonoff_ron_gSYN,sonoff -> ron gSYN,PSTH SSE,2,3,0.06507427990436554,1467.0,1467.0,0.37645223736763,0.0,17.449078889970135,520.0,0.5867518782615662,True
789,106,grid,10,sonoff_ron_gSYN,sonoff -> ron gSYN,PSTH SSE,7,3,0.06507427990436554,2975.0,2975.0,0.4126744270324707,3511.203369140625,13.321700614073352,397.0,1.058427333831787,True
789,107,grid,11,sonoff_ron_gSYN,sonoff -> ron gSYN,PSTH SSE,1,6,0.0987984910607338,4834.0,4834.0,0.11688439548015594,424.84417724609375,44.864266299788596,1337.0,0.9864946007728577,True
789,107,grid,11,sonoff_ron_gSYN,sonoff -> ron gSYN,PSTH SSE,2,3,0.0987984910607338,1467.0,1467.0,0.37645223736763,0.0,17.449078889970135,520.0,0.5867518782615662,True
789,107,grid,11,sonoff_ron_gSYN,sonoff -> ron gSYN,PSTH SSE,7,3,0.0987984910607338,3012.0,3012.0,0.46189942955970764,2059.484375,12.751249958055098,380.0,1.0211929082870483,True
789,108,grid,12,sonoff_ron_gSYN,sonoff -> ron gSYN,PSTH SSE,1,6,0.15000000596046448,4830.0,4830.0,0.11717944592237473,168.08790588378906,44.864266299788596,1337.0,0.9860633611679077,True
789,108,grid,12,sonoff_ron_gSYN,sonoff -> ron gSYN,PSTH SSE,2,3,0.15000000596046448,1467.0,1467.0,0.37645223736763,0.0,17.449078889970135,520.0,0.5867518782615662,True
789,108,grid,12,sonoff_ron_gSYN,sonoff -> ron gSYN,PSTH SSE,7,3,0.15000000596046448,2984.0,2984.0,0.49958863854408264,2706.592529296875,12.147243381094594,362.0,0.9940088987350464,True
789,109,checkpoint_baseline,-1,sonoff_ron_gSYN,sonoff -> ron gSYN,PSTH SSE,1,6,0.05735066160559654,4816.0,4816.0,0.1168418899178505,2265.17529296875,44.864266299788596,1337.0,0.9865567684173584,True
789,109,checkpoint_baseline,-1,sonoff_ron_gSYN,sonoff -> ron gSYN,PSTH SSE,2,3,0.03088780865073204,1467.0,1467.0,0.37645223736763,0.0,17.449078889970135,520.0,0.5867518782615662,True
789,109,checkpoint_baseline,-1,sonoff_ron_gSYN,sonoff -> ron gSYN,PSTH SSE,7,3,0.035883836448192596,2736.0,2736.0,0.3421579599380493,2951.999267578125,14.227710479514108,424.0,1.1158820390701294,True
789,110,grid,0,abs_ref,Absolute refractory period (ms),CV squared error,1,6,0.0,0.1168418899178505,4816.0,0.1168418899178505,2.677961587905884,44.864266299788596,1337.0,0.9865567684173584,True
789,110,grid,0,abs_ref,Absolute refractory period (ms),CV squared error,2,3,0.0,0.11532992124557495,1636.0,0.11532992124557495,0.13790470361709595,19.4959900674474,581.0,0.8607063293457031,True
789,110,grid,0,abs_ref,Absolute refractory period (ms),CV squared error,7,3,0.0,0.3421579599380493,2736.0,0.3421579599380493,0.5557909607887268,14.227710479514108,424.0,1.1158820390701294,True
789,111,grid,1,abs_ref,Absolute refractory period (ms),CV squared error,1,6,0.5,0.23212206363677979,4285.0,0.23212206363677979,2.916473627090454,42.683131438542325,1272.0,0.8465877175331116,True
789,111,grid,1,abs_ref,Absolute refractory period (ms),CV squared error,2,3,0.5,0.22020845115184784,1506.0,0.22020845115184784,0.17140759527683258,18.55642428106439,553.0,0.7310451865196228,True
789,111,grid,1,abs_ref,Absolute refractory period (ms),CV squared error,7,3,0.5,0.47305184602737427,2656.0,0.47305184602737427,0.29392388463020325,13.221032851246601,394.0,1.013037085533142,True
789,112,grid,2,abs_ref,Absolute refractory period (ms),CV squared error,1,6,1.0,0.31918787956237793,4131.0,0.31918787956237793,1.9581172466278076,41.206670917083315,1228.0,0.7634110450744629,True
789,112,grid,2,abs_ref,Absolute refractory period (ms),CV squared error,2,3,1.0,0.2938278913497925,1478.0,0.2938278913497925,0.09860570728778839,17.751082178450385,529.0,0.6582499742507935,True
789,112,grid,2,abs_ref,Absolute refractory period (ms),CV squared error,7,3,1.0,0.5747456550598145,2670.0,0.5747456550598145,0.21164743602275848,12.684138116170597,378.0,0.9427049160003662,True
789,113,grid,3,abs_ref,Absolute refractory period (ms),CV squared error,1,6,2.0,0.42245060205459595,4169.0,0.42245060205459595,1.062270998954773,39.93154592127781,1190.0,0.6784161925315857,True
789,113,grid,3,abs_ref,Absolute refractory period (ms),CV squared error,2,3,2.0,0.3319762945175171,1424.0,0.3319762945175171,0.011974695138633251,17.415522969027883,519.0,0.6241350769996643,True
789,113,grid,3,abs_ref,Absolute refractory period (ms),CV squared error,7,3,2.0,0.7230804562568665,2735.0,0.7230804562568665,0.01514099445194006,12.113687460152343,361.0,0.8504833579063416,True
789,114,grid,4,abs_ref,Absolute refractory period (ms),CV squared error,1,6,3.0,0.4820774793624878,4115.0,0.4820774793624878,0.12591971457004547,39.0590919767793,1164.0,0.6340602040290833,True
789,114,grid,4,abs_ref,Absolute refractory period (ms),CV squared error,2,3,3.0,0.3753172755241394,1468.0,0.3753172755241394,0.00909626018255949,17.482634810912383,521.0,0.5876774787902832,True
789,114,grid,4,abs_ref,Absolute refractory period (ms),CV squared error,7,3,3.0,0.7634944319725037,2700.0,0.7634944319725037,0.0029580234549939632,12.147243381094594,362.0,0.8270430564880371,True
789,115,grid,5,abs_ref,Absolute refractory period (ms),CV squared error,1,6,4.0,0.5158710479736328,4157.0,0.5158710479736328,0.12611162662506104,38.4550853998188,1146.0,0.6101365685462952,True
789,115,grid,5,abs_ref,Absolute refractory period (ms),CV squared error,2,3,4.0,0.3862408697605133,1465.0,0.3862408697605133,0.003948035649955273,17.381967048085635,518.0,0.5788261294364929,True
789,115,grid,5,abs_ref,Absolute refractory period (ms),CV squared error,7,3,4.0,0.7381432056427002,2671.0,0.7381432056427002,-0.0009536076686345041,12.113687460152343,361.0,0.8416721224784851,True
789,116,grid,6,abs_ref,Absolute refractory period (ms),CV squared error,1,6,5.0,0.5296754240989685,4146.0,0.5296754240989685,0.1401698887348175,38.28730579510754,1141.0,0.600590169429779,True
789,116,grid,6,abs_ref,Absolute refractory period (ms),CV squared error,2,3,5.0,0.40201207995414734,1480.0,0.40201207995414734,0.002068514470010996,17.281299285258882,515.0,0.5662646889686584,True
789,116,grid,6,abs_ref,Absolute refractory period (ms),CV squared error,7,3,5.0,0.7377977967262268,2690.0,0.7377977967262268,-0.0015957285650074482,12.147243381094594,362.0,0.8418731689453125,True
789,117,grid,7,abs_ref,Absolute refractory period (ms),CV squared error,1,6,7.5,0.6061129570007324,4032.0,0.6061129570007324,0.33005818724632263,37.54907553437804,1119.0,0.5498456358909607,True
789,117,grid,7,abs_ref,Absolute refractory period (ms),CV squared error,2,3,7.5,0.43260717391967773,1366.0,0.43260717391967773,0.0007758034626021981,17.01285191772088,507.0,0.5425801277160645,True
789,117,grid,7,abs_ref,Absolute refractory period (ms),CV squared error,7,3,7.5,0.7406607866287231,2716.0,0.7406607866287231,7.213305798359215e-05,12.214355222979094,364.0,0.8402082324028015,True
789,118,grid,8,abs_ref,Absolute refractory period (ms),CV squared error,1,6,10.0,0.6757039427757263,4189.0,0.6757039427757263,0.6348666548728943,36.50884198516828,1088.0,0.5063660740852356,True
789,118,grid,8,abs_ref,Absolute refractory period (ms),CV squared error,2,3,10.0,0.44547662138938904,1402.0,0.44547662138938904,0.0012578442692756653,16.677292708298378,497.0,0.5328685641288757,True
789,118,grid,8,abs_ref,Absolute refractory period (ms),CV squared error,7,3,10.0,0.7421103119850159,2643.0,0.7421103119850159,0.002138284267857671,12.113687460152343,361.0,0.8393664956092834,True
789,119,grid,9,abs_ref,Absolute refractory period (ms),CV squared error,1,6,15.0,0.8100723624229431,4372.0,0.8100723624229431,0.3111845552921295,34.05925975638401,1015.0,0.4283379912376404,True
789,119,grid,9,abs_ref,Absolute refractory period (ms),CV squared error,2,3,15.0,0.4921126961708069,1433.0,0.4921126961708069,0.00275620399042964,16.375289419818127,488.0,0.49880146980285645,True
789,119,grid,9,abs_ref,Absolute refractory period (ms),CV squared error,7,3,15.0,0.7838969230651855,2749.0,0.7838969230651855,0.016917778179049492,11.912351934498842,355.0,0.8154451847076416,True
789,120,grid,10,abs_ref,Absolute refractory period (ms),CV squared error,1,6,25.0,1.119821310043335,5392.0,1.119821310043335,1.0392343997955322,28.55608872185497,851.0,0.27016204595565796,True
789,120,grid,10,abs_ref,Absolute refractory period (ms),CV squared error,2,3,25.0,0.637385904788971,1384.0,0.637385904788971,0.004478410817682743,15.60350323814637,465.0,0.4019443690776825,True
789,120,grid,10,abs_ref,Absolute refractory period (ms),CV squared error,7,3,25.0,0.9301416277885437,2871.0,0.9301416277885437,0.09639979153871536,11.241233515653837,335.0,0.736386239528656,True
789,121,checkpoint_baseline,-1,abs_ref,Absolute refractory period (ms),CV squared error,1,6,0.0,0.1168418899178505,4816.0,0.1168418899178505,2.677961587905884,44.864266299788596,1337.0,0.9865567684173584,True
789,121,checkpoint_baseline,-1,abs_ref,Absolute refractory period (ms),CV squared error,2,3,3.6539320945739746,0.37645223736763,1467.0,0.37645223736763,0.012755556032061577,17.449078889970135,520.0,0.5867518782615662,True
789,121,checkpoint_baseline,-1,abs_ref,Absolute refractory period (ms),CV squared error,7,3,0.0,0.3421579599380493,2736.0,0.3421579599380493,0.5557909607887268,14.227710479514108,424.0,1.1158820390701294,True
789,122,grid,0,rel_ref_a,Relative refractory a,CV squared error,1,6,0.0010000000474974513,0.1168418899178505,4816.0,0.1168418899178505,-914533.8125,44.864266299788596,1337.0,0.9865567684173584,True
789,122,grid,0,rel_ref_a,Relative refractory a,CV squared error,2,3,0.0010000000474974513,1.1360255479812622,2009.0,1.1360255479812622,-3633.214599609375,1.946243414650515,58.0,0.13446393609046936,True
789,122,grid,0,rel_ref_a,Relative refractory a,CV squared error,7,3,0.0010000000474974513,0.4104591906070709,2740.0,0.4104591906070709,-1827975.375,13.825039428207106,412.0,1.060153841972351,True
789,123,grid,1,rel_ref_a,Relative refractory a,CV squared error,1,6,0.05000000074505806,0.1168418899178505,4816.0,0.1168418899178505,-14173.90234375,44.864266299788596,1337.0,0.9865567684173584,True
789,123,grid,1,rel_ref_a,Relative refractory a,CV squared error,2,3,0.05000000074505806,0.45383238792419434,1419.0,0.45383238792419434,-44224.58984375,17.046407838663132,508.0,0.5266380906105042,True
789,123,grid,1,rel_ref_a,Relative refractory a,CV squared error,7,3,0.05000000074505806,0.3613731861114502,2752.0,0.3613731861114502,-10343.48046875,14.093486795745108,420.0,1.0996814966201782,True
789,124,grid,2,rel_ref_a,Relative refractory a,CV squared error,1,6,0.10000000149011612,0.1168418899178505,4816.0,0.1168418899178505,-4981.63330078125,44.864266299788596,1337.0,0.9865567684173584,True
789,124,grid,2,rel_ref_a,Relative refractory a,CV squared error,2,3,0.10000000149011612,0.37997475266456604,1450.0,0.37997475266456604,-9187.056640625,17.415522969027883,519.0,0.5838879942893982,True
789,124,grid,2,rel_ref_a,Relative refractory a,CV squared error,7,3,0.10000000149011612,0.3548191785812378,2746.0,0.3548191785812378,-7037.22802734375,14.160598637629608,422.0,1.105157732963562,True
789,125,grid,3,rel_ref_a,Relative refractory a,CV squared error,1,6,0.25,0.1168418899178505,4816.0,0.1168418899178505,-466.2615966796875,44.864266299788596,1337.0,0.9865567684173584,True
789,125,grid,3,rel_ref_a,Relative refractory a,CV squared error,2,3,0.25,0.37645223736763,1467.0,0.37645223736763,-20.55130958557129,17.449078889970135,520.0,0.5867518782615662,True
789,125,grid,3,rel_ref_a,Relative refractory a,CV squared error,7,3,0.25,0.3421579599380493,2736.0,0.3421579599380493,-1169.2352294921875,14.227710479514108,424.0,1.1158820390701294,True
789,126,grid,4,rel_ref_a,Relative refractory a,CV squared error,1,6,0.5,0.1168418899178505,4816.0,0.1168418899178505,-25.779537200927734,44.864266299788596,1337.0,0.9865567684173584,True
789,126,grid,4,rel_ref_a,Relative refractory a,CV squared error,2,3,0.5,0.37645223736763,1467.0,0.37645223736763,-6.015851705676312e-10,17.449078889970135,520.0,0.5867518782615662,True
789,126,grid,4,rel_ref_a,Relative refractory a,CV squared error,7,3,0.5,0.3421579599380493,2736.0,0.3421579599380493,-71.01236724853516,14.227710479514108,424.0,1.1158820390701294,True
789,127,grid,5,rel_ref_a,Relative refractory a,CV squared error,1,6,1.0,0.1168418899178505,4816.0,0.1168418899178505,-0.3496149778366089,44.864266299788596,1337.0,0.9865567684173584,True
789,127,grid,5,rel_ref_a,Relative refractory a,CV squared error,2,3,1.0,0.37645223736763,1467.0,0.37645223736763,0.0,17.449078889970135,520.0,0.5867518782615662,True
789,127,grid,5,rel_ref_a,Relative refractory a,CV squared error,7,3,1.0,0.3421579599380493,2736.0,0.3421579599380493,-0.7629992961883545,14.227710479514108,424.0,1.1158820390701294,True
789,128,grid,6,rel_ref_a,Relative refractory a,CV squared error,1,6,2.0,0.1168418899178505,4816.0,0.1168418899178505,-0.0022094130981713533,44.864266299788596,1337.0,0.9865567684173584,True
789,128,grid,6,rel_ref_a,Relative refractory a,CV squared error,2,3,2.0,0.37645223736763,1467.0,0.37645223736763,0.0,17.449078889970135,520.0,0.5867518782615662,True
789,128,grid,6,rel_ref_a,Relative refractory a,CV squared error,7,3,2.0,0.3421579599380493,2736.0,0.3421579599380493,-0.005460021086037159,14.227710479514108,424.0,1.1158820390701294,True
789,129,grid,7,rel_ref_a,Relative refractory a,CV squared error,1,6,4.0,0.1168418899178505,4816.0,0.1168418899178505,-2.3316753868130036e-05,44.864266299788596,1337.0,0.9865567684173584,True
789,129,grid,7,rel_ref_a,Relative refractory a,CV squared error,2,3,4.0,0.37645223736763,1467.0,0.37645223736763,0.0,17.449078889970135,520.0,0.5867518782615662,True
789,129,grid,7,rel_ref_a,Relative refractory a,CV squared error,7,3,4.0,0.3421579599380493,2736.0,0.3421579599380493,-8.567908662371337e-05,14.227710479514108,424.0,1.1158820390701294,True
789,130,grid,8,rel_ref_a,Relative refractory a,CV squared error,1,6,6.0,0.1168418899178505,4816.0,0.1168418899178505,-4.227498209274927e-07,44.864266299788596,1337.0,0.9865567684173584,True
789,130,grid,8,rel_ref_a,Relative refractory a,CV squared error,2,3,6.0,0.37645223736763,1467.0,0.37645223736763,0.0,17.449078889970135,520.0,0.5867518782615662,True
789,130,grid,8,rel_ref_a,Relative refractory a,CV squared error,7,3,6.0,0.3421579599380493,2736.0,0.3421579599380493,-1.570063545841549e-06,14.227710479514108,424.0,1.1158820390701294,True
789,131,grid,9,rel_ref_a,Relative refractory a,CV squared error,1,6,8.0,0.1168418899178505,4816.0,0.1168418899178505,-8.208730584158275e-09,44.864266299788596,1337.0,0.9865567684173584,True
789,131,grid,9,rel_ref_a,Relative refractory a,CV squared error,2,3,8.0,0.37645223736763,1467.0,0.37645223736763,0.0,17.449078889970135,520.0,0.5867518782615662,True
789,131,grid,9,rel_ref_a,Relative refractory a,CV squared error,7,3,8.0,0.3421579599380493,2736.0,0.3421579599380493,-2.861694525790881e-08,14.227710479514108,424.0,1.1158820390701294,True
789,132,grid,10,rel_ref_a,Relative refractory a,CV squared error,1,6,10.0,0.1168418899178505,4816.0,0.1168418899178505,0.0,44.864266299788596,1337.0,0.9865567684173584,True
789,132,grid,10,rel_ref_a,Relative refractory a,CV squared error,2,3,10.0,0.37645223736763,1467.0,0.37645223736763,0.0,17.449078889970135,520.0,0.5867518782615662,True
789,132,grid,10,rel_ref_a,Relative refractory a,CV squared error,7,3,10.0,0.3421579599380493,2736.0,0.3421579599380493,-7.734304308115725e-10,14.227710479514108,424.0,1.1158820390701294,True
789,133,grid,11,rel_ref_a,Relative refractory a,CV squared error,1,6,15.0,0.1168418899178505,4816.0,0.1168418899178505,0.0,44.864266299788596,1337.0,0.9865567684173584,True
789,133,grid,11,rel_ref_a,Relative refractory a,CV squared error,2,3,15.0,0.37645223736763,1467.0,0.37645223736763,0.0,17.449078889970135,520.0,0.5867518782615662,True
789,133,grid,11,rel_ref_a,Relative refractory a,CV squared error,7,3,15.0,0.3421579599380493,2736.0,0.3421579599380493,0.0,14.227710479514108,424.0,1.1158820390701294,True
789,134,checkpoint_baseline,-1,rel_ref_a,Relative refractory a,CV squared error,1,6,8.795970916748047,0.1168418899178505,4816.0,0.1168418899178505,-2.0521826460395687e-09,44.864266299788596,1337.0,0.9865567684173584,True
789,134,checkpoint_baseline,-1,rel_ref_a,Relative refractory a,CV squared error,2,3,3.2449843883514404,0.37645223736763,1467.0,0.37645223736763,0.0,17.449078889970135,520.0,0.5867518782615662,True
789,134,checkpoint_baseline,-1,rel_ref_a,Relative refractory a,CV squared error,7,3,8.140619277954102,0.3421579599380493,2736.0,0.3421579599380493,-2.165605472725929e-08,14.227710479514108,424.0,1.1158820390701294,True
789,135,grid,0,rel_ref_b,Relative refractory b,CV squared error,1,6,0.0,0.1168418899178505,4816.0,0.1168418899178505,2.0521826460395687e-09,44.864266299788596,1337.0,0.9865567684173584,True
789,135,grid,0,rel_ref_b,Relative refractory b,CV squared error,2,3,0.0,0.37645223736763,1467.0,0.37645223736763,0.0,17.449078889970135,520.0,0.5867518782615662,True
789,135,grid,0,rel_ref_b,Relative refractory b,CV squared error,7,3,0.0,0.3421579599380493,2736.0,0.3421579599380493,2.320292402657742e-09,14.227710479514108,424.0,1.1158820390701294,True
789,136,grid,1,rel_ref_b,Relative refractory b,CV squared error,1,6,0.25,0.1168418899178505,4816.0,0.1168418899178505,2.0521826460395687e-09,44.864266299788596,1337.0,0.9865567684173584,True
789,136,grid,1,rel_ref_b,Relative refractory b,CV squared error,2,3,0.25,0.37645223736763,1467.0,0.37645223736763,0.0,17.449078889970135,520.0,0.5867518782615662,True
789,136,grid,1,rel_ref_b,Relative refractory b,CV squared error,7,3,0.25,0.3421579599380493,2736.0,0.3421579599380493,3.867152820191677e-09,14.227710479514108,424.0,1.1158820390701294,True
789,137,grid,2,rel_ref_b,Relative refractory b,CV squared error,1,6,0.5,0.1168418899178505,4816.0,0.1168418899178505,4.104365292079137e-09,44.864266299788596,1337.0,0.9865567684173584,True
789,137,grid,2,rel_ref_b,Relative refractory b,CV squared error,2,3,0.5,0.37645223736763,1467.0,0.37645223736763,0.0,17.449078889970135,520.0,0.5867518782615662,True
789,137,grid,2,rel_ref_b,Relative refractory b,CV squared error,7,3,0.5,0.3421579599380493,2736.0,0.3421579599380493,6.18744344649258e-09,14.227710479514108,424.0,1.1158820390701294,True
789,138,grid,3,rel_ref_b,Relative refractory b,CV squared error,1,6,1.0,0.1168418899178505,4816.0,0.1168418899178505,1.231313007110657e-08,44.864266299788596,1337.0,0.9865567684173584,True
789,138,grid,3,rel_ref_b,Relative refractory b,CV squared error,2,3,1.0,0.37645223736763,1467.0,0.37645223736763,0.0,17.449078889970135,520.0,0.5867518782615662,True
789,138,grid,3,rel_ref_b,Relative refractory b,CV squared error,7,3,1.0,0.3421579599380493,2736.0,0.3421579599380493,1.6242045930425775e-08,14.227710479514108,424.0,1.1158820390701294,True
789,139,grid,4,rel_ref_b,Relative refractory b,CV squared error,1,6,2.0,0.1168418899178505,4816.0,0.1168418899178505,8.619156943723283e-08,44.864266299788596,1337.0,0.9865567684173584,True
789,139,grid,4,rel_ref_b,Relative refractory b,CV squared error,2,3,2.0,0.37645223736763,1467.0,0.37645223736763,0.0,17.449078889970135,520.0,0.5867518782615662,True
789,139,grid,4,rel_ref_b,Relative refractory b,CV squared error,7,3,2.0,0.3421579599380493,2736.0,0.3421579599380493,1.206551871746342e-07,14.227710479514108,424.0,1.1158820390701294,True
789,140,grid,5,rel_ref_b,Relative refractory b,CV squared error,1,6,4.0,0.1168418899178505,4816.0,0.1168418899178505,4.701554189523449e-06,44.864266299788596,1337.0,0.9865567684173584,True
789,140,grid,5,rel_ref_b,Relative refractory b,CV squared error,2,3,4.0,0.37645223736763,1467.0,0.37645223736763,0.0,17.449078889970135,520.0,0.5867518782615662,True
789,140,grid,5,rel_ref_b,Relative refractory b,CV squared error,7,3,4.0,0.3421579599380493,2736.0,0.3421579599380493,6.568747267010622e-06,14.227710479514108,424.0,1.1158820390701294,True
789,141,grid,6,rel_ref_b,Relative refractory b,CV squared error,1,6,6.0,0.1168418899178505,4816.0,0.1168418899178505,0.00025479088071733713,44.864266299788596,1337.0,0.9865567684173584,True
789,141,grid,6,rel_ref_b,Relative refractory b,CV squared error,2,3,6.0,0.37645223736763,1467.0,0.37645223736763,0.0,17.449078889970135,520.0,0.5867518782615662,True
789,141,grid,6,rel_ref_b,Relative refractory b,CV squared error,7,3,6.0,0.3421579599380493,2736.0,0.3421579599380493,0.0003490808594506234,14.227710479514108,424.0,1.1158820390701294,True
789,142,grid,7,rel_ref_b,Relative refractory b,CV squared error,1,6,8.0,0.1168418899178505,4816.0,0.1168418899178505,0.00967566017061472,44.864266299788596,1337.0,0.9865567684173584,True
789,142,grid,7,rel_ref_b,Relative refractory b,CV squared error,2,3,8.0,0.37645223736763,1467.0,0.37645223736763,0.0,17.449078889970135,520.0,0.5867518782615662,True
789,142,grid,7,rel_ref_b,Relative refractory b,CV squared error,7,3,8.0,0.3421579599380493,2736.0,0.3421579599380493,0.006361400242894888,14.227710479514108,424.0,1.1158820390701294,True
789,143,grid,8,rel_ref_b,Relative refractory b,CV squared error,1,6,10.0,0.1168418899178505,4816.0,0.1168418899178505,0.005215969402343035,44.864266299788596,1337.0,0.9865567684173584,True
789,143,grid,8,rel_ref_b,Relative refractory b,CV squared error,2,3,10.0,0.37645223736763,1467.0,0.37645223736763,0.0,17.449078889970135,520.0,0.5867518782615662,True
789,143,grid,8,rel_ref_b,Relative refractory b,CV squared error,7,3,10.0,0.3421579599380493,2736.0,0.3421579599380493,0.0006010113866068423,14.227710479514108,424.0,1.1158820390701294,True
789,144,grid,9,rel_ref_b,Relative refractory b,CV squared error,1,6,15.0,0.1168418899178505,4816.0,0.1168418899178505,0.005437081214040518,44.864266299788596,1337.0,0.9865567684173584,True
789,144,grid,9,rel_ref_b,Relative refractory b,CV squared error,2,3,15.0,0.37645223736763,1467.0,0.37645223736763,0.0,17.449078889970135,520.0,0.5867518782615662,True
789,144,grid,9,rel_ref_b,Relative refractory b,CV squared error,7,3,15.0,0.3421579599380493,2736.0,0.3421579599380493,0.015103356912732124,14.227710479514108,424.0,1.1158820390701294,True
789,145,grid,10,rel_ref_b,Relative refractory b,CV squared error,1,6,25.0,0.1168418899178505,4816.0,0.1168418899178505,0.8762091994285583,44.864266299788596,1337.0,0.9865567684173584,True
789,145,grid,10,rel_ref_b,Relative refractory b,CV squared error,2,3,25.0,0.37645223736763,1467.0,0.37645223736763,0.0,17.449078889970135,520.0,0.5867518782615662,True
789,145,grid,10,rel_ref_b,Relative refractory b,CV squared error,7,3,25.0,0.3421579599380493,2736.0,0.3421579599380493,0.5016550421714783,14.227710479514108,424.0,1.1158820390701294,True
789,146,checkpoint_baseline,-1,rel_ref_b,Relative refractory b,CV squared error,1,6,0.0,0.1168418899178505,4816.0,0.1168418899178505,2.0521826460395687e-09,44.864266299788596,1337.0,0.9865567684173584,True
789,146,checkpoint_baseline,-1,rel_ref_b,Relative refractory b,CV squared error,2,3,8.554961204528809,0.37645223736763,1467.0,0.37645223736763,0.0,17.449078889970135,520.0,0.5867518782615662,True
789,146,checkpoint_baseline,-1,rel_ref_b,Relative refractory b,CV squared error,7,3,1.1436665058135986,0.3421579599380493,2736.0,0.3421579599380493,2.165605472725929e-08,14.227710479514108,424.0,1.1158820390701294,True
789,147,grid,0,rel_ref_c,Relative refractory c,CV squared error,1,6,0.20000000298023224,0.15168389678001404,4730.0,0.15168389678001404,-13691.0400390625,43.92470051340559,1309.0,0.938912034034729,True
789,147,grid,0,rel_ref_c,Relative refractory c,CV squared error,2,3,0.20000000298023224,0.37498295307159424,1445.0,0.37498295307159424,-16661.107421875,17.449078889970135,520.0,0.5879504084587097,True
789,147,grid,0,rel_ref_c,Relative refractory c,CV squared error,7,3,0.20000000298023224,0.39041581749916077,2692.0,0.39041581749916077,-7694.787109375,13.825039428207106,412.0,1.0759921073913574,True
789,148,grid,1,rel_ref_c,Relative refractory c,CV squared error,1,6,0.2800000011920929,0.13081170618534088,4669.0,0.13081170618534088,-12294.6025390625,44.36092748565484,1322.0,0.9666991829872131,True
789,148,grid,1,rel_ref_c,Relative refractory c,CV squared error,2,3,0.2800000011920929,0.3769252598285675,1461.0,0.3769252598285675,-16357.8896484375,17.449078889970135,520.0,0.5863665342330933,True
789,148,grid,1,rel_ref_c,Relative refractory c,CV squared error,7,3,0.2800000011920929,0.37015068531036377,2759.0,0.37015068531036377,-7315.87060546875,14.127042716687358,421.0,1.0924246311187744,True
789,149,grid,2,rel_ref_c,Relative refractory c,CV squared error,1,6,0.36000001430511475,0.12493836134672165,4746.0,0.12493836134672165,-11594.5439453125,44.730042616019595,1333.0,0.9749119877815247,True
789,149,grid,2,rel_ref_c,Relative refractory c,CV squared error,2,3,0.36000001430511475,0.3773236572742462,1453.0,0.3773236572742462,-16062.681640625,17.449078889970135,520.0,0.5860421657562256,True
789,149,grid,2,rel_ref_c,Relative refractory c,CV squared error,7,3,0.36000001430511475,0.3624011278152466,2744.0,0.3624011278152466,-7117.43017578125,14.160598637629608,422.0,1.0988271236419678,True
789,150,grid,3,rel_ref_c,Relative refractory c,CV squared error,1,6,0.4399999976158142,0.12067927420139313,4781.0,0.12067927420139313,-11199.31640625,44.83071037884635,1336.0,0.9809889793395996,True
789,150,grid,3,rel_ref_c,Relative refractory c,CV squared error,2,3,0.4399999976158142,0.3764764666557312,1449.0,0.3764764666557312,-15751.3876953125,17.449078889970135,520.0,0.5867321491241455,True
789,150,grid,3,rel_ref_c,Relative refractory c,CV squared error,7,3,0.4399999976158142,0.3591417968273163,2767.0,0.3591417968273163,-7123.380859375,14.194154558571858,423.0,1.1015403270721436,True
789,151,grid,4,rel_ref_c,Relative refractory c,CV squared error,1,6,0.5199999809265137,0.1168418899178505,4816.0,0.1168418899178505,-10903.9248046875,44.864266299788596,1337.0,0.9865567684173584,True
789,151,grid,4,rel_ref_c,Relative refractory c,CV squared error,2,3,0.5199999809265137,0.37645223736763,1467.0,0.37645223736763,-15642.6591796875,17.449078889970135,520.0,0.5867518782615662,True
789,151,grid,4,rel_ref_c,Relative refractory c,CV squared error,7,3,0.5199999809265137,0.3421579599380493,2736.0,0.3421579599380493,-6927.9560546875,14.227710479514108,424.0,1.1158820390701294,True
789,152,grid,5,rel_ref_c,Relative refractory c,CV squared error,1,6,0.6000000238418579,0.1168418899178505,4816.0,0.1168418899178505,-10903.9248046875,44.864266299788596,1337.0,0.9865567684173584,True
789,152,grid,5,rel_ref_c,Relative refractory c,CV squared error,2,3,0.6000000238418579,0.37645223736763,1467.0,0.37645223736763,-15642.6591796875,17.449078889970135,520.0,0.5867518782615662,True
789,152,grid,5,rel_ref_c,Relative refractory c,CV squared error,7,3,0.6000000238418579,0.3421579599380493,2736.0,0.3421579599380493,-6927.9560546875,14.227710479514108,424.0,1.1158820390701294,True
789,153,grid,6,rel_ref_c,Relative refractory c,CV squared error,1,6,0.6800000071525574,0.1168418899178505,4816.0,0.1168418899178505,-10903.9248046875,44.864266299788596,1337.0,0.9865567684173584,True
789,153,grid,6,rel_ref_c,Relative refractory c,CV squared error,2,3,0.6800000071525574,0.37645223736763,1467.0,0.37645223736763,-15642.6591796875,17.449078889970135,520.0,0.5867518782615662,True
789,153,grid,6,rel_ref_c,Relative refractory c,CV squared error,7,3,0.6800000071525574,0.3421579599380493,2736.0,0.3421579599380493,-6927.9560546875,14.227710479514108,424.0,1.1158820390701294,True
789,154,grid,7,rel_ref_c,Relative refractory c,CV squared error,1,6,0.7599999904632568,0.1168418899178505,4816.0,0.1168418899178505,-10903.9248046875,44.864266299788596,1337.0,0.9865567684173584,True
789,154,grid,7,rel_ref_c,Relative refractory c,CV squared error,2,3,0.7599999904632568,0.37645223736763,1467.0,0.37645223736763,-15642.6591796875,17.449078889970135,520.0,0.5867518782615662,True
789,154,grid,7,rel_ref_c,Relative refractory c,CV squared error,7,3,0.7599999904632568,0.3421579599380493,2736.0,0.3421579599380493,-6927.9560546875,14.227710479514108,424.0,1.1158820390701294,True
789,155,grid,8,rel_ref_c,Relative refractory c,CV squared error,1,6,0.8399999737739563,0.1168418899178505,4816.0,0.1168418899178505,-10903.9248046875,44.864266299788596,1337.0,0.9865567684173584,True
789,155,grid,8,rel_ref_c,Relative refractory c,CV squared error,2,3,0.8399999737739563,0.37645223736763,1467.0,0.37645223736763,-15642.6591796875,17.449078889970135,520.0,0.5867518782615662,True
789,155,grid,8,rel_ref_c,Relative refractory c,CV squared error,7,3,0.8399999737739563,0.3421579599380493,2736.0,0.3421579599380493,-6927.9560546875,14.227710479514108,424.0,1.1158820390701294,True
789,156,grid,9,rel_ref_c,Relative refractory c,CV squared error,1,6,0.9200000166893005,0.1168418899178505,4816.0,0.1168418899178505,-10903.9248046875,44.864266299788596,1337.0,0.9865567684173584,True
789,156,grid,9,rel_ref_c,Relative refractory c,CV squared error,2,3,0.9200000166893005,0.37645223736763,1467.0,0.37645223736763,-15642.6591796875,17.449078889970135,520.0,0.5867518782615662,True
789,156,grid,9,rel_ref_c,Relative refractory c,CV squared error,7,3,0.9200000166893005,0.3421579599380493,2736.0,0.3421579599380493,-6927.9560546875,14.227710479514108,424.0,1.1158820390701294,True
789,157,grid,10,rel_ref_c,Relative refractory c,CV squared error,1,6,1.0,0.1168418899178505,4816.0,0.1168418899178505,-10903.9248046875,44.864266299788596,1337.0,0.9865567684173584,True
789,157,grid,10,rel_ref_c,Relative refractory c,CV squared error,2,3,1.0,0.37645223736763,1467.0,0.37645223736763,-15642.6591796875,17.449078889970135,520.0,0.5867518782615662,True
789,157,grid,10,rel_ref_c,Relative refractory c,CV squared error,7,3,1.0,0.3421579599380493,2736.0,0.3421579599380493,-6927.9560546875,14.227710479514108,424.0,1.1158820390701294,True
789,158,checkpoint_baseline,-1,rel_ref_c,Relative refractory c,CV squared error,1,6,1.0,0.1168418899178505,4816.0,0.1168418899178505,-10903.9248046875,44.864266299788596,1337.0,0.9865567684173584,True
789,158,checkpoint_baseline,-1,rel_ref_c,Relative refractory c,CV squared error,2,3,1.0,0.37645223736763,1467.0,0.37645223736763,-15642.6591796875,17.449078889970135,520.0,0.5867518782615662,True
789,158,checkpoint_baseline,-1,rel_ref_c,Relative refractory c,CV squared error,7,3,1.0,0.3421579599380493,2736.0,0.3421579599380493,-6927.9560546875,14.227710479514108,424.0,1.1158820390701294,True
