seed,init_id,cell,epsilon,center_gain,gain_minus,gain_plus,actual_log_span,loss_minus,loss_center,loss_plus,fd_gradient_gain,fd_gradient_log_gain,analytic_gradient_gain,analytic_gradient_log_gain,loss_difference_exact_zero,center_firing_rate_hz
123,0,1,0.0025,0.0103693585842847,0.0103434678167104,0.0103953145444393,0.0049999884120001566,5497.0,5502.0,5452.0,-867942.9150340696,-9000.02085844806,-5691.498046875,-59.01718412980336,False,37.41485185060904
123,0,1,0.005,0.0103693585842847,0.0103176413103938,0.0104213347658514,0.009999945916106897,5488.0,5502.0,5424.0,-617203.8506920916,-6400.034613878792,-5691.498046875,-59.01718412980336,False,37.41485185060904
123,0,1,0.01,0.0103693585842847,0.010266182012856,0.0104735726490616,0.020000000247034386,5557.0,5502.0,5494.0,-303774.5635610271,-3149.9999610920845,-5691.498046875,-59.01718412980336,False,37.41485185060904
123,0,1,0.02,0.0103693585842847,0.0101640317589044,0.0105788335204124,0.03999997698338801,5582.0,5502.0,5499.0,-200095.58228069195,-2075.001193987434,-5691.498046875,-59.01718412980336,False,37.41485185060904
123,0,1,0.05,0.0103693585842847,0.0098636392503976,0.0109010068699717,0.09999996551169933,5590.0,5502.0,5274.0,-304617.18106232834,-3160.001089830677,-5691.498046875,-59.01718412980336,False,37.41485185060904
123,0,1,0.1,0.0103693585842847,0.0093825841322541,0.0114599140360951,0.19999999112472408,5851.0,5502.0,5159.0,-333119.9337767612,-3460.0001535422803,-5691.498046875,-59.01718412980336,False,37.41485185060904
123,0,2,0.0025,0.0017865144181996,0.0017820536158978,0.0017909863963723,0.005000111420305943,9886.0,9915.0,9837.0,-5485414.103691213,-9799.781621066722,5592234.0,9990.606670946348,False,72.41367739337606
123,0,2,0.005,0.0017865144181996,0.0017776041058823,0.0017954693175852,0.0099999963403884,9832.0,9915.0,9909.0,4310052.479674848,7700.002817901963,5592234.0,9990.606670946348,False,72.41367739337606
123,0,2,0.01,0.0017865144181996,0.0017687382642179,0.001804469153285,0.02000000331028129,9739.0,9915.0,10028.0,8088239.826814203,14449.997608322165,5592234.0,9990.606670946348,False,72.41367739337606
123,0,2,0.02,0.0017865144181996,0.0017511390615254,0.0018226043321192,0.0399999614696502,9682.0,9915.0,10250.0,7947916.453411957,14200.013678287354,5592234.0,9990.606670946348,False,72.41367739337606
123,0,2,0.05,0.0017865144181996,0.0016993851168081,0.0018781109247356,0.09999995475703988,9427.0,9915.0,10517.0,6098727.501302762,10900.004931484884,5592234.0,9990.606670946348,False,72.41367739337606
123,0,2,0.1,0.0017865144181996,0.0016165050910785,0.0019744038581848,0.20000004120816775,8817.0,9915.0,11201.0,6661101.459709484,11919.997543993708,5592234.0,9990.606670946348,False,72.41367739337606
123,0,7,0.0025,0.0159809570759534,0.0159410536289215,0.0160209592431783,0.005000046839955753,43630.0,43657.0,43601.0,-362928.1905874453,-5799.945666160325,232930912.0,3722458.906334698,False,135.43169692292204
123,0,7,0.005,0.0159809570759534,0.0159012507647275,0.0160610619932413,0.010000062354597996,43536.0,43657.0,43652.0,725856.3811740081,11599.927669117342,232930912.0,3722458.906334698,False,135.43169692292204
123,0,7,0.01,0.0159809570759534,0.0158219430595636,0.0161415692418813,0.020000107219289184,43607.0,43657.0,43656.0,153304.08680755354,2449.9868657074876,232930912.0,3722458.906334698,False,135.43169692292204
123,0,7,0.02,0.0159809570759534,0.0156645122915506,0.0163037944585084,0.040000079306292305,43327.0,43657.0,44025.0,1091849.6339755969,17449.965402698577,232930912.0,3722458.906334698,False,135.43169692292204
123,0,7,0.05,0.0159809570759534,0.0152015574276447,0.0168003179132938,0.09999992469214376,42815.0,43657.0,44366.0,970126.5536158724,15510.0116802573,232930912.0,3722458.906334698,False,135.43169692292204
123,0,7,0.1,0.0159809570759534,0.0144601678475737,0.0176616888493299,0.19999999755654047,42143.0,43657.0,45478.0,1041692.3700236793,16675.00020372344,232930912.0,3722458.906334698,False,135.43169692292204
123,1,1,0.0025,0.0065463040955364,0.0065299584530293,0.0065626907162368,0.005000108225534074,43023.0,42866.0,43293.0,8248742.174911052,53998.83118953103,54076488.0,354001.1348666288,False,160.46441394584073
123,1,1,0.005,0.0065463040955364,0.0065136542543768,0.0065791173838078,0.009999972009317562,42732.0,42866.0,43210.0,7301820.187252445,47800.13379583656,54076488.0,354001.1348666288,False,160.46441394584073
123,1,1,0.01,0.0065463040955364,0.0064811673946678,0.006612095516175,0.019999978100315407,42452.0,42866.0,43564.0,8493209.764251065,55600.060881189835,54076488.0,354001.1348666288,False,160.46441394584073
123,1,1,0.02,0.0065463040955364,0.0064166784286499,0.0066785481758415,0.04000001988078809,41809.0,42866.0,43589.0,6797272.380981234,44499.97788263424,54076488.0,354001.1348666288,False,160.46441394584073
123,1,1,0.05,0.0065463040955364,0.0062270374037325,0.0068819401785731,0.09999993231540581,40879.0,42866.0,44495.0,5521430.262499826,36160.02447476582,54076488.0,354001.1348666288,False,160.46441394584073
123,1,1,0.1,0.0065463040955364,0.0059233410283923,0.0072347852401435,0.20000002357248264,39626.0,42866.0,46086.0,4925867.179186998,32299.996193044502,54076488.0,354001.1348666288,False,160.46441394584073
123,1,2,0.0025,0.0059406426735222,0.0059258094988763,0.0059555131010711,0.005000060191766923,4526.0,4535.0,4552.0,875314.7119830362,5199.937401315985,956222.625,5680.576931462449,False,51.7432300929499
123,1,2,0.005,0.0059406426735222,0.0059110135771334,0.0059704203158617,0.010000010826930132,4536.0,4535.0,4521.0,-252496.60764249685,-1499.9983759622385,956222.625,5680.576931462449,False,51.7432300929499
123,1,2,0.01,0.0059406426735222,0.0058815320953726,0.0060003469698131,0.02000000745016929,4524.0,4535.0,4481.0,-361907.54905467207,-2149.9991991070997,956222.625,5680.576931462449,False,51.7432300929499
123,1,2,0.02,0.0059406426735222,0.0058230101130902,0.0060606515035033,0.03999997352888303,4501.0,4535.0,4541.0,168320.84650938422,1000.0006617783622,956222.625,5680.576931462449,False,51.7432300929499
123,1,2,0.05,0.0059406426735222,0.005650914274156,0.0062452256679534,0.09999992820397915,4408.0,4535.0,4768.0,605743.0561775893,3600.002584658606,956222.625,5680.576931462449,False,51.7432300929499
123,1,2,0.1,0.0059406426735222,0.005375315900892,0.0065654260106384,0.20000005229008774,4296.0,4535.0,4872.0,483988.83034674806,2879.9992470229336,956222.625,5680.576931462449,False,51.7432300929499
123,1,7,0.0025,0.0054341284558176,0.0054205600172281,0.0054477308876812,0.00500003676707169,16399.0,16400.0,16402.0,110412.36257698546,599.9955879838406,6968445.0,37867.42526730057,False,86.90983524042817
123,1,7,0.005,0.0054341284558176,0.0054070255719125,0.0054613673128187,0.010000042201906804,16406.0,16400.0,16321.0,-1564175.136507319,-8499.9641285306,6968445.0,37867.42526730057,False,86.90983524042817
123,1,7,0.01,0.0054341284558176,0.0053800581954419,0.005488742608577,0.020000005131456656,16377.0,16400.0,16350.0,-248425.68700663283,-1349.9996536267647,6968445.0,37867.42526730057,False,86.90983524042817
123,1,7,0.02,0.0054341284558176,0.005326525773853,0.0055439048446714,0.039999897226190385,16148.0,16400.0,16483.0,1541086.7234769876,8375.021518321677,6968445.0,37867.42526730057,False,86.90983524042817
123,1,7,0.05,0.0054341284558176,0.0051691029220819,0.005712741985917,0.0999999586699764,15792.0,16400.0,16756.0,1773235.3396377808,9640.003984215922,6968445.0,37867.42526730057,False,86.90983524042817
123,1,7,0.1,0.0054341284558176,0.0049170027486979,0.0060056410729885,0.2000000589192319,15667.0,16400.0,17079.0,1297033.1546247147,7059.997920151727,6968445.0,37867.42526730057,False,86.90983524042817
123,2,1,0.0025,0.0166266057640314,0.0165850911289453,0.0166682247072458,0.005000027781099088,83652.0,83725.0,83814.0,1948671.0822722395,32399.819979478143,206632320.0,3435594.122747183,False,218.7174927015872
123,2,1,0.005,0.0166266057640314,0.0165436808019876,0.0167099460959434,0.009999912489768266,83573.0,83725.0,83876.0,1822388.7426593706,30300.265158322563,206632320.0,3435594.122747183,False,218.7174927015872
123,2,1,0.01,0.0166266057640314,0.0164611674845218,0.016793705523014,0.020000023633855103,83273.0,83725.0,84000.0,2186216.0590601247,36349.95704551911,206632320.0,3435594.122747183,False,218.7174927015872
123,2,1,0.02,0.0166266057640314,0.0162973776459693,0.0169624853879213,0.039999949471690714,83416.0,83725.0,84037.0,933683.3129884371,15525.019611324815,206632320.0,3435594.122747183,False,218.7174927015872
123,2,1,0.05,0.0166266057640314,0.0158157162368297,0.0174790695309638,0.09999999413485915,82324.0,83725.0,84642.0,1393570.4508323893,23180.00135953973,206632320.0,3435594.122747183,False,218.7174927015872
123,2,1,0.1,0.0166266057640314,0.0150443753227591,0.0183752421289682,0.20000003346641348,81135.0,83725.0,85383.0,1275343.700949333,21239.996445867484,206632320.0,3435594.122747183,False,218.7174927015872
123,2,2,0.0025,0.0100537622347474,0.0100286593660712,0.0100789284333586,0.005000020143326201,241806.0,242640.0,243169.0,27114089.70863556,272598.90179027984,209461904.0,2105880.1800534874,False,304.7213180765746
123,2,2,0.005,0.0100537622347474,0.0100036188960075,0.0101041570305824,0.01000000922627031,241082.0,242640.0,242867.0,17754457.127610434,178499.8353112269,209461904.0,2105880.1800534874,False,304.7213180765746
123,2,2,0.01,0.0100537622347474,0.0099537260830402,0.0101548042148351,0.0199999533874054,240888.0,242640.0,242840.0,9707669.265552172,97600.22746999179,209461904.0,2105880.1800534874,False,304.7213180765746
123,2,2,0.02,0.0100537622347474,0.0098546845838427,0.0102568613365292,0.03999994592869278,240184.0,242640.0,244758.0,11373108.88669262,114350.15457655847,209461904.0,2105880.1800534874,False,304.7213180765746
123,2,2,0.05,0.0100537622347474,0.0095634348690509,0.010569229722023,0.09999996478810216,235671.0,242640.0,248307.0,12563198.114069602,126360.04449376978,209461904.0,2105880.1800534874,False,304.7213180765746
123,2,2,0.1,0.0100537622347474,0.0090970201417803,0.011111126281321,0.20000007101997866,229026.0,242640.0,256220.0,13501771.066643668,135969.95171708465,209461904.0,2105880.1800534874,False,304.7213180765746
123,2,7,0.0025,0.0021897365804761,0.0021842690184712,0.002195217879489,0.005000076074533444,13239.0,13276.0,13313.0,6758693.88420345,14799.774822807056,3360888.75,7359.461038785812,False,78.5879668467501
123,2,7,0.005,0.0021897365804761,0.0021788151934742,0.0022007126826792,0.010000014752066905,13162.0,13276.0,13320.0,7215439.109061028,15799.976691768674,3360888.75,7359.461038785812,False,78.5879668467501
123,2,7,0.01,0.0021897365804761,0.002167948288843,0.0022117437329143,0.019999992552464124,13084.0,13276.0,13386.0,6895694.435894707,15100.00562289168,3360888.75,7359.461038785812,False,78.5879668467501
123,2,7,0.02,0.0021897365804761,0.0021463769953697,0.0022339720744639,0.039999898031152496,13056.0,13276.0,13388.0,3790167.2494977224,8300.021158589794,3360888.75,7359.461038785812,False,78.5879668467501
123,2,7,0.05,0.0021897365804761,0.002082941820845,0.0023020068183541,0.1000000407960008,12840.0,13276.0,13736.0,4090110.2877595993,8959.99634467982,3360888.75,7359.461038785812,False,78.5879668467501
123,2,7,0.1,0.0021897365804761,0.001981355715543,0.0024200333282351,0.19999999684899494,12414.0,13276.0,14121.0,3891240.288111336,8535.000134469143,3360888.75,7359.461038785812,False,78.5879668467501
123,3,1,0.0025,0.0030624063219875,0.0030547596979886,0.0030700720380991,0.005000095569056665,4618.0,4537.0,4553.0,-4244942.283866061,-12999.751525201971,2107704.5,6454.647585681523,False,61.07177611489547
123,3,1,0.005,0.0030624063219875,0.0030471323989331,0.0030777566134929,0.010000008065271038,4551.0,4537.0,4533.0,-587770.1765983615,-1799.9985482523841,2107704.5,6454.647585681523,False,61.07177611489547
123,3,1,0.01,0.0030624063219875,0.0030319348443299,0.0030931839719414,0.019999993819385605,4608.0,4537.0,4494.0,-1861250.9997382457,-5700.001761475647,2107704.5,6454.647585681523,False,61.07177611489547
123,3,1,0.02,0.0030624063219875,0.003001766745001,0.0031242710538208,0.03999996287497091,4564.0,4537.0,4640.0,620386.3417718123,1900.0017634405185,2107704.5,6454.647585681523,False,61.07177611489547
123,3,1,0.05,0.0030624063219875,0.002913051052019,0.0032194191589951,0.09999995447440713,4488.0,4537.0,4557.0,225219.26541584425,690.0003141267339,2107704.5,6454.647585681523,False,61.07177611489547
123,3,1,0.1,0.0030624063219875,0.0027709798887372,0.0033844825811684,0.20000003021390195,4331.0,4537.0,4556.0,366746.55674022506,1124.9998300468271,2107704.5,6454.647585681523,False,61.07177611489547
123,3,2,0.0025,0.0152102718129754,0.0151722934097051,0.0152483452111482,0.005000023887313633,55378.0,55418.0,55455.0,1012467.7987754103,15399.9264274255,70274224.0,1068890.0484859198,False,156.60548303748195
123,3,2,0.005,0.0152102718129754,0.0151344100013375,0.0152865136042237,0.010000016593218315,55403.0,55418.0,55437.0,223531.85167768798,3399.9943583151344,70274224.0,1068890.0484859198,False,156.60548303748195
123,3,2,0.01,0.0152102718129754,0.0150589272379875,0.0153631381690502,0.020000027435146346,55298.0,55418.0,55506.0,683736.1145222283,10399.98573374347,70274224.0,1068890.0484859198,False,156.60548303748195
123,3,2,0.02,0.0152102718129754,0.0149090886116027,0.0155175393447279,0.039999953883332134,55208.0,55418.0,55610.0,660694.413063155,10050.01158682616,70274224.0,1068890.0484859198,False,156.60548303748195
123,3,2,0.05,0.0152102718129754,0.0144684584811329,0.0159901194274425,0.09999999278988901,54529.0,55418.0,56197.0,1096170.6049204383,16680.0012026466,70274224.0,1068890.0484859198,False,156.60548303748195
123,3,2,0.1,0.0152102718129754,0.013762823306024,0.0168099515140056,0.20000006948008492,54010.0,55418.0,57087.0,1009803.2606373949,15384.994655246324,70274224.0,1068890.0484859198,False,156.60548303748195
123,3,7,0.0025,0.0139875570312142,0.0139526315033435,0.0140225701034069,0.0050000530294638254,153551.0,153564.0,153967.0,5948074.448486252,83199.1175990806,134211648.0,1877293.0806532505,False,243.3810945941412
123,3,7,0.005,0.0139875570312142,0.0139177935197949,0.014057669788599,0.010000008428652285,153524.0,153564.0,154164.0,4575472.347609801,63999.946056670844,134211648.0,1877293.0806532505,False,243.3810945941412
123,3,7,0.01,0.0139875570312142,0.0138483783230185,0.0141281345859169,0.020000032812255028,152972.0,153564.0,154489.0,5422577.440387577,75849.87555972696,134211648.0,1877293.0806532505,False,243.3810945941412
123,3,7,0.02,0.0139875570312142,0.0137105854228138,0.0142701240256428,0.03999992971982122,152329.0,153564.0,154837.0,4482264.471690912,62700.1101643738,134211648.0,1877293.0806532505,False,243.3810945941412
123,3,7,0.05,0.0139875570312142,0.0133053762838244,0.0147047145292162,0.09999997322491662,151497.0,153564.0,156458.0,3545247.2026239634,49610.013283122425,134211648.0,1877293.0806532505,False,243.3810945941412
123,3,7,0.1,0.0139875570312142,0.0126564651727676,0.0154586415737867,0.20000000667653914,147990.0,153564.0,159600.0,4143208.1134426976,58049.99806213458,134211648.0,1877293.0806532505,False,243.3810945941412
123,4,1,0.0025,0.0108905816450715,0.0108633888885378,0.010917842388153,0.005000049112966793,120069.0,120336.0,120569.0,9182146.299747415,99999.01775031237,43436740.0,473051.3633657433,False,252.5083050904332
123,4,1,0.005,0.0108905816450715,0.0108362641185522,0.0109451711177825,0.01000006708626972,120000.0,120336.0,120643.0,5904120.070742854,64299.568638179546,43436740.0,473051.3633657433,False,252.5083050904332
123,4,1,0.01,0.0108905816450715,0.0107822185382246,0.011000033468008,0.01999996971372302,119715.0,120336.0,120959.0,5711270.578362386,62200.094190464035,43436740.0,473051.3633657433,False,252.5083050904332
123,4,1,0.02,0.0108905816450715,0.0106749339029192,0.0111105861142277,0.03999999048455205,119234.0,120336.0,121595.0,5419460.612649331,59025.01404123622,43436740.0,473051.3633657433,False,252.5083050904332
123,4,1,0.05,0.0108905816450715,0.0103594418615102,0.0114489533007144,0.09999995002843538,117240.0,120336.0,123060.0,5341843.867422849,58200.02908346514,43436740.0,473051.3633657433,False,252.5083050904332
123,4,1,0.1,0.0108905816450715,0.0098542058840394,0.0120359547436237,0.2000000413245,114130.0,120336.0,125534.0,5226999.409167957,57019.98821838749,43436740.0,473051.3633657433,False,252.5083050904332
123,4,2,0.0025,0.0116654084995388,0.0116362813860178,0.0116946091875433,0.005000059715740402,135133.0,135068.0,135682.0,9412321.151174841,109798.68865800233,149172176.0,1740154.3698051125,False,214.7243381094594
123,4,2,0.005,0.0116654084995388,0.0116072269156575,0.0117238815873861,0.010000008686746751,134507.0,135068.0,136293.0,15310145.52211989,178599.8448548378,149172176.0,1740154.3698051125,False,214.7243381094594
123,4,2,0.01,0.0116654084995388,0.0115493359044194,0.0117826480418443,0.020000006427799973,134195.0,135068.0,136519.0,9960904.844687117,116199.96265449416,149172176.0,1740154.3698051125,False,214.7243381094594
123,4,2,0.02,0.0116654084995388,0.0114344181492924,0.0119010647758841,0.03999993021461484,133466.0,135068.0,136759.0,7056731.60877956,82325.1436272964,149172176.0,1740154.3698051125,False,214.7243381094594
123,4,2,0.05,0.0116654084995388,0.0110964803025126,0.0122635066509246,0.09999994516971436,131295.0,135068.0,139444.0,6982704.384599837,81490.04468122427,149172176.0,1740154.3698051125,False,214.7243381094594
123,4,2,0.1,0.0116654084995388,0.0105552980676293,0.0128922704607248,0.2000000223172223,126904.0,135068.0,144081.0,7350108.221538612,85884.99041642789,149172176.0,1740154.3698051125,False,214.7243381094594
123,4,7,0.0025,0.0098292483016848,0.0098047060891985,0.0098538529127836,0.0050000537650311755,4724.0,4783.0,4798.0,1505692.425307336,14799.840857218984,13677.62890625,134.4408106978335,False,26.341397939666454
123,4,7,0.005,0.0098292483016848,0.0097802244126796,0.0098785171285271,0.009999982424428133,4694.0,4783.0,4818.0,1261538.0390179006,12400.021793747419,13677.62890625,134.4408106978335,False,26.341397939666454
123,4,7,0.01,0.0098292483016848,0.0097314454615116,0.0099280336871743,0.01999999868482249,4670.0,4783.0,4809.0,707061.6743776515,6950.000457024215,13677.62890625,134.4408106978335,False,26.341397939666454
123,4,7,0.02,0.0098292483016848,0.0096346158534288,0.0100278118625283,0.03999998774157432,4651.0,4783.0,4864.0,541714.5522097603,5325.001631903419,13677.62890625,134.4408106978335,False,26.341397939666454
123,4,7,0.05,0.0098292483016848,0.0093498704954981,0.0103332046419382,0.09999996927769736,4595.0,4783.0,4885.0,294915.010375535,2900.0008909470503,13677.62890625,134.4408106978335,False,26.341397939666454
123,4,7,0.1,0.0098292483016848,0.008893871679902,0.0108629995957016,0.20000001796434533,4397.0,4783.0,4962.0,286929.048878255,2824.999746253645,13677.62890625,134.4408106978335,False,26.341397939666454
123,5,1,0.0025,0.0129776550456881,0.0129452515393495,0.0130101405084133,0.00500004809268813,7536.0,7581.0,7548.0,184931.27835336103,2399.9769157317346,1470951.125,19089.49628931692,False,91.4063286466897
123,5,1,0.005,0.0129776550456881,0.0129129281267523,0.0130427060648798,0.010000065393470458,7510.0,7581.0,7584.0,570204.77492329,7399.951609148306,1470951.125,19089.49628931692,False,91.4063286466897
123,5,1,0.01,0.0129776550456881,0.0128485253080725,0.0131080830469727,0.020000023673137704,7418.0,7581.0,7611.0,743572.5122964196,9649.988577724578,1470951.125,19089.49628931692,False,91.4063286466897
123,5,1,0.02,0.0129776550456881,0.0127206807956099,0.0132398204877972,0.039999913946285055,7283.0,7581.0,7767.0,932311.6827394872,12100.026031304773,1470951.125,19089.49628931692,False,91.4063286466897
123,5,1,0.05,0.0129776550456881,0.0123447272926568,0.0136430338025093,0.1000000151791958,7271.0,7581.0,7894.0,479855.8701448543,6229.9990543362455,1470951.125,19089.49628931692,False,91.4063286466897
123,5,1,0.1,0.0129776550456881,0.0117426682263612,0.0143425278365612,0.2000000332384816,7014.0,7581.0,8224.0,465409.74568504427,6049.998994536099,1470951.125,19089.49628931692,False,91.4063286466897
123,5,2,0.0025,0.0048190923407673,0.0048070596531033,0.004831155296415,0.005000032399732023,6526.0,6588.0,6601.0,3112595.8759350833,14999.902801433771,1220397.625,5881.208847328206,False,61.10533203583772
123,5,2,0.005,0.0048190923407673,0.0047950567677617,0.0048432480543851,0.010000034053454466,6435.0,6588.0,6637.0,4191629.1129259123,20199.931212256226,1220397.625,5881.208847328206,False,61.10533203583772
123,5,2,0.01,0.0048190923407673,0.0047711418010294,0.0048675253055989,0.02000000960057399,6392.0,6588.0,6606.0,2220296.9372802894,10699.994863695381,1220397.625,5881.208847328206,False,61.10533203583772
123,5,2,0.02,0.0048190923407673,0.0047236680984497,0.0049164444208145,0.03999995326687478,6383.0,6588.0,6578.0,1011535.014300106,4875.005695606291,1220397.625,5881.208847328206,False,61.10533203583772
123,5,2,0.05,0.0048190923407673,0.0045840623788535,0.0050661722198128,0.09999995895505587,6140.0,6588.0,6663.0,1084815.0267153576,5230.002146651459,1220397.625,5881.208847328206,False,61.10533203583772
123,5,2,0.1,0.0048190923407673,0.0043604951351881,0.0053259208798408,0.20000001779561782,5813.0,6588.0,7054.0,1285443.2429150054,6204.999447891006,1220397.625,5881.208847328206,False,61.10533203583772
123,5,7,0.0025,0.0127071822062134,0.0126754539087414,0.0127389905974268,0.0050000558572888855,73431.0,73639.0,73734.0,4768898.195187606,60599.32301722159,15489783.0,196831.494915708,False,170.83319351699606
123,5,7,0.005,0.0127071822062134,0.0126438047736883,0.0127708772197365,0.010000007477405712,73318.0,73639.0,74049.0,5752623.977370587,73099.94534020511,15489783.0,196831.494915708,False,170.83319351699606
123,5,7,0.01,0.0127071822062134,0.0125807439908385,0.0128348916769027,0.019999984332996667,73319.0,73639.0,74323.0,3950458.945931071,50200.039324209174,15489783.0,196831.494915708,False,170.83319351699606
123,5,7,0.02,0.0127071822062134,0.0124555630609393,0.0129638845100998,0.04000002141653275,72399.0,73639.0,75120.0,5352912.029373878,68024.96357852849,15489783.0,196831.494915708,False,170.83319351699606
123,5,7,0.05,0.0127071822062134,0.012087445706129,0.0133586935698986,0.10000000761050992,70825.0,73639.0,76507.0,4469624.030007258,56819.99567570859,15489783.0,196831.494915708,False,170.83319351699606
123,5,7,0.1,0.0127071822062134,0.0114979343488812,0.0140436086803674,0.19999999668883867,68358.0,73639.0,80173.0,4641206.400153407,59075.000978034295,15489783.0,196831.494915708,False,170.83319351699606
123,6,1,0.0025,0.0181871354579925,0.0181417241692543,0.0182326603680849,0.005000023474726766,8274.0,8393.0,8428.0,1693495.021568652,30799.85539636203,20706080.0,376584.28176403046,False,84.96359182577766
123,6,1,0.005,0.0181871354579925,0.0180964265018701,0.0182782988995313,0.010000015739486477,8212.0,8393.0,8316.0,571829.4878024128,10399.983630959829,20706080.0,376584.28176403046,False,84.96359182577766
123,6,1,0.01,0.0181871354579925,0.018006170168519,0.0183699186891317,0.01999998663351856,8551.0,8393.0,8393.0,-434366.0277541864,-7900.005279763697,20706080.0,376584.28176403046,False,84.96359182577766
123,6,1,0.02,0.0181871354579925,0.0178270060569047,0.0185545403510332,0.04000002023299011,8246.0,8393.0,8445.0,273526.6249385235,4974.997483523128,20706080.0,376584.28176403046,False,84.96359182577766
123,6,1,0.05,0.0181871354579925,0.0173001382499933,0.0191196091473102,0.09999997252713111,8219.0,8393.0,8339.0,65953.23958023128,1200.0003296745172,20706080.0,376584.28176403046,False,84.96359182577766
123,6,1,0.1,0.0181871354579925,0.0164564009755849,0.0200998932123184,0.19999998364913185,7677.0,8393.0,8550.0,239605.28615882847,4365.000356857727,20706080.0,376584.28176403046,False,84.96359182577766
123,6,2,0.0025,0.0160542204976081,0.0160141345113515,0.0160944070667028,0.005000085251227384,20182.0,20045.0,20103.0,-984147.0681264193,-15799.73061071462,70188472.0,1126821.205878198,False,101.40599308748028
123,6,2,0.005,0.0160542204976081,0.015974149107933,0.0161346923559904,0.010000023582430665,20116.0,20045.0,20138.0,137034.7259458348,2199.9948118774887,70188472.0,1126821.205878198,False,101.40599308748028
123,6,2,0.01,0.0160542204976081,0.0158944781869649,0.01621556840837,0.020000028552953998,20120.0,20045.0,20002.0,-367497.9558194822,-5899.991576890596,70188472.0,1126821.205878198,False,101.40599308748028
123,6,2,0.02,0.0160542204976081,0.0157363265752792,0.0163785368204116,0.039999912974586625,20079.0,20045.0,20135.0,87198.85804446341,1400.0030458960948,70188472.0,1126821.205878198,False,101.40599308748028
123,6,2,0.05,0.0160542204976081,0.0152712473645806,0.0168773382902145,0.09999998934314445,19767.0,20045.0,20230.0,288277.57669900334,4630.0004934124645,70188472.0,1126821.205878198,False,101.40599308748028
123,6,2,0.1,0.0160542204976081,0.0145264593884348,0.017742658033967,0.200000026525397,19362.0,20045.0,20602.0,385548.32479721133,6199.999177712802,70188472.0,1126821.205878198,False,101.40599308748028
123,6,7,0.0025,0.0183411631733179,0.0182953663170337,0.0183870736509561,0.00500007769740685,30443.0,30498.0,30456.0,141755.29310447737,2599.959597976265,8459386.0,155154.9789720811,False,111.07009831884837
123,6,7,0.005,0.0183411631733179,0.018249686807394,0.0184330977499485,0.00999992084382624,30440.0,30498.0,30437.0,-16356.712190760007,-300.00237470401004,8459386.0,155154.9789720811,False,111.07009831884837
123,6,7,0.01,0.0183411631733179,0.0181586649268865,0.0185254942625761,0.019999998438348945,30231.0,30498.0,30754.0,1425731.1210315705,26150.002041858912,8459386.0,155154.9789720811,False,111.07009831884837
123,6,7,0.02,0.0183411631733179,0.0179779846221208,0.0187116786837577,0.039999924688176,30163.0,30498.0,31014.0,1159883.995927934,21275.040056551807,8459386.0,155154.9789720811,False,111.07009831884837
123,6,7,0.05,0.0183411631733179,0.0174466539174318,0.0192815344780683,0.09999999744792638,29567.0,30498.0,31246.0,915045.9359695726,16790.00042849317,8459386.0,155154.9789720811,False,111.07009831884837
123,6,7,0.1,0.0183411631733179,0.016595771536231,0.0202701203525066,0.19999996173471335,28471.0,30498.0,32210.0,1017595.2765937807,18695.003576848354,8459386.0,155154.9789720811,False,111.07009831884837
123,7,1,0.0025,0.0056448862887918,0.0056307916529476,0.0056590163148939,0.00500003557702447,9260.0,9252.0,9291.0,1098330.2495874055,6199.955884803555,7209637.5,40697.58387090988,False,94.39280561054996
123,7,1,0.005,0.0056448862887918,0.0056167324073612,0.0056731812655925,0.009999957531810716,9156.0,9252.0,9301.0,2568696.773384865,14500.061579135978,7209637.5,40697.58387090988,False,94.39280561054996
123,7,1,0.01,0.0056448862887918,0.0055887186899781,0.0057016182690858,0.019999995183396735,9072.0,9252.0,9330.0,2285216.6681142594,12900.003106709853,7209637.5,40697.58387090988,False,94.39280561054996
123,7,1,0.02,0.0056448862887918,0.0055331098847091,0.0057589206844568,0.04000005238154684,9138.0,9252.0,9390.0,1115978.5106893075,6299.991749917177,7209637.5,40697.58387090988,False,94.39280561054996
123,7,1,0.05,0.0056448862887918,0.0053695822134613,0.0059343054890632,0.09999989628601641,8630.0,9252.0,9700.0,1894733.307848098,10700.011097407754,7209637.5,40697.58387090988,False,94.39280561054996
123,7,1,0.1,0.0056448862887918,0.0051077045500278,0.0062385643832385,0.1999999932624398,8432.0,9252.0,9847.0,1251260.2874775187,7075.0002383412,7209637.5,40697.58387090988,False,94.39280561054996
123,7,2,0.0025,0.0184797272086143,0.0184335857629776,0.0185259841382503,0.00499998068238759,1487.0,1486.0,1486.0,-10822.701124870024,-200.00077270748176,447.1652221679688,8.263491322843493,False,24.12670715747793
123,7,2,0.005,0.0184797272086143,0.0183875579386949,0.0185723565518856,0.010000031425037782,1485.0,1486.0,1505.0,108225.92039346634,1999.9937150121941,447.1652221679688,8.263491322843493,False,24.12670715747793
123,7,2,0.01,0.0184797272086143,0.0182958506047725,0.0186654515564441,0.020000013529052146,1492.0,1486.0,1515.0,62229.27699719798,1149.9992220800277,447.1652221679688,8.263491322843493,False,24.12670715747793
123,7,2,0.02,0.0184797272086143,0.0181138049811124,0.0188530422747135,0.0399999410573642,1502.0,1486.0,1528.0,35171.38573102065,650.0009578192431,447.1652221679688,8.263491322843493,False,24.12670715747793
123,7,2,0.05,0.0184797272086143,0.0175784602761268,0.0194272026419639,0.09999997736372752,1463.0,1486.0,1570.0,57877.18287699377,1070.0002422081702,447.1652221679688,8.263491322843493,False,24.12670715747793
123,7,2,0.1,0.0184797272086143,0.0167211480438709,0.0204232577234506,0.2000000677199603,1551.0,1486.0,1628.0,20798.95158825813,384.99986963912056,447.1652221679688,8.263491322843493,False,24.12670715747793
123,7,7,0.0025,0.0064959600567817,0.0064797401428222,0.0065122204832732,0.005000077979796102,12676.0,12644.0,12701.0,769696.3656435445,4999.922021420049,7568716.5,49166.08006510511,False,75.29948659440957
123,7,7,0.005,0.0064959600567817,0.006463561207056,0.0065285209566354,0.009999981540955417,12571.0,12644.0,12752.0,2786340.7905962844,18100.033410932367,7568716.5,49166.08006510511,False,75.29948659440957
123,7,7,0.01,0.0064959600567817,0.0064313244074583,0.0065612457692623,0.019999998571393365,12546.0,12644.0,12805.0,1993513.5870168067,12950.000925022863,7568716.5,49166.08006510511,False,75.29948659440957
123,7,7,0.02,0.0064959600567817,0.0063673313707113,0.0066271871328353,0.04000000593702745,12554.0,12644.0,12821.0,1027493.0900804534,6674.999009258692,7568716.5,49166.08006510511,False,75.29948659440957
123,7,7,0.05,0.0064959600567817,0.0061791483312845,0.0068290149793028,0.09999999195952902,12391.0,12644.0,13192.0,1232560.5606051101,8010.000644041777,7568716.5,49166.08006510511,False,75.29948659440957
123,7,7,0.1,0.0064959600567817,0.0058777877129614,0.0071791466325521,0.20000007076901102,12136.0,12644.0,13633.0,1150335.9891449718,7484.9973514707,7568716.5,49166.08006510511,False,75.29948659440957
456,0,1,0.0025,0.0103693585842847,0.0103434678167104,0.0103953145444393,0.0049999884120001566,5343.0,5369.0,5373.0,578628.610022713,6000.0139056320395,75.17537689208984,0.7795204397028357,False,36.97862487835978
456,0,1,0.005,0.0103693585842847,0.0103176413103938,0.0104213347658514,0.009999945916106897,5330.0,5369.0,5378.0,462902.8880190687,4800.025960409093,75.17537689208984,0.7795204397028357,False,36.97862487835978
456,0,1,0.01,0.0103693585842847,0.010266182012856,0.0104735726490616,0.020000000247034386,5342.0,5369.0,5411.0,332705.47437636304,3449.999957386569,75.17537689208984,0.7795204397028357,False,36.97862487835978
456,0,1,0.02,0.0103693585842847,0.0101640317589044,0.0105788335204124,0.03999997698338801,5372.0,5369.0,5376.0,9643.160591840577,100.00005754156308,75.17537689208984,0.7795204397028357,False,36.97862487835978
456,0,1,0.05,0.0103693585842847,0.0098636392503976,0.0109010068699717,0.09999996551169933,5417.0,5369.0,5285.0,-127245.15158299792,-1320.0004552457258,75.17537689208984,0.7795204397028357,False,36.97862487835978
456,0,1,0.1,0.0103693585842847,0.0093825841322541,0.0114599140360951,0.19999999112472408,5472.0,5369.0,5194.0,-133825.63813575087,-1390.0000616831703,75.17537689208984,0.7795204397028357,False,36.97862487835978
456,0,2,0.0025,0.0017865144181996,0.0017820536158978,0.0017909863963723,0.005000111420305943,10275.0,10285.0,10322.0,5261519.650479326,9399.79053449257,6732670.5,12028.012921237503,False,72.27945370960705
456,0,2,0.005,0.0017865144181996,0.0017776041058823,0.0017954693175852,0.0099999963403884,10218.0,10285.0,10276.0,3246533.036638197,5800.0021225755045,6732670.5,12028.012921237503,False,72.27945370960705
456,0,2,0.01,0.0017865144181996,0.0017687382642179,0.001804469153285,0.02000000331028129,10128.0,10285.0,10393.0,7416552.090331363,13249.997806939009,6732670.5,12028.012921237503,False,72.27945370960705
456,0,2,0.02,0.0017865144181996,0.0017511390615254,0.0018226043321192,0.0399999614696502,10067.0,10285.0,10421.0,4953454.972725058,8850.008524848105,6732670.5,12028.012921237503,False,72.27945370960705
456,0,2,0.05,0.0017865144181996,0.0016993851168081,0.0018781109247356,0.09999995475703988,9481.0,10285.0,10899.0,7933940.914538822,14180.006415454647,6732670.5,12028.012921237503,False,72.27945370960705
456,0,2,0.1,0.0017865144181996,0.0016165050910785,0.0019744038581848,0.20000004120816775,8902.0,10285.0,11404.0,6990803.629275641,12509.997422429638,6732670.5,12028.012921237503,False,72.27945370960705
456,0,7,0.0025,0.0159809570759534,0.0159410536289215,0.0160209592431783,0.005000046839955753,43789.0,43710.0,43748.0,-513105.37289949163,-8199.923183192184,215690192.0,3446935.700056165,False,135.29747323915305
456,0,7,0.005,0.0159809570759534,0.0159012507647275,0.0160610619932413,0.010000062354597996,43842.0,43710.0,43943.0,631995.6422290934,10099.93702224872,215690192.0,3446935.700056165,False,135.29747323915305
456,0,7,0.01,0.0159809570759534,0.0158219430595636,0.0161415692418813,0.020000107219289184,43582.0,43710.0,44251.0,2093070.0831480266,33449.82067670018,215690192.0,3446935.700056165,False,135.29747323915305
456,0,7,0.02,0.0159809570759534,0.0156645122915506,0.0163037944585084,0.040000079306292305,43325.0,43710.0,44510.0,1853641.5705746163,29624.941263893714,215690192.0,3446935.700056165,False,135.29747323915305
456,0,7,0.05,0.0159809570759534,0.0152015574276447,0.0168003179132938,0.09999992469214376,43080.0,43710.0,45170.0,1307262.7318228069,20900.015739353807,215690192.0,3446935.700056165,False,135.29747323915305
456,0,7,0.1,0.0159809570759534,0.0144601678475737,0.0176616888493299,0.19999999755654047,42272.0,43710.0,45495.0,1006708.9980768572,16115.000196881754,215690192.0,3446935.700056165,False,135.29747323915305
456,1,1,0.0025,0.0065463040955364,0.0065299584530293,0.0065626907162368,0.005000108225534074,43508.0,43590.0,43728.0,6721197.327705301,43999.047635914176,53443844.0,349859.6548584122,False,161.2362001275125
456,1,1,0.005,0.0065463040955364,0.0065136542543768,0.0065791173838078,0.009999972009317562,43550.0,43590.0,43674.0,1894196.0318395465,12400.034708543375,53443844.0,349859.6548584122,False,161.2362001275125
456,1,1,0.01,0.0065463040955364,0.0064811673946678,0.006612095516175,0.019999978100315407,43333.0,43590.0,43495.0,1237320.1275257845,8100.008869381972,53443844.0,349859.6548584122,False,161.2362001275125
456,1,1,0.02,0.0065463040955364,0.0064166784286499,0.0066785481758415,0.04000001988078809,42824.0,43590.0,44180.0,5178146.825062108,33899.98315104046,53443844.0,349859.6548584122,False,161.2362001275125
456,1,1,0.05,0.0065463040955364,0.0062270374037325,0.0068819401785731,0.09999993231540581,41818.0,43590.0,44923.0,4741161.771311383,31050.02101608072,53443844.0,349859.6548584122,False,161.2362001275125
456,1,1,0.1,0.0065463040955364,0.0059233410283923,0.0072347852401435,0.20000002357248264,40705.0,43590.0,46403.0,4344828.357121906,28489.996642100243,53443844.0,349859.6548584122,False,161.2362001275125
456,1,2,0.0025,0.0059406426735222,0.0059258094988763,0.0059555131010711,0.005000060191766923,4371.0,4416.0,4418.0,1582299.6716616424,9399.886840840434,967551.25,5747.876244569779,False,52.11234522331465
456,1,2,0.005,0.0059406426735222,0.0059110135771334,0.0059704203158617,0.010000010826930132,4330.0,4416.0,4447.0,1969473.5396114753,11699.98733250546,967551.25,5747.876244569779,False,52.11234522331465
456,1,2,0.01,0.0059406426735222,0.0058815320953726,0.0060003469698131,0.02000000745016929,4345.0,4416.0,4466.0,1018391.0101305889,6049.997746324629,967551.25,5747.876244569779,False,52.11234522331465
456,1,2,0.02,0.0059406426735222,0.0058230101130902,0.0060606515035033,0.03999997352888303,4271.0,4416.0,4450.0,753235.7881294944,4475.002961458171,967551.25,5747.876244569779,False,52.11234522331465
456,1,2,0.05,0.0059406426735222,0.005650914274156,0.0062452256679534,0.09999992820397915,4176.0,4416.0,4677.0,842992.4198471451,5010.003596983227,967551.25,5747.876244569779,False,52.11234522331465
456,1,2,0.1,0.0059406426735222,0.005375315900892,0.0065654260106384,0.20000005229008774,4041.0,4416.0,4773.0,615069.138565659,3659.9990430916446,967551.25,5747.876244569779,False,52.11234522331465
456,1,7,0.0025,0.0054341284558176,0.0054205600172281,0.0054477308876812,0.00500003676707169,16714.0,16646.0,16674.0,-1472164.834359806,-7999.941173117874,7199713.5,39124.16800408485,False,88.18496023623368
456,1,7,0.005,0.0054341284558176,0.0054070255719125,0.0054613673128187,0.010000042201906804,16727.0,16646.0,16683.0,-809690.6588979063,-4399.98143123937,7199713.5,39124.16800408485,False,88.18496023623368
456,1,7,0.01,0.0054341284558176,0.0053800581954419,0.005488742608577,0.020000005131456656,16646.0,16646.0,16771.0,1150118.9213270037,6249.9983964202065,7199713.5,39124.16800408485,False,88.18496023623368
456,1,7,0.02,0.0054341284558176,0.005326525773853,0.0055439048446714,0.039999897226190385,16598.0,16646.0,16809.0,970654.6228466997,5275.013553330966,7199713.5,39124.16800408485,False,88.18496023623368
456,1,7,0.05,0.0054341284558176,0.0051691029220819,0.005712741985917,0.0999999586699764,16288.0,16646.0,16998.0,1306013.5800236769,7100.002934432889,7199713.5,39124.16800408485,False,88.18496023623368
456,1,7,0.1,0.0054341284558176,0.0049170027486979,0.0060056410729885,0.2000000589192319,15976.0,16646.0,17419.0,1325509.0949882886,7214.997874489336,7199713.5,39124.16800408485,False,88.18496023623368
456,2,1,0.0025,0.0166266057640314,0.0165850911289453,0.0166682247072458,0.005000027781099088,83582.0,83579.0,83462.0,-1443460.0609423995,-23999.86665146529,195151136.0,3244701.0026748776,False,218.51615717593367
456,2,1,0.005,0.0166266057640314,0.0165436808019876,0.0167099460959434,0.009999912489768266,83547.0,83579.0,83546.0,-6014.484299205844,-100.00087510997545,195151136.0,3244701.0026748776,False,218.51615717593367
456,2,1,0.01,0.0166266057640314,0.0164611674845218,0.016793705523014,0.020000023633855103,83419.0,83579.0,83572.0,460097.74007730273,7649.990960061105,195151136.0,3244701.0026748776,False,218.51615717593367
456,2,1,0.02,0.0166266057640314,0.0162973776459693,0.0169624853879213,0.039999949471690714,83178.0,83579.0,83913.0,1105084.1144066043,18375.023211471398,195151136.0,3244701.0026748776,False,218.51615717593367
456,2,1,0.05,0.0166266057640314,0.0158157162368297,0.0174790695309638,0.09999999413485915,82596.0,83579.0,84625.0,1219825.040870974,20290.00119003715,195151136.0,3244701.0026748776,False,218.51615717593367
456,2,1,0.1,0.0166266057640314,0.0150443753227591,0.0183752421289682,0.20000003346641348,81071.0,83579.0,85276.0,1262434.148420891,21024.99648184387,195151136.0,3244701.0026748776,False,218.51615717593367
456,2,2,0.0025,0.0100537622347474,0.0100286593660712,0.0100789284333586,0.005000020143326201,240834.0,241202.0,241610.0,15436928.550184296,155199.37475367365,207454672.0,2085699.946775511,False,303.7146404483071
456,2,2,0.005,0.0100537622347474,0.0100036188960075,0.0101041570305824,0.01000000922627031,240560.0,241202.0,241816.0,12492772.074105717,125599.88411815182,207454672.0,2085699.946775511,False,303.7146404483071
456,2,2,0.01,0.0100537622347474,0.0099537260830402,0.0101548042148351,0.0199999533874054,239358.0,241202.0,242589.0,16068380.838626573,161550.3765141104,207454672.0,2085699.946775511,False,303.7146404483071
456,2,2,0.02,0.0100537622347474,0.0098546845838427,0.0102568613365292,0.03999994592869278,238875.0,241202.0,244289.0,13461742.788052876,135350.18296403316,207454672.0,2085699.946775511,False,303.7146404483071
456,2,2,0.05,0.0100537622347474,0.0095634348690509,0.010569229722023,0.09999996478810216,235340.0,241202.0,247000.0,11592821.305005664,116600.04105708734,207454672.0,2085699.946775511,False,303.7146404483071
456,2,2,0.1,0.0100537622347474,0.0090970201417803,0.011111126281321,0.20000007101997866,227107.0,241202.0,253697.0,13201886.17570255,132949.95278948595,207454672.0,2085699.946775511,False,303.7146404483071
456,2,7,0.0025,0.0021897365804761,0.0021842690184712,0.002195217879489,0.005000076074533444,13660.0,13687.0,13805.0,13243386.664993245,28999.558774419234,3432424.25,7516.104939938465,False,79.96375960538236
456,2,7,0.005,0.0021897365804761,0.0021788151934742,0.0022007126826792,0.010000014752066905,13686.0,13687.0,13870.0,8402789.848526767,18399.97285623694,3432424.25,7516.104939938465,False,79.96375960538236
456,2,7,0.01,0.0021897365804761,0.002167948288843,0.0022117437329143,0.019999992552464124,13643.0,13687.0,14021.0,8631034.757510595,18900.007037924024,3432424.25,7516.104939938465,False,79.96375960538236
456,2,7,0.02,0.0021897365804761,0.0021463769953697,0.0022339720744639,0.039999898031152496,13427.0,13687.0,13974.0,6244643.028539922,13675.034860688607,3432424.25,7516.104939938465,False,79.96375960538236
456,2,7,0.05,0.0021897365804761,0.002082941820845,0.0023020068183541,0.1000000407960008,13213.0,13687.0,14231.0,4647022.626048295,10179.995846968812,3432424.25,7516.104939938465,False,79.96375960538236
456,2,7,0.1,0.0021897365804761,0.001981355715543,0.0024200333282351,0.19999999684899494,12577.0,13687.0,14495.0,4372231.325481865,9590.000151090695,3432424.25,7516.104939938465,False,79.96375960538236
456,3,1,0.0025,0.0030624063219875,0.0030547596979886,0.0030700720380991,0.005000095569056665,4370.0,4363.0,4352.0,-1175522.478609063,-3599.931191594392,3284615.5,10058.827272498163,False,61.27311164054897
456,3,1,0.005,0.0030624063219875,0.0030471323989331,0.0030777566134929,0.010000008065271038,4366.0,4363.0,4448.0,2677619.6933925357,8199.993386483084,3284615.5,10058.827272498163,False,61.27311164054897
456,3,1,0.01,0.0030624063219875,0.0030319348443299,0.0030931839719414,0.019999993819385605,4298.0,4363.0,4497.0,3249025.867964131,9950.003074856611,3284615.5,10058.827272498163,False,61.27311164054897
456,3,1,0.02,0.0030624063219875,0.003001766745001,0.0031242710538208,0.03999996287497091,4317.0,4363.0,4348.0,253052.32361744976,775.0007192981062,3284615.5,10058.827272498163,False,61.27311164054897
456,3,1,0.05,0.0030624063219875,0.002913051052019,0.0032194191589951,0.09999995447440713,4289.0,4363.0,4412.0,401477.8209586789,1230.0005599650472,3284615.5,10058.827272498163,False,61.27311164054897
456,3,1,0.1,0.0030624063219875,0.0027709798887372,0.0033844825811684,0.20000003021390195,4059.0,4363.0,4472.0,673183.6797053908,2064.9996880415097,3284615.5,10058.827272498163,False,61.27311164054897
456,3,2,0.0025,0.0152102718129754,0.0151722934097051,0.0152483452111482,0.005000023887313633,55143.0,55162.0,55201.0,762638.0821944649,11599.94458169713,72366352.0,1100711.8840334564,False,155.9679205395792
456,3,2,0.005,0.0152102718129754,0.0151344100013375,0.0152865136042237,0.010000016593218315,55150.0,55162.0,55335.0,1216276.2517756552,18499.969302597056,72366352.0,1100711.8840334564,False,155.9679205395792
456,3,2,0.01,0.0152102718129754,0.0150589272379875,0.0153631381690502,0.020000027435146346,54936.0,55162.0,55497.0,1844115.1934950482,28049.961522260033,72366352.0,1100711.8840334564,False,155.9679205395792
456,3,2,0.02,0.0152102718129754,0.0149090886116027,0.0155175393447279,0.039999953883332134,54796.0,55162.0,55414.0,1015694.3962015667,15450.0178125835,72366352.0,1100711.8840334564,False,155.9679205395792
456,3,2,0.05,0.0152102718129754,0.0144684584811329,0.0159901194274425,0.09999999278988901,54319.0,55162.0,55979.0,1090913.1919471987,16600.00119687851,72366352.0,1100711.8840334564,False,155.9679205395792
456,3,2,0.1,0.0152102718129754,0.013762823306024,0.0168099515140056,0.20000006948008492,53297.0,55162.0,56909.0,1185378.4132019076,18059.993725950513,72366352.0,1100711.8840334564,False,155.9679205395792
456,3,7,0.0025,0.0139875570312142,0.0139526315033435,0.0140225701034069,0.0050000530294638254,153222.0,153212.0,153295.0,1043772.679662251,14599.845155607893,140361872.0,1963319.6896079928,False,242.8106439381229
456,3,7,0.005,0.0139875570312142,0.0139177935197949,0.014057669788599,0.010000008428652285,153278.0,153212.0,153428.0,1072376.3314710471,14999.987357032229,140361872.0,1963319.6896079928,False,242.8106439381229
456,3,7,0.01,0.0139875570312142,0.0138483783230185,0.0141281345859169,0.020000032812255028,152599.0,153212.0,153978.0,4929290.896700375,68949.88687993637,140361872.0,1963319.6896079928,False,242.8106439381229
456,3,7,0.02,0.0139875570312142,0.0137105854228138,0.0142701240256428,0.03999992971982122,151788.0,153212.0,154435.0,4730683.435632314,66175.11626997506,140361872.0,1963319.6896079928,False,242.8106439381229
456,3,7,0.05,0.0139875570312142,0.0133053762838244,0.0147047145292162,0.09999997322491662,150254.0,153212.0,155998.0,4104797.406142319,57440.015379612014,140361872.0,1963319.6896079928,False,242.8106439381229
456,3,7,0.1,0.0139875570312142,0.0126564651727676,0.0154586415737867,0.20000000667653914,147354.0,153212.0,158519.0,3984402.9790342567,55824.99813641107,140361872.0,1963319.6896079928,False,242.8106439381229
456,4,1,0.0025,0.0108905816450715,0.0108633888885378,0.010917842388153,0.005000049112966793,120531.0,120690.0,120757.0,4150330.1274858313,45199.556023141195,41972840.0,457108.64089552313,False,252.67608469514445
456,4,1,0.005,0.0108905816450715,0.0108362641185522,0.0109451711177825,0.01000006708626972,120545.0,120690.0,121090.0,5004269.733366805,54499.63438228282,41972840.0,457108.64089552313,False,252.67608469514445
456,4,1,0.01,0.0108905816450715,0.0107822185382246,0.011000033468008,0.01999996971372302,120264.0,120690.0,121079.0,3741708.6184608876,40750.06170838279,41972840.0,457108.64089552313,False,252.67608469514445
456,4,1,0.02,0.0108905816450715,0.0106749339029192,0.0111105861142277,0.03999999048455205,119515.0,120690.0,121842.0,5341416.707172805,58175.0138390329,41972840.0,457108.64089552313,False,252.67608469514445
456,4,1,0.05,0.0108905816450715,0.0103594418615102,0.0114489533007144,0.09999995002843538,117563.0,120690.0,123750.0,5678692.097550716,61870.030917422475,41972840.0,457108.64089552313,False,252.67608469514445
456,4,1,0.1,0.0108905816450715,0.0098542058840394,0.0120359547436237,0.2000000413245,115105.0,120690.0,126755.0,5339752.991652639,58249.98796424186,41972840.0,457108.64089552313,False,252.67608469514445
456,4,2,0.0025,0.0116654084995388,0.0116362813860178,0.0116946091875433,0.005000059715740402,133772.0,133689.0,133764.0,-137155.86376939662,-1599.9808911912908,143580384.0,1674923.8318806589,False,214.48944666286368
456,4,2,0.005,0.0116654084995388,0.0116072269156575,0.0117238815873861,0.010000008686746751,133208.0,133689.0,133920.0,6103484.665033237,71199.93815041686,143580384.0,1674923.8318806589,False,214.48944666286368
456,4,2,0.01,0.0116654084995388,0.0115493359044194,0.0117826480418443,0.020000006427799973,133590.0,133689.0,134667.0,4616133.613480217,53849.98269315413,143580384.0,1674923.8318806589,False,214.48944666286368
456,4,2,0.02,0.0116654084995388,0.0114344181492924,0.0119010647758841,0.03999993021461484,132023.0,133689.0,135699.0,7877481.139955561,91900.16033220213,143580384.0,1674923.8318806589,False,214.48944666286368
456,4,2,0.05,0.0116654084995388,0.0110964803025126,0.0122635066509246,0.09999994516971436,129271.0,133689.0,138044.0,7517396.682549315,87730.04810263596,143580384.0,1674923.8318806589,False,214.48944666286368
456,4,2,0.1,0.0116654084995388,0.0105552980676293,0.0128922704607248,0.2000000223172223,125576.0,133689.0,141377.0,6761312.220325529,79004.99118414025,143580384.0,1674923.8318806589,False,214.48944666286368
456,4,7,0.0025,0.0098292483016848,0.0098047060891985,0.0098538529127836,0.0050000537650311755,4558.0,4574.0,4592.0,691804.6278439112,6799.926880343857,11472.271484375,112.76380500426058,False,26.710513070031205
456,4,7,0.005,0.0098292483016848,0.0097802244126796,0.0098785171285271,0.009999982424428133,4527.0,4574.0,4591.0,651116.4072350455,6400.011248385765,11472.271484375,112.76380500426058,False,26.710513070031205
456,4,7,0.01,0.0098292483016848,0.0097314454615116,0.0099280336871743,0.01999999868482249,4526.0,4574.0,4673.0,747755.8714641351,7350.000483327767,11472.271484375,112.76380500426058,False,26.710513070031205
456,4,7,0.02,0.0098292483016848,0.0096346158534288,0.0100278118625283,0.03999998774157432,4512.0,4574.0,4644.0,335710.4267215416,3300.001011320429,11472.271484375,112.76380500426058,False,26.710513070031205
456,4,7,0.05,0.0098292483016848,0.0093498704954981,0.0103332046419382,0.09999996927769736,4442.0,4574.0,4646.0,207457.45557451426,2040.0006267351664,11472.271484375,112.76380500426058,False,26.710513070031205
456,4,7,0.1,0.0098292483016848,0.008893871679902,0.0108629995957016,0.20000001796434533,4389.0,4574.0,4817.0,217355.10251308524,2139.999807781522,11472.271484375,112.76380500426058,False,26.710513070031205
456,5,1,0.0025,0.0129776550456881,0.0129452515393495,0.0130101405084133,0.00500004809268813,7890.0,7852.0,7883.0,-107876.57903946062,-1399.9865341768452,1390003.625,18038.987557506072,False,91.77544377705443
456,5,1,0.005,0.0129776550456881,0.0129129281267523,0.0130427060648798,0.010000065393470458,7887.0,7852.0,7788.0,-762841.5232081853,-9899.935260887598,1390003.625,18038.987557506072,False,91.77544377705443
456,5,1,0.01,0.0129776550456881,0.0128485253080725,0.0131080830469727,0.020000023673137704,7812.0,7852.0,7823.0,42379.78049357831,549.9993489894837,1390003.625,18038.987557506072,False,91.77544377705443
456,5,1,0.02,0.0129776550456881,0.0127206807956099,0.0132398204877972,0.039999913946285055,7701.0,7852.0,7783.0,157953.63219966518,2050.0044102623788,1390003.625,18038.987557506072,False,91.77544377705443
456,5,1,0.05,0.0129776550456881,0.0123447272926568,0.0136430338025093,0.1000000151791958,7630.0,7852.0,7872.0,186396.66223925317,2419.9996326635173,1390003.625,18038.987557506072,False,91.77544377705443
456,5,1,0.1,0.0129776550456881,0.0117426682263612,0.0143425278365612,0.2000000332384816,7536.0,7852.0,8091.0,213473.06516958642,2774.9995388161446,1390003.625,18038.987557506072,False,91.77544377705443
456,5,2,0.0025,0.0048190923407673,0.0048070596531033,0.004831155296415,0.005000032399732023,6446.0,6456.0,6470.0,996030.6802992267,4799.968896458807,1007080.375,4853.213321699644,False,61.23955571960672
456,5,2,0.005,0.0048190923407673,0.0047950567677617,0.0048432480543851,0.010000034053454466,6442.0,6456.0,6485.0,892277.484434724,4299.985357064444,1007080.375,4853.213321699644,False,61.23955571960672
456,5,2,0.01,0.0048190923407673,0.0047711418010294,0.0048675253055989,0.02000000960057399,6344.0,6456.0,6461.0,1213900.6619709993,5849.997191833456,1007080.375,4853.213321699644,False,61.23955571960672
456,5,2,0.02,0.0048190923407673,0.0047236680984497,0.0049164444208145,0.03999995326687478,6278.0,6456.0,6585.0,1592519.2276417054,7675.008966928878,1007080.375,4853.213321699644,False,61.23955571960672
456,5,2,0.05,0.0048190923407673,0.0045840623788535,0.0050661722198128,0.09999995895505587,6106.0,6456.0,6878.0,1601294.8386697057,7720.003168670987,1007080.375,4853.213321699644,False,61.23955571960672
456,5,2,0.1,0.0048190923407673,0.0043604951351881,0.0053259208798408,0.20000001779561782,5683.0,6456.0,7002.0,1366236.613541412,6594.999413189555,1007080.375,4853.213321699644,False,61.23955571960672
456,5,7,0.0025,0.0127071822062134,0.0126754539087414,0.0127389905974268,0.0050000558572888855,73880.0,74204.0,74295.0,6531659.244233849,82999.0727793629,14948946.0,189958.9806128461,False,170.93386127982282
456,5,7,0.005,0.0127071822062134,0.0126438047736883,0.0127708772197365,0.010000007477405712,73814.0,74204.0,74398.0,4595803.560580606,58399.956331983296,14948946.0,189958.9806128461,False,170.93386127982282
456,5,7,0.01,0.0127071822062134,0.0125807439908385,0.0128348916769027,0.019999984332996667,73689.0,74204.0,75040.0,5315806.808718004,67550.05291534521,14948946.0,189958.9806128461,False,170.93386127982282
456,5,7,0.02,0.0127071822062134,0.0124555630609393,0.0129638845100998,0.04000002141653275,73016.0,74204.0,75216.0,4327970.034774911,54999.97055228324,14948946.0,189958.9806128461,False,170.93386127982282
456,5,7,0.05,0.0127071822062134,0.012087445706129,0.0133586935698986,0.10000000761050992,71122.0,74204.0,77029.0,4646615.477869214,59069.99550447213,14948946.0,189958.9806128461,False,170.93386127982282
456,5,7,0.1,0.0127071822062134,0.0114979343488812,0.0140436086803674,0.19999999668883867,68422.0,74204.0,79942.0,4525323.548858844,57600.00095361448,14948946.0,189958.9806128461,False,170.93386127982282
456,6,1,0.0025,0.0181871354579925,0.0181417241692543,0.0182326603680849,0.005000023474726766,8614.0,8602.0,8558.0,-615816.3714795097,-11199.947416858919,21652664.0,393799.9331943989,False,84.9300359048354
456,6,1,0.005,0.0181871354579925,0.0180964265018701,0.0182782988995313,0.010000015739486477,8554.0,8602.0,8665.0,610318.011019883,11099.982529197508,21652664.0,393799.9331943989,False,84.9300359048354
456,6,1,0.01,0.0181871354579925,0.018006170168519,0.0183699186891317,0.01999998663351856,8705.0,8602.0,8602.0,-283162.6636625392,-5150.00344187127,21652664.0,393799.9331943989,False,84.9300359048354
456,6,1,0.02,0.0181871354579925,0.0178270060569047,0.0185545403510332,0.04000002023299011,8547.0,8602.0,8924.0,518188.63116494153,9424.995232604117,21652664.0,393799.9331943989,False,84.9300359048354
456,6,1,0.05,0.0181871354579925,0.0173001382499933,0.0191196091473102,0.09999997252713111,8343.0,8602.0,8731.0,213248.80797608115,3880.0010659476056,21652664.0,393799.9331943989,False,84.9300359048354
456,6,1,0.1,0.0181871354579925,0.0164564009755849,0.0200998932123184,0.19999998364913185,8303.0,8602.0,9090.0,216001.55808361742,3935.0003217033573,21652664.0,393799.9331943989,False,84.9300359048354
456,6,2,0.0025,0.0160542204976081,0.0160141345113515,0.0160944070667028,0.005000085251227384,19700.0,19731.0,19884.0,2292190.6396868504,36799.37256166443,71197144.0,1143014.6485759616,False,101.00332203617327
456,6,2,0.005,0.0160542204976081,0.015974149107933,0.0161346923559904,0.010000023582430665,19627.0,19731.0,19914.0,1787680.2884752087,28699.9323185836,71197144.0,1143014.6485759616,False,101.00332203617327
456,6,2,0.01,0.0160542204976081,0.0158944781869649,0.01621556840837,0.020000028552953998,19648.0,19731.0,19924.0,859571.4898828567,13799.980298489869,71197144.0,1143014.6485759616,False,101.00332203617327
456,6,2,0.02,0.0160542204976081,0.0157363265752792,0.0163785368204116,0.039999912974586625,19663.0,19731.0,19995.0,516964.65840646165,8300.018057812562,71197144.0,1143014.6485759616,False,101.00332203617327
456,6,2,0.05,0.0160542204976081,0.0152712473645806,0.0168773382902145,0.09999998934314445,19688.0,19731.0,20257.0,354276.3307596823,5690.000606375145,71197144.0,1143014.6485759616,False,101.00332203617327
456,6,2,0.1,0.0160542204976081,0.0145264593884348,0.017742658033967,0.200000026525397,19512.0,19731.0,20351.0,260866.97137488733,4194.999443629872,71197144.0,1143014.6485759616,False,101.00332203617327
456,6,7,0.0025,0.0183411631733179,0.0182953663170337,0.0183870736509561,0.00500007769740685,30256.0,30231.0,30382.0,1373935.9177818578,25199.608411154564,8185058.0,150123.48436107114,False,110.8352068722526
456,6,7,0.005,0.0183411631733179,0.018249686807394,0.0184330977499485,0.00999992084382624,30270.0,30231.0,30464.0,1057734.0550024803,19400.15356419265,8185058.0,150123.48436107114,False,110.8352068722526
456,6,7,0.01,0.0183411631733179,0.0181586649268865,0.0185254942625761,0.019999998438348945,30160.0,30231.0,30668.0,1384840.1710975866,25400.001983296996,8185058.0,150123.48436107114,False,110.8352068722526
456,6,7,0.02,0.0183411631733179,0.0179779846221208,0.0187116786837577,0.039999924688176,30090.0,30231.0,30681.0,805512.8573365558,14775.027818357366,8185058.0,150123.48436107114,False,110.8352068722526
456,6,7,0.05,0.0183411631733179,0.0174466539174318,0.0192815344780683,0.09999999744792638,29640.0,30231.0,31245.0,874716.3354563217,16050.000409607826,8185058.0,150123.48436107114,False,110.8352068722526
456,6,7,0.1,0.0183411631733179,0.016595771536231,0.0202701203525066,0.19999996173471335,28776.0,30231.0,31651.0,782451.5699938806,14375.002750318004,8185058.0,150123.48436107114,False,110.8352068722526
456,7,1,0.0025,0.0056448862887918,0.0056307916529476,0.0056590163148939,0.00500003557702447,9000.0,8999.0,9067.0,2373810.539430844,13399.904654252845,7274752.5,41065.15064160456,False,94.86258850374148
456,7,1,0.005,0.0056448862887918,0.0056167324073612,0.0056731812655925,0.009999957531810716,8974.0,8999.0,9199.0,3985908.7862868593,22500.09555383169,7274752.5,41065.15064160456,False,94.86258850374148
456,7,1,0.01,0.0056448862887918,0.0055887186899781,0.0057016182690858,0.019999995183396735,8841.0,8999.0,9293.0,4003557.883673044,22600.005442763002,7274752.5,41065.15064160456,False,94.86258850374148
456,7,1,0.02,0.0056448862887918,0.0055331098847091,0.0057589206844568,0.04000005238154684,8773.0,8999.0,9307.0,2364811.6059844852,13349.982517681638,7274752.5,41065.15064160456,False,94.86258850374148
456,7,1,0.05,0.0056448862887918,0.0053695822134613,0.0059343054890632,0.09999989628601641,8716.0,8999.0,9410.0,1228920.4819126916,6940.007197757926,7274752.5,41065.15064160456,False,94.86258850374148
456,7,1,0.1,0.0056448862887918,0.0051077045500278,0.0062385643832385,0.1999999932624398,8393.0,8999.0,9579.0,1048759.5059705563,5930.000199768667,7274752.5,41065.15064160456,False,94.86258850374148
456,7,2,0.0025,0.0184797272086143,0.0184335857629776,0.0185259841382503,0.00499998068238759,1483.0,1489.0,1471.0,-129872.41349844028,-2400.0092724897813,272.8026428222656,5.041318421144524,False,23.55625650145968
456,7,2,0.005,0.0184797272086143,0.0183875579386949,0.0185723565518856,0.010000031425037782,1486.0,1489.0,1474.0,-64935.552236079806,-1199.9962290073165,272.8026428222656,5.041318421144524,False,23.55625650145968
456,7,2,0.01,0.0184797272086143,0.0182958506047725,0.0186654515564441,0.020000013529052146,1507.0,1489.0,1494.0,-35173.0696071119,-649.9995603061027,272.8026428222656,5.041318421144524,False,23.55625650145968
456,7,2,0.02,0.0184797272086143,0.0181138049811124,0.0188530422747135,0.0399999410573642,1458.0,1489.0,1522.0,86575.71872251238,1600.0023577089062,272.8026428222656,5.041318421144524,False,23.55625650145968
456,7,2,0.05,0.0184797272086143,0.0175784602761268,0.0194272026419639,0.09999997736372752,1430.0,1489.0,1571.0,76268.06341734693,1410.000319171514,272.8026428222656,5.041318421144524,False,23.55625650145968
456,7,2,0.1,0.0184797272086143,0.0167211480438709,0.0204232577234506,0.2000000677199603,1399.0,1489.0,1701.0,81575.10882667474,1509.999488714473,272.8026428222656,5.041318421144524,False,23.55625650145968
456,7,7,0.0025,0.0064959600567817,0.0064797401428222,0.0065122204832732,0.005000077979796102,12443.0,12451.0,12456.0,400242.1101346431,2599.9594511384253,7947989.5,51629.8223237209,False,75.93704909231234
456,7,7,0.005,0.0064959600567817,0.006463561207056,0.0065285209566354,0.009999981540955417,12478.0,12451.0,12475.0,-46182.44404303234,-300.0005537723597,7947989.5,51629.8223237209,False,75.93704909231234
456,7,7,0.01,0.0064959600567817,0.0064313244074583,0.0065612457692623,0.019999998571393365,12355.0,12451.0,12622.0,2055089.296268291,13350.000953594998,7947989.5,51629.8223237209,False,75.93704909231234
456,7,7,0.02,0.0064959600567817,0.0063673313707113,0.0066271871328353,0.04000000593702745,12404.0,12451.0,12704.0,1154486.618067925,7499.998886807519,7947989.5,51629.8223237209,False,75.93704909231234
456,7,7,0.05,0.0064959600567817,0.0061791483312845,0.0068290149793028,0.09999999195952902,12316.0,12451.0,12832.0,794009.0502774492,5160.000414888335,7947989.5,51629.8223237209,False,75.93704909231234
456,7,7,0.1,0.0064959600567817,0.0058777877129614,0.0071791466325521,0.20000007076901102,11796.0,12451.0,13555.0,1351663.9979332034,8794.996887933841,7947989.5,51629.8223237209,False,75.93704909231234
789,0,1,0.0025,0.0103693585842847,0.0103434678167104,0.0103953145444393,0.0049999884120001566,5376.0,5408.0,5409.0,636491.4710249843,6600.0152961952435,-2972.791748046875,-30.825943631900827,False,36.87795711553304
789,0,1,0.005,0.0103693585842847,0.0103176413103938,0.0104213347658514,0.009999945916106897,5416.0,5408.0,5448.0,308601.9253460458,3200.017306939396,-2972.791748046875,-30.825943631900827,False,36.87795711553304
789,0,1,0.01,0.0103693585842847,0.010266182012856,0.0104735726490616,0.020000000247034386,5408.0,5408.0,5488.0,385745.4775378122,3999.9999505931232,-2972.791748046875,-30.825943631900827,False,36.87795711553304
789,0,1,0.02,0.0103693585842847,0.0101640317589044,0.0105788335204124,0.03999997698338801,5416.0,5408.0,5467.0,122950.29754596735,1275.0007336549293,-2972.791748046875,-30.825943631900827,False,36.87795711553304
789,0,1,0.05,0.0103693585842847,0.0098636392503976,0.0109010068699717,0.09999996551169933,5533.0,5408.0,5315.0,-210147.29579616323,-2180.000751845214,-2972.791748046875,-30.825943631900827,False,36.87795711553304
789,0,1,0.1,0.0103693585842847,0.0093825841322541,0.0114599140360951,0.19999999112472408,5620.0,5408.0,5340.0,-134788.4125108282,-1400.0000621269342,-2972.791748046875,-30.825943631900827,False,36.87795711553304
789,0,2,0.0025,0.0017865144181996,0.0017820536158978,0.0017909863963723,0.005000111420305943,10236.0,10255.0,10282.0,5149572.423873384,9199.794991205494,5707232.5,10196.053149267682,False,72.51434515620281
789,0,2,0.005,0.0017865144181996,0.0017776041058823,0.0017954693175852,0.0099999963403884,10255.0,10255.0,10314.0,3302507.7441664417,5900.002159171634,5707232.5,10196.053149267682,False,72.51434515620281
789,0,2,0.01,0.0017865144181996,0.0017687382642179,0.001804469153285,0.02000000331028129,10168.0,10255.0,10368.0,5597397.80402367,9999.998344859629,5707232.5,10196.053149267682,False,72.51434515620281
789,0,2,0.02,0.0017865144181996,0.0017511390615254,0.0018226043321192,0.0399999614696502,10051.0,10255.0,10480.0,6002915.772031214,10725.01033095999,5707232.5,10196.053149267682,False,72.51434515620281
789,0,2,0.05,0.0017865144181996,0.0016993851168081,0.0018781109247356,0.09999995475703988,9705.0,10255.0,10939.0,6904430.951016154,12340.005582983806,5707232.5,10196.053149267682,False,72.51434515620281
789,0,2,0.1,0.0017865144181996,0.0016165050910785,0.0019744038581848,0.20000004120816775,9102.0,10255.0,11633.0,7071832.128575798,12654.997392553723,5707232.5,10196.053149267682,False,72.51434515620281
789,0,7,0.0025,0.0159809570759534,0.0159410536289215,0.0160209592431783,0.005000046839955753,43323.0,43406.0,43556.0,2915940.289892233,46599.56345570193,224786208.0,3592298.741314352,False,135.16324955538403
789,0,7,0.005,0.0159809570759534,0.0159012507647275,0.0160610619932413,0.010000062354597996,43559.0,43406.0,43628.0,431759.3991466083,6899.95697559566,224786208.0,3592298.741314352,False,135.16324955538403
789,0,7,0.01,0.0159809570759534,0.0158219430595636,0.0161415692418813,0.020000107219289184,43444.0,43406.0,43899.0,1423537.9489272828,22749.878038712384,224786208.0,3592298.741314352,False,135.16324955538403
789,0,7,0.02,0.0159809570759534,0.0156645122915506,0.0163037944585084,0.040000079306292305,43448.0,43406.0,44029.0,908831.8586530398,14524.971201959703,224786208.0,3592298.741314352,False,135.16324955538403
789,0,7,0.05,0.0159809570759534,0.0152015574276447,0.0168003179132938,0.09999992469214376,42965.0,43406.0,44609.0,1028296.6177591839,16440.01238062089,224786208.0,3592298.741314352,False,135.16324955538403
789,0,7,0.1,0.0159809570759534,0.0144601678475737,0.0176616888493299,0.19999999755654047,42160.0,43406.0,44937.0,867400.2133600472,13885.00016963718,224786208.0,3592298.741314352,False,135.16324955538403
789,1,1,0.0025,0.0065463040955364,0.0065299584530293,0.0065626907162368,0.005000108225534074,42743.0,42988.0,43062.0,9745736.125172688,63798.619072075555,48689088.0,318733.5761823356,False,160.095298815476
789,1,1,0.005,0.0065463040955364,0.0065136542543768,0.0065791173838078,0.009999972009317562,42832.0,42988.0,43313.0,7347647.510603402,48100.134635559385,48689088.0,318733.5761823356,False,160.095298815476
789,1,1,0.01,0.0065463040955364,0.0064811673946678,0.006612095516175,0.019999978100315407,42844.0,42988.0,43148.0,2321884.6837520893,15200.016643778516,48689088.0,318733.5761823356,False,160.095298815476
789,1,1,0.02,0.0065463040955364,0.0064166784286499,0.0066785481758415,0.04000001988078809,42269.0,42988.0,43167.0,3429185.7292815438,22449.98884191323,48689088.0,318733.5761823356,False,160.095298815476
789,1,1,0.05,0.0065463040955364,0.0062270374037325,0.0068819401785731,0.09999993231540581,41043.0,42988.0,43595.0,3896761.62331293,25520.017273120127,48689088.0,318733.5761823356,False,160.095298815476
789,1,1,0.1,0.0065463040955364,0.0059233410283923,0.0072347852401435,0.20000002357248264,40232.0,42988.0,45243.0,3820978.395496292,25054.997046957586,48689088.0,318733.5761823356,False,160.095298815476
789,1,2,0.0025,0.0059406426735222,0.0059258094988763,0.0059555131010711,0.005000060191766923,4527.0,4552.0,4555.0,942646.6129048083,5599.932586032599,877223.5,5211.271358316531,False,51.77678601389215
789,1,2,0.005,0.0059406426735222,0.0059110135771334,0.0059704203158617,0.010000010826930132,4469.0,4552.0,4553.0,1413981.0027979822,8399.990905388535,877223.5,5211.271358316531,False,51.77678601389215
789,1,2,0.01,0.0059406426735222,0.0058815320953726,0.0060003469698131,0.02000000745016929,4419.0,4552.0,4499.0,673316.3703342737,3999.998509966697,877223.5,5211.271358316531,False,51.77678601389215
789,1,2,0.02,0.0059406426735222,0.0058230101130902,0.0060606515035033,0.03999997352888303,4343.0,4552.0,4566.0,938388.719289817,5575.00368941437,877223.5,5211.271358316531,False,51.77678601389215
789,1,2,0.05,0.0059406426735222,0.005650914274156,0.0062452256679534,0.09999992820397915,4317.0,4552.0,4609.0,491324.92334404466,2920.002096445314,877223.5,5211.271358316531,False,51.77678601389215
789,1,2,0.1,0.0059406426735222,0.005375315900892,0.0065654260106384,0.20000005229008774,4132.0,4552.0,4795.0,557091.3099303715,3314.999133292022,877223.5,5211.271358316531,False,51.77678601389215
789,1,7,0.0025,0.0054341284558176,0.0054205600172281,0.0054477308876812,0.00500003676707169,16317.0,16313.0,16315.0,-73608.2417179903,-399.9970586558937,7546486.0,41008.57431402989,False,86.87627931948592
789,1,7,0.005,0.0054341284558176,0.0054070255719125,0.0054613673128187,0.010000042201906804,16364.0,16313.0,16380.0,294432.9668719659,1599.9932477234072,7546486.0,41008.57431402989,False,86.87627931948592
789,1,7,0.01,0.0054341284558176,0.0053800581954419,0.005488742608577,0.020000005131456656,16297.0,16313.0,16498.0,1849391.225493822,10049.997421443692,7546486.0,41008.57431402989,False,86.87627931948592
789,1,7,0.02,0.0054341284558176,0.005326525773853,0.0055439048446714,0.039999897226190385,16242.0,16313.0,16652.0,1886106.1391807906,10250.026335856379,7546486.0,41008.57431402989,False,86.87627931948592
789,1,7,0.05,0.0054341284558176,0.0051691029220819,0.005712741985917,0.0999999586699764,15780.0,16313.0,16883.0,2028919.6884029796,11030.004558703487,7546486.0,41008.57431402989,False,86.87627931948592
789,1,7,0.1,0.0054341284558176,0.0049170027486979,0.0060056410729885,0.2000000589192319,15466.0,16313.0,17151.0,1547805.145568445,8424.997518028087,7546486.0,41008.57431402989,False,86.87627931948592
789,2,1,0.0025,0.0166266057640314,0.0165850911289453,0.0166682247072458,0.005000027781099088,83894.0,83783.0,83882.0,-144346.00609423997,-2399.986665146529,211674144.0,3519422.5427268147,False,218.4490453340492
789,2,1,0.005,0.0166266057640314,0.0165436808019876,0.0167099460959434,0.009999912489768266,83817.0,83783.0,83721.0,-577390.492723761,-9600.084010557643,211674144.0,3519422.5427268147,False,218.4490453340492
789,2,1,0.01,0.0166266057640314,0.0164611674845218,0.016793705523014,0.020000023633855103,83741.0,83783.0,84006.0,796901.3145129753,13249.984342589496,211674144.0,3519422.5427268147,False,218.4490453340492
789,2,1,0.02,0.0166266057640314,0.0162973776459693,0.0169624853879213,0.039999949471690714,83355.0,83783.0,83954.0,900605.9653463347,14975.018916559684,211674144.0,3519422.5427268147,False,218.4490453340492
789,2,1,0.05,0.0166266057640314,0.0158157162368297,0.0174790695309638,0.09999999413485915,82610.0,83783.0,84634.0,1216819.0649200846,20240.00118710458,211674144.0,3519422.5427268147,False,218.4490453340492
789,2,1,0.1,0.0166266057640314,0.0150443753227591,0.0183752421289682,0.20000003346641348,81459.0,83783.0,85810.0,1306266.5825872289,21754.996359691482,211674144.0,3519422.5427268147,False,218.4490453340492
789,2,2,0.0025,0.0100537622347474,0.0100286593660712,0.0100789284333586,0.005000020143326201,242763.0,243178.0,243041.0,5530239.867205199,55599.77600711504,212673760.0,2138171.4166097343,False,305.0568772859971
789,2,2,0.005,0.0100537622347474,0.0100036188960075,0.0101041570305824,0.01000000922627031,242274.0,243178.0,243429.0,11488178.141394986,115499.89343667623,212673760.0,2138171.4166097343,False,305.0568772859971
789,2,2,0.01,0.0100537622347474,0.0099537260830402,0.0101548042148351,0.0199999533874054,241888.0,243178.0,243820.0,9608205.44111004,96600.22513935664,212673760.0,2138171.4166097343,False,305.0568772859971
789,2,2,0.02,0.0100537622347474,0.0098546845838427,0.0102568613365292,0.03999994592869278,239859.0,243178.0,245780.0,14722382.5356596,148025.20009790178,212673760.0,2138171.4166097343,False,305.0568772859971
789,2,2,0.05,0.0100537622347474,0.0095634348690509,0.010569229722023,0.09999996478810216,236051.0,243178.0,249114.0,12987737.968035076,130630.04599731835,212673760.0,2138171.4166097343,False,305.0568772859971
789,2,2,0.1,0.0100537622347474,0.0090970201417803,0.011111126281321,0.20000007101997866,229126.0,243178.0,256102.0,13393534.466933133,134879.9521041434,212673760.0,2138171.4166097343,False,305.0568772859971
789,2,7,0.0025,0.0021897365804761,0.0021842690184712,0.002195217879489,0.005000076074533444,13578.0,13618.0,13685.0,9772706.021753637,21399.674405950744,3511745.0,7689.796487804269,False,79.39330894936411
789,2,7,0.005,0.0021897365804761,0.0021788151934742,0.0022007126826792,0.010000014752066905,13551.0,13618.0,13710.0,7261106.445194325,15899.976544248224,3511745.0,7689.796487804269,False,79.39330894936411
789,2,7,0.01,0.0021897365804761,0.002167948288843,0.0022117437329143,0.019999992552464124,13585.0,13618.0,13798.0,4863519.585581367,10650.00396581433,3511745.0,7689.796487804269,False,79.39330894936411
789,2,7,0.02,0.0021897365804761,0.0021463769953697,0.0022339720744639,0.039999898031152496,13539.0,13618.0,13828.0,3299272.0936892824,7225.018418170032,3511745.0,7689.796487804269,False,79.39330894936411
789,2,7,0.05,0.0021897365804761,0.002082941820845,0.0023020068183541,0.1000000407960008,13425.0,13618.0,14112.0,3136055.5442978176,6869.997197315888,3511745.0,7689.796487804269,False,79.39330894936411
789,2,7,0.1,0.0021897365804761,0.001981355715543,0.0024200333282351,0.19999999684899494,12624.0,13618.0,14521.0,4324360.179582428,9485.000149436417,3511745.0,7689.796487804269,False,79.39330894936411
789,3,1,0.0025,0.0030624063219875,0.0030547596979886,0.0030700720380991,0.005000095569056665,4415.0,4384.0,4389.0,-1697976.9135464241,-5199.900610080788,2113571.0,6472.613192369463,False,61.37377940337572
789,3,1,0.005,0.0030624063219875,0.0030471323989331,0.0030777566134929,0.010000008065271038,4424.0,4384.0,4397.0,-881655.2648975422,-2699.997822378576,2113571.0,6472.613192369463,False,61.37377940337572
789,3,1,0.01,0.0030624063219875,0.0030319348443299,0.0030931839719414,0.019999993819385605,4439.0,4384.0,4321.0,-1926558.0523606404,-5900.00182328181,2113571.0,6472.613192369463,False,61.37377940337572
789,3,1,0.02,0.0030624063219875,0.003001766745001,0.0031242710538208,0.03999996287497091,4360.0,4384.0,4355.0,-40814.89090604028,-125.0001160158236,2113571.0,6472.613192369463,False,61.37377940337572
789,3,1,0.05,0.0030624063219875,0.002913051052019,0.0032194191589951,0.09999995447440713,4387.0,4384.0,4521.0,437382.34153221926,1340.0006100432222,2113571.0,6472.613192369463,False,61.37377940337572
789,3,1,0.1,0.0030624063219875,0.0027709798887372,0.0033844825811684,0.20000003021390195,4163.0,4384.0,4604.0,718823.2512108411,2204.9996668917815,2113571.0,6472.613192369463,False,61.37377940337572
789,3,2,0.0025,0.0152102718129754,0.0151722934097051,0.0152483452111482,0.005000023887313633,55408.0,55381.0,55326.0,-1078212.4610335538,-16399.921649985597,70807944.0,1077008.074757941,False,156.40414751182846
789,3,2,0.005,0.0152102718129754,0.0151344100013375,0.0152865136042237,0.010000016593218315,55396.0,55381.0,55538.0,933574.204065638,14199.97643766909,70807944.0,1077008.074757941,False,156.40414751182846
789,3,2,0.01,0.0152102718129754,0.0150589272379875,0.0153631381690502,0.020000027435146346,55243.0,55381.0,55625.0,1255707.6718629384,19099.97379947118,70807944.0,1077008.074757941,False,156.40414751182846
789,3,2,0.02,0.0152102718129754,0.0149090886116027,0.0155175393447279,0.039999953883332134,54880.0,55381.0,55746.0,1423286.969434558,21650.02496067526,70807944.0,1077008.074757941,False,156.40414751182846
789,3,2,0.05,0.0152102718129754,0.0144684584811329,0.0159901194274425,0.09999999278988901,54458.0,55381.0,56218.0,1156630.8541126926,17600.001268979624,70807944.0,1077008.074757941,False,156.40414751182846
789,3,2,0.1,0.0152102718129754,0.013762823306024,0.0168099515140056,0.20000006948008492,53558.0,55381.0,57039.0,1142387.1141627466,17404.99395349771,70807944.0,1077008.074757941,False,156.40414751182846
789,3,7,0.0025,0.0139875570312142,0.0139526315033435,0.0140225701034069,0.0050000530294638254,152541.0,152657.0,152749.0,2974037.224243126,41599.5587995403,138673040.0,1939697.0556918527,False,242.30730512398912
789,3,7,0.005,0.0139875570312142,0.0139177935197949,0.014057669788599,0.010000008428652285,152227.0,152657.0,152817.0,4218013.570452785,58999.95027099343,138673040.0,1939697.0556918527,False,242.30730512398912
789,3,7,0.01,0.0139875570312142,0.0138483783230185,0.0141281345859169,0.020000032812255028,151947.0,152657.0,153513.0,5597729.908798249,78299.87154023231,138673040.0,1939697.0556918527,False,242.30730512398912
789,3,7,0.02,0.0139875570312142,0.0137105854228138,0.0142701240256428,0.03999992971982122,151308.0,152657.0,153843.0,4530518.515046436,63375.111350353895,138673040.0,1939697.0556918527,False,242.30730512398912
789,3,7,0.05,0.0139875570312142,0.0133053762838244,0.0147047145292162,0.09999997322491662,149719.0,152657.0,155323.0,4004750.1156026386,56040.015004760746,138673040.0,1939697.0556918527,False,242.30730512398912
789,3,7,0.1,0.0139875570312142,0.0126564651727676,0.0154586415737867,0.20000000667653914,146677.0,152657.0,158171.0,4101811.718855329,57469.998081496546,138673040.0,1939697.0556918527,False,242.30730512398912
789,4,1,0.0025,0.0108905816450715,0.0108633888885378,0.010917842388153,0.005000049112966793,120919.0,120877.0,120833.0,-1579329.1635565553,-17199.831053053727,42723620.0,465285.0717830099,False,252.7431965370289
789,4,1,0.005,0.0108905816450715,0.0108362641185522,0.0109451711177825,0.01000006708626972,120667.0,120877.0,120788.0,1111039.7022704282,12099.918826158204,42723620.0,465285.0717830099,False,252.7431965370289
789,4,1,0.01,0.0108905816450715,0.0107822185382246,0.011000033468008,0.01999996971372302,120135.0,120877.0,120955.0,3764663.886058807,41000.06208696183,42723620.0,465285.0717830099,False,252.7431965370289
789,4,1,0.02,0.0108905816450715,0.0106749339029192,0.0111105861142277,0.03999999048455205,119590.0,120877.0,121834.0,5150897.761450699,56100.01334541893,42723620.0,465285.0717830099,False,252.7431965370289
789,4,1,0.05,0.0108905816450715,0.0103594418615102,0.0114489533007144,0.09999995002843538,117720.0,120877.0,123977.0,5742941.0787740145,62570.0312672236,42723620.0,465285.0717830099,False,252.7431965370289
789,4,1,0.1,0.0108905816450715,0.0098542058840394,0.0120359547436237,0.2000000413245,114875.0,120877.0,126134.0,5160538.964207473,56294.988368188766,42723620.0,465285.0717830099,False,252.7431965370289
789,4,2,0.0025,0.0116654084995388,0.0116362813860178,0.0116946091875433,0.005000059715740402,133909.0,134042.0,134530.0,10646723.925099412,124198.51667872394,151501328.0,1767324.8793426305,False,214.5230025838059
789,4,2,0.005,0.0116654084995388,0.0116072269156575,0.0117238815873861,0.010000008686746751,133851.0,134042.0,135468.0,13861425.145166777,161699.85953542707,151501328.0,1767324.8793426305,False,214.5230025838059
789,4,2,0.01,0.0116654084995388,0.0115493359044194,0.0117826480418443,0.020000006427799973,133856.0,134042.0,135743.0,8087877.556766175,94349.96967686337,151501328.0,1767324.8793426305,False,214.5230025838059
789,4,2,0.02,0.0116654084995388,0.0114344181492924,0.0119010647758841,0.03999993021461484,132735.0,134042.0,136026.0,7052445.710444436,82275.14354006451,151501328.0,1767324.8793426305,False,214.5230025838059
789,4,2,0.05,0.0116654084995388,0.0110964803025126,0.0122635066509246,0.09999994516971436,130239.0,134042.0,138025.0,6671657.422811919,77860.04269088381,151501328.0,1767324.8793426305,False,214.5230025838059
789,4,2,0.1,0.0116654084995388,0.0105552980676293,0.0128922704607248,0.2000000223172223,126293.0,134042.0,142267.0,6835339.624547813,79869.99108761827,151501328.0,1767324.8793426305,False,214.5230025838059
789,4,7,0.0025,0.0098292483016848,0.0098047060891985,0.0098538529127836,0.0050000537650311755,4369.0,4364.0,4377.0,162777.55949268496,1599.9827953750253,12749.8896484375,125.32183117357364,False,26.509177544377703
789,4,7,0.005,0.0098292483016848,0.0097802244126796,0.0098785171285271,0.009999982424428133,4349.0,4364.0,4372.0,233994.95885009447,2300.0040423886344,12749.8896484375,125.32183117357364,False,26.509177544377703
789,4,7,0.01,0.0098292483016848,0.0097314454615116,0.0099280336871743,0.01999999868482249,4308.0,4364.0,4332.0,122082.59125945064,1200.000078910656,12749.8896484375,125.32183117357364,False,26.509177544377703
789,4,7,0.02,0.0098292483016848,0.0096346158534288,0.0100278118625283,0.03999998774157432,4284.0,4364.0,4339.0,139879.344467309,1375.000421383512,12749.8896484375,125.32183117357364,False,26.509177544377703
789,4,7,0.05,0.0098292483016848,0.0093498704954981,0.0103332046419382,0.09999996927769736,4331.0,4364.0,4378.0,47796.570647069464,470.00014439486677,12749.8896484375,125.32183117357364,False,26.509177544377703
789,4,7,0.1,0.0098292483016848,0.008893871679902,0.0108629995957016,0.20000001796434533,4147.0,4364.0,4539.0,199072.89762880703,1959.9998239494316,12749.8896484375,125.32183117357364,False,26.509177544377703
789,5,1,0.0025,0.0129776550456881,0.0129452515393495,0.0130101405084133,0.00500004809268813,7350.0,7363.0,7372.0,339040.67698116193,4399.957678841513,1460766.375,18957.32211709034,False,90.97010167444044
789,5,1,0.005,0.0129776550456881,0.0129129281267523,0.0130427060648798,0.010000065393470458,7335.0,7363.0,7391.0,431506.31615816546,5599.963379896015,1460766.375,18957.32211709034,False,90.97010167444044
789,5,1,0.01,0.0129776550456881,0.0128485253080725,0.0131080830469727,0.020000023673137704,7366.0,7363.0,7348.0,-69348.73171676452,-899.9989347100643,1460766.375,18957.32211709034,False,90.97010167444044
789,5,1,0.02,0.0129776550456881,0.0127206807956099,0.0132398204877972,0.039999913946285055,7349.0,7363.0,7524.0,337096.1662797732,4375.009412145321,1460766.375,18957.32211709034,False,90.97010167444044
789,5,1,0.05,0.0129776550456881,0.0123447272926568,0.0136430338025093,0.1000000151791958,7309.0,7363.0,7576.0,205652.5157763661,2669.999594715534,1460766.375,18957.32211709034,False,90.97010167444044
789,5,1,0.1,0.0129776550456881,0.0117426682263612,0.0143425278365612,0.2000000332384816,7055.0,7363.0,7960.0,348095.7188801364,4524.999247979479,1460766.375,18957.32211709034,False,90.97010167444044
789,5,2,0.0025,0.0048190923407673,0.0048070596531033,0.004831155296415,0.005000032399732023,6415.0,6391.0,6439.0,996030.6802992267,4799.968896458807,1183563.0,5703.699388115667,False,61.20599979866447
789,5,2,0.005,0.0048190923407673,0.0047950567677617,0.0048432480543851,0.010000034053454466,6419.0,6391.0,6444.0,518765.9793225139,2499.9914866653744,1183563.0,5703.699388115667,False,61.20599979866447
789,5,2,0.01,0.0048190923407673,0.0047711418010294,0.0048675253055989,0.02000000960057399,6324.0,6391.0,6452.0,1328028.0746349394,6399.996927817799,1183563.0,5703.699388115667,False,61.20599979866447
789,5,2,0.02,0.0048190923407673,0.0047236680984497,0.0049164444208145,0.03999995326687478,6253.0,6391.0,6685.0,2240939.1086033117,10800.012617958551,1183563.0,5703.699388115667,False,61.20599979866447
789,5,2,0.05,0.0048190923407673,0.0045840623788535,0.0050661722198128,0.09999995895505587,6152.0,6391.0,6712.0,1161561.0228692165,5600.002298517815,1183563.0,5703.699388115667,False,61.20599979866447
789,5,2,0.1,0.0048190923407673,0.0043604951351881,0.0053259208798408,0.20000001779561782,5739.0,6391.0,6908.0,1210864.7469521686,5844.999479923115,1183563.0,5703.699388115667,False,61.20599979866447
789,5,7,0.0025,0.0127071822062134,0.0126754539087414,0.0127389905974268,0.0050000558572888855,73475.0,73880.0,74113.0,10041442.404388424,127598.57453791214,15789291.0,200637.39764392647,False,170.5311902285158
789,5,7,0.005,0.0127071822062134,0.0126438047736883,0.0127708772197365,0.010000007477405712,73115.0,73880.0,74057.0,7413094.099429676,94199.92956289086,15789291.0,200637.39764392647,False,170.5311902285158
789,5,7,0.01,0.0127071822062134,0.0125807439908385,0.0128348916769027,0.019999984332996667,72830.0,73880.0,74292.0,5752560.736007197,73100.05726294203,15789291.0,200637.39764392647,False,170.5311902285158
789,5,7,0.02,0.0127071822062134,0.0124555630609393,0.0129638845100998,0.04000002141653275,72400.0,73880.0,74847.0,4813883.0341337295,61174.967246107764,15789291.0,200637.39764392647,False,170.5311902285158
789,5,7,0.05,0.0127071822062134,0.012087445706129,0.0133586935698986,0.10000000761050992,70666.0,73880.0,77028.0,5004531.516878947,63619.99515819395,15789291.0,200637.39764392647,False,170.5311902285158
789,5,7,0.1,0.0127071822062134,0.0114979343488812,0.0140436086803674,0.19999999668883867,67960.0,73880.0,79855.0,4672632.258131593,59475.00098465662,15789291.0,200637.39764392647,False,170.5311902285158
789,6,1,0.0025,0.0181871354579925,0.0181417241692543,0.0182326603680849,0.005000023474726766,9303.0,9190.0,9369.0,725783.5806722793,13199.938027012298,22347588.0,406438.6101154089,False,84.9300359048354
789,6,1,0.005,0.0181871354579925,0.0180964265018701,0.0182782988995313,0.010000015739486477,9176.0,9190.0,9483.0,1687996.6611090456,30699.95167985257,22347588.0,406438.6101154089,False,84.9300359048354
789,6,1,0.01,0.0181871354579925,0.018006170168519,0.0183699186891317,0.01999998663351856,9409.0,9190.0,9441.0,87972.86638059471,1600.0010693192298,22347588.0,406438.6101154089,False,84.9300359048354
789,6,1,0.02,0.0181871354579925,0.0178270060569047,0.0185545403510332,0.04000002023299011,9418.0,9190.0,9236.0,-250160.0288382476,-4549.997698498539,22347588.0,406438.6101154089,False,84.9300359048354
789,6,1,0.05,0.0181871354579925,0.0173001382499933,0.0191196091473102,0.09999997252713111,9224.0,9190.0,9246.0,12091.427256375737,220.00006044032816,22347588.0,406438.6101154089,False,84.9300359048354
789,6,1,0.1,0.0181871354579925,0.0164564009755849,0.0200998932123184,0.19999998364913185,8716.0,9190.0,9216.0,137230.9771814596,2500.0002043858685,22347588.0,406438.6101154089,False,84.9300359048354
789,6,2,0.0025,0.0160542204976081,0.0160141345113515,0.0160944070667028,0.005000085251227384,19794.0,19868.0,19749.0,-560590.1020973275,-8999.846550407063,69006064.0,1107838.5671280622,False,101.23821348276904
789,6,2,0.005,0.0160542204976081,0.015974149107933,0.0161346923559904,0.010000023582430665,19733.0,19868.0,19786.0,330129.1125058748,5299.987501341223,69006064.0,1107838.5671280622,False,101.23821348276904
789,6,2,0.01,0.0160542204976081,0.0158944781869649,0.01621556840837,0.020000028552953998,19692.0,19868.0,19843.0,470272.8078706934,7549.989221275254,69006064.0,1107838.5671280622,False,101.23821348276904
789,6,2,0.02,0.0160542204976081,0.0157363265752792,0.0163785368204116,0.039999912974586625,19589.0,19868.0,19972.0,596377.9041255265,9575.020831753649,69006064.0,1107838.5671280622,False,101.23821348276904
789,6,2,0.05,0.0160542204976081,0.0152712473645806,0.0168773382902145,0.09999998934314445,19471.0,19868.0,20079.0,378558.89121596987,6080.000647936886,69006064.0,1107838.5671280622,False,101.23821348276904
789,6,2,0.1,0.0160542204976081,0.0145264593884348,0.017742658033967,0.200000026525397,19377.0,19868.0,20226.0,263976.2320587358,4244.999436998523,69006064.0,1107838.5671280622,False,101.23821348276904
789,6,7,0.0025,0.0183411631733179,0.0182953663170337,0.0183870736509561,0.00500007769740685,30904.0,30957.0,30857.0,-512499.9058392644,-9399.853931144957,9648765.0,176969.57328599878,False,111.0365423979061
789,6,7,0.005,0.0183411631733179,0.018249686807394,0.0184330977499485,0.00999992084382624,30964.0,30957.0,31011.0,256255.1576552401,4700.037203696157,9648765.0,176969.57328599878,False,111.0365423979061
789,6,7,0.01,0.0183411631733179,0.0181586649268865,0.0185254942625761,0.019999998438348945,30842.0,30957.0,31032.0,517952.0324971289,9500.000741784308,9648765.0,176969.57328599878,False,111.0365423979061
789,6,7,0.02,0.0183411631733179,0.0179779846221208,0.0187116786837577,0.039999924688176,30424.0,30957.0,31159.0,1001779.9494794729,18375.03459643429,9648765.0,176969.57328599878,False,111.0365423979061
789,6,7,0.05,0.0183411631733179,0.0174466539174318,0.0192815344780683,0.09999999744792638,29766.0,30957.0,31501.0,945565.6336552761,17350.000442784785,9648765.0,176969.57328599878,False,111.0365423979061
789,6,7,0.1,0.0183411631733179,0.016595771536231,0.0202701203525066,0.19999996173471335,29305.0,30957.0,32793.0,949283.8525699672,17440.003336733633,9648765.0,176969.57328599878,False,111.0365423979061
789,7,1,0.0025,0.0056448862887918,0.0056307916529476,0.0056590163148939,0.00500003557702447,8910.0,9005.0,8968.0,2054940.4669699844,11599.917461890522,7438264.0,41988.15446601436,False,94.89614442468373
789,7,1,0.005,0.0056448862887918,0.0056167324073612,0.0056731812655925,0.009999957531810716,8875.0,9005.0,9019.0,2550981.62322359,14400.061154452282,7438264.0,41988.15446601436,False,94.89614442468373
789,7,1,0.01,0.0056448862887918,0.0055887186899781,0.0057016182690858,0.019999995183396735,8789.0,9005.0,8934.0,1284327.1971959986,7250.001746019104,7438264.0,41988.15446601436,False,94.89614442468373
789,7,1,0.02,0.0056448862887918,0.0055331098847091,0.0057589206844568,0.04000005238154684,8717.0,9005.0,9142.0,1882106.6152498242,10624.986086169842,7438264.0,41988.15446601436,False,94.89614442468373
789,7,1,0.05,0.0056448862887918,0.0053695822134613,0.0059343054890632,0.09999989628601641,8802.0,9005.0,9269.0,826953.6960421138,4670.004843448057,7438264.0,41988.15446601436,False,94.89614442468373
789,7,1,0.1,0.0056448862887918,0.0051077045500278,0.0062385643832385,0.1999999932624398,8613.0,9005.0,9684.0,947066.9737727367,5355.00018039818,7438264.0,41988.15446601436,False,94.89614442468373
789,7,2,0.0025,0.0184797272086143,0.0184335857629776,0.0185259841382503,0.00499998068238759,1389.0,1385.0,1373.0,-173163.21799792038,-3200.012363319708,277.9400939941406,5.13625711734835,False,22.14690782188517
789,7,2,0.005,0.0184797272086143,0.0183875579386949,0.0185723565518856,0.010000031425037782,1381.0,1385.0,1373.0,-43290.36815738654,-799.9974860048777,277.9400939941406,5.13625711734835,False,22.14690782188517
789,7,2,0.01,0.0184797272086143,0.0182958506047725,0.0186654515564441,0.020000013529052146,1367.0,1385.0,1337.0,-81168.62217025823,-1499.9989853217753,277.9400939941406,5.13625711734835,False,22.14690782188517
789,7,2,0.02,0.0184797272086143,0.0181138049811124,0.0188530422747135,0.0399999410573642,1353.0,1385.0,1353.0,0.0,0.0,277.9400939941406,5.13625711734835,True,22.14690782188517
789,7,2,0.05,0.0184797272086143,0.0175784602761268,0.0194272026419639,0.09999997736372752,1331.0,1385.0,1453.0,65990.80664479664,1220.0002761625867,277.9400939941406,5.13625711734835,False,22.14690782188517
789,7,2,0.1,0.0184797272086143,0.0167211480438709,0.0204232577234506,0.2000000677199603,1361.0,1385.0,1464.0,27821.97420247516,514.9998256211613,277.9400939941406,5.13625711734835,False,22.14690782188517
789,7,7,0.0025,0.0064959600567817,0.0064797401428222,0.0065122204832732,0.005000077979796102,12491.0,12548.0,12607.0,3571391.1365860463,23199.638179389025,6527290.0,42401.01511903107,False,74.96392738498707
789,7,7,0.005,0.0064959600567817,0.006463561207056,0.0065285209566354,0.009999981540955417,12395.0,12548.0,12682.0,4418120.48011676,28700.052977555744,6527290.0,42401.01511903107,False,74.96392738498707
789,7,7,0.01,0.0064959600567817,0.0064313244074583,0.0065612457692623,0.019999998571393365,12330.0,12548.0,12701.0,2855573.516537588,18550.00132503275,6527290.0,42401.01511903107,False,74.96392738498707
789,7,7,0.02,0.0064959600567817,0.0063673313707113,0.0066271871328353,0.04000000593702745,12226.0,12548.0,12704.0,1839482.011454894,11949.998226313313,6527290.0,42401.01511903107,False,74.96392738498707
789,7,7,0.05,0.0064959600567817,0.0061791483312845,0.0068290149793028,0.09999999195952902,12022.0,12548.0,13107.0,1669573.2937035512,10850.00087239117,6527290.0,42401.01511903107,False,74.96392738498707
789,7,7,0.1,0.0064959600567817,0.0058777877129614,0.0071791466325521,0.20000007076901102,11934.0,12548.0,13686.0,1346285.005331991,8759.996900318414,6527290.0,42401.01511903107,False,74.96392738498707
1011,0,1,0.0025,0.0103693585842847,0.0103434678167104,0.0103953145444393,0.0049999884120001566,5630.0,5588.0,5574.0,-1080106.7387090642,-11200.025957179807,-12727.1552734375,-131.97243678814448,False,37.88463474380054
1011,0,1,0.005,0.0103693585842847,0.0103176413103938,0.0104213347658514,0.009999945916106897,5615.0,5588.0,5599.0,-154300.9626730229,-1600.008653469698,-12727.1552734375,-131.97243678814448,False,37.88463474380054
1011,0,1,0.01,0.0103693585842847,0.010266182012856,0.0104735726490616,0.020000000247034386,5663.0,5588.0,5565.0,-472538.20998382,-4899.999939476576,-12727.1552734375,-131.97243678814448,False,37.88463474380054
1011,0,1,0.02,0.0103693585842847,0.0101640317589044,0.0105788335204124,0.03999997698338801,5710.0,5588.0,5604.0,-255543.75568377526,-2650.001524851422,-12727.1552734375,-131.97243678814448,False,37.88463474380054
1011,0,1,0.05,0.0103693585842847,0.0098636392503976,0.0109010068699717,0.09999996551169933,5590.0,5588.0,5520.0,-67478.48947583223,-700.0002414181879,-12727.1552734375,-131.97243678814448,False,37.88463474380054
1011,0,1,0.1,0.0103693585842847,0.0093825841322541,0.0114599140360951,0.19999999112472408,5609.0,5588.0,5439.0,-81835.82188157427,-850.0000377199243,-12727.1552734375,-131.97243678814448,False,37.88463474380054
1011,0,2,0.0025,0.0017865144181996,0.0017820536158978,0.0017909863963723,0.005000111420305943,9906.0,9998.0,10032.0,14105350.552348834,25199.43845417157,5438856.0,9716.59466251172,False,72.17878594678031
1011,0,2,0.005,0.0017865144181996,0.0017776041058823,0.0017954693175852,0.0099999963403884,9836.0,9998.0,10127.0,16288639.890719231,29100.010649473654,5438856.0,9716.59466251172,False,72.17878594678031
1011,0,2,0.01,0.0017865144181996,0.0017687382642179,0.001804469153285,0.02000000331028129,9784.0,9998.0,10230.0,12482197.102972783,22299.996309036975,5438856.0,9716.59466251172,False,72.17878594678031
1011,0,2,0.02,0.0017865144181996,0.0017511390615254,0.0018226043321192,0.0399999614696502,9762.0,9998.0,10463.0,9808960.270848207,17525.016881125768,5438856.0,9716.59466251172,False,72.17878594678031
1011,0,2,0.05,0.0017865144181996,0.0016993851168081,0.0018781109247356,0.09999995475703988,9482.0,9998.0,10663.0,6607887.320218864,11810.005343196008,5438856.0,9716.59466251172,False,72.17878594678031
1011,0,2,0.1,0.0017865144181996,0.0016165050910785,0.0019744038581848,0.20000004120816775,8619.0,9998.0,11381.0,7717266.036794293,13809.997154576604,5438856.0,9716.59466251172,False,72.17878594678031
1011,0,7,0.0025,0.0159809570759534,0.0159410536289215,0.0160209592431783,0.005000046839955753,43473.0,43648.0,43525.0,650767.7900188675,10399.902573804722,220541744.0,3524468.1443199217,False,135.56592060669104
1011,0,7,0.005,0.0159809570759534,0.0159012507647275,0.0160610619932413,0.010000062354597996,43551.0,43648.0,43656.0,657025.1726144039,10499.934528080352,220541744.0,3524468.1443199217,False,135.56592060669104
1011,0,7,0.01,0.0159809570759534,0.0158219430595636,0.0161415692418813,0.020000107219289184,43225.0,43648.0,43831.0,1895964.828681172,30299.837563647703,220541744.0,3524468.1443199217,False,135.56592060669104
1011,0,7,0.02,0.0159809570759534,0.0156645122915506,0.0163037944585084,0.040000079306292305,43123.0,43648.0,43859.0,1151291.3045931794,18399.96351917787,220541744.0,3524468.1443199217,False,135.56592060669104
1011,0,7,0.05,0.0159809570759534,0.0152015574276447,0.0168003179132938,0.09999992469214376,42808.0,43648.0,44414.0,1004528.2044533147,16060.01209445082,220541744.0,3524468.1443199217,False,135.56592060669104
1011,0,7,0.1,0.0159809570759534,0.0144601678475737,0.0176616888493299,0.19999999755654047,41887.0,43648.0,44948.0,956108.0493680607,15305.000186985742,220541744.0,3524468.1443199217,False,135.56592060669104
1011,1,1,0.0025,0.0065463040955364,0.0065299584530293,0.0065626907162368,0.005000108225534074,42314.0,42348.0,42485.0,5224203.377443667,34199.25975336965,52813404.0,345732.6029044222,False,160.16241065736048
1011,1,1,0.005,0.0065463040955364,0.0065136542543768,0.0065791173838078,0.009999972009317562,42194.0,42348.0,42560.0,5590933.448816726,36600.10244618448,52813404.0,345732.6029044222,False,160.16241065736048
1011,1,1,0.01,0.0065463040955364,0.0064811673946678,0.006612095516175,0.019999978100315407,42349.0,42348.0,42888.0,4116762.6465209746,26950.0295098573,52813404.0,345732.6029044222,False,160.16241065736048
1011,1,1,0.02,0.0065463040955364,0.0064166784286499,0.0066785481758415,0.04000001988078809,42030.0,42348.0,43258.0,4689354.204407278,30699.98474150272,52813404.0,345732.6029044222,False,160.16241065736048
1011,1,1,0.05,0.0065463040955364,0.0062270374037325,0.0068819401785731,0.09999993231540581,40937.0,42348.0,44555.0,5524484.15091935,36180.024488302755,52813404.0,345732.6029044222,False,160.16241065736048
1011,1,1,0.1,0.0065463040955364,0.0059233410283923,0.0072347852401435,0.20000002357248264,40448.0,42348.0,45468.0,3827841.0587490294,25099.997041653776,52813404.0,345732.6029044222,False,160.16241065736048
1011,1,2,0.0025,0.0059406426735222,0.0059258094988763,0.0059555131010711,0.005000060191766923,4547.0,4564.0,4566.0,639653.0587568341,3799.9542548078352,825511.375,4904.068101803015,False,51.843897855776646
1011,1,2,0.005,0.0059406426735222,0.0059110135771334,0.0059704203158617,0.010000010826930132,4520.0,4564.0,4582.0,1043652.6449223203,6199.993287310585,825511.375,4904.068101803015,False,51.843897855776646
1011,1,2,0.01,0.0059406426735222,0.0058815320953726,0.0060003469698131,0.02000000745016929,4444.0,4564.0,4632.0,1582293.470285543,9399.996498421737,825511.375,4904.068101803015,False,51.843897855776646
1011,1,2,0.02,0.0059406426735222,0.0058230101130902,0.0060606515035033,0.03999997352888303,4345.0,4564.0,4657.0,1312902.602773197,7800.005161871225,825511.375,4904.068101803015,False,51.843897855776646
1011,1,2,0.05,0.0059406426735222,0.005650914274156,0.0062452256679534,0.09999992820397915,4300.0,4564.0,4754.0,763909.2986239599,4540.003259541687,825511.375,4904.068101803015,False,51.843897855776646
1011,1,2,0.1,0.0059406426735222,0.005375315900892,0.0065654260106384,0.20000005229008774,4188.0,4564.0,4851.0,557091.3099303715,3314.999133292022,825511.375,4904.068101803015,False,51.843897855776646
1011,1,7,0.0025,0.0054341284558176,0.0054205600172281,0.0054477308876812,0.00500003676707169,16678.0,16563.0,16578.0,-3680412.085899515,-19999.852932794685,7490682.0,40705.32820968144,False,87.54739773833093
1011,1,7,0.005,0.0054341284558176,0.0054070255719125,0.0054613673128187,0.010000042201906804,16625.0,16563.0,16587.0,-699278.2963209191,-3799.983963343092,7490682.0,40705.32820968144,False,87.54739773833093
1011,1,7,0.01,0.0054341284558176,0.0053800581954419,0.005488742608577,0.020000005131456656,16554.0,16563.0,16608.0,496851.37401326565,2699.9993072535294,7490682.0,40705.32820968144,False,87.54739773833093
1011,1,7,0.02,0.0054341284558176,0.005326525773853,0.0055439048446714,0.039999897226190385,16486.0,16563.0,16754.0,1232869.3787815901,6700.01721465734,7490682.0,40705.32820968144,False,87.54739773833093
1011,1,7,0.05,0.0054341284558176,0.0051691029220819,0.005712741985917,0.0999999586699764,16383.0,16563.0,17007.0,1147820.3858236258,6240.002578994539,7490682.0,40705.32820968144,False,87.54739773833093
1011,1,7,0.1,0.0054341284558176,0.0049170027486979,0.0060056410729885,0.2000000589192319,16019.0,16563.0,17378.0,1248348.4823902177,6794.997998219686,7490682.0,40705.32820968144,False,87.54739773833093
1011,2,1,0.0025,0.0166266057640314,0.0165850911289453,0.0166682247072458,0.005000027781099088,83693.0,83729.0,83909.0,2598228.1096963193,43199.75997263753,206358208.0,3431036.5705879927,False,218.6503808597027
1011,2,1,0.005,0.0166266057640314,0.0165436808019876,0.0167099460959434,0.009999912489768266,83583.0,83729.0,84051.0,2814778.652028335,46800.40955146851,206358208.0,3431036.5705879927,False,218.6503808597027
1011,2,1,0.01,0.0166266057640314,0.0164611674845218,0.016793705523014,0.020000023633855103,83274.0,83729.0,84009.0,2210273.4572341014,36749.956572842566,206358208.0,3431036.5705879927,False,218.6503808597027
1011,2,1,0.02,0.0166266057640314,0.0162973776459693,0.0169624853879213,0.039999949471690714,83149.0,83729.0,84212.0,1598237.2974343135,26575.033569787887,206358208.0,3431036.5705879927,False,218.6503808597027
1011,2,1,0.05,0.0166266057640314,0.0158157162368297,0.0174790695309638,0.09999999413485915,82503.0,83729.0,84924.0,1455493.5554207137,24210.001419950684,206358208.0,3431036.5705879927,False,218.6503808597027
1011,2,1,0.1,0.0166266057640314,0.0150443753227591,0.0183752421289682,0.20000003346641348,81114.0,83729.0,85528.0,1325180.5781521553,22069.99630698189,206358208.0,3431036.5705879927,False,218.6503808597027
1011,2,2,0.0025,0.0100537622347474,0.0100286593660712,0.0100789284333586,0.005000020143326201,243484.0,244247.0,244491.0,20032199.80674689,201399.18863008937,206961216.0,2080738.8574782007,False,305.2246568907084
1011,2,2,0.005,0.0100537622347474,0.0100036188960075,0.0101041570305824,0.01000000922627031,243158.0,244247.0,244771.0,16043663.499627804,161299.8511803972,206961216.0,2080738.8574782007,False,305.2246568907084
1011,2,2,0.01,0.0100537622347474,0.0099537260830402,0.0101548042148351,0.0199999533874054,242733.0,244247.0,245344.0,12985002.280920452,130550.30426442038,206961216.0,2080738.8574782007,False,305.2246568907084
1011,2,2,0.02,0.0100537622347474,0.0098546845838427,0.0102568613365292,0.03999994592869278,240873.0,244247.0,246491.0,13968982.449811794,140450.18985813414,206961216.0,2080738.8574782007,False,305.2246568907084
1011,2,2,0.05,0.0100537622347474,0.0095634348690509,0.010569229722023,0.09999996478810216,237436.0,244247.0,250154.0,12644725.673847515,127180.04478250744,206961216.0,2080738.8574782007,False,305.2246568907084
1011,2,2,0.1,0.0100537622347474,0.0090970201417803,0.011111126281321,0.20000007101997866,231832.0,244247.0,256272.0,12134415.123511482,122199.95660680845,206961216.0,2080738.8574782007,False,305.2246568907084
1011,2,7,0.0025,0.0021897365804761,0.0021842690184712,0.002195217879489,0.005000076074533444,13534.0,13569.0,13538.0,365334.80455153785,799.9878282598409,3194621.0,6995.378464457346,False,79.35975302842186
1011,2,7,0.005,0.0021897365804761,0.0021788151934742,0.0022007126826792,0.010000014752066905,13522.0,13569.0,13549.0,1233018.0755990364,2699.9960169478113,3194621.0,6995.378464457346,False,79.35975302842186
1011,2,7,0.01,0.0021897365804761,0.002167948288843,0.0022117437329143,0.019999992552464124,13474.0,13569.0,13646.0,3927349.1489201644,8600.00320244162,3194621.0,6995.378464457346,False,79.35975302842186
1011,2,7,0.02,0.0021897365804761,0.0021463769953697,0.0022339720744639,0.039999898031152496,13333.0,13569.0,13827.0,5639586.208589984,12350.031482961924,3194621.0,6995.378464457346,False,79.35975302842186
1011,2,7,0.05,0.0021897365804761,0.002082941820845,0.0023020068183541,0.1000000407960008,13149.0,13569.0,14080.0,4249880.220875208,9309.996201893875,3194621.0,6995.378464457346,False,79.35975302842186
1011,2,7,0.1,0.0021897365804761,0.001981355715543,0.0024200333282351,0.19999999684899494,12796.0,13569.0,14591.0,4091843.1852137367,8975.000141401355,3194621.0,6995.378464457346,False,79.35975302842186
1011,3,1,0.0025,0.0030624063219875,0.0030547596979886,0.0030700720380991,0.005000095569056665,4137.0,4180.0,4202.0,4244942.283866061,12999.751525201971,2359638.75,7226.172625606705,False,61.44089124526023
1011,3,1,0.005,0.0030624063219875,0.0030471323989331,0.0030777566134929,0.010000008065271038,4177.0,4180.0,4262.0,2775581.3894922626,8499.993144525146,2359638.75,7226.172625606705,False,61.44089124526023
1011,3,1,0.01,0.0030624063219875,0.0030319348443299,0.0030931839719414,0.019999993819385605,4130.0,4180.0,4212.0,1338794.578759089,4100.001267026342,2359638.75,7226.172625606705,False,61.44089124526023
1011,3,1,0.02,0.0030624063219875,0.003001766745001,0.0031242710538208,0.03999996287497091,4210.0,4180.0,4342.0,1077513.1199194635,3300.003062817743,2359638.75,7226.172625606705,False,61.44089124526023
1011,3,1,0.05,0.0030624063219875,0.002913051052019,0.0032194191589951,0.09999995447440713,4317.0,4180.0,4512.0,636489.228349125,1950.0008877494652,2359638.75,7226.172625606705,False,61.44089124526023
1011,3,1,0.1,0.0030624063219875,0.0027709798887372,0.0033844825811684,0.20000003021390195,4207.0,4180.0,4463.0,417276.0823355449,1279.9998066310568,2359638.75,7226.172625606705,False,61.44089124526023
1011,3,2,0.0025,0.0152102718129754,0.0151722934097051,0.0152483452111482,0.005000023887313633,55447.0,55634.0,55747.0,3944679.7354886113,59999.713353605846,70319616.0,1069580.4731440544,False,156.6390389584242
1011,3,2,0.005,0.0152102718129754,0.0151344100013375,0.0152865136042237,0.010000016593218315,55392.0,55634.0,55600.0,1367488.9749693852,20799.965486163175,70319616.0,1069580.4731440544,False,156.6390389584242
1011,3,2,0.01,0.0152102718129754,0.0150589272379875,0.0153631381690502,0.020000027435146346,55286.0,55634.0,55825.0,1771796.9506128896,26949.96303119101,70319616.0,1069580.4731440544,False,156.6390389584242
1011,3,2,0.02,0.0152102718129754,0.0149090886116027,0.0155175393447279,0.039999953883332134,55200.0,55634.0,55890.0,1134027.7239143706,17250.019887835944,70319616.0,1069580.4731440544,False,156.6390389584242
1011,3,2,0.05,0.0152102718129754,0.0144684584811329,0.0159901194274425,0.09999999278988901,54610.0,55634.0,56455.0,1212490.8669533622,18450.00133026557,70319616.0,1069580.4731440544,False,156.6390389584242
1011,3,2,0.1,0.0152102718129754,0.013762823306024,0.0168099515140056,0.20000006948008492,53698.0,55634.0,57109.0,1119414.6642944927,17054.994075087816,70319616.0,1069580.4731440544,False,156.6390389584242
1011,3,7,0.0025,0.0139875570312142,0.0139526315033435,0.0140225701034069,0.0050000530294638254,153508.0,153824.0,154311.0,11481499.476284761,160598.29671168682,139657232.0,1953463.497421518,False,243.3810945941412
1011,3,7,0.005,0.0139875570312142,0.0139177935197949,0.014057669788599,0.010000008428652285,153375.0,153824.0,154416.0,7442291.740409067,104099.91225780366,139657232.0,1953463.497421518,False,243.3810945941412
1011,3,7,0.01,0.0139875570312142,0.0138483783230185,0.0141281345859169,0.020000032812255028,153069.0,153824.0,154867.0,6427023.2286202125,89899.85250915562,139657232.0,1953463.497421518,False,243.3810945941412
1011,3,7,0.02,0.0139875570312142,0.0137105854228138,0.0142701240256428,0.03999992971982122,152427.0,153824.0,155425.0,5357985.999254128,74950.13168771636,139657232.0,1953463.497421518,False,243.3810945941412
1011,3,7,0.05,0.0139875570312142,0.0133053762838244,0.0147047145292162,0.09999997322491662,150982.0,153824.0,156595.0,4011181.7271373323,56130.015028858325,139657232.0,1953463.497421518,False,243.3810945941412
1011,3,7,0.1,0.0139875570312142,0.0126564651727676,0.0154586415737867,0.20000000667653914,147824.0,153824.0,159689.0,4234208.808440793,59324.99801957164,139657232.0,1953463.497421518,False,243.3810945941412
1011,4,1,0.0025,0.0108905816450715,0.0108633888885378,0.010917842388153,0.005000049112966793,120460.0,120594.0,120587.0,2332265.1601358433,25399.750508579342,39226680.0,427201.3612050936,False,252.6425287742022
1011,4,1,0.005,0.0108905816450715,0.0108362641185522,0.0109451711177825,0.01000006708626972,120017.0,120594.0,120641.0,5729659.291047498,62399.58138448528,39226680.0,427201.3612050936,False,252.6425287742022
1011,4,1,0.01,0.0108905816450715,0.0107822185382246,0.011000033468008,0.01999996971372302,119649.0,120594.0,121195.0,7097768.741276726,77300.11705663778,39226680.0,427201.3612050936,False,252.6425287742022
1011,4,1,0.02,0.0108905816450715,0.0106749339029192,0.0111105861142277,0.03999999048455205,119542.0,120594.0,121300.0,4035328.994933301,43950.01045510092,39226680.0,427201.3612050936,False,252.6425287742022
1011,4,1,0.05,0.0108905816450715,0.0103594418615102,0.0114489533007144,0.09999995002843538,117864.0,120594.0,122479.0,4235843.547793204,46150.0230618886,39226680.0,427201.3612050936,False,252.6425287742022
1011,4,1,0.1,0.0108905816450715,0.0098542058840394,0.0120359547436237,0.2000000413245,114396.0,120594.0,125707.0,5184373.054813991,56554.98831446693,39226680.0,427201.3612050936,False,252.6425287742022
1011,4,2,0.0025,0.0116654084995388,0.0116362813860178,0.0116946091875433,0.005000059715740402,134156.0,134255.0,134294.0,2365938.6500220913,27599.670373049765,149982176.0,1749603.350689739,False,214.2881111372101
1011,4,2,0.005,0.0116654084995388,0.0116072269156575,0.0117238815873861,0.010000008686746751,134030.0,134255.0,134743.0,6112056.974956037,71299.93806354947,149982176.0,1749603.350689739,False,214.2881111372101
1011,4,2,0.01,0.0116654084995388,0.0115493359044194,0.0117826480418443,0.020000006427799973,133724.0,134255.0,135339.0,6922057.368403482,80749.97404776595,149982176.0,1749603.350689739,False,214.2881111372101
1011,4,2,0.02,0.0116654084995388,0.0114344181492924,0.0119010647758841,0.03999993021461484,132658.0,134255.0,135816.0,6767433.4711587755,78950.13773914427,149982176.0,1749603.350689739,False,214.2881111372101
1011,4,2,0.05,0.0116654084995388,0.0110964803025126,0.0122635066509246,0.09999994516971436,131049.0,134255.0,139016.0,6826752.464364572,79670.04368331253,149982176.0,1749603.350689739,False,214.2881111372101
1011,4,2,0.1,0.0116654084995388,0.0105552980676293,0.0128922704607248,0.2000000223172223,127342.0,134255.0,142311.0,6405296.033545525,74844.99164833841,149982176.0,1749603.350689739,False,214.2881111372101
1011,4,7,0.0025,0.0098292483016848,0.0098047060891985,0.0098538529127836,0.0050000537650311755,4432.0,4455.0,4441.0,183124.7544292706,1799.9806447969033,23976.416015625,235.6701464020716,False,26.27428609778196
1011,4,7,0.005,0.0098292483016848,0.0097802244126796,0.0098785171285271,0.009999982424428133,4429.0,4455.0,4456.0,274689.73430228484,2700.0047454127443,23976.416015625,235.6701464020716,False,26.27428609778196
1011,4,7,0.01,0.0098292483016848,0.0097314454615116,0.0099280336871743,0.01999999868482249,4383.0,4455.0,4472.0,452722.9425871294,4450.000292627015,23976.416015625,235.6701464020716,False,26.27428609778196
1011,4,7,0.02,0.0098292483016848,0.0096346158534288,0.0100278118625283,0.03999998774157432,4383.0,4455.0,4449.0,167855.2133607708,1650.0005056602145,23976.416015625,235.6701464020716,False,26.27428609778196
1011,4,7,0.05,0.0098292483016848,0.0093498704954981,0.0103332046419382,0.09999996927769736,4346.0,4455.0,4439.0,94576.19298249915,930.0002857175024,23976.416015625,235.6701464020716,False,26.27428609778196
1011,4,7,0.1,0.0098292483016848,0.008893871679902,0.0108629995957016,0.20000001796434533,4259.0,4455.0,4592.0,169110.39517957333,1664.9998504468385,23976.416015625,235.6701464020716,False,26.27428609778196
1011,5,1,0.0025,0.0129776550456881,0.0129452515393495,0.0130101405084133,0.00500004809268813,7636.0,7724.0,7763.0,1957189.3625730712,25399.755691494192,1325508.5,17201.992073127534,False,90.97010167444044
1011,5,1,0.005,0.0129776550456881,0.0129129281267523,0.0130427060648798,0.010000065393470458,7628.0,7724.0,7757.0,994005.6211500596,12899.915642974749,1325508.5,17201.992073127534,False,90.97010167444044
1011,5,1,0.01,0.0129776550456881,0.0128485253080725,0.0131080830469727,0.020000023673137704,7633.0,7724.0,7709.0,292805.75613745017,3799.99550210916,1325508.5,17201.992073127534,False,90.97010167444044
1011,5,1,0.02,0.0129776550456881,0.0127206807956099,0.0132398204877972,0.039999913946285055,7401.0,7724.0,7895.0,951574.3208126171,12350.026569141648,1325508.5,17201.992073127534,False,90.97010167444044
1011,5,1,0.05,0.0129776550456881,0.0123447272926568,0.0136430338025093,0.1000000151791958,7206.0,7724.0,7968.0,586918.4158112021,7619.998843345456,1325508.5,17201.992073127534,False,90.97010167444044
1011,5,1,0.1,0.0129776550456881,0.0117426682263612,0.0143425278365612,0.2000000332384816,6887.0,7724.0,8083.0,460024.8395366222,5979.999006169565,1325508.5,17201.992073127534,False,90.97010167444044
1011,5,2,0.0025,0.0048190923407673,0.0048070596531033,0.004831155296415,0.005000032399732023,6158.0,6168.0,6172.0,581017.8968412156,2799.9818562676373,1282236.0,6179.213686656207,False,60.16576624945471
1011,5,2,0.005,0.0048190923407673,0.0047950567677617,0.0048432480543851,0.010000034053454466,6153.0,6168.0,6191.0,788524.2885702212,3799.987059731369,1282236.0,6179.213686656207,False,60.16576624945471
1011,5,2,0.01,0.0048190923407673,0.0047711418010294,0.0048675253055989,0.02000000960057399,6048.0,6168.0,6264.0,2241047.3759464603,10799.994815692535,1282236.0,6179.213686656207,False,60.16576624945471
1011,5,2,0.02,0.0048190923407673,0.0047236680984497,0.0049164444208145,0.03999995326687478,6002.0,6168.0,6290.0,1493959.4057355411,7200.008411972368,1282236.0,6179.213686656207,False,60.16576624945471
1011,5,2,0.05,0.0048190923407673,0.0045840623788535,0.0050661722198128,0.09999995895505587,5749.0,6168.0,6492.0,1541142.5714139785,7430.003049640601,1282236.0,6179.213686656207,False,60.16576624945471
1011,5,2,0.1,0.0048190923407673,0.0043604951351881,0.0053259208798408,0.20000001779561782,5476.0,6168.0,6785.0,1355878.489102129,6544.999417638459,1282236.0,6179.213686656207,False,60.16576624945471
1011,5,7,0.0025,0.0127071822062134,0.0126754539087414,0.0127389905974268,0.0050000558572888855,74409.0,74415.0,74659.0,3934734.484478222,49999.44143335115,14330033.0,182094.3403520519,False,171.16875272641855
1011,5,7,0.005,0.0127071822062134,0.0126438047736883,0.0127708772197365,0.010000007477405712,74005.0,74415.0,74902.0,7058965.400412335,89699.93292772092,14330033.0,182094.3403520519,False,171.16875272641855
1011,5,7,0.01,0.0127071822062134,0.0125807439908385,0.0128348916769027,0.019999984332996667,73606.0,74415.0,74978.0,5398435.930097041,68600.05373786353,14330033.0,182094.3403520519,False,171.16875272641855
1011,5,7,0.02,0.0127071822062134,0.0124555630609393,0.0129638845100998,0.04000002141653275,73151.0,74415.0,75442.0,4506990.613486054,57274.969334218586,14330033.0,182094.3403520519,False,171.16875272641855
1011,5,7,0.05,0.0127071822062134,0.012087445706129,0.0133586935698986,0.10000000761050992,71058.0,74415.0,77223.0,4849565.671417589,61649.99530812099,14330033.0,182094.3403520519,False,171.16875272641855
1011,5,7,0.1,0.0127071822062134,0.0114979343488812,0.0140436086803674,0.19999999668883867,68480.0,74415.0,80286.0,4637670.9911308605,59030.00097728928,14330033.0,182094.3403520519,False,171.16875272641855
1011,6,1,0.0025,0.0181871354579925,0.0181417241692543,0.0182326603680849,0.005000023474726766,8004.0,7981.0,7990.0,-153954.09286987744,-2799.9868542147296,21571390.0,392321.791947186,False,85.09781550954665
1011,6,1,0.005,0.0181871354579925,0.0180964265018701,0.0182782988995313,0.010000015739486477,7904.0,7981.0,7981.0,423373.75539217104,7699.987880614488,21571390.0,392321.791947186,False,85.09781550954665
1011,6,1,0.01,0.0181871354579925,0.018006170168519,0.0183699186891317,0.01999998663351856,7895.0,7981.0,8113.0,599315.1522178015,10900.007284737252,21571390.0,392321.791947186,False,85.09781550954665
1011,6,1,0.02,0.0181871354579925,0.0178270060569047,0.0185545403510332,0.04000002023299011,7944.0,7981.0,8171.0,312012.78322133084,5674.99712944598,21571390.0,392321.791947186,False,85.09781550954665
1011,6,1,0.05,0.0181871354579925,0.0173001382499933,0.0191196091473102,0.09999997252713111,7931.0,7981.0,8416.0,266561.00997010147,4850.001332434507,21571390.0,392321.791947186,False,85.09781550954665
1011,6,1,0.1,0.0181871354579925,0.0164564009755849,0.0200998932123184,0.19999998364913185,7886.0,7981.0,8369.0,132565.12395728996,2415.000197436749,21571390.0,392321.791947186,False,85.09781550954665
1011,6,2,0.0025,0.0160542204976081,0.0160141345113515,0.0160944070667028,0.005000085251227384,20006.0,19972.0,19942.0,-797283.7007606436,-12799.781760578933,67425496.0,1082463.779944599,False,101.50666085030704
1011,6,2,0.005,0.0160542204976081,0.015974149107933,0.0161346923559904,0.010000023582430665,19928.0,19972.0,19952.0,149492.42830454707,2399.9943402299878,67425496.0,1082463.779944599,False,101.50666085030704
1011,6,2,0.01,0.0160542204976081,0.0158944781869649,0.01621556840837,0.020000028552953998,20000.0,19972.0,19949.0,-158833.86226096266,-2549.9963595035624,67425496.0,1082463.779944599,False,101.50666085030704
1011,6,2,0.02,0.0160542204976081,0.0157363265752792,0.0163785368204116,0.039999912974586625,19904.0,19972.0,19947.0,66956.26599842726,1075.0023388130728,67425496.0,1082463.779944599,False,101.50666085030704
1011,6,2,0.05,0.0160542204976081,0.0152712473645806,0.0168773382902145,0.09999998934314445,19521.0,19972.0,20261.0,460746.0189141738,7400.0007886073945,67425496.0,1082463.779944599,False,101.50666085030704
1011,6,2,0.1,0.0160542204976081,0.0145264593884348,0.017742658033967,0.200000026525397,19230.0,19972.0,20436.0,374976.8384721265,6029.999200259386,67425496.0,1082463.779944599,False,101.50666085030704
1011,6,7,0.0025,0.0183411631733179,0.0182953663170337,0.0183870736509561,0.00500007769740685,30173.0,30048.0,30226.0,577925.4257336386,10599.835284057079,8718638.0,159909.9622070901,False,110.53320358377236
1011,6,7,0.005,0.0183411631733179,0.018249686807394,0.0184330977499485,0.00999992084382624,30110.0,30048.0,30269.0,866905.7461102803,15900.125859312531,8718638.0,159909.9622070901,False,110.53320358377236
1011,6,7,0.01,0.0183411631733179,0.0181586649268865,0.0185254942625761,0.019999998438348945,30032.0,30048.0,30319.0,782380.1754035578,14350.00112048472,8718638.0,159909.9622070901,False,110.53320358377236
1011,6,7,0.02,0.0183411631733179,0.0179779846221208,0.0187116786837577,0.039999924688176,29834.0,30048.0,30488.0,891379.7101490821,16350.030783766018,8718638.0,159909.9622070901,False,110.53320358377236
1011,6,7,0.05,0.0183411631733179,0.0174466539174318,0.0192815344780683,0.09999999744792638,29355.0,30048.0,31199.0,1004970.0452220917,18440.000470602386,8718638.0,159909.9622070901,False,110.53320358377236
1011,6,7,0.1,0.0183411631733179,0.016595771536231,0.0202701203525066,0.19999996173471335,28652.0,30048.0,31995.0,909821.0777354932,16715.003198021943,8718638.0,159909.9622070901,False,110.53320358377236
1011,7,1,0.0025,0.0056448862887918,0.0056307916529476,0.0056590163148939,0.00500003557702447,9023.0,8979.0,8995.0,-992040.2254337856,-5599.960154016114,7527876.5,42494.00683856872,False,94.56058521526124
1011,7,1,0.005,0.0056448862887918,0.0056167324073612,0.0056731812655925,0.009999957531810716,9056.0,8979.0,9016.0,-708606.0064509972,-4000.016987347856,7527876.5,42494.00683856872,False,94.56058521526124
1011,7,1,0.01,0.0056448862887918,0.0055887186899781,0.0057016182690858,0.019999995183396735,9049.0,8979.0,9033.0,-141718.8631388688,-800.000192664177,7527876.5,42494.00683856872,False,94.56058521526124
1011,7,1,0.02,0.0056448862887918,0.0055331098847091,0.0057589206844568,0.04000005238154684,8929.0,8979.0,9237.0,1363973.7352869315,7699.989916565439,7527876.5,42494.00683856872,False,94.56058521526124
1011,7,1,0.05,0.0056448862887918,0.0053695822134613,0.0059343054890632,0.09999989628601641,8717.0,8979.0,9399.0,1207671.1364041148,6820.007073301017,7527876.5,42494.00683856872,False,94.56058521526124
1011,7,1,0.1,0.0056448862887918,0.0051077045500278,0.0062385643832385,0.1999999932624398,8474.0,8979.0,9788.0,1161947.7157211727,6570.00022132886,7527876.5,42494.00683856872,False,94.56058521526124
1011,7,2,0.0025,0.0184797272086143,0.0184335857629776,0.0185259841382503,0.00499998068238759,1395.0,1405.0,1407.0,129872.41349844028,2400.0092724897813,355.10772705078125,6.56229392556952,False,24.026039394651185
1011,7,2,0.005,0.0184797272086143,0.0183875579386949,0.0185723565518856,0.010000031425037782,1400.0,1405.0,1413.0,70346.84825575312,1299.9959147579261,355.10772705078125,6.56229392556952,False,24.026039394651185
1011,7,2,0.01,0.0184797272086143,0.0182958506047725,0.0186654515564441,0.020000013529052146,1400.0,1405.0,1416.0,43289.931824137726,799.9994588382802,355.10772705078125,6.56229392556952,False,24.026039394651185
1011,7,2,0.02,0.0184797272086143,0.0181138049811124,0.0188530422747135,0.0399999410573642,1388.0,1405.0,1426.0,51404.33299149172,950.001399889663,355.10772705078125,6.56229392556952,False,24.026039394651185
1011,7,2,0.05,0.0184797272086143,0.0175784602761268,0.0194272026419639,0.09999997736372752,1313.0,1405.0,1402.0,48140.83435563034,890.0002014628707,355.10772705078125,6.56229392556952,False,24.026039394651185
1011,7,2,0.1,0.0184797272086143,0.0167211480438709,0.0204232577234506,0.2000000677199603,1317.0,1405.0,1454.0,37005.926851835895,684.9997680592145,355.10772705078125,6.56229392556952,False,24.026039394651185
1011,7,7,0.0025,0.0064959600567817,0.0064797401428222,0.0065122204832732,0.005000077979796102,12845.0,12898.0,12910.0,2001210.5506732154,12999.797255692127,7819461.5,50794.909569542855,False,75.90349317137009
1011,7,7,0.005,0.0064959600567817,0.006463561207056,0.0065285209566354,0.009999981540955417,12855.0,12898.0,12901.0,708130.8086598291,4600.008491176181,7819461.5,50794.909569542855,False,75.90349317137009
1011,7,7,0.01,0.0064959600567817,0.0064313244074583,0.0065612457692623,0.019999998571393365,12764.0,12898.0,12881.0,900544.747802959,5850.000417867471,7819461.5,50794.909569542855,False,75.90349317137009
1011,7,7,0.02,0.0064959600567817,0.0063673313707113,0.0066271871328353,0.04000000593702745,12472.0,12898.0,12903.0,1658612.4412909192,10774.998400713468,7819461.5,50794.909569542855,False,75.90349317137009
1011,7,7,0.05,0.0064959600567817,0.0061791483312845,0.0068290149793028,0.09999999195952902,12371.0,12898.0,13294.0,1420291.3825699333,9230.000742135531,7819461.5,50794.909569542855,False,75.90349317137009
1011,7,7,0.1,0.0064959600567817,0.0058777877129614,0.0071791466325521,0.20000007076901102,12040.0,12898.0,13809.0,1359348.2730777923,8844.996870241595,7819461.5,50794.909569542855,False,75.90349317137009
1213,0,1,0.0025,0.0103693585842847,0.0103434678167104,0.0103953145444393,0.0049999884120001566,5459.0,5406.0,5424.0,-675066.7116931651,-7000.01622323738,-5366.25439453125,-55.64461607138856,False,36.94506895741753
1213,0,1,0.005,0.0103693585842847,0.0103176413103938,0.0104213347658514,0.009999945916106897,5422.0,5406.0,5427.0,48219.05083531966,500.0027042092806,-5366.25439453125,-55.64461607138856,False,36.94506895741753
1213,0,1,0.01,0.0103693585842847,0.010266182012856,0.0104735726490616,0.020000000247034386,5420.0,5406.0,5397.0,-110901.82479212101,-1149.999985795523,-5366.25439453125,-55.64461607138856,False,36.94506895741753
1213,0,1,0.02,0.0103693585842847,0.0101640317589044,0.0105788335204124,0.03999997698338801,5433.0,5406.0,5429.0,-9643.160591840577,-100.00005754156308,-5366.25439453125,-55.64461607138856,False,36.94506895741753
1213,0,1,0.05,0.0103693585842847,0.0098636392503976,0.0109010068699717,0.09999996551169933,5396.0,5406.0,5410.0,13495.697895166446,140.0000482836376,-5366.25439453125,-55.64461607138856,False,36.94506895741753
1213,0,1,0.1,0.0103693585842847,0.0093825841322541,0.0114599140360951,0.19999999112472408,5547.0,5406.0,5261.0,-137676.73563606024,-1430.0000634582257,-5366.25439453125,-55.64461607138856,False,36.94506895741753
1213,0,2,0.0025,0.0017865144181996,0.0017820536158978,0.0017909863963723,0.005000111420305943,9961.0,9983.0,10089.0,14329245.005560718,25599.42954074572,6414688.0,11459.93260025233,False,71.87678265830006
1213,0,2,0.005,0.0017865144181996,0.0017776041058823,0.0017954693175852,0.0099999963403884,9884.0,9983.0,10222.0,18919451.144546736,33800.012369491735,6414688.0,11459.93260025233,False,71.87678265830006
1213,0,2,0.01,0.0017865144181996,0.0017687382642179,0.001804469153285,0.02000000331028129,9800.0,9983.0,10336.0,15001026.114783434,26799.995564223806,6414688.0,11459.93260025233,False,71.87678265830006
1213,0,2,0.02,0.0017865144181996,0.0017511390615254,0.0018226043321192,0.0399999614696502,9634.0,9983.0,10334.0,9794967.460190792,17500.016857044273,6414688.0,11459.93260025233,False,71.87678265830006
1213,0,2,0.05,0.0017865144181996,0.0016993851168081,0.0018781109247356,0.09999995475703988,9419.0,9983.0,10709.0,7217760.07034914,12900.005836344497,6414688.0,11459.93260025233,False,71.87678265830006
1213,0,2,0.1,0.0017865144181996,0.0016165050910785,0.0019744038581848,0.20000004120816775,8693.0,9983.0,11307.0,7303741.281745214,13069.997307046793,6414688.0,11459.93260025233,False,71.87678265830006
1213,0,7,0.0025,0.0159809570759534,0.0159410536289215,0.0160209592431783,0.005000046839955753,43886.0,43911.0,43969.0,1038725.5109916538,16599.84449280369,222467776.0,3555247.9790388346,False,135.46525284386428
1213,0,7,0.005,0.0159809570759534,0.0159012507647275,0.0160610619932413,0.010000062354597996,43987.0,43911.0,43896.0,-569421.8162658168,-9099.943257669638,222467776.0,3555247.9790388346,False,135.46525284386428
1213,0,7,0.01,0.0159809570759534,0.0158219430595636,0.0161415692418813,0.020000107219289184,43874.0,43911.0,44071.0,616345.0020630213,9849.947194783164,222467776.0,3555247.9790388346,False,135.46525284386428
1213,0,7,0.02,0.0159809570759534,0.0156645122915506,0.0163037944585084,0.040000079306292305,43707.0,43911.0,44188.0,752406.4096594013,12024.976158593145,222467776.0,3555247.9790388346,False,135.46525284386428
1213,0,7,0.05,0.0159809570759534,0.0152015574276447,0.0168003179132938,0.09999992469214376,42842.0,43911.0,44767.0,1204057.77931048,19250.01449677324,222467776.0,3555247.9790388346,False,135.46525284386428
1213,0,7,0.1,0.0159809570759534,0.0144601678475737,0.0176616888493299,0.19999999755654047,42124.0,43911.0,45660.0,1104475.0286068157,17680.000216001827,222467776.0,3555247.9790388346,False,135.46525284386428
1213,1,1,0.0025,0.0065463040955364,0.0065299584530293,0.0065626907162368,0.005000108225534074,42685.0,42774.0,42790.0,3207844.179132076,20999.5454625954,49532644.0,324255.75027995,False,160.16241065736048
1213,1,1,0.005,0.0065463040955364,0.0065136542543768,0.0065791173838078,0.009999972009317562,42756.0,42774.0,42928.0,2627433.2054548548,17200.048144108554,49532644.0,324255.75027995,False,160.16241065736048
1213,1,1,0.01,0.0065463040955364,0.0064811673946678,0.006612095516175,0.019999978100315407,42602.0,42774.0,43068.0,3559204.811277874,23300.025513160486,49532644.0,324255.75027995,False,160.16241065736048
1213,1,1,0.02,0.0065463040955364,0.0064166784286499,0.0066785481758415,0.04000001988078809,42253.0,42774.0,43243.0,3780505.425377203,24749.98769876848,49532644.0,324255.75027995,False,160.16241065736048
1213,1,1,0.05,0.0065463040955364,0.0062270374037325,0.0068819401785731,0.09999993231540581,41464.0,42774.0,44848.0,5167179.205835014,33840.022904482175,49532644.0,324255.75027995,False,160.16241065736048
1213,1,1,0.1,0.0065463040955364,0.0059233410283923,0.0072347852401435,0.20000002357248264,39613.0,42774.0,46265.0,5072270.66191206,33259.9960798966,49532644.0,324255.75027995,False,160.16241065736048
1213,1,2,0.0025,0.0059406426735222,0.0059258094988763,0.0059555131010711,0.005000060191766923,4279.0,4317.0,4311.0,1077310.4147483523,6399.922955465828,847545.25,5034.96347989107,False,51.2063353578739
1213,1,2,0.005,0.0059406426735222,0.0059110135771334,0.0059704203158617,0.010000010826930132,4276.0,4317.0,4301.0,420827.6794041614,2499.9972932703977,847545.25,5034.96347989107,False,51.2063353578739
1213,1,2,0.01,0.0059406426735222,0.0058815320953726,0.0060003469698131,0.02000000745016929,4238.0,4317.0,4361.0,1035223.9193889457,6149.997709073797,847545.25,5034.96347989107,False,51.2063353578739
1213,1,2,0.02,0.0059406426735222,0.0058230101130902,0.0060606515035033,0.03999997352888303,4360.0,4317.0,4328.0,-134656.67720750737,-800.0005294226897,847545.25,5034.96347989107,False,51.2063353578739
1213,1,2,0.05,0.0059406426735222,0.005650914274156,0.0062452256679534,0.09999992820397915,4136.0,4317.0,4513.0,634347.5893859755,3770.002706711929,847545.25,5034.96347989107,False,51.2063353578739
1213,1,2,0.1,0.0059406426735222,0.005375315900892,0.0065654260106384,0.20000005229008774,4002.0,4317.0,4759.0,636075.5982161255,3784.999010410348,847545.25,5034.96347989107,False,51.2063353578739
1213,1,7,0.0025,0.0054341284558176,0.0054205600172281,0.0054477308876812,0.00500003676707169,16491.0,16524.0,16586.0,3496391.4816045393,18999.86028615495,7629158.0,41457.82458172925,False,87.58095365927318
1213,1,7,0.005,0.0054341284558176,0.0054070255719125,0.0054613673128187,0.010000042201906804,16477.0,16524.0,16603.0,2318659.6141167316,12599.946825821831,7629158.0,41457.82458172925,False,87.58095365927318
1213,1,7,0.01,0.0054341284558176,0.0053800581954419,0.005488742608577,0.020000005131456656,16508.0,16524.0,16590.0,754478.0123905145,4099.998948051655,7629158.0,41457.82458172925,False,87.58095365927318
1213,1,7,0.02,0.0054341284558176,0.005326525773853,0.0055439048446714,0.039999897226190385,16402.0,16524.0,16762.0,1656093.1953782553,9000.023124166577,7629158.0,41457.82458172925,False,87.58095365927318
1213,1,7,0.05,0.0054341284558176,0.0051691029220819,0.005712741985917,0.0999999586699764,16195.0,16524.0,17187.0,1824740.1005401232,9920.004099940037,7629158.0,41457.82458172925,False,87.58095365927318
1213,1,7,0.1,0.0054341284558176,0.0049170027486979,0.0060056410729885,0.2000000589192319,15819.0,16524.0,17481.0,1526677.8349761162,8309.997551906636,7629158.0,41457.82458172925,False,87.58095365927318
1213,2,1,0.0025,0.0166266057640314,0.0165850911289453,0.0166682247072458,0.005000027781099088,84061.0,83902.0,83916.0,-1744180.9069720663,-28999.83887052056,202544944.0,3367634.933385819,False,218.7846045434717
1213,2,1,0.005,0.0166266057640314,0.0165436808019876,0.0167099460959434,0.009999912489768266,84021.0,83902.0,84068.0,282680.7620626746,4700.041130168846,202544944.0,3367634.933385819,False,218.7846045434717
1213,2,1,0.01,0.0166266057640314,0.0164611674845218,0.016793705523014,0.020000023633855103,83780.0,83902.0,84074.0,884109.3828936405,14699.982629137026,202544944.0,3367634.933385819,False,218.7846045434717
1213,2,1,0.02,0.0166266057640314,0.0162973776459693,0.0169624853879213,0.039999949471690714,83623.0,83902.0,84156.0,801373.9224200274,13325.016832264293,202544944.0,3367634.933385819,False,218.7846045434717
1213,2,1,0.05,0.0166266057640314,0.0158157162368297,0.0174790695309638,0.09999999413485915,82532.0,83902.0,84576.0,1228842.9687236426,20440.00119883486,202544944.0,3367634.933385819,False,218.7846045434717
1213,2,1,0.1,0.0166266057640314,0.0150443753227591,0.0183752421289682,0.20000003346641348,81909.0,83902.0,85519.0,1083801.9680854736,18049.996979656687,202544944.0,3367634.933385819,False,218.7846045434717
1213,2,2,0.0025,0.0100537622347474,0.0100286593660712,0.0100789284333586,0.005000020143326201,242715.0,243269.0,243801.0,21603742.790592972,217199.124977435,211931408.0,2130707.986107245,False,304.9226536022281
1213,2,2,0.005,0.0100537622347474,0.0100036188960075,0.0101041570305824,0.01000000922627031,242755.0,243269.0,243204.0,4465967.087001168,44899.95857408453,211931408.0,2130707.986107245,False,304.9226536022281
1213,2,2,0.01,0.0100537622347474,0.0099537260830402,0.0101548042148351,0.0199999533874054,242069.0,243269.0,244952.0,14337710.29333346,144150.3359610586,211931408.0,2130707.986107245,False,304.9226536022281
1213,2,2,0.02,0.0100537622347474,0.0098546845838427,0.0102568613365292,0.03999994592869278,240624.0,243269.0,246047.0,13484121.008424591,135575.18326818466,211931408.0,2130707.986107245,False,304.9226536022281
1213,2,2,0.05,0.0100537622347474,0.0095634348690509,0.010569229722023,0.09999996478810216,236455.0,243269.0,249982.0,13449064.647753997,135270.04763115098,211931408.0,2130707.986107245,False,304.9226536022281
1213,2,2,0.1,0.0100537622347474,0.0090970201417803,0.011111126281321,0.20000007101997866,228633.0,243269.0,256528.0,13849816.279474339,139474.95047245998,211931408.0,2130707.986107245,False,304.9226536022281
1213,2,7,0.0025,0.0021897365804761,0.0021842690184712,0.002195217879489,0.005000076074533444,13549.0,13607.0,13607.0,5297354.665997298,11599.823509767693,3092149.25,6770.992325016938,False,79.69531223784436
1213,2,7,0.005,0.0021897365804761,0.0021788151934742,0.0022007126826792,0.010000014752066905,13588.0,13607.0,13631.0,1963695.4537317988,4299.993656620589,3092149.25,6770.992325016938,False,79.69531223784436
1213,2,7,0.01,0.0021897365804761,0.002167948288843,0.0022117437329143,0.019999992552464124,13482.0,13607.0,13604.0,2785677.8846991863,6100.002271499288,3092149.25,6770.992325016938,False,79.69531223784436
1213,2,7,0.02,0.0021897365804761,0.0021463769953697,0.0022339720744639,0.039999898031152496,13441.0,13607.0,13606.0,1883667.4583347114,4125.010515564205,3092149.25,6770.992325016938,False,79.69531223784436
1213,2,7,0.05,0.0021897365804761,0.002082941820845,0.0023020068183541,0.1000000407960008,13311.0,13607.0,13903.0,2702394.2972697355,5919.997584877738,3092149.25,6770.992325016938,False,79.69531223784436
1213,2,7,0.1,0.0021897365804761,0.001981355715543,0.0024200333282351,0.19999999684899494,12557.0,13607.0,14455.0,4326639.757958592,9490.000149515192,3092149.25,6770.992325016938,False,79.69531223784436
1213,3,1,0.0025,0.0030624063219875,0.0030547596979886,0.0030700720380991,0.005000095569056665,4480.0,4514.0,4522.0,2742885.7834211467,8399.839447053582,2808011.75,8599.27293541521,False,60.90399651018422
1213,3,1,0.005,0.0030624063219875,0.0030471323989331,0.0030777566134929,0.010000008065271038,4468.0,4514.0,4484.0,522462.3791985435,1599.9987095576746,2808011.75,8599.27293541521,False,60.90399651018422
1213,3,1,0.01,0.0030624063219875,0.0030319348443299,0.0030931839719414,0.019999993819385605,4447.0,4514.0,4412.0,-571436.7104459526,-1750.0005408039267,2808011.75,8599.27293541521,False,60.90399651018422
1213,3,1,0.02,0.0030624063219875,0.003001766745001,0.0031242710538208,0.03999996287497091,4612.0,4514.0,4544.0,-555082.5163221478,-1700.0015778152008,2808011.75,8599.27293541521,False,60.90399651018422
1213,3,1,0.05,0.0030624063219875,0.002913051052019,0.0032194191589951,0.09999995447440713,4661.0,4514.0,4553.0,-352517.11108566925,-1080.0004916766268,2808011.75,8599.27293541521,False,60.90399651018422
1213,3,1,0.1,0.0030624063219875,0.0027709798887372,0.0033844825811684,0.20000003021390195,4369.0,4514.0,4474.0,171148.39314543837,524.9999206885194,2808011.75,8599.27293541521,False,60.90399651018422
1213,3,2,0.0025,0.0152102718129754,0.0151722934097051,0.0152483452111482,0.005000023887313633,55546.0,55431.0,55404.0,-1867148.408131276,-28399.864320706765,70377472.0,1070460.478630066,False,156.4377034327707
1213,3,2,0.005,0.0152102718129754,0.0151344100013375,0.0152865136042237,0.010000016593218315,55310.0,55431.0,55544.0,1538425.0968405583,23399.96117193357,70377472.0,1070460.478630066,False,156.4377034327707
1213,3,2,0.01,0.0152102718129754,0.0150589272379875,0.0153631381690502,0.020000027435146346,55219.0,55431.0,55615.0,1301728.3718788577,19799.972839242375,70377472.0,1070460.478630066,False,156.4377034327707
1213,3,2,0.02,0.0152102718129754,0.0149090886116027,0.0155175393447279,0.039999953883332134,54851.0,55431.0,55699.0,1393703.637506357,21200.024441862148,70377472.0,1070460.478630066,False,156.4377034327707
1213,3,2,0.05,0.0152102718129754,0.0144684584811329,0.0159901194274425,0.09999999278988901,54328.0,55431.0,56247.0,1261121.9369558278,19190.001383620398,70377472.0,1070460.478630066,False,156.4377034327707
1213,3,2,0.1,0.0152102718129754,0.013762823306024,0.0168099515140056,0.20000006948008492,53611.0,55431.0,56854.0,1064280.7846106829,16214.994366904071,70377472.0,1070460.478630066,False,156.4377034327707
1213,3,7,0.0025,0.0139875570312142,0.0139526315033435,0.0140225701034069,0.0050000530294638254,153927.0,154022.0,154284.0,5104477.351224981,71399.24274728792,135639232.0,1897261.4932700992,False,243.58243011979465
1213,3,7,0.005,0.0139875570312142,0.0139177935197949,0.014057669788599,0.010000008428652285,153841.0,154022.0,154447.0,4332400.37914303,60599.94892241021,135639232.0,1897261.4932700992,False,243.58243011979465
1213,3,7,0.01,0.0139875570312142,0.0138483783230185,0.0141281345859169,0.020000032812255028,153279.0,154022.0,154922.0,5872969.502015022,82149.8652238836,135639232.0,1897261.4932700992,False,243.58243011979465
1213,3,7,0.02,0.0139875570312142,0.0137105854228138,0.0142701240256428,0.03999992971982122,152743.0,154022.0,155417.0,4778937.478987838,66850.11745595516,135639232.0,1897261.4932700992,False,243.58243011979465
1213,3,7,0.05,0.0139875570312142,0.0133053762838244,0.0147047145292162,0.09999997322491662,151074.0,154022.0,157109.0,4312752.845764084,60350.01615876715,135639232.0,1897261.4932700992,False,243.58243011979465
1213,3,7,0.1,0.0139875570312142,0.0126564651727676,0.0154586415737867,0.20000000667653914,148143.0,154022.0,159596.0,4087180.2345615174,57264.99808834,135639232.0,1897261.4932700992,False,243.58243011979465
1213,4,1,0.0025,0.0108905816450715,0.0108633888885378,0.010917842388153,0.005000049112966793,120570.0,120820.0,121142.0,10504375.366911042,114398.87630635736,41058340.0,447149.2039811053,False,252.54186101137543
1213,4,1,0.005,0.0108905816450715,0.0108362641185522,0.0109451711177825,0.01000006708626972,120503.0,120820.0,121233.0,6702966.798821592,72999.51027351644,41058340.0,447149.2039811053,False,252.54186101137543
1213,4,1,0.01,0.0108905816450715,0.0107822185382246,0.011000033468008,0.01999996971372302,120423.0,120820.0,121750.0,6092328.02048785,66350.10047487603,41058340.0,447149.2039811053,False,252.54186101137543
1213,4,1,0.02,0.0108905816450715,0.0106749339029192,0.0111105861142277,0.03999999048455205,119892.0,120820.0,122297.0,5520458.607971894,60125.0143029111,41058340.0,447149.2039811053,False,252.54186101137543
1213,4,1,0.05,0.0108905816450715,0.0103594418615102,0.0114489533007144,0.09999995002843538,117665.0,120820.0,123555.0,5406092.848646148,58900.02943326627,41058340.0,447149.2039811053,False,252.54186101137543
1213,4,1,0.1,0.0108905816450715,0.0098542058840394,0.0120359547436237,0.2000000413245,114273.0,120820.0,126133.0,5436006.04987127,59299.98774728828,41058340.0,447149.2039811053,False,252.54186101137543
1213,4,2,0.0025,0.0116654084995388,0.0116362813860178,0.0116946091875433,0.005000059715740402,133820.0,134027.0,134133.0,5366223.169977643,62599.25236785925,148199616.0,1728809.060114801,False,214.35522297909463
1213,4,2,0.005,0.0116654084995388,0.0116072269156575,0.0117238815873861,0.010000008686746751,133677.0,134027.0,134738.0,9095220.82809026,106099.90783369704,148199616.0,1728809.060114801,False,214.35522297909463
1213,4,2,0.01,0.0116654084995388,0.0115493359044194,0.0117826480418443,0.020000006427799973,133596.0,134027.0,134798.0,5151896.567691013,60099.980684467286,148199616.0,1728809.060114801,False,214.35522297909463
1213,4,2,0.02,0.0116654084995388,0.0114344181492924,0.0119010647758841,0.03999993021461484,131954.0,134027.0,135603.0,7819621.512431404,91225.1591545717,148199616.0,1728809.060114801,False,214.35522297909463
1213,4,2,0.05,0.0116654084995388,0.0110964803025126,0.0122635066509246,0.09999994516971436,129904.0,134027.0,137487.0,6497711.050241816,75830.0415778284,148199616.0,1728809.060114801,False,214.35522297909463
1213,4,2,0.1,0.0116654084995388,0.0105552980676293,0.0128922704607248,0.2000000223172223,125406.0,134027.0,142695.0,7398033.477451304,86444.99035393966,148199616.0,1728809.060114801,False,214.35522297909463
1213,4,7,0.0025,0.0098292483016848,0.0098047060891985,0.0098538529127836,0.0050000537650311755,4509.0,4520.0,4488.0,-427291.09366829804,-4199.954837859441,23811.013671875,234.04436569567224,False,26.777624911915705
1213,4,7,0.005,0.0098292483016848,0.0097802244126796,0.0098785171285271,0.009999982424428133,4542.0,4520.0,4530.0,-122084.32635657102,-1200.002109072331,23811.013671875,234.04436569567224,False,26.777624911915705
1213,4,7,0.01,0.0098292483016848,0.0097314454615116,0.0099280336871743,0.01999999868482249,4517.0,4520.0,4570.0,269599.0556979535,2650.0001742610316,23811.013671875,234.04436569567224,False,26.777624911915705
1213,4,7,0.02,0.0098292483016848,0.0096346158534288,0.0100278118625283,0.03999998774157432,4533.0,4520.0,4584.0,129706.3012333229,1275.0003907374385,23811.013671875,234.04436569567224,False,26.777624911915705
1213,4,7,0.05,0.0098292483016848,0.0093498704954981,0.0103332046419382,0.09999996927769736,4297.0,4520.0,4525.0,231864.2150538689,2280.0007004687154,23811.013671875,234.04436569567224,False,26.777624911915705
1213,4,7,0.1,0.0098292483016848,0.008893871679902,0.0108629995957016,0.20000001796434533,4225.0,4520.0,4804.0,294038.79522214097,2894.9997399661247,23811.013671875,234.04436569567224,False,26.777624911915705
1213,5,1,0.0025,0.0129776550456881,0.0129452515393495,0.0130101405084133,0.00500004809268813,7471.0,7429.0,7435.0,-554793.8350600831,-7199.930747195204,1331833.375,17284.07411908463,False,91.0707694372672
1213,5,1,0.005,0.0129776550456881,0.0129129281267523,0.0130427060648798,0.010000065393470458,7453.0,7429.0,7486.0,254280.5077360618,3299.978420295866,1331833.375,17284.07411908463,False,91.0707694372672
1213,5,1,0.01,0.0129776550456881,0.0128485253080725,0.0131080830469727,0.020000023673137704,7528.0,7429.0,7530.0,7705.414635196057,99.99988163445158,1331833.375,17284.07411908463,False,91.0707694372672
1213,5,1,0.02,0.0129776550456881,0.0127206807956099,0.0132398204877972,0.039999913946285055,7355.0,7429.0,7631.0,531648.8108183852,6900.014844297763,1331833.375,17284.07411908463,False,91.0707694372672
1213,5,1,0.05,0.0129776550456881,0.0123447272926568,0.0136430338025093,0.1000000151791958,7420.0,7429.0,7840.0,323498.33942349727,4199.999362473874,1331833.375,17284.07411908463,False,91.0707694372672
1213,5,1,0.1,0.0129776550456881,0.0117426682263612,0.0143425278365612,0.2000000332384816,7167.0,7429.0,8093.0,356173.0781027694,4629.999230529279,1331833.375,17284.07411908463,False,91.0707694372672
1213,5,2,0.0025,0.0048190923407673,0.0048070596531033,0.004831155296415,0.005000032399732023,6472.0,6445.0,6484.0,498015.34014961333,2399.9844482294034,1253608.375,6041.254518284346,False,60.53488137981947
1213,5,2,0.005,0.0048190923407673,0.0047950567677617,0.0048432480543851,0.010000034053454466,6487.0,6445.0,6490.0,62251.917518701666,299.99897839984493,1253608.375,6041.254518284346,False,60.53488137981947
1213,5,2,0.01,0.0048190923407673,0.0047711418010294,0.0048675253055989,0.02000000960057399,6438.0,6445.0,6556.0,1224275.8813040848,5899.997167832033,1253608.375,6041.254518284346,False,60.53488137981947
1213,5,2,0.02,0.0048190923407673,0.0047236680984497,0.0049164444208145,0.03999995326687478,6328.0,6445.0,6641.0,1623643.3819278625,7825.009142178303,1253608.375,6041.254518284346,False,60.53488137981947
1213,5,2,0.05,0.0048190923407673,0.0045840623788535,0.0050661722198128,0.09999995895505587,6123.0,6445.0,6883.0,1576404.2453225083,7600.003119417034,1253608.375,6041.254518284346,False,60.53488137981947
1213,5,2,0.1,0.0048190923407673,0.0043604951351881,0.0053259208798408,0.20000001779561782,5896.0,6445.0,7047.0,1192220.1229614594,5754.9994879311425,1253608.375,6041.254518284346,False,60.53488137981947
1213,5,7,0.0025,0.0127071822062134,0.0126754539087414,0.0127389905974268,0.0050000558572888855,74183.0,74133.0,74435.0,3966212.360354048,50399.436964817956,14699202.0,186785.4380999375,False,170.93386127982282
1213,5,7,0.005,0.0127071822062134,0.0126438047736883,0.0127708772197365,0.010000007477405712,73788.0,74133.0,74622.0,6563185.221788057,83399.937638483,14699202.0,186785.4380999375,False,170.93386127982282
1213,5,7,0.01,0.0127071822062134,0.0125807439908385,0.0128348916769027,0.019999984332996667,73533.0,74133.0,75088.0,6118489.702114358,77750.06090552316,14699202.0,186785.4380999375,False,170.93386127982282
1213,5,7,0.02,0.0127071822062134,0.0124555630609393,0.0129638845100998,0.04000002141653275,72887.0,74133.0,75632.0,5400126.247935059,68624.96325728067,14699202.0,186785.4380999375,False,170.93386127982282
1213,5,7,0.05,0.0127071822062134,0.012087445706129,0.0133586935698986,0.10000000761050992,71224.0,74133.0,77014.0,4554579.924980997,57899.995593515094,14699202.0,186785.4380999375,False,170.93386127982282
1213,5,7,0.1,0.0127071822062134,0.0114979343488812,0.0140436086803674,0.19999999668883867,68934.0,74133.0,79617.0,4196530.509762069,53415.00088432843,14699202.0,186785.4380999375,False,170.93386127982282
1213,6,1,0.0025,0.0181871354579925,0.0181417241692543,0.0182326603680849,0.005000023474726766,9045.0,9084.0,9061.0,175947.53470843137,3199.9849762454055,21487792.0,390801.38379716873,False,84.82936814200865
1213,6,1,0.005,0.0181871354579925,0.0180964265018701,0.0182782988995313,0.010000015739486477,8945.0,9084.0,8951.0,32990.16275783151,599.9990556322978,21487792.0,390801.38379716873,False,84.82936814200865
1213,6,1,0.01,0.0181871354579925,0.018006170168519,0.0183699186891317,0.01999998663351856,8982.0,9084.0,8869.0,-310654.1844064751,-5650.00377603353,21487792.0,390801.38379716873,False,84.82936814200865
1213,6,1,0.02,0.0181871354579925,0.0178270060569047,0.0185545403510332,0.04000002023299011,8830.0,9084.0,8956.0,173187.71227263298,3149.9984066528345,21487792.0,390801.38379716873,False,84.82936814200865
1213,6,1,0.05,0.0181871354579925,0.0173001382499933,0.0191196091473102,0.09999997252713111,8394.0,9084.0,8910.0,283598.93019499455,5160.001417600424,21487792.0,390801.38379716873,False,84.82936814200865
1213,6,1,0.1,0.0181871354579925,0.0164564009755849,0.0200998932123184,0.19999998364913185,8296.0,9084.0,9223.0,254426.2316944261,4635.0003789314005,21487792.0,390801.38379716873,False,84.82936814200865
1213,6,2,0.0025,0.0160542204976081,0.0160141345113515,0.0160944070667028,0.005000085251227384,19687.0,19750.0,19676.0,-137033.13606823562,-2199.962490099504,69546992.0,1116522.7445133924,False,101.10398979900005
1213,6,2,0.005,0.0160542204976081,0.015974149107933,0.0161346923559904,0.010000023582430665,19624.0,19750.0,19716.0,573054.3085007637,9199.978304214952,69546992.0,1116522.7445133924,False,101.10398979900005
1213,6,2,0.01,0.0160542204976081,0.0158944781869649,0.01621556840837,0.020000028552953998,19673.0,19750.0,19743.0,218007.26192681148,3499.995003240184,69546992.0,1116522.7445133924,False,101.10398979900005
1213,6,2,0.02,0.0160542204976081,0.0157363265752792,0.0163785368204116,0.039999912974586625,19489.0,19750.0,19831.0,532535.8830572587,8550.018601722579,69546992.0,1116522.7445133924,False,101.10398979900005
1213,6,2,0.05,0.0160542204976081,0.0152712473645806,0.0168773382902145,0.09999998934314445,19458.0,19750.0,20045.0,365483.66635489196,5870.000625557487,69546992.0,1116522.7445133924,False,101.10398979900005
1213,6,2,0.1,0.0160542204976081,0.0145264593884348,0.017742658033967,0.200000026525397,19290.0,19750.0,20274.0,305951.25129069027,4919.99934747532,69546992.0,1116522.7445133924,False,101.10398979900005
1213,6,7,0.0025,0.0183411631733179,0.0182953663170337,0.0183870736509561,0.00500007769740685,31186.0,31311.0,31485.0,3260371.74140298,59799.070753454085,8548881.0,156796.42137027718,False,111.3049897654441
1213,6,7,0.005,0.0183411631733179,0.018249686807394,0.0184330977499485,0.00999992084382624,31198.0,31311.0,31615.0,2273582.9945156407,41700.33008385739,8548881.0,156796.42137027718,False,111.3049897654441
1213,6,7,0.01,0.0183411631733179,0.0181586649268865,0.0185254942625761,0.019999998438348945,31237.0,31311.0,31546.0,842353.5686400675,15450.001206375533,8548881.0,156796.42137027718,False,111.3049897654441
1213,6,7,0.02,0.0183411631733179,0.0179779846221208,0.0187116786837577,0.039999924688176,31120.0,31311.0,31883.0,1039942.9951739291,19075.035914393688,8548881.0,156796.42137027718,False,111.3049897654441
1213,6,7,0.05,0.0183411631733179,0.0174466539174318,0.0192815344780683,0.09999999744792638,30363.0,31311.0,32204.0,1003335.0614175005,18410.000469836767,8548881.0,156796.42137027718,False,111.3049897654441
1213,6,7,0.1,0.0183411631733179,0.016595771536231,0.0202701203525066,0.19999996173471335,29722.0,31311.0,32946.0,877434.3866644421,16120.003084182694,8548881.0,156796.42137027718,False,111.3049897654441
1213,7,1,0.0025,0.0056448862887918,0.0056307916529476,0.0056590163148939,0.00500003557702447,8957.0,9023.0,9007.0,1771500.4025603314,9999.928846457347,7970055.0,44990.054190417286,False,94.96325626656822
1213,7,1,0.005,0.0056448862887918,0.0056167324073612,0.0056731812655925,0.009999957531810716,9014.0,9023.0,9006.0,-141721.20129019945,-800.0033974695712,7970055.0,44990.054190417286,False,94.96325626656822
1213,7,1,0.01,0.0056448862887918,0.0055887186899781,0.0057016182690858,0.019999995183396735,8992.0,9023.0,9012.0,177148.578923586,1000.0002408302213,7970055.0,44990.054190417286,False,94.96325626656822
1213,7,1,0.02,0.0056448862887918,0.0055331098847091,0.0057589206844568,0.04000005238154684,8825.0,9023.0,9036.0,934410.5783946186,5274.993092192557,7970055.0,44990.054190417286,False,94.96325626656822
1213,7,1,0.05,0.0056448862887918,0.0053695822134613,0.0059343054890632,0.09999989628601641,8736.0,9023.0,9231.0,876535.502228793,4950.005133847512,7970055.0,44990.054190417286,False,94.96325626656822
1213,7,1,0.1,0.0056448862887918,0.0051077045500278,0.0062385643832385,0.1999999932624398,8262.0,9023.0,9538.0,1128344.9659514586,6380.000214928177,7970055.0,44990.054190417286,False,94.96325626656822
1213,7,2,0.0025,0.0184797272086143,0.0184335857629776,0.0185259841382503,0.00499998068238759,1306.0,1302.0,1310.0,43290.804499480095,800.003090829927,247.4032287597656,4.571944178010881,False,24.26093084124693
1213,7,2,0.005,0.0184797272086143,0.0183875579386949,0.0185723565518856,0.010000031425037782,1307.0,1302.0,1323.0,86580.73631477308,1599.9949720097554,247.4032287597656,4.571944178010881,False,24.26093084124693
1213,7,2,0.01,0.0184797272086143,0.0182958506047725,0.0186654515564441,0.020000013529052146,1302.0,1302.0,1321.0,51406.79404116354,949.9993573704578,247.4032287597656,4.571944178010881,False,24.26093084124693
1213,7,2,0.02,0.0184797272086143,0.0181138049811124,0.0188530422747135,0.0399999410573642,1302.0,1302.0,1356.0,73048.26267211982,1350.0019893168896,247.4032287597656,4.571944178010881,False,24.26093084124693
1213,7,2,0.05,0.0184797272086143,0.0175784602761268,0.0194272026419639,0.09999997736372752,1275.0,1302.0,1403.0,69236.25615191778,1280.0002897443533,247.4032287597656,4.571944178010881,False,24.26093084124693
1213,7,2,0.1,0.0184797272086143,0.0167211480438709,0.0204232577234506,0.2000000677199603,1295.0,1302.0,1513.0,58885.34345766588,1089.9996309263413,247.4032287597656,4.571944178010881,False,24.26093084124693
1213,7,7,0.0025,0.0064959600567817,0.0064797401428222,0.0065122204832732,0.005000077979796102,13179.0,13182.0,13209.0,923635.6387722533,5999.906425704058,7128934.5,46309.27375941351,False,76.23905238079259
1213,7,7,0.005,0.0064959600567817,0.006463561207056,0.0065285209566354,0.009999981540955417,13086.0,13182.0,13230.0,2216757.3140655523,14400.026581073265,7128934.5,46309.27375941351,False,76.23905238079259
1213,7,7,0.01,0.0064959600567817,0.0064313244074583,0.0065612457692623,0.019999998571393365,12927.0,13182.0,13123.0,1508604.8766613672,9800.000700017301,7128934.5,46309.27375941351,False,76.23905238079259
1213,7,7,0.02,0.0064959600567817,0.0063673313707113,0.0066271871328353,0.04000000593702745,12889.0,13182.0,13116.0,873561.54100473,5674.999157684356,7128934.5,46309.27375941351,False,76.23905238079259
1213,7,7,0.05,0.0064959600567817,0.0061791483312845,0.0068290149793028,0.09999999195952902,12932.0,13182.0,13581.0,998666.421763691,6490.000521826609,7128934.5,46309.27375941351,False,76.23905238079259
1213,7,7,0.1,0.0064959600567817,0.0058777877129614,0.0071791466325521,0.20000007076901102,12502.0,13182.0,13739.0,950544.835385658,6184.9978114691085,7128934.5,46309.27375941351,False,76.23905238079259
1415,0,1,0.0025,0.0103693585842847,0.0103434678167104,0.0103953145444393,0.0049999884120001566,5447.0,5437.0,5439.0,-154300.96267272346,-1600.0037081685439,-25607.2890625,-265.5311626604962,False,36.97862487835978
1415,0,1,0.005,0.0103693585842847,0.0103176413103938,0.0104213347658514,0.009999945916106897,5440.0,5437.0,5420.0,-192876.20334127863,-2000.0108168371223,-25607.2890625,-265.5311626604962,False,36.97862487835978
1415,0,1,0.01,0.0103693585842847,0.010266182012856,0.0104735726490616,0.020000000247034386,5444.0,5437.0,5375.0,-332705.47437636304,-3449.999957386569,-25607.2890625,-265.5311626604962,False,36.97862487835978
1415,0,1,0.02,0.0103693585842847,0.0101640317589044,0.0105788335204124,0.03999997698338801,5430.0,5437.0,5430.0,0.0,0.0,-25607.2890625,-265.5311626604962,True,36.97862487835978
1415,0,1,0.05,0.0103693585842847,0.0098636392503976,0.0109010068699717,0.09999996551169933,5540.0,5437.0,5367.0,-166768.26684741394,-1730.0005966478072,-25607.2890625,-265.5311626604962,False,36.97862487835978
1415,0,1,0.1,0.0103693585842847,0.0093825841322541,0.0114599140360951,0.19999999112472408,5775.0,5437.0,5286.0,-235398.3347064107,-2445.0001085002527,-25607.2890625,-265.5311626604962,False,36.97862487835978
1415,0,2,0.0025,0.0017865144181996,0.0017820536158978,0.0017909863963723,0.005000111420305943,10123.0,10187.0,10274.0,16904031.217497412,30199.32703634847,5801506.0,10364.474116271827,False,72.68212476091406
1415,0,2,0.005,0.0017865144181996,0.0017776041058823,0.0017954693175852,0.0099999963403884,10101.0,10187.0,10274.0,9683624.402386347,17300.006331130386,5801506.0,10364.474116271827,False,72.68212476091406
1415,0,2,0.01,0.0017865144181996,0.0017687382642179,0.001804469153285,0.02000000331028129,10021.0,10187.0,10241.0,6157137.584426037,10999.998179345592,5801506.0,10364.474116271827,False,72.68212476091406
1415,0,2,0.02,0.0017865144181996,0.0017511390615254,0.0018226043321192,0.0399999614696502,9870.0,10187.0,10497.0,8773492.282199467,15675.015099095372,5801506.0,10364.474116271827,False,72.68212476091406
1415,0,2,0.05,0.0017865144181996,0.0016993851168081,0.0018781109247356,0.09999995475703988,9373.0,10187.0,10700.0,7424781.09562272,13270.006003743525,5801506.0,10364.474116271827,False,72.68212476091406
1415,0,2,0.1,0.0017865144181996,0.0016165050910785,0.0019744038581848,0.20000004120816775,8886.0,10187.0,11351.0,6887422.4405133715,12324.997460547185,5801506.0,10364.474116271827,False,72.68212476091406
1415,0,7,0.0025,0.0159809570759534,0.0159410536289215,0.0160209592431783,0.005000046839955753,44127.0,44037.0,44103.0,-300354.36462409265,-4799.955034063718,225013120.0,3595925.0122463703,False,135.7337002114023
1415,0,7,0.005,0.0159809570759534,0.0159012507647275,0.0160610619932413,0.010000062354597996,44148.0,44037.0,44128.0,-125147.65192655312,-1999.9875291581623,225013120.0,3595925.0122463703,False,135.7337002114023
1415,0,7,0.01,0.0159809570759534,0.0158219430595636,0.0161415692418813,0.020000107219289184,44232.0,44037.0,44294.0,193976.5996340473,3099.98338109927,225013120.0,3595925.0122463703,False,135.7337002114023
1415,0,7,0.02,0.0159809570759534,0.0156645122915506,0.0163037944585084,0.040000079306292305,43965.0,44037.0,44553.0,919781.6400825945,14699.970854995363,225013120.0,3595925.0122463703,False,135.7337002114023
1415,0,7,0.05,0.0159809570759534,0.0152015574276447,0.0168003179132938,0.09999992469214376,43557.0,44037.0,44964.0,880056.7768778417,14070.010595823353,225013120.0,3595925.0122463703,False,135.7337002114023
1415,0,7,0.1,0.0159809570759534,0.0144601678475737,0.0176616888493299,0.19999999755654047,42257.0,44037.0,45375.0,973912.0868767113,15590.000190467674,225013120.0,3595925.0122463703,False,135.7337002114023
1415,1,1,0.0025,0.0065463040955364,0.0065299584530293,0.0065626907162368,0.005000108225534074,43082.0,43254.0,43360.0,8493149.350463971,55598.79655810973,50371432.0,329746.7115996368,False,160.90064091808998
1415,1,1,0.005,0.0065463040955364,0.0065136542543768,0.0065791173838078,0.009999972009317562,43181.0,43254.0,43565.0,5865897.388922467,38400.10748452142,50371432.0,329746.7115996368,False,160.90064091808998
1415,1,1,0.01,0.0065463040955364,0.0064811673946678,0.006612095516175,0.019999978100315407,42822.0,43254.0,43462.0,4888178.281583346,32000.035039533715,50371432.0,329746.7115996368,False,160.90064091808998
1415,1,1,0.02,0.0065463040955364,0.0064166784286499,0.0066785481758415,0.04000001988078809,42279.0,43254.0,43340.0,4051632.582146679,26524.986816558947,50371432.0,329746.7115996368,False,160.90064091808998
1415,1,1,0.05,0.0065463040955364,0.0062270374037325,0.0068819401785731,0.09999993231540581,41511.0,43254.0,44262.0,4200623.521055592,27510.018620044462,50371432.0,329746.7115996368,False,160.90064091808998
1415,1,1,0.1,0.0065463040955364,0.0059233410283923,0.0072347852401435,0.20000002357248264,40704.0,43254.0,45507.0,3662374.622544141,24014.99716953448,50371432.0,329746.7115996368,False,160.90064091808998
1415,1,2,0.0025,0.0059406426735222,0.0059258094988763,0.0059555131010711,0.005000060191766923,4401.0,4450.0,4433.0,1077310.4147483523,6399.922955465828,837290.375,4974.042931854434,False,50.90433206939364
1415,1,2,0.005,0.0059406426735222,0.0059110135771334,0.0059704203158617,0.010000010826930132,4402.0,4450.0,4447.0,757489.8229274906,4499.995127886716,837290.375,4974.042931854434,False,50.90433206939364
1415,1,2,0.01,0.0059406426735222,0.0058815320953726,0.0060003469698131,0.02000000745016929,4366.0,4450.0,4417.0,429239.18608809944,2549.999050103769,837290.375,4974.042931854434,False,50.90433206939364
1415,1,2,0.02,0.0059406426735222,0.0058230101130902,0.0060606515035033,0.03999997352888303,4380.0,4450.0,4485.0,441842.2220871336,2625.0017371682006,837290.375,4974.042931854434,False,50.90433206939364
1415,1,2,0.05,0.0059406426735222,0.005650914274156,0.0062452256679534,0.09999992820397915,4181.0,4450.0,4653.0,794196.4514328393,4720.003388774617,837290.375,4974.042931854434,False,50.90433206939364
1415,1,2,0.1,0.0059406426735222,0.005375315900892,0.0065654260106384,0.20000005229008774,3970.0,4450.0,4920.0,798245.4667177269,4749.998758110741,837290.375,4974.042931854434,False,50.90433206939364
1415,1,7,0.0025,0.0054341284558176,0.0054205600172281,0.0054477308876812,0.00500003676707169,16563.0,16631.0,16683.0,4416494.503079418,23999.823519353624,7039601.0,38254.09611170273,False,87.48028589644642
1415,1,7,0.005,0.0054341284558176,0.0054070255719125,0.0054613673128187,0.010000042201906804,16437.0,16631.0,16669.0,4269278.019643506,23199.902091989403,7039601.0,38254.09611170273,False,87.48028589644642
1415,1,7,0.01,0.0054341284558176,0.0053800581954419,0.005488742608577,0.020000005131456656,16362.0,16631.0,16738.0,3459557.715351627,18799.99517643198,7039601.0,38254.09611170273,False,87.48028589644642
1415,1,7,0.02,0.0054341284558176,0.005326525773853,0.0055439048446714,0.039999897226190385,16323.0,16631.0,16768.0,2047115.1998425655,11125.02858403924,7039601.0,38254.09611170273,False,87.48028589644642
1415,1,7,0.05,0.0054341284558176,0.0051691029220819,0.005712741985917,0.0999999586699764,16250.0,16631.0,16894.0,1184609.5007538702,6440.00266165462,7039601.0,38254.09611170273,False,87.48028589644642
1415,1,7,0.1,0.0054341284558176,0.0049170027486979,0.0060056410729885,0.2000000589192319,15827.0,16631.0,17503.0,1539537.9370757947,8379.997531284911,7039601.0,38254.09611170273,False,87.48028589644642
1415,2,1,0.0025,0.0166266057640314,0.0165850911289453,0.0166682247072458,0.005000027781099088,84352.0,84326.0,84329.0,-276663.1783472933,-4599.974441530848,202258960.0,3362879.9901629984,False,219.12016375289417
1415,2,1,0.005,0.0166266057640314,0.0165436808019876,0.0167099460959434,0.009999912489768266,84051.0,84326.0,84275.0,1347244.483022109,22400.1960246345,202258960.0,3362879.9901629984,False,219.12016375289417
1415,2,1,0.01,0.0166266057640314,0.0164611674845218,0.016793705523014,0.020000023633855103,83974.0,84326.0,84567.0,1783254.6396460165,29649.964962851212,202258960.0,3362879.9901629984,False,219.12016375289417
1415,2,1,0.02,0.0166266057640314,0.0162973776459693,0.0169624853879213,0.039999949471690714,83562.0,84326.0,84703.0,1715511.529983586,28525.036033046075,202258960.0,3362879.9901629984,False,219.12016375289417
1415,2,1,0.05,0.0166266057640314,0.0158157162368297,0.0174790695309638,0.09999999413485915,82888.0,84326.0,85109.0,1335254.5173851321,22210.00130264786,202258960.0,3362879.9901629984,False,219.12016375289417
1415,2,1,0.1,0.0166266057640314,0.0150443753227591,0.0183752421289682,0.20000003346641348,81502.0,84326.0,85830.0,1299361.4730952715,21639.996378934666,202258960.0,3362879.9901629984,False,219.12016375289417
1415,2,2,0.0025,0.0100537622347474,0.0100286593660712,0.0100789284333586,0.005000020143326201,243471.0,243958.0,243837.0,7280819.393514758,73199.70510289246,217486368.0,2186556.2331707776,False,305.4595483373041
1415,2,2,0.005,0.0100537622347474,0.0100036188960075,0.0101041570305824,0.01000000922627031,243013.0,243958.0,244274.0,12542504.44701219,126099.88365683872,217486368.0,2186556.2331707776,False,305.4595483373041
1415,2,2,0.01,0.0100537622347474,0.0099537260830402,0.0101548042148351,0.0199999533874054,242326.0,243958.0,245101.0,13800605.641345942,138750.3233756287,217486368.0,2186556.2331707776,False,305.4595483373041
1415,2,2,0.02,0.0100537622347474,0.0098546845838427,0.0102568613365292,0.03999994592869278,241428.0,243958.0,245647.0,10490412.416474894,105475.14257947096,217486368.0,2186556.2331707776,False,305.4595483373041
1415,2,2,0.05,0.0100537622347474,0.0095634348690509,0.010569229722023,0.09999996478810216,237611.0,243958.0,250347.0,12662621.9674573,127360.04484588887,217486368.0,2186556.2331707776,False,305.4595483373041
1415,2,2,0.1,0.0100537622347474,0.0090970201417803,0.011111126281321,0.20000007101997866,230387.0,243958.0,256567.0,12998321.928540533,130899.95351744047,217486368.0,2186556.2331707776,False,305.4595483373041
1415,2,7,0.0025,0.0021897365804761,0.0021842690184712,0.002195217879489,0.005000076074533444,13611.0,13683.0,13687.0,6941361.286479219,15199.768736936978,3157707.75,6914.548170628084,False,79.35975302842186
1415,2,7,0.005,0.0021897365804761,0.0021788151934742,0.0022007126826792,0.010000014752066905,13520.0,13683.0,13735.0,9818477.268658994,21499.968283102942,3157707.75,6914.548170628084,False,79.35975302842186
1415,2,7,0.01,0.0021897365804761,0.002167948288843,0.0022117437329143,0.019999992552464124,13512.0,13683.0,13881.0,8425533.929950818,18450.006870354402,3157707.75,6914.548170628084,False,79.35975302842186
1415,2,7,0.02,0.0021897365804761,0.0021463769953697,0.0022339720744639,0.039999898031152496,13526.0,13683.0,13818.0,3333520.5929317316,7300.018609362109,3157707.75,6914.548170628084,False,79.35975302842186
1415,2,7,0.05,0.0021897365804761,0.002082941820845,0.0023020068183541,0.1000000407960008,13253.0,13683.0,14191.0,4281834.207498331,9379.996173336685,3157707.75,6914.548170628084,False,79.35975302842186
1415,2,7,0.1,0.0021897365804761,0.001981355715543,0.0024200333282351,0.19999999684899494,12500.0,13683.0,14311.0,4128316.439232355,9055.000142661756,3157707.75,6914.548170628084,False,79.35975302842186
1415,3,1,0.0025,0.0030624063219875,0.0030547596979886,0.0030700720380991,0.005000095569056665,4255.0,4285.0,4287.0,2089817.739749445,6399.877673945586,1833741.0,5615.660031287698,False,61.20599979866447
1415,3,1,0.005,0.0030624063219875,0.0030471323989331,0.0030777566134929,0.010000008065271038,4275.0,4285.0,4279.0,130615.59479963587,399.99967738941865,1833741.0,5615.660031287698,False,61.20599979866447
1415,3,1,0.01,0.0030624063219875,0.0030319348443299,0.0030931839719414,0.019999993819385605,4249.0,4285.0,4282.0,538783.1841347554,1650.0005099008451,1833741.0,5615.660031287698,False,61.20599979866447
1415,3,1,0.02,0.0030624063219875,0.003001766745001,0.0031242710538208,0.03999996287497091,4305.0,4285.0,4254.0,-416311.88724161085,-1275.0011833614005,1833741.0,5615.660031287698,False,61.20599979866447
1415,3,1,0.05,0.0030624063219875,0.002913051052019,0.0032194191589951,0.09999995447440713,4341.0,4285.0,4364.0,75073.08847194808,230.00010470891127,1833741.0,5615.660031287698,False,61.20599979866447
1415,3,1,0.1,0.0030624063219875,0.0027709798887372,0.0033844825811684,0.20000003021390195,4093.0,4285.0,4550.0,744903.0063568127,2284.999654806222,1833741.0,5615.660031287698,False,61.20599979866447
1415,3,2,0.0025,0.0152102718129754,0.0151722934097051,0.0152483452111482,0.005000023887313633,54964.0,55208.0,55245.0,3694850.0189076657,56199.73150787747,72815744.0,1107547.258504033,False,156.06858830240594
1415,3,2,0.005,0.0152102718129754,0.0151344100013375,0.0152865136042237,0.010000016593218315,55129.0,55208.0,55207.0,512808.36561351945,7799.98705731119,72815744.0,1107547.258504033,False,156.06858830240594
1415,3,2,0.01,0.0152102718129754,0.0150589272379875,0.0153631381690502,0.020000027435146346,54968.0,55208.0,55267.0,982870.6646257031,14949.979492256238,72815744.0,1107547.258504033,False,156.06858830240594
1415,3,2,0.02,0.0152102718129754,0.0149090886116027,0.0155175393447279,0.039999953883332134,54715.0,55208.0,55728.0,1664884.1801815324,25325.029197649004,72815744.0,1107547.258504033,False,156.06858830240594
1415,3,2,0.05,0.0152102718129754,0.0144684584811329,0.0159901194274425,0.09999999278988901,54283.0,55208.0,56064.0,1170431.5631674463,17810.00128412086,72815744.0,1107547.258504033,False,156.06858830240594
1415,3,2,0.1,0.0152102718129754,0.013762823306024,0.0168099515140056,0.20000006948008492,53350.0,55208.0,56826.0,1140746.2248864428,17379.993962182718,72815744.0,1107547.258504033,False,156.06858830240594
1415,3,7,0.0025,0.0139875570312142,0.0139526315033435,0.0140225701034069,0.0050000530294638254,153201.0,152939.0,153049.0,-2173334.8946392075,-30399.67758427945,134536896.0,1881842.5056025384,False,242.4415288077581
1415,3,7,0.005,0.0139875570312142,0.0139177935197949,0.014057669788599,0.010000008428652285,152848.0,152939.0,153370.0,3731869.633519244,52199.95600247216,134536896.0,1881842.5056025384,False,242.4415288077581
1415,3,7,0.01,0.0139875570312142,0.0138483783230185,0.0141281345859169,0.020000032812255028,152881.0,152939.0,153506.0,2234087.607278995,31249.94873093563,134536896.0,1881842.5056025384,False,242.4415288077581
1415,3,7,0.02,0.0139875570312142,0.0137105854228138,0.0142701240256428,0.03999992971982122,152129.0,152939.0,154256.0,3801346.3043407374,53175.09342887682,134536896.0,1881842.5056025384,False,242.4415288077581
1415,3,7,0.05,0.0139875570312142,0.0133053762838244,0.0147047145292162,0.09999997322491662,149959.0,152939.0,156413.0,4612180.09387927,64540.01728064344,134536896.0,1881842.5056025384,False,242.4415288077581
1415,3,7,0.1,0.0139875570312142,0.0126564651727676,0.0154586415737867,0.20000000667653914,147073.0,152939.0,158926.0,4229926.422793824,59264.9980215746,134536896.0,1881842.5056025384,False,242.4415288077581
1415,4,1,0.0025,0.0108905816450715,0.0108633888885378,0.010917842388153,0.005000049112966793,121247.0,121495.0,121755.0,9329060.640543373,101599.00203431737,41580612.0,452837.04983804,False,253.41431495587395
1415,4,1,0.005,0.0108905816450715,0.0108362641185522,0.0109451711177825,0.01000006708626972,121301.0,121495.0,121706.0,3718769.25140102,40499.728302430354,41580612.0,452837.04983804,False,253.41431495587395
1415,4,1,0.01,0.0108905816450715,0.0107822185382246,0.011000033468008,0.01999996971372302,120911.0,121495.0,122014.0,5063932.032101054,55150.08351453524,41580612.0,452837.04983804,False,253.41431495587395
1415,4,1,0.02,0.0108905816450715,0.0106749339029192,0.0111105861142277,0.03999999048455205,120436.0,121495.0,123008.0,5903791.908400712,64300.01529608622,41580612.0,452837.04983804,False,253.41431495587395
1415,4,1,0.05,0.0108905816450715,0.0103594418615102,0.0114489533007144,0.09999995002843538,118396.0,121495.0,124980.0,6043075.605345711,65840.03290129459,41580612.0,452837.04983804,False,253.41431495587395
1415,4,1,0.1,0.0108905816450715,0.0098542058840394,0.0120359547436237,0.2000000413245,115971.0,121495.0,128049.0,5535925.891260135,60389.9875220698,41580612.0,452837.04983804,False,253.41431495587395
1415,4,2,0.0025,0.0116654084995388,0.0116362813860178,0.0116946091875433,0.005000059715740402,132888.0,132989.0,133308.0,7200682.847893322,83998.99678754275,148855248.0,1736457.2752201706,False,214.0196637696721
1415,4,2,0.005,0.0116654084995388,0.0116072269156575,0.0117238815873861,0.010000008686746751,132745.0,132989.0,133667.0,7903669.74882113,92199.91990826454,148855248.0,1736457.2752201706,False,214.0196637696721
1415,4,2,0.01,0.0116654084995388,0.0115493359044194,0.0117826480418443,0.020000006427799973,132256.0,132989.0,134016.0,7543542.3952880055,87999.9717176892,148855248.0,1736457.2752201706,False,214.0196637696721
1415,4,2,0.02,0.0116654084995388,0.0114344181492924,0.0119010647758841,0.03999993021461484,131218.0,132989.0,134796.0,7667472.121534547,89450.15605783982,148855248.0,1736457.2752201706,False,214.0196637696721
1415,4,2,0.05,0.0116654084995388,0.0110964803025126,0.0122635066509246,0.09999994516971436,129152.0,132989.0,136587.0,6370893.0052153375,74350.04076633972,148855248.0,1736457.2752201706,False,214.0196637696721
1415,4,2,0.1,0.0116654084995388,0.0105552980676293,0.0128922704607248,0.2000000223172223,125181.0,132989.0,140591.0,6594001.728701753,77049.99140229107,148855248.0,1736457.2752201706,False,214.0196637696721
1415,4,7,0.0025,0.0098292483016848,0.0098047060891985,0.0098538529127836,0.0050000537650311755,4352.0,4351.0,4354.0,40694.38987317124,399.9956988437563,11862.89453125,116.60333592435563,False,26.67695714908896
1415,4,7,0.005,0.0098292483016848,0.0097802244126796,0.0098785171285271,0.009999982424428133,4329.0,4351.0,4362.0,335731.8974805703,3300.00579994891,11862.89453125,116.60333592435563,False,26.67695714908896
1415,4,7,0.01,0.0098292483016848,0.0097314454615116,0.0099280336871743,0.01999999868482249,4271.0,4351.0,4301.0,152603.2390743133,1500.00009863832,11862.89453125,116.60333592435563,False,26.67695714908896
1415,4,7,0.02,0.0098292483016848,0.0096346158534288,0.0100278118625283,0.03999998774157432,4193.0,4351.0,4286.0,236523.25519017703,2325.0007125212114,11862.89453125,116.60333592435563,False,26.67695714908896
1415,4,7,0.05,0.0098292483016848,0.0093498704954981,0.0103332046419382,0.09999996927769736,4238.0,4351.0,4513.0,279660.7857009383,2750.000844863582,11862.89453125,116.60333592435563,False,26.67695714908896
1415,4,7,0.1,0.0098292483016848,0.008893871679902,0.0108629995957016,0.20000001796434533,4223.0,4351.0,4557.0,169618.2342041366,1669.99984999773,11862.89453125,116.60333592435563,False,26.67695714908896
1415,5,1,0.0025,0.0129776550456881,0.0129452515393495,0.0130101405084133,0.00500004809268813,7666.0,7701.0,7678.0,184931.27835336103,2399.9769157317346,1364081.375,17702.577538997983,False,91.30566088386296
1415,5,1,0.005,0.0129776550456881,0.0129129281267523,0.0130427060648798,0.010000065393470458,7648.0,7701.0,7839.0,1471744.7568966,19099.875099288194,1364081.375,17702.577538997983,False,91.30566088386296
1415,5,1,0.01,0.0129776550456881,0.0128485253080725,0.0131080830469727,0.020000023673137704,7620.0,7701.0,7867.0,951618.7074467131,12349.98538185477,1364081.375,17702.577538997983,False,91.30566088386296
1415,5,1,0.02,0.0129776550456881,0.0127206807956099,0.0132398204877972,0.039999913946285055,7607.0,7701.0,7821.0,412220.4547649799,5350.011509709135,1364081.375,17702.577538997983,False,91.30566088386296
1415,5,1,0.05,0.0129776550456881,0.0123447272926568,0.0136430338025093,0.1000000151791958,7541.0,7701.0,8099.0,429790.6509483607,5579.999153001003,1364081.375,17702.577538997983,False,91.30566088386296
1415,5,1,0.1,0.0129776550456881,0.0117426682263612,0.0143425278365612,0.2000000332384816,7413.0,7701.0,8227.0,313093.8289153934,4069.999323597012,1364081.375,17702.577538997983,False,91.30566088386296
1415,5,2,0.0025,0.0048190923407673,0.0048070596531033,0.004831155296415,0.005000032399732023,6435.0,6495.0,6521.0,3569109.937738896,17199.88854564406,1245221.25,6000.836188435787,False,60.66910506358847
1415,5,2,0.005,0.0048190923407673,0.0047950567677617,0.0048432480543851,0.010000034053454466,6391.0,6495.0,6556.0,3423855.4635285917,16499.94381199147,1245221.25,6000.836188435787,False,60.66910506358847
1415,5,2,0.01,0.0048190923407673,0.0047711418010294,0.0048675253055989,0.02000000960057399,6356.0,6495.0,6520.0,1701535.9706260161,8199.996063766554,1245221.25,6000.836188435787,False,60.66910506358847
1415,5,2,0.02,0.0048190923407673,0.0047236680984497,0.0049164444208145,0.03999995326687478,6390.0,6495.0,6467.0,399426.64667234954,1925.002249034279,1245221.25,6000.836188435787,False,60.66910506358847
1415,5,2,0.05,0.0048190923407673,0.0045840623788535,0.0050661722198128,0.09999995895505587,6139.0,6495.0,6574.0,902284.0088359093,4350.001785455803,1245221.25,6000.836188435787,False,60.66910506358847
1415,5,2,0.1,0.0048190923407673,0.0043604951351881,0.0053259208798408,0.20000001779561782,5584.0,6495.0,6924.0,1387988.6748639059,6699.999403846856,1245221.25,6000.836188435787,False,60.66910506358847
1415,5,7,0.0025,0.0127071822062134,0.0126754539087414,0.0127389905974268,0.0050000558572888855,74467.0,74607.0,74593.0,1983106.180177024,25199.718482408978,15314099.0,194599.0463169916,False,171.57142377772556
1415,5,7,0.005,0.0127071822062134,0.0126438047736883,0.0127708772197365,0.010000007477405712,74244.0,74607.0,74667.0,3328809.7707630075,42299.96837059749,15314099.0,194599.0463169916,False,171.57142377772556
1415,5,7,0.01,0.0127071822062134,0.0125807439908385,0.0128348916769027,0.019999984332996667,73988.0,74607.0,75138.0,4524928.0755186565,57500.045042669866,15314099.0,194599.0463169916,False,171.57142377772556
1415,5,7,0.02,0.0127071822062134,0.0124555630609393,0.0129638845100998,0.04000002141653275,73385.0,74607.0,75512.0,4184360.119984652,53174.97152941202,15314099.0,194599.0463169916,False,171.57142377772556
1415,5,7,0.05,0.0127071822062134,0.012087445706129,0.0133586935698986,0.10000000761050992,70683.0,74607.0,77190.0,5118592.672167762,65069.99504784157,15314099.0,194599.0463169916,False,171.57142377772556
1415,5,7,0.1,0.0127071822062134,0.0114979343488812,0.0140436086803674,0.19999999668883867,68062.0,74607.0,80235.0,4781837.114605791,60865.00100766919,15314099.0,194599.0463169916,False,171.57142377772556
1415,6,1,0.0025,0.0181871354579925,0.0181417241692543,0.0182326603680849,0.005000023474726766,8382.0,8485.0,8534.0,1671501.579730098,30399.857274331353,23006706.0,418426.07846421,False,85.23203919331566
1415,6,1,0.005,0.0181871354579925,0.0180964265018701,0.0182782988995313,0.010000015739486477,8378.0,8485.0,8538.0,879737.6735421736,15999.974816861275,23006706.0,418426.07846421,False,85.23203919331566
1415,6,1,0.01,0.0181871354579925,0.018006170168519,0.0183699186891317,0.01999998663351856,8395.0,8485.0,8543.0,406874.5070102505,7400.004945601438,23006706.0,418426.07846421,False,85.23203919331566
1415,6,1,0.02,0.0181871354579925,0.0178270060569047,0.0185545403510332,0.04000002023299011,8398.0,8485.0,8571.0,237789.477961631,4324.9978123090505,23006706.0,418426.07846421,False,85.23203919331566
1415,6,1,0.05,0.0181871354579925,0.0173001382499933,0.0191196091473102,0.09999997252713111,8304.0,8485.0,8384.0,43968.82638682086,800.0002197830115,23006706.0,418426.07846421,False,85.23203919331566
1415,6,1,0.1,0.0181871354579925,0.0164564009755849,0.0200998932123184,0.19999998364913185,8209.0,8485.0,8732.0,143543.60213180675,2615.0002137876186,23006706.0,418426.07846421,False,85.23203919331566
1415,6,2,0.0025,0.0160542204976081,0.0160141345113515,0.0160944070667028,0.005000085251227384,19811.0,19794.0,19815.0,49830.231297540224,799.9863600361833,73574816.0,1181186.3191349506,False,101.03687795711552
1415,6,2,0.005,0.0160542204976081,0.015974149107933,0.0161346923559904,0.010000023582430665,19811.0,19794.0,19856.0,280298.30307102576,4499.989387931227,73574816.0,1181186.3191349506,False,101.03687795711552
1415,6,2,0.01,0.0160542204976081,0.0158944781869649,0.01621556840837,0.020000028552953998,19792.0,19794.0,19944.0,473387.19732679066,7599.989149892971,73574816.0,1181186.3191349506,False,101.03687795711552
1415,6,2,0.02,0.0160542204976081,0.0157363265752792,0.0163785368204116,0.039999912974586625,19765.0,19794.0,19967.0,314538.7379461002,5050.010986982342,73574816.0,1181186.3191349506,False,101.03687795711552
1415,6,2,0.05,0.0160542204976081,0.0152712473645806,0.0168773382902145,0.09999998934314445,19632.0,19794.0,19966.0,207958.33826666765,3340.000355939013,73574816.0,1181186.3191349506,False,101.03687795711552
1415,6,2,0.1,0.0160542204976081,0.0145264593884348,0.017742658033967,0.200000026525397,19339.0,19794.0,20192.0,265219.9363322752,4264.999434345984,73574816.0,1181186.3191349506,False,101.03687795711552
1415,6,7,0.0025,0.0183411631733179,0.0182953663170337,0.0183870736509561,0.00500007769740685,30773.0,30773.0,30731.0,-457978.63926061924,-8399.869470384856,8473058.0,155405.7393549867,False,111.5063252910976
1415,6,7,0.005,0.0183411631733179,0.018249686807394,0.0184330977499485,0.00999992084382624,30767.0,30773.0,30733.0,-185376.07149528008,-3400.0269133121137,8473058.0,155405.7393549867,False,111.5063252910976
1415,6,7,0.01,0.0183411631733179,0.0181586649268865,0.0185254942625761,0.019999998438348945,30491.0,30773.0,30976.0,1322140.7145321448,24250.001893502053,8473058.0,155405.7393549867,False,111.5063252910976
1415,6,7,0.02,0.0183411631733179,0.0179779846221208,0.0187116786837577,0.039999924688176,30423.0,30773.0,31049.0,853216.6644546259,15650.029465806618,8473058.0,155405.7393549867,False,111.5063252910976
1415,6,7,0.05,0.0183411631733179,0.0174466539174318,0.0192815344780683,0.09999999744792638,29534.0,30773.0,31240.0,929760.790210894,17060.00043538377,8473058.0,155405.7393549867,False,111.5063252910976
1415,6,7,0.1,0.0183411631733179,0.016595771536231,0.0202701203525066,0.19999996173471335,29055.0,30773.0,32320.0,888592.8264452243,16325.00312340462,8473058.0,155405.7393549867,False,111.5063252910976
1415,7,1,0.0025,0.0056448862887918,0.0056307916529476,0.0056590163148939,0.00500003557702447,8992.0,9078.0,9066.0,2621820.5957892905,14799.894692756874,7961968.0,44944.40399499983,False,95.33237139693298
1415,7,1,0.005,0.0056448862887918,0.0056167324073612,0.0056731812655925,0.009999957531810716,9002.0,9078.0,9057.0,974333.2588701212,5500.0233576033015,7961968.0,44944.40399499983,False,95.33237139693298
1415,7,1,0.01,0.0056448862887918,0.0055887186899781,0.0057016182690858,0.019999995183396735,9081.0,9078.0,9150.0,611162.5972863717,3450.000830864263,7961968.0,44944.40399499983,False,95.33237139693298
1415,7,1,0.02,0.0056448862887918,0.0055331098847091,0.0057589206844568,0.04000005238154684,9071.0,9078.0,9351.0,1239976.1229881195,6999.990833241308,7961968.0,44944.40399499983,False,95.33237139693298
1415,7,1,0.05,0.0056448862887918,0.0053695822134613,0.0059343054890632,0.09999989628601641,8829.0,9078.0,9556.0,1287356.1820612778,7270.007540014427,7961968.0,44944.40399499983,False,95.33237139693298
1415,7,1,0.1,0.0056448862887918,0.0051077045500278,0.0062385643832385,0.1999999932624398,8590.0,9078.0,9765.0,1039032.3941951126,5875.000197915837,7961968.0,44944.40399499983,False,95.33237139693298
1415,7,2,0.0025,0.0184797272086143,0.0184335857629776,0.0185259841382503,0.00499998068238759,1401.0,1401.0,1415.0,151517.81574818032,2800.0108179047447,521.669921875,9.64031784918916,False,24.56293412972719
1415,7,2,0.005,0.0184797272086143,0.0183875579386949,0.0185723565518856,0.010000031425037782,1410.0,1401.0,1418.0,43290.36815738654,799.9974860048777,521.669921875,9.64031784918916,False,24.56293412972719
1415,7,2,0.01,0.0184797272086143,0.0182958506047725,0.0186654515564441,0.020000013529052146,1402.0,1401.0,1394.0,-21644.965912068863,-399.9997294191401,521.669921875,9.64031784918916,False,24.56293412972719
1415,7,2,0.02,0.0184797272086143,0.0181138049811124,0.0188530422747135,0.0399999410573642,1375.0,1401.0,1419.0,59520.80662172726,1100.0016209248731,521.669921875,9.64031784918916,False,24.56293412972719
1415,7,2,0.05,0.0184797272086143,0.0175784602761268,0.0194272026419639,0.09999997736372752,1364.0,1401.0,1523.0,86004.41193871037,1590.0003599168137,521.669921875,9.64031784918916,False,24.56293412972719
1415,7,2,0.1,0.0184797272086143,0.0167211480438709,0.0204232577234506,0.2000000677199603,1350.0,1401.0,1637.0,77523.3650107803,1434.9995141094494,521.669921875,9.64031784918916,False,24.56293412972719
1415,7,7,0.0025,0.0064959600567817,0.0064797401428222,0.0065122204832732,0.005000077979796102,12912.0,12888.0,12942.0,923635.6387722533,5999.906425704058,7381366.5,47949.061948467046,False,76.23905238079259
1415,7,7,0.005,0.0064959600567817,0.006463561207056,0.0065285209566354,0.009999981540955417,12880.0,12888.0,12949.0,1062196.2129897438,6900.012736764273,7381366.5,47949.061948467046,False,76.23905238079259
1415,7,7,0.01,0.0064959600567817,0.0064313244074583,0.0065612457692623,0.019999998571393365,12912.0,12888.0,13025.0,869756.8931772169,5650.000403581404,7381366.5,47949.061948467046,False,76.23905238079259
1415,7,7,0.02,0.0064959600567817,0.0063673313707113,0.0066271871328353,0.04000000593702745,12597.0,12888.0,13048.0,1735578.2158287808,11274.998326500638,7381366.5,47949.061948467046,False,76.23905238079259
1415,7,7,0.05,0.0064959600567817,0.0061791483312845,0.0068290149793028,0.09999999195952902,12732.0,12888.0,13398.0,1024825.6346604286,6660.00053549541,7381366.5,47949.061948467046,False,76.23905238079259
1415,7,7,0.1,0.0064959600567817,0.0058777877129614,0.0071791466325521,0.20000007076901102,12500.0,12888.0,13836.0,1026619.159317089,6679.9976363158685,7381366.5,47949.061948467046,False,76.23905238079259
1617,0,1,0.0025,0.0103693585842847,0.0103434678167104,0.0103953145444393,0.0049999884120001566,5386.0,5369.0,5385.0,-19287.620334090432,-200.00046352106799,12164.8193359375,126.14137380737702,False,37.64974329720479
1617,0,1,0.005,0.0103693585842847,0.0103176413103938,0.0104213347658514,0.009999945916106897,5412.0,5369.0,5342.0,-675066.7116944753,-7000.037858929928,12164.8193359375,126.14137380737702,False,37.64974329720479
1617,0,1,0.01,0.0103693585842847,0.010266182012856,0.0104735726490616,0.020000000247034386,5361.0,5369.0,5302.0,-284487.2896841365,-2949.9999635624285,12164.8193359375,126.14137380737702,False,37.64974329720479
1617,0,1,0.02,0.0103693585842847,0.0101640317589044,0.0105788335204124,0.03999997698338801,5399.0,5369.0,5284.0,-277240.86701541656,-2875.0016543199386,12164.8193359375,126.14137380737702,False,37.64974329720479
1617,0,1,0.05,0.0103693585842847,0.0098636392503976,0.0109010068699717,0.09999996551169933,5375.0,5369.0,5316.0,-56874.726843915734,-590.0002034810441,12164.8193359375,126.14137380737702,False,37.64974329720479
1617,0,1,0.1,0.0103693585842847,0.0093825841322541,0.0114599140360951,0.19999999112472408,5422.0,5369.0,5207.0,-103498.24532081453,-1075.00004770461,12164.8193359375,126.14137380737702,False,37.64974329720479
1617,0,2,0.0025,0.0017865144181996,0.0017820536158978,0.0017909863963723,0.005000111420305943,9890.0,9870.0,9948.0,6492939.143144701,11599.741510650405,5146324.5,9193.982919984148,False,71.4405556860508
1617,0,2,0.005,0.0017865144181996,0.0017776041058823,0.0017954693175852,0.0099999963403884,9744.0,9870.0,9993.0,13937702.17453295,24900.00911243622,5146324.5,9193.982919984148,False,71.4405556860508
1617,0,2,0.01,0.0017865144181996,0.0017687382642179,0.001804469153285,0.02000000331028129,9684.0,9870.0,10052.0,10299211.959403552,18399.99695454172,5146324.5,9193.982919984148,False,71.4405556860508
1617,0,2,0.02,0.0017865144181996,0.0017511390615254,0.0018226043321192,0.0399999614696502,9707.0,9870.0,10144.0,6114858.2572905375,10925.010523611925,5146324.5,9193.982919984148,False,71.4405556860508
1617,0,2,0.05,0.0017865144181996,0.0016993851168081,0.0018781109247356,0.09999995475703988,9402.0,9870.0,10491.0,6093132.33845753,10890.004926960586,5146324.5,9193.982919984148,False,71.4405556860508
1617,0,2,0.1,0.0017865144181996,0.0016165050910785,0.0019744038581848,0.20000004120816775,8694.0,9870.0,11070.0,6638748.770247371,11879.99755223534,5146324.5,9193.982919984148,False,71.4405556860508
1617,0,7,0.0025,0.0159809570759534,0.0159410536289215,0.0160209592431783,0.005000046839955753,43463.0,43578.0,43562.0,1238961.7540743821,19799.814515512837,223138112.0,3565960.589881301,False,135.49880876480654
1617,0,7,0.005,0.0159809570759534,0.0159012507647275,0.0160610619932413,0.010000062354597996,43351.0,43578.0,43665.0,1964818.135246884,31399.80420778315,223138112.0,3565960.589881301,False,135.49880876480654
1617,0,7,0.01,0.0159809570759534,0.0158219430595636,0.0161415692418813,0.020000107219289184,43296.0,43578.0,43762.0,1457953.152088162,23299.875090197736,223138112.0,3565960.589881301,False,135.49880876480654
1617,0,7,0.02,0.0159809570759534,0.0156645122915506,0.0163037944585084,0.040000079306292305,42827.0,43578.0,43755.0,1451628.1666609654,23199.95400244166,223138112.0,3565960.589881301,False,135.49880876480654
1617,0,7,0.05,0.0159809570759534,0.0152015574276447,0.0168003179132938,0.09999992469214376,42492.0,43578.0,44272.0,1113362.5180117683,17800.013404808506,223138112.0,3565960.589881301,False,135.49880876480654
1617,0,7,0.1,0.0159809570759534,0.0144601678475737,0.0176616888493299,0.19999999755654047,41830.0,43578.0,45000.0,990154.3667091645,15850.000193644171,223138112.0,3565960.589881301,False,135.49880876480654
1617,1,1,0.0025,0.0065463040955364,0.0065299584530293,0.0065626907162368,0.005000108225534074,42981.0,43029.0,43120.0,4246574.675231986,27799.398279054865,52507672.0,343731.18826068565,False,160.6993053924365
1617,1,1,0.005,0.0065463040955364,0.0065136542543768,0.0065791173838078,0.009999972009317562,42779.0,43029.0,43029.0,3818943.612579731,25000.069976901967,52507672.0,343731.18826068565,False,160.6993053924365
1617,1,1,0.01,0.0065463040955364,0.0064811673946678,0.006612095516175,0.019999978100315407,42640.0,43029.0,42991.0,2680860.2763058664,17550.01921699427,52507672.0,343731.18826068565,False,160.6993053924365
1617,1,1,0.02,0.0065463040955364,0.0064166784286499,0.0066785481758415,0.04000001988078809,42324.0,43029.0,43303.0,3738499.8095396785,24474.987835448832,52507672.0,343731.18826068565,False,160.6993053924365
1617,1,1,0.05,0.0065463040955364,0.0062270374037325,0.0068819401785731,0.09999993231540581,41645.0,43029.0,44212.0,3919665.786459362,25670.017374647086,52507672.0,343731.18826068565,False,160.6993053924365
1617,1,1,0.1,0.0065463040955364,0.0059233410283923,0.0072347852401435,0.20000002357248264,40009.0,43029.0,45805.0,4419555.134762824,28979.996584347668,52507672.0,343731.18826068565,False,160.6993053924365
1617,1,2,0.0025,0.0059406426735222,0.0059258094988763,0.0059555131010711,0.005000060191766923,4484.0,4482.0,4494.0,336659.50460886006,1999.975923583071,815708.5625,4845.833095544978,False,51.50833864635415
1617,1,2,0.005,0.0059406426735222,0.0059110135771334,0.0059704203158617,0.010000010826930132,4463.0,4482.0,4492.0,488160.1081088272,2899.996860193661,815708.5625,4845.833095544978,False,51.50833864635415
1617,1,2,0.01,0.0059406426735222,0.0058815320953726,0.0060003469698131,0.02000000745016929,4467.0,4482.0,4511.0,370324.0036838505,2199.999180481683,815708.5625,4845.833095544978,False,51.50833864635415
1617,1,2,0.02,0.0059406426735222,0.0058230101130902,0.0060606515035033,0.03999997352888303,4429.0,4482.0,4539.0,462882.3279008066,2750.0018198904963,815708.5625,4845.833095544978,False,51.50833864635415
1617,1,2,0.05,0.0059406426735222,0.005650914274156,0.0062452256679534,0.09999992820397915,4310.0,4482.0,4544.0,393732.98651543306,2340.001680028094,815708.5625,4845.833095544978,False,51.50833864635415
1617,1,2,0.1,0.0059406426735222,0.005375315900892,0.0065654260106384,0.20000005229008774,4031.0,4482.0,4896.0,726823.5039061408,4324.998869227148,815708.5625,4845.833095544978,False,51.50833864635415
1617,1,7,0.0025,0.0054341284558176,0.0054205600172281,0.0054477308876812,0.00500003676707169,16694.0,16700.0,16659.0,-1288144.2300648303,-6999.94852647814,8082492.5,43921.30248818314,False,87.44672997550417
1617,1,7,0.005,0.0054341284558176,0.0054070255719125,0.0054613673128187,0.010000042201906804,16702.0,16700.0,16657.0,-828092.7193274042,-4499.981009222082,8082492.5,43921.30248818314,False,87.44672997550417
1617,1,7,0.01,0.0054341284558176,0.0053800581954419,0.005488742608577,0.020000005131456656,16607.0,16700.0,16761.0,1416946.5110748687,7699.998024389694,8082492.5,43921.30248818314,False,87.44672997550417
1617,1,7,0.02,0.0054341284558176,0.005326525773853,0.0055439048446714,0.039999897226190385,16567.0,16700.0,16774.0,952253.5873424967,5175.013296395782,8082492.5,43921.30248818314,False,87.44672997550417
1617,1,7,0.05,0.0054341284558176,0.0051691029220819,0.005712741985917,0.0999999586699764,16256.0,16700.0,16983.0,1337284.3277143845,7270.003004693958,8082492.5,43921.30248818314,False,87.44672997550417
1617,1,7,0.1,0.0054341284558176,0.0049170027486979,0.0060056410729885,0.2000000589192319,15779.0,16700.0,17279.0,1377868.082108408,7499.9977905294545,8082492.5,43921.30248818314,False,87.44672997550417
1617,2,1,0.0025,0.0166266057640314,0.0165850911289453,0.0166682247072458,0.005000027781099088,83677.0,83819.0,83963.0,3440246.4785793857,57199.68218599228,210981744.0,3507910.2808957994,False,218.85171638535616
1617,2,1,0.005,0.0166266057640314,0.0165436808019876,0.0167099460959434,0.009999912489768266,83500.0,83819.0,84160.0,3969559.6374758566,66000.5775725838,210981744.0,3507910.2808957994,False,218.85171638535616
1617,2,1,0.01,0.0166266057640314,0.0164611674845218,0.016793705523014,0.020000023633855103,83554.0,83819.0,84141.0,1765211.591015534,29349.965317358623,210981744.0,3507910.2808957994,False,218.85171638535616
1617,2,1,0.02,0.0166266057640314,0.0162973776459693,0.0169624853879213,0.039999949471690714,83467.0,83819.0,84119.0,980292.3028477633,16300.020590312044,210981744.0,3507910.2808957994,False,218.85171638535616
1617,2,1,0.05,0.0166266057640314,0.0158157162368297,0.0174790695309638,0.09999999413485915,82456.0,83819.0,84790.0,1403189.5738752356,23340.001368923957,210981744.0,3507910.2808957994,False,218.85171638535616
1617,2,1,0.1,0.0166266057640314,0.0150443753227591,0.0183752421289682,0.20000003346641348,81404.0,83819.0,85805.0,1321277.6901784404,22004.996317858473,210981744.0,3507910.2808957994,False,218.85171638535616
1617,2,2,0.0025,0.0100537622347474,0.0100286593660712,0.0100789284333586,0.005000020143326201,243028.0,243106.0,243187.0,3162978.9168547723,31799.87188896148,210265056.0,2113954.8792998493,False,304.8219858394013
1617,2,2,0.005,0.0100537622347474,0.0100036188960075,0.0101041570305824,0.01000000922627031,242415.0,243106.0,243490.0,10692460.174891438,107499.90081768567,210265056.0,2113954.8792998493,False,304.8219858394013
1617,2,2,0.01,0.0100537622347474,0.0099537260830402,0.0101548042148351,0.0199999533874054,241345.0,243106.0,244266.0,14526691.559773512,146050.3403892654,210265056.0,2113954.8792998493,False,304.8219858394013
1617,2,2,0.02,0.0100537622347474,0.0098546845838427,0.0102568613365292,0.03999994592869278,240567.0,243106.0,245197.0,11512351.146783303,115750.15646905679,210265056.0,2113954.8792998493,False,304.8219858394013
1617,2,2,0.05,0.0100537622347474,0.0095634348690509,0.010569229722023,0.09999996478810216,236884.0,243106.0,249811.0,12852521.527427806,129270.04551843637,210265056.0,2113954.8792998493,False,304.8219858394013
1617,2,2,0.1,0.0100537622347474,0.0090970201417803,0.011111126281321,0.20000007101997866,228878.0,243106.0,255411.0,13173585.780365393,132664.9528906894,210265056.0,2113954.8792998493,False,304.8219858394013
1617,2,7,0.0025,0.0021897365804761,0.0021842690184712,0.002195217879489,0.005000076074533444,13621.0,13672.0,13642.0,1918007.7238955735,4199.9360983641645,3264154.5,7147.6385129758855,False,79.86309184255562
1617,2,7,0.005,0.0021897365804761,0.0021788151934742,0.0022007126826792,0.010000014752066905,13562.0,13672.0,13601.0,1781026.1091986082,3899.9942467023943,3264154.5,7147.6385129758855,False,79.86309184255562
1617,2,7,0.01,0.0021897365804761,0.002167948288843,0.0022117437329143,0.019999992552464124,13514.0,13672.0,13654.0,3196679.5398187386,7000.002606638527,3264154.5,7147.6385129758855,False,79.86309184255562
1617,2,7,0.02,0.0021897365804761,0.0021463769953697,0.0022339720744639,0.039999898031152496,13402.0,13672.0,13646.0,2785544.605052543,6100.015550288886,3264154.5,7147.6385129758855,False,79.86309184255562
1617,2,7,0.05,0.0021897365804761,0.002082941820845,0.0023020068183541,0.1000000407960008,13059.0,13672.0,13812.0,3437335.989601538,7529.996928062393,3264154.5,7147.6385129758855,False,79.86309184255562
1617,2,7,0.1,0.0021897365804761,0.001981355715543,0.0024200333282351,0.19999999684899494,12709.0,13672.0,14422.0,3904917.758368318,8565.000134941794,3264154.5,7147.6385129758855,False,79.86309184255562
1617,3,1,0.0025,0.0030624063219875,0.0030547596979886,0.0030700720380991,0.005000095569056665,4342.0,4387.0,4385.0,2808192.587788317,8599.835624364381,2485904.5,7612.849656657199,False,60.66910506358847
1617,3,1,0.005,0.0030624063219875,0.0030471323989331,0.0030777566134929,0.010000008065271038,4363.0,4387.0,4387.0,783693.5687978152,2399.998064336512,2485904.5,7612.849656657199,False,60.66910506358847
1617,3,1,0.01,0.0030624063219875,0.0030319348443299,0.0030931839719414,0.019999993819385605,4438.0,4387.0,4404.0,-555109.947290354,-1700.000525352386,2485904.5,7612.849656657199,False,60.66910506358847
1617,3,1,0.02,0.0030624063219875,0.003001766745001,0.0031242710538208,0.03999996287497091,4350.0,4387.0,4442.0,750993.9926711412,2300.002134691154,2485904.5,7612.849656657199,False,60.66910506358847
1617,3,1,0.05,0.0030624063219875,0.002913051052019,0.0032194191589951,0.09999995447440713,4390.0,4387.0,4388.0,-6528.094649734616,-20.00000910512272,2485904.5,7612.849656657199,False,60.66910506358847
1617,3,1,0.1,0.0030624063219875,0.0027709798887372,0.0033844825811684,0.20000003021390195,4433.0,4387.0,4578.0,236347.78101036727,724.999890474622,2485904.5,7612.849656657199,False,60.66910506358847
1617,3,2,0.0025,0.0152102718129754,0.0151722934097051,0.0152483452111482,0.005000023887313633,55336.0,55306.0,55311.0,-328723.3112907176,-4999.976112800487,68539936.0,1042511.0566039385,False,156.20281198617496
1617,3,2,0.005,0.0152102718129754,0.0151344100013375,0.0152865136042237,0.010000016593218315,55241.0,55306.0,55377.0,894127.4067107519,13599.977433260538,68539936.0,1042511.0566039385,False,156.20281198617496
1617,3,2,0.01,0.0152102718129754,0.0150589272379875,0.0153631381690502,0.020000027435146346,55190.0,55306.0,55672.0,1584426.9576909328,24099.966940694,68539936.0,1042511.0566039385,False,156.20281198617496
1617,3,2,0.02,0.0152102718129754,0.0149090886116027,0.0155175393447279,0.039999953883332134,55104.0,55306.0,55608.0,828333.2939896272,12600.014526767125,68539936.0,1042511.0566039385,False,156.20281198617496
1617,3,2,0.05,0.0152102718129754,0.0144684584811329,0.0159901194274425,0.09999999278988901,54580.0,55306.0,56092.0,993651.0519422677,15120.00109016886,68539936.0,1042511.0566039385,False,156.20281198617496
1617,3,2,0.1,0.0152102718129754,0.013762823306024,0.0168099515140056,0.20000006948008492,53610.0,55306.0,57188.0,1174220.3661230414,17889.993785008563,68539936.0,1042511.0566039385,False,156.20281198617496
1617,3,7,0.0025,0.0139875570312142,0.0139526315033435,0.0140225701034069,0.0050000530294638254,152544.0,152819.0,153007.0,6620092.475118113,92599.01790474595,140029952.0,1958676.939678192,False,242.6428643334116
1617,3,7,0.005,0.0139875570312142,0.0139177935197949,0.014057669788599,0.010000008428652285,152586.0,152819.0,153169.0,4167969.341650803,58299.95086099859,140029952.0,1958676.939678192,False,242.6428643334116
1617,3,7,0.01,0.0139875570312142,0.0138483783230185,0.0141281345859169,0.020000032812255028,152550.0,152819.0,153367.0,2920399.3202351024,40849.93298107906,140029952.0,1958676.939678192,False,242.6428643334116
1617,3,7,0.02,0.0139875570312142,0.0137105854228138,0.0142701240256428,0.03999992971982122,151865.0,152819.0,154161.0,4103380.8720104997,57400.10085223375,140029952.0,1958676.939678192,False,242.6428643334116
1617,3,7,0.05,0.0139875570312142,0.0133053762838244,0.0147047145292162,0.09999997322491662,149867.0,152819.0,156051.0,4419231.747838458,61840.01655771599,140029952.0,1958676.939678192,False,242.6428643334116
1617,3,7,0.1,0.0139875570312142,0.0126564651727676,0.0154586415737867,0.20000000667653914,147445.0,152819.0,158986.0,4118584.395972625,57704.99807365161,140029952.0,1958676.939678192,False,242.6428643334116
1617,4,1,0.0025,0.0108905816450715,0.0108633888885378,0.010917842388153,0.005000049112966793,120365.0,120557.0,120528.0,2993379.693717657,32599.67978660183,41542880.0,452426.1264114082,False,252.81030837891345
1617,4,1,0.005,0.0108905816450715,0.0108362641185522,0.0109451711177825,0.01000006708626972,120294.0,120557.0,120583.0,2653640.28062937,28899.806121981164,41542880.0,452426.1264114082,False,252.81030837891345
1617,4,1,0.01,0.0108905816450715,0.0107822185382246,0.011000033468008,0.01999996971372302,120216.0,120557.0,120914.0,3204555.35666957,34900.05284963336,41542880.0,452426.1264114082,False,252.81030837891345
1617,4,1,0.02,0.0108905816450715,0.0106749339029192,0.0111105861142277,0.03999999048455205,119415.0,120557.0,121885.0,5669660.191971134,61750.014689476266,41542880.0,452426.1264114082,False,252.81030837891345
1617,4,1,0.05,0.0108905816450715,0.0103594418615102,0.0114489533007144,0.09999995002843538,117819.0,120557.0,123896.0,5577729.412771246,60770.030367734995,41542880.0,452426.1264114082,False,252.81030837891345
1617,4,1,0.1,0.0108905816450715,0.0098542058840394,0.0120359547436237,0.2000000413245,114839.0,120557.0,126435.0,5315002.205253562,57979.98802002992,41542880.0,452426.1264114082,False,252.81030837891345
1617,4,2,0.0025,0.0116654084995388,0.0116362813860178,0.0116946091875433,0.005000059715740402,135314.0,135532.0,135919.0,10372412.197560618,120998.55489634136,154075696.0,1797355.9336907717,False,213.9189960068454
1617,4,2,0.005,0.0116654084995388,0.0116072269156575,0.0117238815873861,0.010000008686746751,134813.0,135532.0,136883.0,17744681.540194947,206999.82018449844,154075696.0,1797355.9336907717,False,213.9189960068454
1617,4,2,0.01,0.0116654084995388,0.0115493359044194,0.0117826480418443,0.020000006427799973,134700.0,135532.0,136499.0,7710700.437001774,89949.97109097891,154075696.0,1797355.9336907717,False,213.9189960068454
1617,4,2,0.02,0.0116654084995388,0.0114344181492924,0.0119010647758841,0.03999993021461484,133156.0,135532.0,137369.0,9028244.842936011,105325.18375396288,154075696.0,1797355.9336907717,False,213.9189960068454
1617,4,2,0.05,0.0116654084995388,0.0110964803025126,0.0122635066509246,0.09999994516971436,131048.0,135532.0,139760.0,7465127.082910023,87120.04776817105,154075696.0,1797355.9336907717,False,213.9189960068454
1617,4,2,0.1,0.0116654084995388,0.0105552980676293,0.0128922704607248,0.2000000223172223,127746.0,135532.0,143207.0,6615824.836304854,77304.99137383662,154075696.0,1797355.9336907717,False,213.9189960068454
1617,4,7,0.0025,0.0098292483016848,0.0098047060891985,0.0098538529127836,0.0050000537650311755,4503.0,4531.0,4572.0,1403956.450624408,13799.851610109594,16834.216796875,165.46769686087828,False,26.542733465319955
1617,4,7,0.005,0.0098292483016848,0.0097802244126796,0.0098785171285271,0.009999982424428133,4472.0,4531.0,4601.0,1312406.5083331387,12900.022672527557,16834.216796875,165.46769686087828,False,26.542733465319955
1617,4,7,0.01,0.0098292483016848,0.0097314454615116,0.0099280336871743,0.01999999868482249,4421.0,4531.0,4611.0,966487.1808039842,9500.000624709359,16834.216796875,165.46769686087828,False,26.542733465319955
1617,4,7,0.02,0.0098292483016848,0.0096346158534288,0.0100278118625283,0.03999998774157432,4448.0,4531.0,4606.0,401835.20774245134,3950.001210519907,16834.216796875,165.46769686087828,False,26.542733465319955
1617,4,7,0.05,0.0098292483016848,0.0093498704954981,0.0103332046419382,0.09999996927769736,4283.0,4531.0,4668.0,391525.0999813137,3850.001182809015,16834.216796875,165.46769686087828,False,26.542733465319955
1617,4,7,0.1,0.0098292483016848,0.008893871679902,0.0108629995957016,0.20000001796434533,4252.0,4531.0,4924.0,341267.82450652635,3359.9996981990257,16834.216796875,165.46769686087828,False,26.542733465319955
1617,5,1,0.0025,0.0129776550456881,0.0129452515393495,0.0130101405084133,0.00500004809268813,7486.0,7553.0,7577.0,1402395.5275129878,18199.824944298987,1457552.25,18915.61031156662,False,91.0036575953827
1617,5,1,0.005,0.0129776550456881,0.0129129281267523,0.0130427060648798,0.010000065393470458,7472.0,7553.0,7590.0,909245.4519047057,11799.92283620946,1457552.25,18915.61031156662,False,91.0036575953827
1617,5,1,0.01,0.0129776550456881,0.0128485253080725,0.0131080830469727,0.020000023673137704,7453.0,7553.0,7596.0,550937.1464165181,7149.991536863288,1457552.25,18915.61031156662,False,91.0036575953827
1617,5,1,0.02,0.0129776550456881,0.0127206807956099,0.0132398204877972,0.039999913946285055,7552.0,7553.0,7557.0,9631.31903656495,125.00026891843774,1457552.25,18915.61031156662,False,91.0036575953827
1617,5,1,0.05,0.0129776550456881,0.0123447272926568,0.0136430338025093,0.1000000151791958,7490.0,7553.0,7722.0,178694.320824408,2319.999647842711,1457552.25,18915.61031156662,False,91.0036575953827
1617,5,1,0.1,0.0129776550456881,0.0117426682263612,0.0143425278365612,0.2000000332384816,7252.0,7553.0,8196.0,363096.52886502625,4719.999215571965,1457552.25,18915.61031156662,False,91.0036575953827
1617,5,2,0.0025,0.0048190923407673,0.0048070596531033,0.004831155296415,0.005000032399732023,6456.0,6463.0,6504.0,1992061.3605984533,9599.937792917613,1146449.125,5524.844197366969,False,60.736216905472965
1617,5,2,0.005,0.0048190923407673,0.0047950567677617,0.0048432480543851,0.010000034053454466,6414.0,6463.0,6482.0,1411043.463757238,6799.976843729818,1146449.125,5524.844197366969,False,60.736216905472965
1617,5,2,0.01,0.0048190923407673,0.0047711418010294,0.0048675253055989,0.02000000960057399,6387.0,6463.0,6518.0,1359153.7326341958,6549.996855813528,1146449.125,5524.844197366969,False,60.736216905472965
1617,5,2,0.02,0.0048190923407673,0.0047236680984497,0.0049164444208145,0.03999995326687478,6444.0,6463.0,6644.0,1037471.8095385702,5000.005841647478,1146449.125,5524.844197366969,False,60.736216905472965
1617,5,2,0.05,0.0048190923407673,0.0045840623788535,0.0050661722198128,0.09999995895505587,6089.0,6463.0,6615.0,1091037.6750521571,5260.002158964948,1146449.125,5524.844197366969,False,60.736216905472965
1617,5,2,0.1,0.0048190923407673,0.0043604951351881,0.0053259208798408,0.20000001779561782,5755.0,6463.0,7017.0,1307195.3042374994,6309.999438548308,1146449.125,5524.844197366969,False,60.736216905472965
1617,5,7,0.0025,0.0127071822062134,0.0126754539087414,0.0127389905974268,0.0050000558572888855,72927.0,72874.0,73254.0,5146632.705697515,65399.2693948233,15005891.0,190682.5911035789,False,170.7996375960538
1617,5,7,0.005,0.0127071822062134,0.0126438047736883,0.0127708772197365,0.010000007477405712,72960.0,72874.0,73156.0,1542427.2223866417,19599.98534429576,15005891.0,190682.5911035789,False,170.7996375960538
1617,5,7,0.01,0.0127071822062134,0.0125807439908385,0.0128348916769027,0.019999984332996667,72859.0,72874.0,73490.0,2482808.3614367587,31550.024714717118,15005891.0,190682.5911035789,False,170.7996375960538
1617,5,7,0.02,0.0127071822062134,0.0124555630609393,0.0129638845100998,0.04000002141653275,71852.0,72874.0,74193.0,4605353.568821847,58524.9686649523,15005891.0,190682.5911035789,False,170.7996375960538
1617,5,7,0.05,0.0127071822062134,0.012087445706129,0.0133586935698986,0.10000000761050992,69896.0,72874.0,76316.0,5050155.978994473,64199.995114053,15005891.0,190682.5911035789,False,170.7996375960538
1617,5,7,0.1,0.0127071822062134,0.0114979343488812,0.0140436086803674,0.19999999668883867,66963.0,72874.0,79309.0,4849795.532483619,61730.00102198996,15005891.0,190682.5911035789,False,170.7996375960538
1617,6,1,0.0025,0.0181871354579925,0.0181417241692543,0.0182326603680849,0.005000023474726766,8388.0,8573.0,8760.0,4090780.1819710294,74399.65069770569,20833634.0,378904.1236402392,False,84.96359182577766
1617,6,1,0.005,0.0181871354579925,0.0180964265018701,0.0182782988995313,0.010000015739486477,8321.0,8573.0,8655.0,1836452.3935192875,33399.94743019791,20833634.0,378904.1236402392,False,84.96359182577766
1617,6,1,0.01,0.0181871354579925,0.018006170168519,0.0183699186891317,0.01999998663351856,8334.0,8573.0,8660.0,896223.5762523087,16300.010893689652,20833634.0,378904.1236402392,False,84.96359182577766
1617,6,1,0.02,0.0181871354579925,0.0178270060569047,0.0185545403510332,0.04000002023299011,8433.0,8573.0,8492.0,81095.83352448686,1474.999253908867,20833634.0,378904.1236402392,False,84.96359182577766
1617,6,1,0.05,0.0181871354579925,0.0173001382499933,0.0191196091473102,0.09999997252713111,8407.0,8573.0,8712.0,167631.15059975453,3050.0008379227315,20833634.0,378904.1236402392,False,84.96359182577766
1617,6,1,0.1,0.0181871354579925,0.0164564009755849,0.0200998932123184,0.19999998364913185,8473.0,8573.0,8755.0,77398.27113034322,1410.00011527363,20833634.0,378904.1236402392,False,84.96359182577766
1617,6,2,0.0025,0.0160542204976081,0.0160141345113515,0.0160944070667028,0.005000085251227384,19838.0,19893.0,19912.0,921859.2790044941,14799.74766066939,65426284.0,1050367.9896751344,False,101.40599308748028
1617,6,2,0.005,0.0160542204976081,0.015974149107933,0.0161346923559904,0.010000023582430665,19762.0,19893.0,19921.0,990387.3375176243,15899.962504023668,65426284.0,1050367.9896751344,False,101.40599308748028
1617,6,2,0.01,0.0160542204976081,0.0158944781869649,0.01621556840837,0.020000028552953998,19767.0,19893.0,19930.0,507645.481343861,8149.988364687857,65426284.0,1050367.9896751344,False,101.40599308748028
1617,6,2,0.02,0.0160542204976081,0.0157363265752792,0.0163785368204116,0.039999912974586625,19778.0,19893.0,19992.0,333224.2075270566,5350.011639674362,65426284.0,1050367.9896751344,False,101.40599308748028
1617,6,2,0.05,0.0160542204976081,0.0152712473645806,0.0168773382902145,0.09999998934314445,19615.0,19893.0,20094.0,298239.65278363414,4790.000510463435,65426284.0,1050367.9896751344,False,101.40599308748028
1617,6,2,0.1,0.0160542204976081,0.0145264593884348,0.017742658033967,0.200000026525397,19417.0,19893.0,20269.0,264909.0102638904,4259.999435009119,65426284.0,1050367.9896751344,False,101.40599308748028
1617,6,7,0.0025,0.0183411631733179,0.0182953663170337,0.0183870736509561,0.00500007769740685,30766.0,30760.0,30790.0,261702.0795774967,4799.925411648489,8392933.0,153936.1536557246,False,111.00298647696386
1617,6,7,0.005,0.0183411631733179,0.018249686807394,0.0184330977499485,0.00999992084382624,30583.0,30760.0,30829.0,1341250.3996423206,24600.194725728823,8392933.0,153936.1536557246,False,111.00298647696386
1617,6,7,0.01,0.0183411631733179,0.0181586649268865,0.0185254942625761,0.019999998438348945,30510.0,30760.0,30962.0,1232180.6246773803,22600.00176466583,8392933.0,153936.1536557246,False,111.00298647696386
1617,6,7,0.02,0.0183411631733179,0.0179779846221208,0.0187116786837577,0.039999924688176,30259.0,30760.0,31076.0,1113543.154727523,20425.038456172533,8392933.0,153936.1536557246,False,111.00298647696386
1617,6,7,0.05,0.0183411631733179,0.0174466539174318,0.0192815344780683,0.09999999744792638,29521.0,30760.0,31679.0,1176098.3501026432,21580.0005507375,8392933.0,153936.1536557246,False,111.00298647696386
1617,6,7,0.1,0.0183411631733179,0.016595771536231,0.0202701203525066,0.19999996173471335,28632.0,30760.0,32534.0,1061956.878649086,19510.003732779427,8392933.0,153936.1536557246,False,111.00298647696386
1617,7,1,0.0025,0.0056448862887918,0.0056307916529476,0.0056590163148939,0.00500003557702447,9131.0,9191.0,9117.0,-496020.1127168928,-2799.980077008057,7587657.0,42831.46096335584,False,94.35924968960772
1617,7,1,0.005,0.0056448862887918,0.0056167324073612,0.0056731812655925,0.009999957531810716,9138.0,9191.0,9128.0,-177151.5016127493,-1000.004246836964,7587657.0,42831.46096335584,False,94.35924968960772
1617,7,1,0.01,0.0056448862887918,0.0055887186899781,0.0057016182690858,0.019999995183396735,9124.0,9191.0,9239.0,1018604.3288106195,5750.001384773772,7587657.0,42831.46096335584,False,94.35924968960772
1617,7,1,0.02,0.0056448862887918,0.0055331098847091,0.0057589206844568,0.04000005238154684,9013.0,9191.0,9147.0,593417.1445728858,3349.9956130511973,7587657.0,42831.46096335584,False,94.35924968960772
1617,7,1,0.05,0.0056448862887918,0.0053695822134613,0.0059343054890632,0.09999989628601641,8794.0,9191.0,9425.0,1117361.4179926633,6310.006544359152,7587657.0,42831.46096335584,False,94.35924968960772
1617,7,1,0.1,0.0056448862887918,0.0051077045500278,0.0062385643832385,0.1999999932624398,8747.0,9191.0,9720.0,860407.2506824209,4865.000163891157,7587657.0,42831.46096335584,False,94.35924968960772
1617,7,2,0.0025,0.0184797272086143,0.0184335857629776,0.0185259841382503,0.00499998068238759,1377.0,1380.0,1393.0,173163.21799792038,3200.012363319708,767.3243408203125,14.1799444988892,False,23.958927552766685
1617,7,2,0.005,0.0184797272086143,0.0183875579386949,0.0185723565518856,0.010000031425037782,1352.0,1380.0,1390.0,205629.24874758604,3799.988058523169,767.3243408203125,14.1799444988892,False,23.958927552766685
1617,7,2,0.01,0.0184797272086143,0.0182958506047725,0.0186654515564441,0.020000013529052146,1355.0,1380.0,1385.0,81168.62217025823,1499.9989853217753,767.3243408203125,14.1799444988892,False,23.958927552766685
1617,7,2,0.02,0.0184797272086143,0.0181138049811124,0.0188530422747135,0.0399999410573642,1348.0,1380.0,1396.0,64931.78904188428,1200.0017682816797,767.3243408203125,14.1799444988892,False,23.958927552766685
1617,7,2,0.05,0.0184797272086143,0.0175784602761268,0.0194272026419639,0.09999997736372752,1353.0,1380.0,1453.0,54090.82511868577,1000.000226362776,767.3243408203125,14.1799444988892,False,23.958927552766685
1617,7,2,0.1,0.0184797272086143,0.0167211480438709,0.0204232577234506,0.2000000677199603,1372.0,1380.0,1488.0,31333.485509583676,579.9998036121816,767.3243408203125,14.1799444988892,False,23.958927552766685
1617,7,7,0.0025,0.0064959600567817,0.0064797401428222,0.0065122204832732,0.005000077979796102,12735.0,12746.0,12775.0,1231514.185029671,7999.875234272077,7124049.0,46277.5377465561,False,76.03771685513908
1617,7,7,0.005,0.0064959600567817,0.006463561207056,0.0065285209566354,0.009999981540955417,12799.0,12746.0,12823.0,369459.5523442587,2400.0044301788776,7124049.0,46277.5377465561,False,76.03771685513908
1617,7,7,0.01,0.0064959600567817,0.0064313244074583,0.0065612457692623,0.019999998571393365,12802.0,12746.0,12890.0,677332.8017663282,4400.000314293482,7124049.0,46277.5377465561,False,76.03771685513908
1617,7,7,0.02,0.0064959600567817,0.0063673313707113,0.0066271871328353,0.04000000593702745,12938.0,12746.0,12885.0,-203959.30252533345,-1324.999803335995,7124049.0,46277.5377465561,False,76.03771685513908
1617,7,7,0.05,0.0064959600567817,0.0061791483312845,0.0068290149793028,0.09999999195952902,12575.0,12746.0,13001.0,655519.0996476616,4260.000342524091,7124049.0,46277.5377465561,False,76.03771685513908
1617,7,7,0.1,0.0064959600567817,0.0058777877129614,0.0071791466325521,0.20000007076901102,12151.0,12746.0,13330.0,905976.0395470419,5894.997914084138,7124049.0,46277.5377465561,False,76.03771685513908
1819,0,1,0.0025,0.0103693585842847,0.0103434678167104,0.0103953145444393,0.0049999884120001566,5471.0,5403.0,5392.0,-1523722.0063931444,-15800.036618164371,-11754.8818359375,-121.89058487273178,False,36.71017751082178
1819,0,1,0.005,0.0103693585842847,0.0103176413103938,0.0104213347658514,0.009999945916106897,5455.0,5403.0,5389.0,-636491.4710262195,-6600.035695562504,-11754.8818359375,-121.89058487273178,False,36.71017751082178
1819,0,1,0.01,0.0103693585842847,0.010266182012856,0.0104735726490616,0.020000000247034386,5474.0,5403.0,5348.0,-607549.1271220542,-6299.999922184169,-11754.8818359375,-121.89058487273178,False,36.71017751082178
1819,0,1,0.02,0.0103693585842847,0.0101640317589044,0.0105788335204124,0.03999997698338801,5501.0,5403.0,5409.0,-221792.69361233324,-2300.001323455951,-11754.8818359375,-121.89058487273178,False,36.71017751082178
1819,0,1,0.05,0.0103693585842847,0.0098636392503976,0.0109010068699717,0.09999996551169933,5560.0,5403.0,5495.0,-62658.59737041564,-650.0002241740317,-11754.8818359375,-121.89058487273178,False,36.71017751082178
1819,0,1,0.1,0.0103693585842847,0.0093825841322541,0.0114599140360951,0.19999999112472408,5615.0,5403.0,5233.0,-183889.90563977277,-1910.0000847588888,-11754.8818359375,-121.89058487273178,False,36.71017751082178
1819,0,2,0.0025,0.0017865144181996,0.0017820536158978,0.0017909863963723,0.005000111420305943,9628.0,9660.0,9730.0,11418617.113806197,20399.545415281747,5515289.5,9853.144212295185,False,71.7090030535888
1819,0,2,0.005,0.0017865144181996,0.0017776041058823,0.0017954693175852,0.0099999963403884,9632.0,9660.0,9703.0,3974204.234505379,7100.002598325186,5515289.5,9853.144212295185,False,71.7090030535888
1819,0,2,0.01,0.0017865144181996,0.0017687382642179,0.001804469153285,0.02000000331028129,9565.0,9660.0,9763.0,5541423.825983433,9899.998361411033,5515289.5,9853.144212295185,False,71.7090030535888
1819,0,2,0.02,0.0017865144181996,0.0017511390615254,0.0018226043321192,0.0399999614696502,9517.0,9660.0,9921.0,5653095.505595828,10100.009728922696,5515289.5,9853.144212295185,False,71.7090030535888
1819,0,2,0.05,0.0017865144181996,0.0016993851168081,0.0018781109247356,0.09999995475703988,9219.0,9660.0,10319.0,6154679.129755081,11000.004976727865,5515289.5,9853.144212295185,False,71.7090030535888
1819,0,2,0.1,0.0017865144181996,0.0016165050910785,0.0019744038581848,0.20000004120816775,8527.0,9660.0,10897.0,6621984.253150787,11849.997558416564,5515289.5,9853.144212295185,False,71.7090030535888
1819,0,7,0.0025,0.0159809570759534,0.0159410536289215,0.0160209592431783,0.005000046839955753,43625.0,43631.0,43751.0,1576860.4142764865,25199.76392883452,237838000.0,3800878.8690306246,False,135.46525284386428
1819,0,7,0.005,0.0159809570759534,0.0159012507647275,0.0160610619932413,0.010000062354597996,43655.0,43631.0,43864.0,1307792.9626324803,20899.869679702795,237838000.0,3800878.8690306246,False,135.46525284386428
1819,0,7,0.01,0.0159809570759534,0.0158219430595636,0.0161415692418813,0.020000107219289184,43392.0,43631.0,43804.0,1289005.7911165725,20599.88956472418,237838000.0,3800878.8690306246,False,135.46525284386428
1819,0,7,0.02,0.0159809570759534,0.0156645122915506,0.0163037944585084,0.040000079306292305,43473.0,43631.0,43996.0,818105.0982367294,13074.974076807099,237838000.0,3800878.8690306246,False,135.46525284386428
1819,0,7,0.05,0.0159809570759534,0.0152015574276447,0.0168003179132938,0.09999992469214376,42952.0,43631.0,44628.0,1048312.1237009685,16760.01262160621,237838000.0,3800878.8690306246,False,135.46525284386428
1819,0,7,0.1,0.0159809570759534,0.0144601678475737,0.0176616888493299,0.19999999755654047,41998.0,43631.0,45165.0,989217.312103446,15835.000193460912,237838000.0,3800878.8690306246,False,135.46525284386428
1819,1,1,0.0025,0.0065463040955364,0.0065299584530293,0.0065626907162368,0.005000108225534074,42847.0,43076.0,43248.0,12250909.674590118,80198.2641000072,54391444.0,356062.9326193426,False,161.034864601859
1819,1,1,0.005,0.0065463040955364,0.0065136542543768,0.0065791173838078,0.009999972009317562,43062.0,43076.0,43257.0,2978776.01781219,19500.054581983535,54391444.0,356062.9326193426,False,161.034864601859
1819,1,1,0.01,0.0065463040955364,0.0064811673946678,0.006612095516175,0.019999978100315407,42791.0,43076.0,43388.0,4559753.803289465,29850.032685315044,54391444.0,356062.9326193426,False,161.034864601859
1819,1,1,0.02,0.0065463040955364,0.0064166784286499,0.0066785481758415,0.04000001988078809,42679.0,43076.0,43373.0,2650172.490112908,17349.99137671245,54391444.0,356062.9326193426,False,161.034864601859
1819,1,1,0.05,0.0065463040955364,0.0062270374037325,0.0068819401785731,0.09999993231540581,41634.0,43076.0,44402.0,4226581.572621549,27680.01873510835,54391444.0,356062.9326193426,False,161.034864601859
1819,1,1,0.1,0.0065463040955364,0.0059233410283923,0.0072347852401435,0.20000002357248264,40515.0,43076.0,46966.0,4919004.515934261,32254.996198348308,54391444.0,356062.9326193426,False,161.034864601859
1819,1,2,0.0025,0.0059406426735222,0.0059258094988763,0.0059555131010711,0.005000060191766923,4204.0,4249.0,4241.0,1245640.1670527824,7399.9109172573635,879826.5625,5226.735222485877,False,50.535216939028885
1819,1,2,0.005,0.0059406426735222,0.0059110135771334,0.0059704203158617,0.010000010826930132,4215.0,4249.0,4278.0,1060485.7520984868,6299.993179041402,879826.5625,5226.735222485877,False,50.535216939028885
1819,1,2,0.01,0.0059406426735222,0.0058815320953726,0.0060003469698131,0.02000000745016929,4246.0,4249.0,4319.0,614401.1879300247,3649.998640344611,879826.5625,5226.735222485877,False,50.535216939028885
1819,1,2,0.02,0.0059406426735222,0.0058230101130902,0.0060606515035033,0.03999997352888303,4214.0,4249.0,4423.0,879476.4230115326,5225.003457791942,879826.5625,5226.735222485877,False,50.535216939028885
1819,1,2,0.05,0.0059406426735222,0.005650914274156,0.0062452256679534,0.09999992820397915,4124.0,4249.0,4606.0,811022.6474377724,4820.00346057069,879826.5625,5226.735222485877,False,50.535216939028885
1819,1,2,0.1,0.0059406426735222,0.005375315900892,0.0065654260106384,0.20000005229008774,4007.0,4249.0,4787.0,655401.5410945547,3899.9989803435556,879826.5625,5226.735222485877,False,50.535216939028885
1819,1,7,0.0025,0.0054341284558176,0.0054205600172281,0.0054477308876812,0.00500003676707169,16571.0,16588.0,16658.0,3201958.5147325783,17399.872051531376,7857792.0,42700.25110709667,False,87.24539444985066
1819,1,7,0.005,0.0054341284558176,0.0054070255719125,0.0054613673128187,0.010000042201906804,16667.0,16588.0,16635.0,-588865.9337439318,-3199.9864954468144,7857792.0,42700.25110709667,False,87.24539444985066
1819,1,7,0.01,0.0054341284558176,0.0053800581954419,0.005488742608577,0.020000005131456656,16582.0,16588.0,16644.0,570458.9849781939,3099.9992046244224,7857792.0,42700.25110709667,False,87.24539444985066
1819,1,7,0.02,0.0054341284558176,0.005326525773853,0.0055439048446714,0.039999897226190385,16552.0,16588.0,16713.0,740641.6790441641,4025.010341641164,7857792.0,42700.25110709667,False,87.24539444985066
1819,1,7,0.05,0.0054341284558176,0.0051691029220819,0.005712741985917,0.0999999586699764,16222.0,16588.0,16928.0,1298655.757037628,7060.0029179008725,7857792.0,42700.25110709667,False,87.24539444985066
1819,1,7,0.1,0.0054341284558176,0.0049170027486979,0.0060056410729885,0.2000000589192319,15726.0,16588.0,17417.0,1553316.6178968786,8454.997509190205,7857792.0,42700.25110709667,False,87.24539444985066
1819,2,1,0.0025,0.0166266057640314,0.0165850911289453,0.0166682247072458,0.005000027781099088,83355.0,83491.0,83593.0,2862862.4542024257,47599.73552540616,200181536.0,3328339.480310261,False,218.4490453340492
1819,2,1,0.005,0.0166266057640314,0.0165436808019876,0.0167099460959434,0.009999912489768266,83228.0,83491.0,83532.0,1828403.2269585764,30400.266033432537,200181536.0,3328339.480310261,False,218.4490453340492
1819,2,1,0.01,0.0166266057640314,0.0164611674845218,0.016793705523014,0.020000023633855103,83283.0,83491.0,83617.0,1004396.3737635236,16699.980265754308,200181536.0,3328339.480310261,False,218.4490453340492
1819,2,1,0.02,0.0166266057640314,0.0162973776459693,0.0169624853879213,0.039999949471690714,82939.0,83491.0,83920.0,1474949.0016773862,24525.030980208765,200181536.0,3328339.480310261,False,218.4490453340492
1819,2,1,0.05,0.0166266057640314,0.0158157162368297,0.0174790695309638,0.09999999413485915,82477.0,83491.0,84717.0,1346677.2259985125,22400.00131379163,200181536.0,3328339.480310261,False,218.4490453340492
1819,2,1,0.1,0.0166266057640314,0.0150443753227591,0.0183752421289682,0.20000003346641348,81208.0,83491.0,85563.0,1307467.4711945257,21774.99635634484,200181536.0,3328339.480310261,False,218.4490453340492
1819,2,2,0.0025,0.0100537622347474,0.0100286593660712,0.0100789284333586,0.005000020143326201,239309.0,239923.0,240407.0,21842458.180544276,219599.1153086774,215484944.0,2166434.3921438605,False,303.14418979228884
1819,2,2,0.005,0.0100537622347474,0.0100036188960075,0.0101041570305824,0.01000000922627031,239537.0,239923.0,240442.0,9001559.496071396,90499.91650233073,215484944.0,2166434.3921438605,False,303.14418979228884
1819,2,2,0.01,0.0100537622347474,0.0099537260830402,0.0101548042148351,0.0199999533874054,238478.0,239923.0,241689.0,15968917.01418444,160550.37418347524,215484944.0,2166434.3921438605,False,303.14418979228884
1819,2,2,0.02,0.0100537622347474,0.0098546845838427,0.0102568613365292,0.03999994592869278,237358.0,239923.0,243097.0,14269845.190364877,143475.19394728227,215484944.0,2166434.3921438605,False,303.14418979228884
1819,2,2,0.05,0.0100537622347474,0.0095634348690509,0.010569229722023,0.09999996478810216,233756.0,239923.0,248242.0,14402539.401742028,144860.05100797318,215484944.0,2166434.3921438605,False,303.14418979228884
1819,2,2,0.1,0.0100537622347474,0.0090970201417803,0.011111126281321,0.20000007101997866,227720.0,239923.0,253796.0,12946686.119504314,130379.95370209235,215484944.0,2166434.3921438605,False,303.14418979228884
1819,2,7,0.0025,0.0021897365804761,0.0021842690184712,0.002195217879489,0.005000076074533444,13784.0,13764.0,13800.0,1461339.2182061514,3199.9513130393634,3163841.25,6927.978919944435,False,79.2590852655951
1819,2,7,0.005,0.0021897365804761,0.0021788151934742,0.0022007126826792,0.010000014752066905,13767.0,13764.0,13748.0,-867679.3865326553,-1899.9971971114228,3163841.25,6927.978919944435,False,79.2590852655951
1819,2,7,0.01,0.0021897365804761,0.002167948288843,0.0022117437329143,0.019999992552464124,13655.0,13764.0,13707.0,1187338.1147898172,2600.0009681800243,3163841.25,6927.978919944435,False,79.2590852655951
1819,2,7,0.02,0.0021897365804761,0.0021463769953697,0.0022339720744639,0.039999898031152496,13530.0,13764.0,13901.0,4235397.739649563,9275.023644086788,3163841.25,6927.978919944435,False,79.2590852655951
1819,2,7,0.05,0.0021897365804761,0.002082941820845,0.0023020068183541,0.1000000407960008,13078.0,13764.0,14010.0,4254445.076107083,9319.996197814276,3163841.25,6927.978919944435,False,79.2590852655951
1819,2,7,0.1,0.0021897365804761,0.001981355715543,0.0024200333282351,0.19999999684899494,12747.0,13764.0,14431.0,3838809.9854595726,8420.000132657315,3163841.25,6927.978919944435,False,79.2590852655951
1819,3,1,0.0025,0.0030624063219875,0.0030547596979886,0.0030700720380991,0.005000095569056665,4724.0,4758.0,4742.0,1175522.478609063,3599.931191594392,2838363.25,8692.221560897015,False,61.34022348243347
1819,3,1,0.005,0.0030624063219875,0.0030471323989331,0.0030777566134929,0.010000008065271038,4724.0,4758.0,4726.0,65307.79739981794,199.99983869470933,2838363.25,8692.221560897015,False,61.34022348243347
1819,3,1,0.01,0.0030624063219875,0.0030319348443299,0.0030931839719414,0.019999993819385605,4763.0,4758.0,4738.0,-408169.0788899662,-1250.0003862885192,2838363.25,8692.221560897015,False,61.34022348243347
1819,3,1,0.02,0.0030624063219875,0.003001766745001,0.0031242710538208,0.03999996287497091,4830.0,4758.0,4821.0,-73466.80363087251,-225.00020882848247,2838363.25,8692.221560897015,False,61.34022348243347
1819,3,1,0.05,0.0030624063219875,0.002913051052019,0.0032194191589951,0.09999995447440713,4724.0,4758.0,4809.0,277444.0226137212,850.0003869677156,2838363.25,8692.221560897015,False,61.34022348243347
1819,3,1,0.1,0.0030624063219875,0.0027709798887372,0.0033844825811684,0.20000003021390195,4615.0,4758.0,4744.0,210268.0258643957,644.9999025601809,2838363.25,8692.221560897015,False,61.34022348243347
1819,3,2,0.0025,0.0152102718129754,0.0151722934097051,0.0152483452111482,0.005000023887313633,55538.0,55621.0,55584.0,604850.8927749204,9199.956047552896,70688384.0,1075189.5346599815,False,156.4377034327707
1819,3,2,0.005,0.0152102718129754,0.0151344100013375,0.0152865136042237,0.010000016593218315,55505.0,55621.0,55724.0,1439808.103453343,21899.963660912188,70688384.0,1075189.5346599815,False,156.4377034327707
1819,3,2,0.01,0.0152102718129754,0.0150589272379875,0.0153631381690502,0.020000027435146346,55388.0,55621.0,55712.0,1065050.4860827017,16199.977777561944,70688384.0,1075189.5346599815,False,156.4377034327707
1819,3,2,0.02,0.0152102718129754,0.0149090886116027,0.0155175393447279,0.039999953883332134,54932.0,55621.0,55756.0,1354259.1949354222,20600.023750111333,70688384.0,1075189.5346599815,False,156.4377034327707
1819,3,2,0.05,0.0152102718129754,0.0144684584811329,0.0159901194274425,0.09999999278988901,54779.0,55621.0,55925.0,753124.40841656,11460.00082627878,70688384.0,1075189.5346599815,False,156.4377034327707
1819,3,2,0.1,0.0152102718129754,0.013762823306024,0.0168099515140056,0.20000006948008492,53657.0,55621.0,57205.0,1164375.0304652182,17739.993837118607,70688384.0,1075189.5346599815,False,156.4377034327707
1819,3,7,0.0025,0.0139875570312142,0.0139526315033435,0.0140225701034069,0.0050000530294638254,152280.0,152584.0,152650.0,5290354.677740176,73999.21517225918,138617120.0,1938914.871502668,False,242.47508472870035
1819,3,7,0.005,0.0139875570312142,0.0139177935197949,0.014057669788599,0.010000008428652285,152189.0,152584.0,152742.0,3953494.075356594,55299.95338959215,138617120.0,1938914.871502668,False,242.47508472870035
1819,3,7,0.01,0.0139875570312142,0.0138483783230185,0.0141281345859169,0.020000032812255028,151757.0,152584.0,152840.0,3871227.005893043,54149.91116096526,138617120.0,1938914.871502668,False,242.47508472870035
1819,3,7,0.02,0.0139875570312142,0.0137105854228138,0.0142701240256428,0.03999992971982122,151357.0,152584.0,153298.0,3468929.5612249044,48525.08525879168,138617120.0,1938914.871502668,False,242.47508472870035
1819,3,7,0.05,0.0139875570312142,0.0133053762838244,0.0147047145292162,0.09999997322491662,150005.0,152584.0,155676.0,4052629.890360914,56710.01518415385,138617120.0,1938914.871502668,False,242.47508472870035
1819,3,7,0.1,0.0139875570312142,0.0126564651727676,0.0154586415737867,0.20000000667653914,146661.0,152584.0,158840.0,4346264.566203154,60894.997967160816,138617120.0,1938914.871502668,False,242.47508472870035
1819,4,1,0.0025,0.0108905816450715,0.0108633888885378,0.010917842388153,0.005000049112966793,122088.0,122243.0,122571.0,8869953.325556003,96599.05114680175,42563440.0,463540.6184151024,False,253.6492064024697
1819,4,1,0.005,0.0108905816450715,0.0108362641185522,0.0109451711177825,0.01000006708626972,121657.0,122243.0,122572.0,8401663.86427638,91499.38616475005,42563440.0,463540.6184151024,False,253.6492064024697
1819,4,1,0.01,0.0108905816450715,0.0107822185382246,0.011000033468008,0.01999996971372302,121614.0,122243.0,122436.0,3773845.993097975,41100.06223839344,42563440.0,463540.6184151024,False,253.6492064024697
1819,4,1,0.02,0.0108905816450715,0.0106749339029192,0.0111105861142277,0.03999999048455205,120922.0,122243.0,123243.0,5327644.253265183,58025.01380334997,42563440.0,463540.6184151024,False,253.6492064024697
1819,4,1,0.05,0.0108905816450715,0.0103594418615102,0.0114489533007144,0.09999995002843538,118843.0,122243.0,124439.0,5136247.127508293,55960.02796410154,42563440.0,463540.6184151024,False,253.6492064024697
1819,4,1,0.1,0.0108905816450715,0.0098542058840394,0.0120359547436237,0.2000000413245,115843.0,122243.0,127304.0,5253125.239255871,57304.988159500084,42563440.0,463540.6184151024,False,253.6492064024697
1819,4,2,0.0025,0.0116654084995388,0.0116362813860178,0.0116946091875433,0.005000059715740402,134276.0,134315.0,134772.0,8503663.55370259,99198.81525386003,144456848.0,1685148.1424757987,False,213.3149894298849
1819,4,2,0.005,0.0116654084995388,0.0116072269156575,0.0117238815873861,0.010000008686746751,134246.0,134315.0,134772.0,4509035.019392532,52599.95430775178,144456848.0,1685148.1424757987,False,213.3149894298849
1819,4,2,0.01,0.0116654084995388,0.0115493359044194,0.0117826480418443,0.020000006427799973,133781.0,134315.0,135070.0,5524787.583821727,64449.97928642124,144456848.0,1685148.1424757987,False,213.3149894298849
1819,4,2,0.02,0.0116654084995388,0.0114344181492924,0.0119010647758841,0.03999993021461484,133208.0,134315.0,136114.0,6227410.280933313,72650.12674792692,144456848.0,1685148.1424757987,False,213.3149894298849
1819,4,2,0.05,0.0116654084995388,0.0110964803025126,0.0122635066509246,0.09999994516971436,130732.0,134315.0,137880.0,6124968.823305882,71480.03919270966,144456848.0,1685148.1424757987,False,213.3149894298849
1819,4,2,0.1,0.0116654084995388,0.0105552980676293,0.0128922704607248,0.2000000223172223,126004.0,134315.0,141002.0,6417705.251594347,74989.99163215843,144456848.0,1685148.1424757987,False,213.3149894298849
1819,4,7,0.0025,0.0098292483016848,0.0098047060891985,0.0098538529127836,0.0050000537650311755,3969.0,4000.0,3983.0,284860.7291121987,2799.9698919062944,19276.5625,189.474119215447,False,26.374953860608706
1819,4,7,0.005,0.0098292483016848,0.0097802244126796,0.0098785171285271,0.009999982424428133,3989.0,4000.0,4008.0,193300.18339790413,1900.003339364524,19276.5625,189.474119215447,False,26.374953860608706
1819,4,7,0.01,0.0098292483016848,0.0097314454615116,0.0099280336871743,0.01999999868482249,4016.0,4000.0,4005.0,-55954.52099391488,-550.000036167384,19276.5625,189.474119215447,False,26.374953860608706
1819,4,7,0.02,0.0098292483016848,0.0096346158534288,0.0100278118625283,0.03999998774157432,4042.0,4000.0,3978.0,-162768.69174377774,-1600.0004903371776,19276.5625,189.474119215447,False,26.374953860608706
1819,4,7,0.05,0.0098292483016848,0.0093498704954981,0.0103332046419382,0.09999996927769736,4075.0,4000.0,4081.0,6101.689869838655,60.00001843338725,19276.5625,189.474119215447,False,26.374953860608706
1819,4,7,0.1,0.0098292483016848,0.008893871679902,0.0108629995957016,0.20000001796434533,4080.0,4000.0,4121.0,20821.400007094613,204.9999815865477,19276.5625,189.474119215447,False,26.374953860608706
1819,5,1,0.0025,0.0129776550456881,0.0129452515393495,0.0130101405084133,0.00500004809268813,7878.0,7882.0,7870.0,-123287.5189022407,-1599.9846104878231,1440536.0,18694.779288895428,False,91.84255561893896
1819,5,1,0.005,0.0129776550456881,0.0129129281267523,0.0130427060648798,0.010000065393470458,7893.0,7882.0,7947.0,416095.37629537383,5399.964687756871,1440536.0,18694.779288895428,False,91.84255561893896
1819,5,1,0.01,0.0129776550456881,0.0128485253080725,0.0131080830469727,0.020000023673137704,7875.0,7882.0,8047.0,662665.6586268609,8599.989820562836,1440536.0,18694.779288895428,False,91.84255561893896
1819,5,1,0.02,0.0129776550456881,0.0127206807956099,0.0132398204877972,0.039999913946285055,7821.0,7882.0,8110.0,556690.2403134541,7225.0155434857015,1440536.0,18694.779288895428,False,91.84255561893896
1819,5,1,0.05,0.0129776550456881,0.0123447272926568,0.0136430338025093,0.1000000151791958,7492.0,7882.0,8098.0,466761.8897396175,6059.999080140875,1440536.0,18694.779288895428,False,91.84255561893896
1819,5,1,0.1,0.0129776550456881,0.0117426682263612,0.0143425278365612,0.2000000332384816,7363.0,7882.0,8365.0,385405.42576563166,5009.999167376174,1440536.0,18694.779288895428,False,91.84255561893896
1819,5,2,0.0025,0.0048190923407673,0.0048070596531033,0.004831155296415,0.005000032399732023,6274.0,6245.0,6284.0,415012.7834580111,1999.9870401911696,1095107.5,5277.4241655669175,False,60.66910506358847
1819,5,2,0.005,0.0048190923407673,0.0047950567677617,0.0048432480543851,0.010000034053454466,6335.0,6245.0,6250.0,-1763804.3296965472,-8499.971054662272,1095107.5,5277.4241655669175,False,60.66910506358847
1819,5,2,0.01,0.0048190923407673,0.0047711418010294,0.0048675253055989,0.02000000960057399,6155.0,6245.0,6200.0,466884.86998884595,2249.9989199359447,1095107.5,5277.4241655669175,False,60.66910506358847
1819,5,2,0.02,0.0048190923407673,0.0047236680984497,0.0049164444208145,0.03999995326687478,6146.0,6245.0,6207.0,316428.9019092639,1525.0017817024807,1095107.5,5277.4241655669175,False,60.66910506358847
1819,5,2,0.05,0.0048190923407673,0.0045840623788535,0.0050661722198128,0.09999995895505587,6091.0,6245.0,6326.0,487440.78638261766,2350.000964556583,1095107.5,5277.4241655669175,False,60.66910506358847
1819,5,2,0.1,0.0048190923407673,0.0043604951351881,0.0053259208798408,0.20000001779561782,5673.0,6245.0,6685.0,1048242.1932554274,5059.999549770909,1095107.5,5277.4241655669175,False,60.66910506358847
1819,5,7,0.0025,0.0127071822062134,0.0126754539087414,0.0127389905974268,0.0050000558572888855,73488.0,73764.0,73709.0,3478305.2842787486,44199.50622708241,14818909.0,188306.5767602967,False,170.7996375960538
1819,5,7,0.005,0.0127071822062134,0.0126438047736883,0.0127708772197365,0.010000007477405712,73511.0,73764.0,74043.0,4186588.1750494563,53199.960220231354,14818909.0,188306.5767602967,False,170.7996375960538
1819,5,7,0.01,0.0127071822062134,0.0125807439908385,0.0128348916769027,0.019999984332996667,73405.0,73764.0,74690.0,5056115.28438389,64250.05033028763,14818909.0,188306.5767602967,False,170.7996375960538
1819,5,7,0.02,0.0127071822062134,0.0124555630609393,0.0129638845100998,0.04000002141653275,73183.0,73764.0,75016.0,3605985.9426101865,45824.9754646978,14818909.0,188306.5767602967,False,170.7996375960538
1819,5,7,0.05,0.0127071822062134,0.012087445706129,0.0133586935698986,0.10000000761050992,71357.0,73764.0,76537.0,4074736.444110805,51799.99605775616,14818909.0,188306.5767602967,False,170.7996375960538
1819,5,7,0.1,0.0127071822062134,0.0114979343488812,0.0140436086803674,0.19999999668883867,68253.0,73764.0,80680.0,4881614.213686532,62135.001028695064,14818909.0,188306.5767602967,False,170.7996375960538
1819,6,1,0.0025,0.0181871354579925,0.0181417241692543,0.0182326603680849,0.005000023474726766,8533.0,8402.0,8450.0,-912727.8362999877,-16599.92206427304,21051062.0,382858.5161285997,False,85.53404248179591
1819,6,1,0.005,0.0181871354579925,0.0180964265018701,0.0182782988995313,0.010000015739486477,8435.0,8402.0,8461.0,142957.3719506032,2599.995907739957,21051062.0,382858.5161285997,False,85.53404248179591
1819,6,1,0.01,0.0181871354579925,0.018006170168519,0.0183699186891317,0.01999998663351856,8384.0,8402.0,8430.0,126460.9954221049,2300.001537146393,21051062.0,382858.5161285997,False,85.53404248179591
1819,6,1,0.02,0.0181871354579925,0.0178270060569047,0.0185545403510332,0.04000002023299011,8349.0,8402.0,8197.0,-208924.8592495255,-3799.998077866912,21051062.0,382858.5161285997,False,85.53404248179591
1819,6,1,0.05,0.0181871354579925,0.0173001382499933,0.0191196091473102,0.09999997252713111,8177.0,8402.0,8372.0,107174.01431787584,1950.0005357210905,21051062.0,382858.5161285997,False,85.53404248179591
1819,6,1,0.1,0.0181871354579925,0.0164564009755849,0.0200998932123184,0.19999998364913185,7957.0,8402.0,8454.0,136407.59131837083,2485.000203159553,21051062.0,382858.5161285997,False,85.53404248179591
1819,6,2,0.0025,0.0160542204976081,0.0160141345113515,0.0160944070667028,0.005000085251227384,19672.0,19685.0,19743.0,884486.605531339,14199.757890642253,63187044.0,1014418.7369680704,False,100.93621019428878
1819,6,2,0.005,0.0160542204976081,0.015974149107933,0.0161346923559904,0.010000023582430665,19634.0,19685.0,19700.0,411104.1778375044,6599.984435632466,63187044.0,1014418.7369680704,False,100.93621019428878
1819,6,2,0.01,0.0160542204976081,0.0158944781869649,0.01621556840837,0.020000028552953998,19580.0,19685.0,19734.0,479615.9762389853,7699.989007128404,63187044.0,1014418.7369680704,False,100.93621019428878
1819,6,2,0.02,0.0160542204976081,0.0157363265752792,0.0163785368204116,0.039999912974586625,19581.0,19685.0,19595.0,21799.714511115853,350.0007614740237,63187044.0,1014418.7369680704,False,100.93621019428878
1819,6,2,0.05,0.0160542204976081,0.0152712473645806,0.0168773382902145,0.09999998934314445,19530.0,19685.0,19723.0,120167.54277085885,1930.000205677334,63187044.0,1014418.7369680704,False,100.93621019428878
1819,6,2,0.1,0.0160542204976081,0.0145264593884348,0.017742658033967,0.200000026525397,19184.0,19685.0,20019.0,259623.26710134794,4174.999446282411,63187044.0,1014418.7369680704,False,100.93621019428878
1819,6,7,0.0025,0.0183411631733179,0.0182953663170337,0.0183870736509561,0.00500007769740685,30403.0,30534.0,30588.0,2017286.8634098703,36999.42504812377,8753950.0,160557.6253610663,False,111.2378779235596
1819,6,7,0.005,0.0183411631733179,0.018249686807394,0.0184330977499485,0.00999992084382624,30361.0,30534.0,30535.0,948689.3070640804,17400.137732832583,8753950.0,160557.6253610663,False,111.2378779235596
1819,6,7,0.01,0.0183411631733179,0.0181586649268865,0.0185254942625761,0.019999998438348945,30399.0,30534.0,30486.0,237167.50961710638,4350.000339659131,8753950.0,160557.6253610663,False,111.2378779235596
1819,6,7,0.02,0.0183411631733179,0.0179779846221208,0.0187116786837577,0.039999924688176,30165.0,30534.0,30603.0,596979.0719347063,10950.020616650636,8753950.0,160557.6253610663,False,111.2378779235596
1819,6,7,0.05,0.0183411631733179,0.0174466539174318,0.0192815344780683,0.09999999744792638,29941.0,30534.0,31323.0,753182.5393150384,13820.000352696583,8753950.0,160557.6253610663,False,111.2378779235596
1819,6,7,0.1,0.0183411631733179,0.016595771536231,0.0202701203525066,0.19999996173471335,29123.0,30534.0,32257.0,852940.2505602859,15670.002998085783,8753950.0,160557.6253610663,False,111.2378779235596
1819,7,1,0.0025,0.0056448862887918,0.0056307916529476,0.0056590163148939,0.00500003557702447,9279.0,9255.0,9239.0,-1417200.322048265,-7999.943077165877,7640557.0,43130.07544803293,False,94.96325626656822
1819,7,1,0.005,0.0056448862887918,0.0056167324073612,0.0056731812655925,0.009999957531810716,9298.0,9255.0,9182.0,-2054957.418707892,-11600.049263308782,7640557.0,43130.07544803293,False,94.96325626656822
1819,7,1,0.01,0.0056448862887918,0.0055887186899781,0.0057016182690858,0.019999995183396735,9268.0,9255.0,9251.0,-150576.2920850481,-850.000204705688,7640557.0,43130.07544803293,False,94.96325626656822
1819,7,1,0.02,0.0056448862887918,0.0055331098847091,0.0057589206844568,0.04000005238154684,9193.0,9255.0,9271.0,345421.91997526184,1949.9974464029358,7640557.0,43130.07544803293,False,94.96325626656822
1819,7,1,0.05,0.0056448862887918,0.0053695822134613,0.0059343054890632,0.09999989628601641,8860.0,9255.0,9545.0,1212983.472781259,6850.007104415245,7640557.0,43130.07544803293,False,94.96325626656822
1819,7,1,0.1,0.0056448862887918,0.0051077045500278,0.0062385643832385,0.1999999932624398,8644.0,9255.0,9909.0,1118617.854176015,6325.000213075348,7640557.0,43130.07544803293,False,94.96325626656822
1819,7,2,0.0025,0.0184797272086143,0.0184335857629776,0.0185259841382503,0.00499998068238759,1499.0,1479.0,1481.0,-194808.6202476604,-3600.0139087346715,194.0419921875,3.5858430826410768,False,24.69715781349619
1819,7,2,0.005,0.0184797272086143,0.0183875579386949,0.0185723565518856,0.010000031425037782,1494.0,1479.0,1503.0,48701.66417705985,899.9971717554873,194.0419921875,3.5858430826410768,False,24.69715781349619
1819,7,2,0.01,0.0184797272086143,0.0182958506047725,0.0186654515564441,0.020000013529052146,1478.0,1479.0,1498.0,54112.414780172156,999.9993235478503,194.0419921875,3.5858430826410768,False,24.69715781349619
1819,7,2,0.02,0.0184797272086143,0.0181138049811124,0.0188530422747135,0.0399999410573642,1432.0,1479.0,1548.0,156918.49018455367,2900.0042733473924,194.0419921875,3.5858430826410768,False,24.69715781349619
1819,7,2,0.05,0.0184797272086143,0.0175784602761268,0.0194272026419639,0.09999997736372752,1400.0,1479.0,1635.0,127113.43902891155,2350.0005319525235,194.0419921875,3.5858430826410768,False,24.69715781349619
1819,7,2,0.1,0.0184797272086143,0.0167211480438709,0.0204232577234506,0.2000000677199603,1383.0,1479.0,1830.0,120741.96571365434,2234.9992432297,194.0419921875,3.5858430826410768,False,24.69715781349619
1819,7,7,0.0025,0.0064959600567817,0.0064797401428222,0.0065122204832732,0.005000077979796102,12765.0,12776.0,12850.0,2616967.643188051,16999.734872828165,6705567.0,43559.09539007396,False,75.70215764571658
1819,7,7,0.005,0.0064959600567817,0.006463561207056,0.0065285209566354,0.009999981540955417,12726.0,12776.0,12896.0,2617005.162438499,17000.031380433717,6705567.0,43559.09539007396,False,75.70215764571658
1819,7,7,0.01,0.0064959600567817,0.0064313244074583,0.0065612457692623,0.019999998571393365,12722.0,12776.0,12963.0,1854968.2412009668,12050.00086073556,6705567.0,43559.09539007396,False,75.70215764571658
1819,7,7,0.02,0.0064959600567817,0.0063673313707113,0.0066271871328353,0.04000000593702745,12582.0,12776.0,12901.0,1227604.1038788937,7974.998816305329,6705567.0,43559.09539007396,False,75.70215764571658
1819,7,7,0.05,0.0064959600567817,0.0061791483312845,0.0068290149793028,0.09999999195952902,12241.0,12776.0,13244.0,1543393.5609075224,10030.000806459304,6705567.0,43559.09539007396,False,75.70215764571658
1819,7,7,0.1,0.0064959600567817,0.0058777877129614,0.0071791466325521,0.20000007076901102,12007.0,12776.0,13442.0,1102693.48324852,7174.997461162628,6705567.0,43559.09539007396,False,75.70215764571658
