seed,sim_len,row_index,init_id,cell,row_kind,offset_index,log_offset,epsilon,center_gain,gain,loss,analytic_gradient_gain,analytic_gradient_log_gain,firing_rate_hz,spike_count,center_Strf_alpha,center_output_ad,center_on_ron_gSYN,center_off_ron_gSYN,center_on_sonoff_gSYN,center_off_sonoff_gSYN,center_sonoff_ron_gSYN,center_abs_ref,center_rel_ref_a,center_rel_ref_b,center_rel_ref_c
789,29801,0,0,1,minus,0,-0.1,0.1,0.010369358584284782,0.009382584132254124,5620.0,1767.73046875,16.585879846195894,34.99882554276702,1043.0,6.626354694366455,0.0035706069320440292,0.017586013302206993,0.0440235361456871,0.036416418850421906,0.015820348635315895,0.03075505420565605,9.734742164611816,4.234930515289307,6.025596618652344,0.5770443677902222
789,29801,0,0,2,minus,0,-0.1,0.1,0.0017865144181996584,0.0016165050910785794,9102.0,5582274.5,9023.775149048131,68.95741753632429,2055.0,59.34796905517578,0.003477817866951227,0.03811865672469139,0.019889790564775467,0.039781637489795685,0.045002952218055725,0.024391407147049904,3.5100626945495605,4.31492280960083,8.399785995483398,0.2598817050457001
789,29801,0,0,7,minus,0,-0.1,0.1,0.015980957075953484,0.014460167847573757,42160.0,173606992.0,2510386.2438323945,132.94855877319551,3962.0,59.11423873901367,0.004803546704351902,0.04223012551665306,0.038019679486751556,0.04160550981760025,0.04478614404797554,0.020792031660676003,4.51259708404541,8.273573875427246,6.738358020782471,0.34646177291870117
789,29801,1,0,1,minus,1,-0.05,0.05,0.010369358584284782,0.009863639250397682,5533.0,11728.478515625,115.6854810341647,36.173282775745776,1078.0,6.626354694366455,0.0035706069320440292,0.017586013302206993,0.0440235361456871,0.036416418850421906,0.015820348635315895,0.03075505420565605,9.734742164611816,4.234930515289307,6.025596618652344,0.5770443677902222
789,29801,1,0,2,minus,1,-0.05,0.05,0.0017865144181996584,0.0016993851168081164,9705.0,5521188.0,9382.62471429957,70.9036609509748,2113.0,59.34796905517578,0.003477817866951227,0.03811865672469139,0.019889790564775467,0.039781637489795685,0.045002952218055725,0.024391407147049904,3.5100626945495605,4.31492280960083,8.399785995483398,0.2598817050457001
789,29801,1,0,7,minus,1,-0.05,0.05,0.015980957075953484,0.01520155742764473,42965.0,193987648.0,2948914.3713257313,134.25723968994328,4001.0,59.11423873901367,0.004803546704351902,0.04223012551665306,0.038019679486751556,0.04160550981760025,0.04478614404797554,0.020792031660676003,4.51259708404541,8.273573875427246,6.738358020782471,0.34646177291870117
789,29801,2,0,1,minus,2,-0.02,0.02,0.010369358584284782,0.010164031758904457,5416.0,-3145.51513671875,-31.97111574772407,36.81084527364853,1097.0,6.626354694366455,0.0035706069320440292,0.017586013302206993,0.0440235361456871,0.036416418850421906,0.015820348635315895,0.03075505420565605,9.734742164611816,4.234930515289307,6.025596618652344,0.5770443677902222
789,29801,2,0,2,minus,2,-0.02,0.02,0.0017865144181996584,0.001751139061525464,10051.0,5571239.5,9756.015109563596,71.67544713264655,2136.0,59.34796905517578,0.003477817866951227,0.03811865672469139,0.019889790564775467,0.039781637489795685,0.045002952218055725,0.024391407147049904,3.5100626945495605,4.31492280960083,8.399785995483398,0.2598817050457001
789,29801,2,0,7,minus,2,-0.02,0.02,0.015980957075953484,0.015664512291550636,43448.0,215612240.0,3377460.5836887658,134.89480218784604,4020.0,59.11423873901367,0.004803546704351902,0.04223012551665306,0.038019679486751556,0.04160550981760025,0.04478614404797554,0.020792031660676003,4.51259708404541,8.273573875427246,6.738358020782471,0.34646177291870117
789,29801,3,0,1,minus,3,-0.01,0.01,0.010369358584284782,0.010266182012856007,5408.0,-2244.6474609375,-23.04395938867947,36.81084527364853,1097.0,6.626354694366455,0.0035706069320440292,0.017586013302206993,0.0440235361456871,0.036416418850421906,0.015820348635315895,0.03075505420565605,9.734742164611816,4.234930515289307,6.025596618652344,0.5770443677902222
789,29801,3,0,2,minus,3,-0.01,0.01,0.0017865144181996584,0.0017687382642179728,10168.0,5563626.5,9840.599078367115,72.21234186772256,2152.0,59.34796905517578,0.003477817866951227,0.03811865672469139,0.019889790564775467,0.039781637489795685,0.045002952218055725,0.024391407147049904,3.5100626945495605,4.31492280960083,8.399785995483398,0.2598817050457001
789,29801,3,0,7,minus,3,-0.01,0.01,0.015980957075953484,0.015821943059563637,43444.0,223861632.0,3541925.994724989,134.89480218784604,4020.0,59.11423873901367,0.004803546704351902,0.04223012551665306,0.038019679486751556,0.04160550981760025,0.04478614404797554,0.020792031660676003,4.51259708404541,8.273573875427246,6.738358020782471,0.34646177291870117
789,29801,4,0,1,minus,4,-0.005,0.005,0.010369358584284782,0.01031764131039381,5416.0,-3641.947509765625,-37.57630807704368,36.743733431764035,1095.0,6.626354694366455,0.0035706069320440292,0.017586013302206993,0.0440235361456871,0.036416418850421906,0.015820348635315895,0.03075505420565605,9.734742164611816,4.234930515289307,6.025596618652344,0.5770443677902222
789,29801,4,0,2,minus,4,-0.005,0.005,0.0017865144181996584,0.0017776041058823466,10255.0,5498398.0,9773.974860575283,72.3801214724338,2157.0,59.34796905517578,0.003477817866951227,0.03811865672469139,0.019889790564775467,0.039781637489795685,0.045002952218055725,0.024391407147049904,3.5100626945495605,4.31492280960083,8.399785995483398,0.2598817050457001
789,29801,4,0,7,minus,4,-0.005,0.005,0.015980957075953484,0.015901250764727592,43559.0,221977296.0,3529716.647772163,135.1296936344418,4027.0,59.11423873901367,0.004803546704351902,0.04223012551665306,0.038019679486751556,0.04160550981760025,0.04478614404797554,0.020792031660676003,4.51259708404541,8.273573875427246,6.738358020782471,0.34646177291870117
789,29801,5,0,1,minus,5,-0.0025,0.0025,0.010369358584284782,0.010343467816710472,5376.0,-3308.13330078125,-34.21757033001904,36.877957115533036,1099.0,6.626354694366455,0.0035706069320440292,0.017586013302206993,0.0440235361456871,0.036416418850421906,0.015820348635315895,0.03075505420565605,9.734742164611816,4.234930515289307,6.025596618652344,0.5770443677902222
789,29801,5,0,2,minus,5,-0.0025,0.0025,0.0017865144181996584,0.001782053615897894,10236.0,5411197.5,9643.044071212644,72.48078923526056,2160.0,59.34796905517578,0.003477817866951227,0.03811865672469139,0.019889790564775467,0.039781637489795685,0.045002952218055725,0.024391407147049904,3.5100626945495605,4.31492280960083,8.399785995483398,0.2598817050457001
789,29801,5,0,7,minus,5,-0.0025,0.0025,0.015980957075953484,0.01594105362892151,43323.0,224628352.0,3580812.605808258,135.0625817925573,4025.0,59.11423873901367,0.004803546704351902,0.04223012551665306,0.038019679486751556,0.04160550981760025,0.04478614404797554,0.020792031660676003,4.51259708404541,8.273573875427246,6.738358020782471,0.34646177291870117
789,29801,6,0,1,center,6,0.0,0.0,0.010369358584284782,0.010369358584284782,5408.0,-2972.791748046875,-30.825943631900827,36.877957115533036,1099.0,6.626354694366455,0.0035706069320440292,0.017586013302206993,0.0440235361456871,0.036416418850421906,0.015820348635315895,0.03075505420565605,9.734742164611816,4.234930515289307,6.025596618652344,0.5770443677902222
789,29801,6,0,2,center,6,0.0,0.0,0.0017865144181996584,0.0017865144181996584,10255.0,5707232.5,10196.053149267682,72.51434515620281,2161.0,59.34796905517578,0.003477817866951227,0.03811865672469139,0.019889790564775467,0.039781637489795685,0.045002952218055725,0.024391407147049904,3.5100626945495605,4.31492280960083,8.399785995483398,0.2598817050457001
789,29801,6,0,7,center,6,0.0,0.0,0.015980957075953484,0.015980957075953484,43406.0,224786208.0,3592298.7413143516,135.16324955538403,4028.0,59.11423873901367,0.004803546704351902,0.04223012551665306,0.038019679486751556,0.04160550981760025,0.04478614404797554,0.020792031660676003,4.51259708404541,8.273573875427246,6.738358020782471,0.34646177291870117
789,29801,7,0,1,plus,7,0.0025,0.0025,0.010369358584284782,0.010395314544439316,5409.0,-3878.17822265625,-40.31488248390633,36.911513036475284,1100.0,6.626354694366455,0.0035706069320440292,0.017586013302206993,0.0440235361456871,0.036416418850421906,0.015820348635315895,0.03075505420565605,9.734742164611816,4.234930515289307,6.025596618652344,0.5770443677902222
789,29801,7,0,2,plus,7,0.0025,0.0025,0.0017865144181996584,0.0017909863963723183,10282.0,5701734.5,10211.728925226722,72.68212476091406,2166.0,59.34796905517578,0.003477817866951227,0.03811865672469139,0.019889790564775467,0.039781637489795685,0.045002952218055725,0.024391407147049904,3.5100626945495605,4.31492280960083,8.399785995483398,0.2598817050457001
789,29801,7,0,7,plus,7,0.0025,0.0025,0.015980957075953484,0.016020959243178368,43556.0,222463568.0,3564079.7560200393,135.36458508103755,4034.0,59.11423873901367,0.004803546704351902,0.04223012551665306,0.038019679486751556,0.04160550981760025,0.04478614404797554,0.020792031660676003,4.51259708404541,8.273573875427246,6.738358020782471,0.34646177291870117
789,29801,8,0,1,plus,8,0.005,0.005,0.010369358584284782,0.010421334765851498,5448.0,-8664.5009765625,-90.29566525580503,36.877957115533036,1099.0,6.626354694366455,0.0035706069320440292,0.017586013302206993,0.0440235361456871,0.036416418850421906,0.015820348635315895,0.03075505420565605,9.734742164611816,4.234930515289307,6.025596618652344,0.5770443677902222
789,29801,8,0,2,plus,8,0.005,0.005,0.0017865144181996584,0.0017954693175852299,10314.0,5814201.0,10439.219501773361,72.81634844468306,2170.0,59.34796905517578,0.003477817866951227,0.03811865672469139,0.019889790564775467,0.039781637489795685,0.045002952218055725,0.024391407147049904,3.5100626945495605,4.31492280960083,8.399785995483398,0.2598817050457001
789,29801,8,0,7,plus,8,0.005,0.005,0.015980957075953484,0.01606106199324131,43628.0,222800576.0,3578413.863265872,135.36458508103755,4034.0,59.11423873901367,0.004803546704351902,0.04223012551665306,0.038019679486751556,0.04160550981760025,0.04478614404797554,0.020792031660676003,4.51259708404541,8.273573875427246,6.738358020782471,0.34646177291870117
789,29801,9,0,1,plus,9,0.01,0.01,0.010369358584284782,0.01047357264906168,5488.0,-12383.8134765625,-129.70277011920643,36.94506895741753,1101.0,6.626354694366455,0.0035706069320440292,0.017586013302206993,0.0440235361456871,0.036416418850421906,0.015820348635315895,0.03075505420565605,9.734742164611816,4.234930515289307,6.025596618652344,0.5770443677902222
789,29801,9,0,2,plus,9,0.01,0.01,0.0017865144181996584,0.0018044691532850266,10368.0,6090189.5,10989.55909041036,72.88346028656755,2172.0,59.34796905517578,0.003477817866951227,0.03811865672469139,0.019889790564775467,0.039781637489795685,0.045002952218055725,0.024391407147049904,3.5100626945495605,4.31492280960083,8.399785995483398,0.2598817050457001
789,29801,9,0,7,plus,9,0.01,0.01,0.015980957075953484,0.01614156924188137,43899.0,225191600.0,3634945.804090053,135.8008120532868,4047.0,59.11423873901367,0.004803546704351902,0.04223012551665306,0.038019679486751556,0.04160550981760025,0.04478614404797554,0.020792031660676003,4.51259708404541,8.273573875427246,6.738358020782471,0.34646177291870117
789,29801,10,0,1,plus,10,0.02,0.02,0.010369358584284782,0.010578833520412445,5467.0,-8215.71875,-86.91272090678103,37.24707224589778,1110.0,6.626354694366455,0.0035706069320440292,0.017586013302206993,0.0440235361456871,0.036416418850421906,0.015820348635315895,0.03075505420565605,9.734742164611816,4.234930515289307,6.025596618652344,0.5770443677902222
789,29801,10,0,2,plus,10,0.02,0.02,0.0017865144181996584,0.0018226043321192265,10480.0,6256828.0,11403.721818124875,73.31968725881681,2185.0,59.34796905517578,0.003477817866951227,0.03811865672469139,0.019889790564775467,0.039781637489795685,0.045002952218055725,0.024391407147049904,3.5100626945495605,4.31492280960083,8.399785995483398,0.2598817050457001
789,29801,10,0,7,plus,10,0.02,0.02,0.015980957075953484,0.01630379445850849,44029.0,226881600.0,3699030.97281754,135.8008120532868,4047.0,59.11423873901367,0.004803546704351902,0.04223012551665306,0.038019679486751556,0.04160550981760025,0.04478614404797554,0.020792031660676003,4.51259708404541,8.273573875427246,6.738358020782471,0.34646177291870117
789,29801,11,0,1,plus,11,0.05,0.05,0.010369358584284782,0.010901006869971752,5315.0,-13604.0595703125,-148.29794683548153,37.649743297204786,1122.0,6.626354694366455,0.0035706069320440292,0.017586013302206993,0.0440235361456871,0.036416418850421906,0.015820348635315895,0.03075505420565605,9.734742164611816,4.234930515289307,6.025596618652344,0.5770443677902222
789,29801,11,0,2,plus,11,0.05,0.05,0.0017865144181996584,0.0018781109247356653,10939.0,6148090.0,11546.794995258097,74.42703264991107,2218.0,59.34796905517578,0.003477817866951227,0.03811865672469139,0.019889790564775467,0.039781637489795685,0.045002952218055725,0.024391407147049904,3.5100626945495605,4.31492280960083,8.399785995483398,0.2598817050457001
789,29801,11,0,7,plus,11,0.05,0.05,0.015980957075953484,0.01680031791329384,44609.0,251336416.0,4222531.691987872,136.4719304721318,4067.0,59.11423873901367,0.004803546704351902,0.04223012551665306,0.038019679486751556,0.04160550981760025,0.04478614404797554,0.020792031660676003,4.51259708404541,8.273573875427246,6.738358020782471,0.34646177291870117
789,29801,12,0,1,plus,12,0.1,0.1,0.010369358584284782,0.011459914036095142,5340.0,-7601.9326171875,-87.11749430115651,39.09264789772155,1165.0,6.626354694366455,0.0035706069320440292,0.017586013302206993,0.0440235361456871,0.036416418850421906,0.015820348635315895,0.03075505420565605,9.734742164611816,4.234930515289307,6.025596618652344,0.5770443677902222
789,29801,12,0,2,plus,12,0.1,0.1,0.0017865144181996584,0.0019744038581848145,11633.0,6478203.5,12790.589984506369,76.3732760645616,2276.0,59.34796905517578,0.003477817866951227,0.03811865672469139,0.019889790564775467,0.039781637489795685,0.045002952218055725,0.024391407147049904,3.5100626945495605,4.31492280960083,8.399785995483398,0.2598817050457001
789,29801,12,0,7,plus,12,0.1,0.1,0.015980957075953484,0.01766168884932995,44937.0,288910080.0,5102639.938395023,137.14304889097681,4087.0,59.11423873901367,0.004803546704351902,0.04223012551665306,0.038019679486751556,0.04160550981760025,0.04478614404797554,0.020792031660676003,4.51259708404541,8.273573875427246,6.738358020782471,0.34646177291870117
789,29801,13,0,1,center_duplicate,-1,0.0,0.0,0.010369358584284782,0.010369358584284782,5408.0,-2972.791748046875,-30.825943631900827,36.877957115533036,1099.0,6.626354694366455,0.0035706069320440292,0.017586013302206993,0.0440235361456871,0.036416418850421906,0.015820348635315895,0.03075505420565605,9.734742164611816,4.234930515289307,6.025596618652344,0.5770443677902222
789,29801,13,0,2,center_duplicate,-1,0.0,0.0,0.0017865144181996584,0.0017865144181996584,10255.0,5707232.5,10196.053149267682,72.51434515620281,2161.0,59.34796905517578,0.003477817866951227,0.03811865672469139,0.019889790564775467,0.039781637489795685,0.045002952218055725,0.024391407147049904,3.5100626945495605,4.31492280960083,8.399785995483398,0.2598817050457001
789,29801,13,0,7,center_duplicate,-1,0.0,0.0,0.015980957075953484,0.015980957075953484,43406.0,224786208.0,3592298.7413143516,135.16324955538403,4028.0,59.11423873901367,0.004803546704351902,0.04223012551665306,0.038019679486751556,0.04160550981760025,0.04478614404797554,0.020792031660676003,4.51259708404541,8.273573875427246,6.738358020782471,0.34646177291870117
789,29801,14,1,1,minus,0,-0.1,0.1,0.00654630409553647,0.005923341028392315,40232.0,41472540.0,245655.99773364142,155.33035804167645,4629.0,82.565185546875,0.0040601445361971855,0.0467863455414772,0.03732769191265106,0.025265473872423172,0.03627234324812889,0.04088784381747246,1.3129640817642212,5.302206039428711,8.969371795654297,0.42847421765327454
789,29801,14,1,2,minus,0,-0.1,0.1,0.005940642673522234,0.005375315900892019,4132.0,975763.0625,5245.034705359343,49.629207073588134,1479.0,22.052663803100586,0.004763214383274317,0.012258819304406643,0.038533229380846024,0.03268948569893837,0.03575180843472481,0.025060711428523064,9.433023452758789,8.444083213806152,6.955045700073242,0.8759985566139221
789,29801,14,1,7,minus,0,-0.1,0.1,0.005434128455817699,0.004917002748697996,15466.0,6493007.0,31926.13326631533,84.76225630012415,2526.0,74.29742431640625,0.0021332968026399612,0.03313383460044861,0.024333057925105095,0.031500790268182755,0.029038436710834503,0.030220912769436836,8.710350036621094,3.6867733001708984,8.966926574707031,0.9366800785064697
789,29801,15,1,1,minus,1,-0.05,0.05,0.00654630409553647,0.006227037403732538,41043.0,46176772.0,287544.48642762937,157.10882185161572,4682.0,82.565185546875,0.0040601445361971855,0.0467863455414772,0.03732769191265106,0.025265473872423172,0.03627234324812889,0.04088784381747246,1.3129640817642212,5.302206039428711,8.969371795654297,0.42847421765327454
789,29801,15,1,2,minus,1,-0.05,0.05,0.005940642673522234,0.005650914274156094,4317.0,918931.3125,5192.802070775244,50.26676957149088,1498.0,22.052663803100586,0.004763214383274317,0.012258819304406643,0.038533229380846024,0.03268948569893837,0.03575180843472481,0.025060711428523064,9.433023452758789,8.444083213806152,6.955045700073242,0.8759985566139221
789,29801,15,1,7,minus,1,-0.05,0.05,0.005434128455817699,0.005169102922081947,15780.0,7283452.5,37648.915600595064,85.70182208650716,2554.0,74.29742431640625,0.0021332968026399612,0.03313383460044861,0.024333057925105095,0.031500790268182755,0.029038436710834503,0.030220912769436836,8.710350036621094,3.6867733001708984,8.966926574707031,0.9366800785064697
789,29801,16,1,1,minus,2,-0.02,0.02,0.00654630409553647,0.006416678428649902,42269.0,48392120.0,310516.6725206375,158.85372974061272,4734.0,82.565185546875,0.0040601445361971855,0.0467863455414772,0.03732769191265106,0.025265473872423172,0.03627234324812889,0.04088784381747246,1.3129640817642212,5.302206039428711,8.969371795654297,0.42847421765327454
789,29801,16,1,2,minus,2,-0.02,0.02,0.005940642673522234,0.005823010113090277,4343.0,812616.6875,4731.875189378421,50.73655246468239,1512.0,22.052663803100586,0.004763214383274317,0.012258819304406643,0.038533229380846024,0.03268948569893837,0.03575180843472481,0.025060711428523064,9.433023452758789,8.444083213806152,6.955045700073242,0.8759985566139221
789,29801,16,1,7,minus,2,-0.02,0.02,0.005434128455817699,0.005326525773853064,16242.0,7824413.5,41676.94017303386,86.37294050535216,2574.0,74.29742431640625,0.0021332968026399612,0.03313383460044861,0.024333057925105095,0.031500790268182755,0.029038436710834503,0.030220912769436836,8.710350036621094,3.6867733001708984,8.966926574707031,0.9366800785064697
789,29801,17,1,1,minus,3,-0.01,0.01,0.00654630409553647,0.006481167394667864,42844.0,50995660.0,330511.4088615682,159.49129223851548,4753.0,82.565185546875,0.0040601445361971855,0.0467863455414772,0.03732769191265106,0.025265473872423172,0.03627234324812889,0.04088784381747246,1.3129640817642212,5.302206039428711,8.969371795654297,0.42847421765327454
789,29801,17,1,2,minus,3,-0.01,0.01,0.005940642673522234,0.005881532095372677,4419.0,836819.6875,4921.781850070984,51.13922351598939,1524.0,22.052663803100586,0.004763214383274317,0.012258819304406643,0.038533229380846024,0.03268948569893837,0.03575180843472481,0.025060711428523064,9.433023452758789,8.444083213806152,6.955045700073242,0.8759985566139221
789,29801,17,1,7,minus,3,-0.01,0.01,0.005434128455817699,0.005380058195441961,16297.0,7423042.0,39936.39794720989,86.74205563571692,2585.0,74.29742431640625,0.0021332968026399612,0.03313383460044861,0.024333057925105095,0.031500790268182755,0.029038436710834503,0.030220912769436836,8.710350036621094,3.6867733001708984,8.966926574707031,0.9366800785064697
789,29801,18,1,1,minus,4,-0.005,0.005,0.00654630409553647,0.006513654254376888,42832.0,50488940.0,328867.49882997945,159.55840408039998,4755.0,82.565185546875,0.0040601445361971855,0.0467863455414772,0.03732769191265106,0.025265473872423172,0.03627234324812889,0.04088784381747246,1.3129640817642212,5.302206039428711,8.969371795654297,0.42847421765327454
789,29801,18,1,2,minus,4,-0.005,0.005,0.005940642673522234,0.005911013577133417,4469.0,861053.875,5089.70114576834,51.273447199758394,1528.0,22.052663803100586,0.004763214383274317,0.012258819304406643,0.038533229380846024,0.03268948569893837,0.03575180843472481,0.025060711428523064,9.433023452758789,8.444083213806152,6.955045700073242,0.8759985566139221
789,29801,18,1,7,minus,4,-0.005,0.005,0.005434128455817699,0.005407025571912527,16364.0,7644389.5,41333.40950815962,86.90983524042817,2590.0,74.29742431640625,0.0021332968026399612,0.03313383460044861,0.024333057925105095,0.031500790268182755,0.029038436710834503,0.030220912769436836,8.710350036621094,3.6867733001708984,8.966926574707031,0.9366800785064697
789,29801,19,1,1,minus,5,-0.0025,0.0025,0.00654630409553647,0.006529958453029394,42743.0,48705024.0,318041.7831737995,159.65907184322674,4758.0,82.565185546875,0.0040601445361971855,0.0467863455414772,0.03732769191265106,0.025265473872423172,0.03627234324812889,0.04088784381747246,1.3129640817642212,5.302206039428711,8.969371795654297,0.42847421765327454
789,29801,19,1,2,minus,5,-0.0025,0.0025,0.005940642673522234,0.005925809498876333,4527.0,894062.75,5298.045536541496,51.541894567296396,1536.0,22.052663803100586,0.004763214383274317,0.012258819304406643,0.038533229380846024,0.03268948569893837,0.03575180843472481,0.025060711428523064,9.433023452758789,8.444083213806152,6.955045700073242,0.8759985566139221
789,29801,19,1,7,minus,5,-0.0025,0.0025,0.005434128455817699,0.0054205600172281265,16317.0,7379853.5,40002.93881510105,86.80916747760142,2587.0,74.29742431640625,0.0021332968026399612,0.03313383460044861,0.024333057925105095,0.031500790268182755,0.029038436710834503,0.030220912769436836,8.710350036621094,3.6867733001708984,8.966926574707031,0.9366800785064697
789,29801,20,1,1,center,6,0.0,0.0,0.00654630409553647,0.00654630409553647,42988.0,48689088.0,318733.5761823356,160.09529881547599,4771.0,82.565185546875,0.0040601445361971855,0.0467863455414772,0.03732769191265106,0.025265473872423172,0.03627234324812889,0.04088784381747246,1.3129640817642212,5.302206039428711,8.969371795654297,0.42847421765327454
789,29801,20,1,2,center,6,0.0,0.0,0.005940642673522234,0.005940642673522234,4552.0,877223.5,5211.271358316531,51.77678601389215,1543.0,22.052663803100586,0.004763214383274317,0.012258819304406643,0.038533229380846024,0.03268948569893837,0.03575180843472481,0.025060711428523064,9.433023452758789,8.444083213806152,6.955045700073242,0.8759985566139221
789,29801,20,1,7,center,6,0.0,0.0,0.005434128455817699,0.005434128455817699,16313.0,7546486.0,41008.57431402989,86.87627931948592,2589.0,74.29742431640625,0.0021332968026399612,0.03313383460044861,0.024333057925105095,0.031500790268182755,0.029038436710834503,0.030220912769436836,8.710350036621094,3.6867733001708984,8.966926574707031,0.9366800785064697
789,29801,21,1,1,plus,7,0.0025,0.0025,0.00654630409553647,0.00656269071623683,43062.0,48358828.0,317364.03156369366,160.22952249924498,4775.0,82.565185546875,0.0040601445361971855,0.0467863455414772,0.03732769191265106,0.025265473872423172,0.03627234324812889,0.04088784381747246,1.3129640817642212,5.302206039428711,8.969371795654297,0.42847421765327454
789,29801,21,1,2,plus,7,0.0025,0.0025,0.005940642673522234,0.005955513101071119,4555.0,877693.125,5227.112904657552,51.8774537767189,1546.0,22.052663803100586,0.004763214383274317,0.012258819304406643,0.038533229380846024,0.03268948569893837,0.03575180843472481,0.025060711428523064,9.433023452758789,8.444083213806152,6.955045700073242,0.8759985566139221
789,29801,21,1,7,plus,7,0.0025,0.0025,0.005434128455817699,0.005447730887681246,16315.0,7573844.5,41260.26662114472,86.87627931948592,2589.0,74.29742431640625,0.0021332968026399612,0.03313383460044861,0.024333057925105095,0.031500790268182755,0.029038436710834503,0.030220912769436836,8.710350036621094,3.6867733001708984,8.966926574707031,0.9366800785064697
789,29801,22,1,1,plus,8,0.005,0.005,0.00654630409553647,0.006579117383807898,43313.0,48822004.0,321205.6952287387,160.26307842018724,4776.0,82.565185546875,0.0040601445361971855,0.0467863455414772,0.03732769191265106,0.025265473872423172,0.03627234324812889,0.04088784381747246,1.3129640817642212,5.302206039428711,8.969371795654297,0.42847421765327454
789,29801,22,1,2,plus,8,0.005,0.005,0.005940642673522234,0.005970420315861702,4553.0,891121.25,5320.368414896075,51.7432300929499,1542.0,22.052663803100586,0.004763214383274317,0.012258819304406643,0.038533229380846024,0.03268948569893837,0.03575180843472481,0.025060711428523064,9.433023452758789,8.444083213806152,6.955045700073242,0.8759985566139221
789,29801,22,1,7,plus,8,0.005,0.005,0.005434128455817699,0.005461367312818766,16380.0,7716004.5,42139.9347618625,86.97694708231266,2592.0,74.29742431640625,0.0021332968026399612,0.03313383460044861,0.024333057925105095,0.031500790268182755,0.029038436710834503,0.030220912769436836,8.710350036621094,3.6867733001708984,8.966926574707031,0.9366800785064697
789,29801,23,1,1,plus,9,0.01,0.01,0.00654630409553647,0.006612095516175032,43148.0,51007648.0,337267.4406314343,160.43085802489847,4781.0,82.565185546875,0.0040601445361971855,0.0467863455414772,0.03732769191265106,0.025265473872423172,0.03627234324812889,0.04088784381747246,1.3129640817642212,5.302206039428711,8.969371795654297,0.42847421765327454
789,29801,23,1,2,plus,9,0.01,0.01,0.005940642673522234,0.0060003469698131084,4499.0,881038.25,5286.535193676944,51.7432300929499,1542.0,22.052663803100586,0.004763214383274317,0.012258819304406643,0.038533229380846024,0.03268948569893837,0.03575180843472481,0.025060711428523064,9.433023452758789,8.444083213806152,6.955045700073242,0.8759985566139221
789,29801,23,1,7,plus,9,0.01,0.01,0.005434128455817699,0.005488742608577013,16498.0,7572650.5,41564.32945921202,87.24539444985066,2600.0,74.29742431640625,0.0021332968026399612,0.03313383460044861,0.024333057925105095,0.031500790268182755,0.029038436710834503,0.030220912769436836,8.710350036621094,3.6867733001708984,8.966926574707031,0.9366800785064697
789,29801,24,1,1,plus,10,0.02,0.02,0.00654630409553647,0.00667854817584157,43167.0,51674912.0,345113.38927437365,160.59863762960973,4786.0,82.565185546875,0.0040601445361971855,0.0467863455414772,0.03732769191265106,0.025265473872423172,0.03627234324812889,0.04088784381747246,1.3129640817642212,5.302206039428711,8.969371795654297,0.42847421765327454
789,29801,24,1,2,plus,10,0.02,0.02,0.005940642673522234,0.006060651503503323,4566.0,859517.125,5209.233755918103,51.843897855776646,1545.0,22.052663803100586,0.004763214383274317,0.012258819304406643,0.038533229380846024,0.03268948569893837,0.03575180843472481,0.025060711428523064,9.433023452758789,8.444083213806152,6.955045700073242,0.8759985566139221
789,29801,24,1,7,plus,10,0.02,0.02,0.005434128455817699,0.005543904844671488,16652.0,7613358.5,42207.73507237085,87.58095365927318,2610.0,74.29742431640625,0.0021332968026399612,0.03313383460044861,0.024333057925105095,0.031500790268182755,0.029038436710834503,0.030220912769436836,8.710350036621094,3.6867733001708984,8.966926574707031,0.9366800785064697
789,29801,25,1,1,plus,11,0.05,0.05,0.00654630409553647,0.0068819401785731316,43595.0,59124960.0,406894.43778052926,161.87376262541525,4824.0,82.565185546875,0.0040601445361971855,0.0467863455414772,0.03732769191265106,0.025265473872423172,0.03627234324812889,0.04088784381747246,1.3129640817642212,5.302206039428711,8.969371795654297,0.42847421765327454
789,29801,25,1,2,plus,11,0.05,0.05,0.005940642673522234,0.006245225667953491,4609.0,1038111.9375,6483.24331828393,52.414348511794906,1562.0,22.052663803100586,0.004763214383274317,0.012258819304406643,0.038533229380846024,0.03268948569893837,0.03575180843472481,0.025060711428523064,9.433023452758789,8.444083213806152,6.955045700073242,0.8759985566139221
789,29801,25,1,7,plus,11,0.05,0.05,0.005434128455817699,0.005712741985917091,16883.0,8362010.5,47770.00847002957,88.21851615717593,2629.0,74.29742431640625,0.0021332968026399612,0.03313383460044861,0.024333057925105095,0.031500790268182755,0.029038436710834503,0.030220912769436836,8.710350036621094,3.6867733001708984,8.966926574707031,0.9366800785064697
789,29801,26,1,1,plus,12,0.1,0.1,0.00654630409553647,0.0072347852401435375,45243.0,60876004.0,440424.81521811895,164.28978893325726,4896.0,82.565185546875,0.0040601445361971855,0.0467863455414772,0.03732769191265106,0.025265473872423172,0.03627234324812889,0.04088784381747246,1.3129640817642212,5.302206039428711,8.969371795654297,0.42847421765327454
789,29801,26,1,2,plus,12,0.1,0.1,0.005940642673522234,0.006565426010638475,4795.0,1086868.25,7135.753078687121,53.28680245629341,1588.0,22.052663803100586,0.004763214383274317,0.012258819304406643,0.038533229380846024,0.03268948569893837,0.03575180843472481,0.025060711428523064,9.433023452758789,8.444083213806152,6.955045700073242,0.8759985566139221
789,29801,26,1,7,plus,12,0.1,0.1,0.005434128455817699,0.00600564107298851,17151.0,8703223.0,52268.43351617828,89.25874970638569,2660.0,74.29742431640625,0.0021332968026399612,0.03313383460044861,0.024333057925105095,0.031500790268182755,0.029038436710834503,0.030220912769436836,8.710350036621094,3.6867733001708984,8.966926574707031,0.9366800785064697
789,29801,27,1,1,center_duplicate,-1,0.0,0.0,0.00654630409553647,0.00654630409553647,42988.0,48689088.0,318733.5761823356,160.09529881547599,4771.0,82.565185546875,0.0040601445361971855,0.0467863455414772,0.03732769191265106,0.025265473872423172,0.03627234324812889,0.04088784381747246,1.3129640817642212,5.302206039428711,8.969371795654297,0.42847421765327454
789,29801,27,1,2,center_duplicate,-1,0.0,0.0,0.005940642673522234,0.005940642673522234,4552.0,877223.5,5211.271358316531,51.77678601389215,1543.0,22.052663803100586,0.004763214383274317,0.012258819304406643,0.038533229380846024,0.03268948569893837,0.03575180843472481,0.025060711428523064,9.433023452758789,8.444083213806152,6.955045700073242,0.8759985566139221
789,29801,27,1,7,center_duplicate,-1,0.0,0.0,0.005434128455817699,0.005434128455817699,16313.0,7546486.0,41008.57431402989,86.87627931948592,2589.0,74.29742431640625,0.0021332968026399612,0.03313383460044861,0.024333057925105095,0.031500790268182755,0.029038436710834503,0.030220912769436836,8.710350036621094,3.6867733001708984,8.966926574707031,0.9366800785064697
789,29801,28,2,1,minus,0,-0.1,0.1,0.01662660576403141,0.015044375322759151,81459.0,171044320.0,2573254.9469061196,216.16724270997616,6442.0,48.48685836791992,0.0011892077745869756,0.04431956261396408,0.030409296974539757,0.045158885419368744,0.02953779138624668,0.03650172799825668,3.901416301727295,9.861052513122559,3.3765461444854736,0.8627018332481384
789,29801,28,2,2,minus,0,-0.1,0.1,0.01005376223474741,0.009097020141780376,229126.0,181850336.0,1654296.169381529,296.39944968289655,8833.0,75.7269058227539,0.0007651544292457402,0.04488987848162651,0.021788086742162704,0.04174017533659935,0.025246916338801384,0.03339438885450363,2.15057635307312,6.021400451660156,0.422410249710083,0.3041475713253021
789,29801,28,2,7,minus,0,-0.1,0.1,0.002189736580476165,0.0019813557155430317,12624.0,2911142.0,5768.007840457372,76.50749974833059,2280.0,47.99076843261719,0.00030573076219297945,0.025789793580770493,0.03251266852021217,0.021878911182284355,0.045277129858732224,0.017795966938138008,8.833017349243164,8.9212064743042,2.1577820777893066,0.5844389796257019
789,29801,29,2,1,minus,1,-0.05,0.05,0.01662660576403141,0.015815716236829758,82610.0,181930288.0,2877357.809892714,217.2745881010704,6475.0,48.48685836791992,0.0011892077745869756,0.04431956261396408,0.030409296974539757,0.045158885419368744,0.02953779138624668,0.03650172799825668,3.901416301727295,9.861052513122559,3.3765461444854736,0.8627018332481384
789,29801,29,2,2,minus,1,-0.05,0.05,0.01005376223474741,0.00956343486905098,236051.0,195353424.0,1868249.7468701005,300.86238716821583,8966.0,75.7269058227539,0.0007651544292457402,0.04488987848162651,0.021788086742162704,0.04174017533659935,0.025246916338801384,0.03339438885450363,2.15057635307312,6.021400451660156,0.422410249710083,0.3041475713253021
789,29801,29,2,7,minus,1,-0.05,0.05,0.002189736580476165,0.002082941820845008,13425.0,3470320.5,7228.475701185758,78.48729908392335,2339.0,47.99076843261719,0.00030573076219297945,0.025789793580770493,0.03251266852021217,0.021878911182284355,0.045277129858732224,0.017795966938138008,8.833017349243164,8.9212064743042,2.1577820777893066,0.5844389796257019
789,29801,30,2,1,minus,2,-0.02,0.02,0.01662660576403141,0.01629737764596939,83355.0,200092576.0,3260984.2752268314,218.1134861246267,6500.0,48.48685836791992,0.0011892077745869756,0.04431956261396408,0.030409296974539757,0.045158885419368744,0.02953779138624668,0.03650172799825668,3.901416301727295,9.861052513122559,3.3765461444854736,0.8627018332481384
789,29801,30,2,2,minus,2,-0.02,0.02,0.01005376223474741,0.009854684583842754,239859.0,206435152.0,2034353.3099776357,303.0770779504043,9032.0,75.7269058227539,0.0007651544292457402,0.04488987848162651,0.021788086742162704,0.04174017533659935,0.025246916338801384,0.03339438885450363,2.15057635307312,6.021400451660156,0.422410249710083,0.3041475713253021
789,29801,30,2,7,minus,2,-0.02,0.02,0.002189736580476165,0.002146376995369792,13539.0,3453183.0,7411.832552002044,78.95708197711485,2353.0,47.99076843261719,0.00030573076219297945,0.025789793580770493,0.03251266852021217,0.021878911182284355,0.045277129858732224,0.017795966938138008,8.833017349243164,8.9212064743042,2.1577820777893066,0.5844389796257019
789,29801,31,2,1,minus,3,-0.01,0.01,0.01662660576403141,0.016461167484521866,83741.0,201363312.0,3314675.2040700316,218.51615717593367,6512.0,48.48685836791992,0.0011892077745869756,0.04431956261396408,0.030409296974539757,0.045158885419368744,0.02953779138624668,0.03650172799825668,3.901416301727295,9.861052513122559,3.3765461444854736,0.8627018332481384
789,29801,31,2,2,minus,3,-0.01,0.01,0.01005376223474741,0.009953726083040237,241888.0,204011280.0,2030672.3989704251,304.3186470252676,9069.0,75.7269058227539,0.0007651544292457402,0.04488987848162651,0.021788086742162704,0.04174017533659935,0.025246916338801384,0.03339438885450363,2.15057635307312,6.021400451660156,0.422410249710083,0.3041475713253021
789,29801,31,2,7,minus,3,-0.01,0.01,0.002189736580476165,0.0021679482888430357,13585.0,3654218.75,7922.157286120637,79.09130566088386,2357.0,47.99076843261719,0.00030573076219297945,0.025789793580770493,0.03251266852021217,0.021878911182284355,0.045277129858732224,0.017795966938138008,8.833017349243164,8.9212064743042,2.1577820777893066,0.5844389796257019
789,29801,32,2,1,minus,4,-0.005,0.005,0.01662660576403141,0.016543680801987648,83817.0,205612640.0,3401589.8850139976,218.44904533404917,6510.0,48.48685836791992,0.0011892077745869756,0.04431956261396408,0.030409296974539757,0.045158885419368744,0.02953779138624668,0.03650172799825668,3.901416301727295,9.861052513122559,3.3765461444854736,0.8627018332481384
789,29801,32,2,2,minus,4,-0.005,0.005,0.01005376223474741,0.010003618896007538,242274.0,208158880.0,2082342.1053397655,304.5199825509211,9075.0,75.7269058227539,0.0007651544292457402,0.04488987848162651,0.021788086742162704,0.04174017533659935,0.025246916338801384,0.03339438885450363,2.15057635307312,6.021400451660156,0.422410249710083,0.3041475713253021
789,29801,32,2,7,minus,4,-0.005,0.005,0.002189736580476165,0.0021788151934742928,13551.0,3601793.0,7847.641312149353,79.22552934465286,2361.0,47.99076843261719,0.00030573076219297945,0.025789793580770493,0.03251266852021217,0.021878911182284355,0.045277129858732224,0.017795966938138008,8.833017349243164,8.9212064743042,2.1577820777893066,0.5844389796257019
789,29801,33,2,1,minus,5,-0.0025,0.0025,0.01662660576403141,0.01658509112894535,83894.0,206439520.0,3423818.2518157363,218.48260125499144,6511.0,48.48685836791992,0.0011892077745869756,0.04431956261396408,0.030409296974539757,0.045158885419368744,0.02953779138624668,0.03650172799825668,3.901416301727295,9.861052513122559,3.3765461444854736,0.8627018332481384
789,29801,33,2,2,minus,5,-0.0025,0.0025,0.01005376223474741,0.010028659366071224,242763.0,209232048.0,2098316.937857464,304.7548739975168,9082.0,75.7269058227539,0.0007651544292457402,0.04488987848162651,0.021788086742162704,0.04174017533659935,0.025246916338801384,0.03339438885450363,2.15057635307312,6.021400451660156,0.422410249710083,0.3041475713253021
789,29801,33,2,7,minus,5,-0.0025,0.0025,0.002189736580476165,0.002184269018471241,13578.0,3628031.0,7924.595711353235,79.2590852655951,2362.0,47.99076843261719,0.00030573076219297945,0.025789793580770493,0.03251266852021217,0.021878911182284355,0.045277129858732224,0.017795966938138008,8.833017349243164,8.9212064743042,2.1577820777893066,0.5844389796257019
789,29801,34,2,1,center,6,0.0,0.0,0.01662660576403141,0.01662660576403141,83783.0,211674144.0,3519422.5427268147,218.44904533404917,6510.0,48.48685836791992,0.0011892077745869756,0.04431956261396408,0.030409296974539757,0.045158885419368744,0.02953779138624668,0.03650172799825668,3.901416301727295,9.861052513122559,3.3765461444854736,0.8627018332481384
789,29801,34,2,2,center,6,0.0,0.0,0.01005376223474741,0.01005376223474741,243178.0,212673760.0,2138171.4166097343,305.0568772859971,9091.0,75.7269058227539,0.0007651544292457402,0.04488987848162651,0.021788086742162704,0.04174017533659935,0.025246916338801384,0.03339438885450363,2.15057635307312,6.021400451660156,0.422410249710083,0.3041475713253021
789,29801,34,2,7,center,6,0.0,0.0,0.002189736580476165,0.002189736580476165,13618.0,3511745.0,7689.796487804269,79.39330894936411,2366.0,47.99076843261719,0.00030573076219297945,0.025789793580770493,0.03251266852021217,0.021878911182284355,0.045277129858732224,0.017795966938138008,8.833017349243164,8.9212064743042,2.1577820777893066,0.5844389796257019
789,29801,35,2,1,plus,7,0.0025,0.0025,0.01662660576403141,0.016668224707245827,83882.0,206821568.0,3447348.369728923,218.54971309687593,6513.0,48.48685836791992,0.0011892077745869756,0.04431956261396408,0.030409296974539757,0.045158885419368744,0.02953779138624668,0.03650172799825668,3.901416301727295,9.861052513122559,3.3765461444854736,0.8627018332481384
789,29801,35,2,2,plus,7,0.0025,0.0025,0.01005376223474741,0.01007892843335867,243041.0,212353824.0,2140298.9946460426,304.95620952317034,9088.0,75.7269058227539,0.0007651544292457402,0.04488987848162651,0.021788086742162704,0.04174017533659935,0.025246916338801384,0.03339438885450363,2.15057635307312,6.021400451660156,0.422410249710083,0.3041475713253021
789,29801,35,2,7,plus,7,0.0025,0.0025,0.002189736580476165,0.002195217879489064,13685.0,3491163.75,7663.8650842240895,79.56108855407537,2371.0,47.99076843261719,0.00030573076219297945,0.025789793580770493,0.03251266852021217,0.021878911182284355,0.045277129858732224,0.017795966938138008,8.833017349243164,8.9212064743042,2.1577820777893066,0.5844389796257019
789,29801,36,2,1,plus,8,0.005,0.005,0.01662660576403141,0.01670994609594345,83721.0,204802576.0,3422240.005270362,218.51615717593367,6512.0,48.48685836791992,0.0011892077745869756,0.04431956261396408,0.030409296974539757,0.045158885419368744,0.02953779138624668,0.03650172799825668,3.901416301727295,9.861052513122559,3.3765461444854736,0.8627018332481384
789,29801,36,2,2,plus,8,0.005,0.005,0.01005376223474741,0.010104157030582428,243429.0,216006528.0,2182563.8785429,305.29176873259286,9098.0,75.7269058227539,0.0007651544292457402,0.04488987848162651,0.021788086742162704,0.04174017533659935,0.025246916338801384,0.03339438885450363,2.15057635307312,6.021400451660156,0.422410249710083,0.3041475713253021
789,29801,36,2,7,plus,8,0.005,0.005,0.002189736580476165,0.0022007126826792955,13710.0,3492535.75,7686.0677197358455,79.59464447501762,2372.0,47.99076843261719,0.00030573076219297945,0.025789793580770493,0.03251266852021217,0.021878911182284355,0.045277129858732224,0.017795966938138008,8.833017349243164,8.9212064743042,2.1577820777893066,0.5844389796257019
789,29801,37,2,1,plus,9,0.01,0.01,0.01662660576403141,0.01679370552301407,84006.0,215156480.0,3613274.566488266,218.81816046441392,6521.0,48.48685836791992,0.0011892077745869756,0.04431956261396408,0.030409296974539757,0.045158885419368744,0.02953779138624668,0.03650172799825668,3.901416301727295,9.861052513122559,3.3765461444854736,0.8627018332481384
789,29801,37,2,2,plus,9,0.01,0.01,0.01005376223474741,0.010154804214835167,243820.0,221226208.0,2246508.8294304013,305.5266601791886,9105.0,75.7269058227539,0.0007651544292457402,0.04488987848162651,0.021788086742162704,0.04174017533659935,0.025246916338801384,0.03339438885450363,2.15057635307312,6.021400451660156,0.422410249710083,0.3041475713253021
789,29801,37,2,7,plus,9,0.01,0.01,0.002189736580476165,0.0022117437329143286,13798.0,3432113.25,7590.954971339728,79.86309184255562,2380.0,47.99076843261719,0.00030573076219297945,0.025789793580770493,0.03251266852021217,0.021878911182284355,0.045277129858732224,0.017795966938138008,8.833017349243164,8.9212064743042,2.1577820777893066,0.5844389796257019
789,29801,38,2,1,plus,10,0.02,0.02,0.01662660576403141,0.016962485387921333,83954.0,216023200.0,3664290.373452008,218.81816046441392,6521.0,48.48685836791992,0.0011892077745869756,0.04431956261396408,0.030409296974539757,0.045158885419368744,0.02953779138624668,0.03650172799825668,3.901416301727295,9.861052513122559,3.3765461444854736,0.8627018332481384
789,29801,38,2,2,plus,10,0.02,0.02,0.01005376223474741,0.010256861336529255,245780.0,218215904.0,2238210.2687533796,306.6675614912251,9139.0,75.7269058227539,0.0007651544292457402,0.04488987848162651,0.021788086742162704,0.04174017533659935,0.025246916338801384,0.03339438885450363,2.15057635307312,6.021400451660156,0.422410249710083,0.3041475713253021
789,29801,38,2,7,plus,10,0.02,0.02,0.002189736580476165,0.0022339720744639635,13828.0,3351038.75,7486.126987946627,79.99731552632461,2384.0,47.99076843261719,0.00030573076219297945,0.025789793580770493,0.03251266852021217,0.021878911182284355,0.045277129858732224,0.017795966938138008,8.833017349243164,8.9212064743042,2.1577820777893066,0.5844389796257019
789,29801,39,2,1,plus,11,0.05,0.05,0.01662660576403141,0.017479069530963898,84634.0,234653792.0,4101529.94607234,219.48927888325895,6541.0,48.48685836791992,0.0011892077745869756,0.04431956261396408,0.030409296974539757,0.045158885419368744,0.02953779138624668,0.03650172799825668,3.901416301727295,9.861052513122559,3.3765461444854736,0.8627018332481384
789,29801,39,2,2,plus,11,0.05,0.05,0.01005376223474741,0.01056922972202301,249114.0,233950720.0,2472678.903312683,308.4795812221066,9193.0,75.7269058227539,0.0007651544292457402,0.04488987848162651,0.021788086742162704,0.04174017533659935,0.025246916338801384,0.03339438885450363,2.15057635307312,6.021400451660156,0.422410249710083,0.3041475713253021
789,29801,39,2,7,plus,11,0.05,0.05,0.002189736580476165,0.00230200681835413,14112.0,3819460.5,8792.424113434274,80.93688131270763,2412.0,47.99076843261719,0.00030573076219297945,0.025789793580770493,0.03251266852021217,0.021878911182284355,0.045277129858732224,0.017795966938138008,8.833017349243164,8.9212064743042,2.1577820777893066,0.5844389796257019
789,29801,40,2,1,plus,12,0.1,0.1,0.01662660576403141,0.01837524212896824,85810.0,259624240.0,4770658.272549361,220.76440387906445,6579.0,48.48685836791992,0.0011892077745869756,0.04431956261396408,0.030409296974539757,0.045158885419368744,0.02953779138624668,0.03650172799825668,3.901416301727295,9.861052513122559,3.3765461444854736,0.8627018332481384
789,29801,40,2,2,plus,12,0.1,0.1,0.01005376223474741,0.011111126281321049,256102.0,253424432.0,2815830.866724059,312.6740713398879,9318.0,75.7269058227539,0.0007651544292457402,0.04488987848162651,0.021788086742162704,0.04174017533659935,0.025246916338801384,0.03339438885450363,2.15057635307312,6.021400451660156,0.422410249710083,0.3041475713253021
789,29801,40,2,7,plus,12,0.1,0.1,0.002189736580476165,0.0024200333282351494,14521.0,3414865.25,8264.087716432055,82.31267407133988,2453.0,47.99076843261719,0.00030573076219297945,0.025789793580770493,0.03251266852021217,0.021878911182284355,0.045277129858732224,0.017795966938138008,8.833017349243164,8.9212064743042,2.1577820777893066,0.5844389796257019
789,29801,41,2,1,center_duplicate,-1,0.0,0.0,0.01662660576403141,0.01662660576403141,83783.0,211674144.0,3519422.5427268147,218.44904533404917,6510.0,48.48685836791992,0.0011892077745869756,0.04431956261396408,0.030409296974539757,0.045158885419368744,0.02953779138624668,0.03650172799825668,3.901416301727295,9.861052513122559,3.3765461444854736,0.8627018332481384
789,29801,41,2,2,center_duplicate,-1,0.0,0.0,0.01005376223474741,0.01005376223474741,243178.0,212673760.0,2138171.4166097343,305.0568772859971,9091.0,75.7269058227539,0.0007651544292457402,0.04488987848162651,0.021788086742162704,0.04174017533659935,0.025246916338801384,0.03339438885450363,2.15057635307312,6.021400451660156,0.422410249710083,0.3041475713253021
789,29801,41,2,7,center_duplicate,-1,0.0,0.0,0.002189736580476165,0.002189736580476165,13618.0,3511745.0,7689.796487804269,79.39330894936411,2366.0,47.99076843261719,0.00030573076219297945,0.025789793580770493,0.03251266852021217,0.021878911182284355,0.045277129858732224,0.017795966938138008,8.833017349243164,8.9212064743042,2.1577820777893066,0.5844389796257019
789,29801,42,3,1,minus,0,-0.1,0.1,0.0030624063219875097,0.0027709798887372017,4163.0,1634154.625,4528.209600961884,58.18596691386195,1734.0,68.69004821777344,0.0025674765929579735,0.011978385969996452,0.04919338971376419,0.03444961458444595,0.010044421069324017,0.013519922271370888,6.216831684112549,3.313960075378418,6.2783660888671875,0.7253406047821045
789,29801,42,3,2,minus,0,-0.1,0.1,0.015210271812975407,0.013762823306024075,53558.0,60447268.0,831925.0688158832,153.92100936210193,4587.0,96.0049057006836,0.0020888946019113064,0.04925193637609482,0.033308882266283035,0.021827764809131622,0.023698577657341957,0.018696226179599762,5.5608625411987305,0.15370473265647888,5.821068286895752,0.7542546987533569
789,29801,42,3,7,minus,0,-0.1,0.1,0.013987557031214237,0.01265646517276764,146677.0,120806216.0,1528979.6654578447,237.60947619207408,7081.0,89.26822662353516,0.0008241399773396552,0.04868676885962486,0.017292654141783714,0.013185249641537666,0.031820982694625854,0.03805147856473923,3.277904748916626,5.072831630706787,3.0204687118530273,0.4343680143356323
789,29801,43,3,1,minus,1,-0.05,0.05,0.0030624063219875097,0.002913051052019,4387.0,2428170.0,7073.383172980975,59.93087480285896,1786.0,68.69004821777344,0.0025674765929579735,0.011978385969996452,0.04919338971376419,0.03444961458444595,0.010044421069324017,0.013519922271370888,6.216831684112549,3.313960075378418,6.2783660888671875,0.7253406047821045
789,29801,43,3,2,minus,1,-0.05,0.05,0.015210271812975407,0.014468458481132984,54458.0,64451032.0,932507.0805581734,154.9612429113117,4618.0,96.0049057006836,0.0020888946019113064,0.04925193637609482,0.033308882266283035,0.021827764809131622,0.023698577657341957,0.018696226179599762,5.5608625411987305,0.15370473265647888,5.821068286895752,0.7542546987533569
789,29801,43,3,7,minus,1,-0.05,0.05,0.013987557031214237,0.013305376283824444,149719.0,131971760.0,1755933.9256385714,240.0255024999161,7153.0,89.26822662353516,0.0008241399773396552,0.04868676885962486,0.017292654141783714,0.013185249641537666,0.031820982694625854,0.03805147856473923,3.277904748916626,5.072831630706787,3.0204687118530273,0.4343680143356323
789,29801,44,3,1,minus,2,-0.02,0.02,0.0030624063219875097,0.0030017667450010777,4360.0,2048562.5,6149.30678755627,60.76977282641522,1811.0,68.69004821777344,0.0025674765929579735,0.011978385969996452,0.04919338971376419,0.03444961458444595,0.010044421069324017,0.013519922271370888,6.216831684112549,3.313960075378418,6.2783660888671875,0.7253406047821045
789,29801,44,3,2,minus,2,-0.02,0.02,0.015210271812975407,0.014909088611602783,54880.0,69463960.0,1035644.3349528313,155.8336968558102,4644.0,96.0049057006836,0.0020888946019113064,0.04925193637609482,0.033308882266283035,0.021827764809131622,0.023698577657341957,0.018696226179599762,5.5608625411987305,0.15370473265647888,5.821068286895752,0.7542546987533569
789,29801,44,3,7,minus,2,-0.02,0.02,0.013987557031214237,0.013710585422813892,151308.0,133529040.0,1830761.3093463331,241.40129525854834,7194.0,89.26822662353516,0.0008241399773396552,0.04868676885962486,0.017292654141783714,0.013185249641537666,0.031820982694625854,0.03805147856473923,3.277904748916626,5.072831630706787,3.0204687118530273,0.4343680143356323
789,29801,45,3,1,minus,3,-0.01,0.01,0.0030624063219875097,0.003031934844329953,4439.0,2078188.625,6300.9325052276545,60.93755243112647,1816.0,68.69004821777344,0.0025674765929579735,0.011978385969996452,0.04919338971376419,0.03444961458444595,0.010044421069324017,0.013519922271370888,6.216831684112549,3.313960075378418,6.2783660888671875,0.7253406047821045
789,29801,45,3,2,minus,3,-0.01,0.01,0.015210271812975407,0.015058927237987518,55243.0,68661320.0,1033965.8219441772,156.26992382805946,4657.0,96.0049057006836,0.0020888946019113064,0.04925193637609482,0.033308882266283035,0.021827764809131622,0.023698577657341957,0.018696226179599762,5.5608625411987305,0.15370473265647888,5.821068286895752,0.7542546987533569
789,29801,45,3,7,minus,3,-0.01,0.01,0.013987557031214237,0.013848378323018551,151947.0,139633296.0,1933694.709498033,241.90463407268211,7209.0,89.26822662353516,0.0008241399773396552,0.04868676885962486,0.017292654141783714,0.013185249641537666,0.031820982694625854,0.03805147856473923,3.277904748916626,5.072831630706787,3.0204687118530273,0.4343680143356323
789,29801,46,3,1,minus,4,-0.005,0.005,0.0030624063219875097,0.0030471323989331722,4424.0,2143690.75,6532.109537618351,61.10533203583772,1821.0,68.69004821777344,0.0025674765929579735,0.011978385969996452,0.04919338971376419,0.03444961458444595,0.010044421069324017,0.013519922271370888,6.216831684112549,3.313960075378418,6.2783660888671875,0.7253406047821045
789,29801,46,3,2,minus,4,-0.005,0.005,0.015210271812975407,0.015134410001337528,55396.0,69723160.0,1055218.8900288567,156.3034797490017,4658.0,96.0049057006836,0.0020888946019113064,0.04925193637609482,0.033308882266283035,0.021827764809131622,0.023698577657341957,0.018696226179599762,5.5608625411987305,0.15370473265647888,5.821068286895752,0.7542546987533569
789,29801,46,3,7,minus,4,-0.005,0.005,0.013987557031214237,0.013917793519794941,152227.0,139049248.0,1935258.7227467597,242.0388577564511,7213.0,89.26822662353516,0.0008241399773396552,0.04868676885962486,0.017292654141783714,0.013185249641537666,0.031820982694625854,0.03805147856473923,3.277904748916626,5.072831630706787,3.0204687118530273,0.4343680143356323
789,29801,47,3,1,minus,5,-0.0025,0.0025,0.0030624063219875097,0.0030547596979886293,4415.0,2129473.75,6505.030589424714,61.20599979866447,1824.0,68.69004821777344,0.0025674765929579735,0.011978385969996452,0.04919338971376419,0.03444961458444595,0.010044421069324017,0.013519922271370888,6.216831684112549,3.313960075378418,6.2783660888671875,0.7253406047821045
789,29801,47,3,2,minus,5,-0.0025,0.0025,0.015210271812975407,0.015172293409705162,55408.0,69810392.0,1059183.750470534,156.3705915908862,4660.0,96.0049057006836,0.0020888946019113064,0.04925193637609482,0.033308882266283035,0.021827764809131622,0.023698577657341957,0.018696226179599762,5.5608625411987305,0.15370473265647888,5.821068286895752,0.7542546987533569
789,29801,47,3,7,minus,5,-0.0025,0.0025,0.013987557031214237,0.013952631503343582,152541.0,140612432.0,1961913.4484849572,242.1730814402201,7217.0,89.26822662353516,0.0008241399773396552,0.04868676885962486,0.017292654141783714,0.013185249641537666,0.031820982694625854,0.03805147856473923,3.277904748916626,5.072831630706787,3.0204687118530273,0.4343680143356323
789,29801,48,3,1,center,6,0.0,0.0,0.0030624063219875097,0.0030624063219875097,4384.0,2113571.0,6472.613192369463,61.37377940337572,1829.0,68.69004821777344,0.0025674765929579735,0.011978385969996452,0.04919338971376419,0.03444961458444595,0.010044421069324017,0.013519922271370888,6.216831684112549,3.313960075378418,6.2783660888671875,0.7253406047821045
789,29801,48,3,2,center,6,0.0,0.0,0.015210271812975407,0.015210271812975407,55381.0,70807944.0,1077008.074757941,156.40414751182846,4661.0,96.0049057006836,0.0020888946019113064,0.04925193637609482,0.033308882266283035,0.021827764809131622,0.023698577657341957,0.018696226179599762,5.5608625411987305,0.15370473265647888,5.821068286895752,0.7542546987533569
789,29801,48,3,7,center,6,0.0,0.0,0.013987557031214237,0.013987557031214237,152657.0,138673040.0,1939697.0556918532,242.30730512398912,7221.0,89.26822662353516,0.0008241399773396552,0.04868676885962486,0.017292654141783714,0.013185249641537666,0.031820982694625854,0.03805147856473923,3.277904748916626,5.072831630706787,3.0204687118530273,0.4343680143356323
789,29801,49,3,1,plus,7,0.0025,0.0025,0.0030624063219875097,0.0030700720380991697,4389.0,2085823.0,6403.6268687241245,61.54155900808697,1834.0,68.69004821777344,0.0025674765929579735,0.011978385969996452,0.04919338971376419,0.03444961458444595,0.010044421069324017,0.013519922271370888,6.216831684112549,3.313960075378418,6.2783660888671875,0.7253406047821045
789,29801,49,3,2,plus,7,0.0025,0.0025,0.015210271812975407,0.015248345211148262,55326.0,72251464.0,1101715.265082851,156.4377034327707,4662.0,96.0049057006836,0.0020888946019113064,0.04925193637609482,0.033308882266283035,0.021827764809131622,0.023698577657341957,0.018696226179599762,5.5608625411987305,0.15370473265647888,5.821068286895752,0.7542546987533569
789,29801,49,3,7,plus,7,0.0025,0.0025,0.013987557031214237,0.014022570103406906,152749.0,139038688.0,1949679.7495657206,242.44152880775812,7225.0,89.26822662353516,0.0008241399773396552,0.04868676885962486,0.017292654141783714,0.013185249641537666,0.031820982694625854,0.03805147856473923,3.277904748916626,5.072831630706787,3.0204687118530273,0.4343680143356323
789,29801,50,3,1,plus,8,0.005,0.005,0.0030624063219875097,0.0030777566134929657,4397.0,2053736.75,6320.9018646860495,61.608670849971475,1836.0,68.69004821777344,0.0025674765929579735,0.011978385969996452,0.04919338971376419,0.03444961458444595,0.010044421069324017,0.013519922271370888,6.216831684112549,3.313960075378418,6.2783660888671875,0.7253406047821045
789,29801,50,3,2,plus,8,0.005,0.005,0.015210271812975407,0.015286513604223728,55538.0,70353544.0,1075460.4074613526,156.6390389584242,4668.0,96.0049057006836,0.0020888946019113064,0.04925193637609482,0.033308882266283035,0.021827764809131622,0.023698577657341957,0.018696226179599762,5.5608625411987305,0.15370473265647888,5.821068286895752,0.7542546987533569
789,29801,50,3,7,plus,8,0.005,0.005,0.013987557031214237,0.014057669788599014,152817.0,136606176.0,1920364.5132912397,242.50864064964262,7227.0,89.26822662353516,0.0008241399773396552,0.04868676885962486,0.017292654141783714,0.013185249641537666,0.031820982694625854,0.03805147856473923,3.277904748916626,5.072831630706787,3.0204687118530273,0.4343680143356323
789,29801,51,3,1,plus,9,0.01,0.01,0.0030624063219875097,0.003093183971941471,4321.0,2105275.75,6512.0052064170595,61.608670849971475,1836.0,68.69004821777344,0.0025674765929579735,0.011978385969996452,0.04919338971376419,0.03444961458444595,0.010044421069324017,0.013519922271370888,6.216831684112549,3.313960075378418,6.2783660888671875,0.7253406047821045
789,29801,51,3,2,plus,9,0.01,0.01,0.015210271812975407,0.015363138169050217,55625.0,70018656.0,1075706.286539197,156.73970672125097,4671.0,96.0049057006836,0.0020888946019113064,0.04925193637609482,0.033308882266283035,0.021827764809131622,0.023698577657341957,0.018696226179599762,5.5608625411987305,0.15370473265647888,5.821068286895752,0.7542546987533569
789,29801,51,3,7,plus,9,0.01,0.01,0.013987557031214237,0.014128134585916996,153513.0,137671696.0,1945044.2497594506,242.91131170094962,7239.0,89.26822662353516,0.0008241399773396552,0.04868676885962486,0.017292654141783714,0.013185249641537666,0.031820982694625854,0.03805147856473923,3.277904748916626,5.072831630706787,3.0204687118530273,0.4343680143356323
789,29801,52,3,1,plus,10,0.02,0.02,0.0030624063219875097,0.0031242710538208485,4355.0,1982784.75,6194.757000382408,62.078453743162974,1850.0,68.69004821777344,0.0025674765929579735,0.011978385969996452,0.04919338971376419,0.03444961458444595,0.010044421069324017,0.013519922271370888,6.216831684112549,3.313960075378418,6.2783660888671875,0.7253406047821045
789,29801,52,3,2,plus,10,0.02,0.02,0.015210271812975407,0.015517539344727993,55746.0,70605784.0,1095628.0311853662,156.9745981678467,4678.0,96.0049057006836,0.0020888946019113064,0.04925193637609482,0.033308882266283035,0.021827764809131622,0.023698577657341957,0.018696226179599762,5.5608625411987305,0.15370473265647888,5.821068286895752,0.7542546987533569
789,29801,52,3,7,plus,10,0.02,0.02,0.013987557031214237,0.014270124025642872,153843.0,142340896.0,2031222.2398411334,243.04553538471862,7243.0,89.26822662353516,0.0008241399773396552,0.04868676885962486,0.017292654141783714,0.013185249641537666,0.031820982694625854,0.03805147856473923,3.277904748916626,5.072831630706787,3.0204687118530273,0.4343680143356323
789,29801,53,3,1,plus,11,0.05,0.05,0.0030624063219875097,0.0032194191589951515,4521.0,2182626.5,7026.789571030531,62.950907687661484,1876.0,68.69004821777344,0.0025674765929579735,0.011978385969996452,0.04919338971376419,0.03444961458444595,0.010044421069324017,0.013519922271370888,6.216831684112549,3.313960075378418,6.2783660888671875,0.7253406047821045
789,29801,53,3,2,plus,11,0.05,0.05,0.015210271812975407,0.01599011942744255,56218.0,76290896.0,1219900.5382665992,157.5114929029227,4694.0,96.0049057006836,0.0020888946019113064,0.04925193637609482,0.033308882266283035,0.021827764809131622,0.023698577657341957,0.018696226179599762,5.5608625411987305,0.15370473265647888,5.821068286895752,0.7542546987533569
789,29801,53,3,7,plus,11,0.05,0.05,0.013987557031214237,0.01470471452921629,155323.0,148283984.0,2180473.653974876,244.42132814335088,7284.0,89.26822662353516,0.0008241399773396552,0.04868676885962486,0.017292654141783714,0.013185249641537666,0.031820982694625854,0.03805147856473923,3.277904748916626,5.072831630706787,3.0204687118530273,0.4343680143356323
789,29801,54,3,1,plus,12,0.1,0.1,0.0030624063219875097,0.003384482581168413,4604.0,2491904.0,8433.805681943893,64.19247676252475,1913.0,68.69004821777344,0.0025674765929579735,0.011978385969996452,0.04919338971376419,0.03444961458444595,0.010044421069324017,0.013519922271370888,6.216831684112549,3.313960075378418,6.2783660888671875,0.7253406047821045
789,29801,54,3,2,plus,12,0.1,0.1,0.015210271812975407,0.01680995151400566,57039.0,79204832.0,1331429.385594964,158.3839468474212,4720.0,96.0049057006836,0.0020888946019113064,0.04925193637609482,0.033308882266283035,0.021827764809131622,0.023698577657341957,0.018696226179599762,5.5608625411987305,0.15370473265647888,5.821068286895752,0.7542546987533569
789,29801,54,3,7,plus,12,0.1,0.1,0.013987557031214237,0.015458641573786736,158171.0,159996576.0,2473329.721417129,246.53535116271266,7347.0,89.26822662353516,0.0008241399773396552,0.04868676885962486,0.017292654141783714,0.013185249641537666,0.031820982694625854,0.03805147856473923,3.277904748916626,5.072831630706787,3.0204687118530273,0.4343680143356323
789,29801,55,3,1,center_duplicate,-1,0.0,0.0,0.0030624063219875097,0.0030624063219875097,4384.0,2113571.0,6472.613192369463,61.37377940337572,1829.0,68.69004821777344,0.0025674765929579735,0.011978385969996452,0.04919338971376419,0.03444961458444595,0.010044421069324017,0.013519922271370888,6.216831684112549,3.313960075378418,6.2783660888671875,0.7253406047821045
789,29801,55,3,2,center_duplicate,-1,0.0,0.0,0.015210271812975407,0.015210271812975407,55381.0,70807944.0,1077008.074757941,156.40414751182846,4661.0,96.0049057006836,0.0020888946019113064,0.04925193637609482,0.033308882266283035,0.021827764809131622,0.023698577657341957,0.018696226179599762,5.5608625411987305,0.15370473265647888,5.821068286895752,0.7542546987533569
789,29801,55,3,7,center_duplicate,-1,0.0,0.0,0.013987557031214237,0.013987557031214237,152657.0,138673040.0,1939697.0556918532,242.30730512398912,7221.0,89.26822662353516,0.0008241399773396552,0.04868676885962486,0.017292654141783714,0.013185249641537666,0.031820982694625854,0.03805147856473923,3.277904748916626,5.072831630706787,3.0204687118530273,0.4343680143356323
789,29801,56,4,1,minus,0,-0.1,0.1,0.010890581645071507,0.009854205884039402,114875.0,34849444.0,343413.59612030163,247.6426965538069,7380.0,33.49873733520508,0.0002443856210447848,0.03864887356758118,0.02860582061111927,0.017027685418725014,0.04247899726033211,0.029159093275666237,3.1278157234191895,7.227877616882324,7.630624294281006,0.9706724286079407
789,29801,56,4,2,minus,0,-0.1,0.1,0.011665408499538898,0.010555298067629337,126293.0,133663160.0,1410854.494461231,208.9191637864501,6226.0,38.7281608581543,0.0025844236370176077,0.0295098964124918,0.04058080539107323,0.046412743628025055,0.04167976975440979,0.04483244940638542,0.7273001670837402,9.898069381713867,9.137249946594238,0.9603471159934998
789,29801,56,4,7,minus,0,-0.1,0.1,0.009829248301684856,0.008893871679902077,4147.0,3923.23681640625,34.89276481498473,24.529378208784937,731.0,4.61674165725708,0.003882353426888585,0.021245166659355164,0.026909608393907547,0.019780367612838745,0.019337840378284454,0.011820243671536446,1.170051097869873,1.0662606954574585,7.525685787200928,0.8699729442596436
789,29801,57,4,1,minus,1,-0.05,0.05,0.010890581645071507,0.010359441861510277,117720.0,36731064.0,380513.3220194131,250.09227878259117,7453.0,33.49873733520508,0.0002443856210447848,0.03864887356758118,0.02860582061111927,0.017027685418725014,0.04247899726033211,0.029159093275666237,3.1278157234191895,7.227877616882324,7.630624294281006,0.9706724286079407
789,29801,57,4,2,minus,1,-0.05,0.05,0.011665408499538898,0.011096480302512646,130239.0,136599968.0,1515778.8542358577,211.73786114559914,6310.0,38.7281608581543,0.0025844236370176077,0.0295098964124918,0.04058080539107323,0.046412743628025055,0.04167976975440979,0.04483244940638542,0.7273001670837402,9.898069381713867,9.137249946594238,0.9603471159934998
789,29801,57,4,7,minus,1,-0.05,0.05,0.009829248301684856,0.00934987049549818,4331.0,13819.08203125,129.20662735885344,25.60316767893695,763.0,4.61674165725708,0.003882353426888585,0.021245166659355164,0.026909608393907547,0.019780367612838745,0.019337840378284454,0.011820243671536446,1.170051097869873,1.0662606954574585,7.525685787200928,0.8699729442596436
789,29801,58,4,1,minus,2,-0.02,0.02,0.010890581645071507,0.010674933902919292,119590.0,40940088.0,437032.7333796993,251.60229522499245,7498.0,33.49873733520508,0.0002443856210447848,0.03864887356758118,0.02860582061111927,0.017027685418725014,0.04247899726033211,0.029159093275666237,3.1278157234191895,7.227877616882324,7.630624294281006,0.9706724286079407
789,29801,58,4,2,minus,2,-0.02,0.02,0.011665408499538898,0.011434418149292469,132735.0,144785584.0,1655538.9094455093,213.41565719271165,6360.0,38.7281608581543,0.0025844236370176077,0.0295098964124918,0.04058080539107323,0.046412743628025055,0.04167976975440979,0.04483244940638542,0.7273001670837402,9.898069381713867,9.137249946594238,0.9603471159934998
789,29801,58,4,7,minus,2,-0.02,0.02,0.009829248301684856,0.00963461585342884,4284.0,14602.189453125,140.68648599984954,26.1065064930707,778.0,4.61674165725708,0.003882353426888585,0.021245166659355164,0.026909608393907547,0.019780367612838745,0.019337840378284454,0.011820243671536446,1.170051097869873,1.0662606954574585,7.525685787200928,0.8699729442596436
789,29801,59,4,1,minus,3,-0.01,0.01,0.010890581645071507,0.010782218538224697,120135.0,41569704.0,448213.63309731334,252.00496627629943,7510.0,33.49873733520508,0.0002443856210447848,0.03864887356758118,0.02860582061111927,0.017027685418725014,0.04247899726033211,0.029159093275666237,3.1278157234191895,7.227877616882324,7.630624294281006,0.9706724286079407
789,29801,59,4,2,minus,3,-0.01,0.01,0.011665408499538898,0.011549335904419422,133856.0,147345888.0,1701747.1546469629,214.1203315324989,6381.0,38.7281608581543,0.0025844236370176077,0.0295098964124918,0.04058080539107323,0.046412743628025055,0.04167976975440979,0.04483244940638542,0.7273001670837402,9.898069381713867,9.137249946594238,0.9603471159934998
789,29801,59,4,7,minus,3,-0.01,0.01,0.009829248301684856,0.009731445461511612,4308.0,16085.3505859375,156.53371195634463,26.2407301768397,782.0,4.61674165725708,0.003882353426888585,0.021245166659355164,0.026909608393907547,0.019780367612838745,0.019337840378284454,0.011820243671536446,1.170051097869873,1.0662606954574585,7.525685787200928,0.8699729442596436
789,29801,60,4,1,minus,4,-0.005,0.005,0.010890581645071507,0.010836264118552208,120667.0,41874720.0,453765.5258104205,252.54186101137543,7526.0,33.49873733520508,0.0002443856210447848,0.03864887356758118,0.02860582061111927,0.017027685418725014,0.04247899726033211,0.029159093275666237,3.1278157234191895,7.227877616882324,7.630624294281006,0.9706724286079407
789,29801,60,4,2,minus,4,-0.005,0.005,0.011665408499538898,0.01160722691565752,133851.0,148336032.0,1721769.9831922352,214.22099929532564,6384.0,38.7281608581543,0.0025844236370176077,0.0295098964124918,0.04058080539107323,0.046412743628025055,0.04167976975440979,0.04483244940638542,0.7273001670837402,9.898069381713867,9.137249946594238,0.9603471159934998
789,29801,60,4,7,minus,4,-0.005,0.005,0.009829248301684856,0.009780224412679672,4349.0,12200.2685546875,119.32136435980283,26.408509781550954,787.0,4.61674165725708,0.003882353426888585,0.021245166659355164,0.026909608393907547,0.019780367612838745,0.019337840378284454,0.011820243671536446,1.170051097869873,1.0662606954574585,7.525685787200928,0.8699729442596436
789,29801,61,4,1,minus,5,-0.0025,0.0025,0.010890581645071507,0.010863388888537884,120919.0,42216916.0,458618.7761827372,252.74319653702895,7532.0,33.49873733520508,0.0002443856210447848,0.03864887356758118,0.02860582061111927,0.017027685418725014,0.04247899726033211,0.029159093275666237,3.1278157234191895,7.227877616882324,7.630624294281006,0.9706724286079407
789,29801,61,4,2,minus,5,-0.0025,0.0025,0.011665408499538898,0.0116362813860178,133909.0,150156928.0,1747268.266268015,214.28811113721014,6386.0,38.7281608581543,0.0025844236370176077,0.0295098964124918,0.04058080539107323,0.046412743628025055,0.04167976975440979,0.04483244940638542,0.7273001670837402,9.898069381713867,9.137249946594238,0.9603471159934998
789,29801,61,4,7,minus,5,-0.0025,0.0025,0.009829248301684856,0.00980470608919859,4369.0,12152.345703125,119.150177913476,26.475621623435455,789.0,4.61674165725708,0.003882353426888585,0.021245166659355164,0.026909608393907547,0.019780367612838745,0.019337840378284454,0.011820243671536446,1.170051097869873,1.0662606954574585,7.525685787200928,0.8699729442596436
789,29801,62,4,1,center,6,0.0,0.0,0.010890581645071507,0.010890581645071507,120877.0,42723620.0,465285.0717830099,252.74319653702895,7532.0,33.49873733520508,0.0002443856210447848,0.03864887356758118,0.02860582061111927,0.017027685418725014,0.04247899726033211,0.029159093275666237,3.1278157234191895,7.227877616882324,7.630624294281006,0.9706724286079407
789,29801,62,4,2,center,6,0.0,0.0,0.011665408499538898,0.011665408499538898,134042.0,151501328.0,1767324.8793426305,214.5230025838059,6393.0,38.7281608581543,0.0025844236370176077,0.0295098964124918,0.04058080539107323,0.046412743628025055,0.04167976975440979,0.04483244940638542,0.7273001670837402,9.898069381713867,9.137249946594238,0.9603471159934998
789,29801,62,4,7,center,6,0.0,0.0,0.009829248301684856,0.009829248301684856,4364.0,12749.8896484375,125.32183117357363,26.509177544377703,790.0,4.61674165725708,0.003882353426888585,0.021245166659355164,0.026909608393907547,0.019780367612838745,0.019337840378284454,0.011820243671536446,1.170051097869873,1.0662606954574585,7.525685787200928,0.8699729442596436
789,29801,63,4,1,plus,7,0.0025,0.0025,0.010890581645071507,0.010917842388153076,120833.0,43521128.0,475156.8160586357,252.74319653702895,7532.0,33.49873733520508,0.0002443856210447848,0.03864887356758118,0.02860582061111927,0.017027685418725014,0.04247899726033211,0.029159093275666237,3.1278157234191895,7.227877616882324,7.630624294281006,0.9706724286079407
789,29801,63,4,2,plus,7,0.0025,0.0025,0.011665408499538898,0.011694609187543392,134530.0,151885696.0,1776243.8558980227,214.7243381094594,6399.0,38.7281608581543,0.0025844236370176077,0.0295098964124918,0.04058080539107323,0.046412743628025055,0.04167976975440979,0.04483244940638542,0.7273001670837402,9.898069381713867,9.137249946594238,0.9603471159934998
789,29801,63,4,7,plus,7,0.0025,0.0025,0.009829248301684856,0.009853852912783623,4377.0,12383.130859375,122.02155008803311,26.542733465319955,791.0,4.61674165725708,0.003882353426888585,0.021245166659355164,0.026909608393907547,0.019780367612838745,0.019337840378284454,0.011820243671536446,1.170051097869873,1.0662606954574585,7.525685787200928,0.8699729442596436
789,29801,64,4,1,plus,8,0.005,0.005,0.010890581645071507,0.010945171117782593,120788.0,43170896.0,472512.84402799606,252.7096406160867,7531.0,33.49873733520508,0.0002443856210447848,0.03864887356758118,0.02860582061111927,0.017027685418725014,0.04247899726033211,0.029159093275666237,3.1278157234191895,7.227877616882324,7.630624294281006,0.9706724286079407
789,29801,64,4,2,plus,8,0.005,0.005,0.011665408499538898,0.011723881587386131,135468.0,151361728.0,1774546.9759341478,215.0598973188819,6409.0,38.7281608581543,0.0025844236370176077,0.0295098964124918,0.04058080539107323,0.046412743628025055,0.04167976975440979,0.04483244940638542,0.7273001670837402,9.898069381713867,9.137249946594238,0.9603471159934998
789,29801,64,4,7,plus,8,0.005,0.005,0.009829248301684856,0.009878517128527164,4372.0,11956.93359375,118.11677331052124,26.643401228146704,794.0,4.61674165725708,0.003882353426888585,0.021245166659355164,0.026909608393907547,0.019780367612838745,0.019337840378284454,0.011820243671536446,1.170051097869873,1.0662606954574585,7.525685787200928,0.8699729442596436
789,29801,65,4,1,plus,9,0.01,0.01,0.010890581645071507,0.011000033468008041,120955.0,43444884.0,477895.17801372707,252.9780879836247,7539.0,33.49873733520508,0.0002443856210447848,0.03864887356758118,0.02860582061111927,0.017027685418725014,0.04247899726033211,0.029159093275666237,3.1278157234191895,7.227877616882324,7.630624294281006,0.9706724286079407
789,29801,65,4,2,plus,9,0.01,0.01,0.011665408499538898,0.011782648041844368,135743.0,152432464.0,1796058.073463112,215.29478876547765,6416.0,38.7281608581543,0.0025844236370176077,0.0295098964124918,0.04058080539107323,0.046412743628025055,0.04167976975440979,0.04483244940638542,0.7273001670837402,9.898069381713867,9.137249946594238,0.9603471159934998
789,29801,65,4,7,plus,9,0.01,0.01,0.009829248301684856,0.00992803368717432,4332.0,13408.2275390625,133.11733469311093,26.710513070031205,796.0,4.61674165725708,0.003882353426888585,0.021245166659355164,0.026909608393907547,0.019780367612838745,0.019337840378284454,0.011820243671536446,1.170051097869873,1.0662606954574585,7.525685787200928,0.8699729442596436
789,29801,66,4,1,plus,10,0.02,0.02,0.010890581645071507,0.011110586114227772,121834.0,43394220.0,482135.21816974506,253.61565048152744,7558.0,33.49873733520508,0.0002443856210447848,0.03864887356758118,0.02860582061111927,0.017027685418725014,0.04247899726033211,0.029159093275666237,3.1278157234191895,7.227877616882324,7.630624294281006,0.9706724286079407
789,29801,66,4,2,plus,10,0.02,0.02,0.011665408499538898,0.011901064775884151,136026.0,157434896.0,1873642.8952805847,215.5296802120734,6423.0,38.7281608581543,0.0025844236370176077,0.0295098964124918,0.04058080539107323,0.046412743628025055,0.04167976975440979,0.04483244940638542,0.7273001670837402,9.898069381713867,9.137249946594238,0.9603471159934998
789,29801,66,4,7,plus,10,0.02,0.02,0.009829248301684856,0.010027811862528324,4339.0,11519.7138671875,115.51752337031485,26.878292674742458,801.0,4.61674165725708,0.003882353426888585,0.021245166659355164,0.026909608393907547,0.019780367612838745,0.019337840378284454,0.011820243671536446,1.170051097869873,1.0662606954574585,7.525685787200928,0.8699729442596436
789,29801,67,4,1,plus,11,0.05,0.05,0.010890581645071507,0.011448953300714493,123977.0,43860296.0,502154.48065951467,255.22633468675545,7606.0,33.49873733520508,0.0002443856210447848,0.03864887356758118,0.02860582061111927,0.017027685418725014,0.04247899726033211,0.029159093275666237,3.1278157234191895,7.227877616882324,7.630624294281006,0.9706724286079407
789,29801,67,4,2,plus,11,0.05,0.05,0.011665408499538898,0.012263506650924683,138025.0,167296672.0,2051643.8497495651,217.03969665447468,6468.0,38.7281608581543,0.0025844236370176077,0.0295098964124918,0.04058080539107323,0.046412743628025055,0.04167976975440979,0.04483244940638542,0.7273001670837402,9.898069381713867,9.137249946594238,0.9603471159934998
789,29801,67,4,7,plus,11,0.05,0.05,0.009829248301684856,0.01033320464193821,4378.0,11532.720703125,119.16996310370814,27.31451964699171,814.0,4.61674165725708,0.003882353426888585,0.021245166659355164,0.026909608393907547,0.019780367612838745,0.019337840378284454,0.011820243671536446,1.170051097869873,1.0662606954574585,7.525685787200928,0.8699729442596436
789,29801,68,4,1,plus,12,0.1,0.1,0.010890581645071507,0.012035954743623734,126134.0,47476972.0,571430.6863562912,257.30680178517497,7668.0,33.49873733520508,0.0002443856210447848,0.03864887356758118,0.02860582061111927,0.017027685418725014,0.04247899726033211,0.029159093275666237,3.1278157234191895,7.227877616882324,7.630624294281006,0.9706724286079407
789,29801,68,4,2,plus,12,0.1,0.1,0.011665408499538898,0.01289227046072483,142267.0,180161360.0,2322688.979692012,220.12684138116168,6560.0,38.7281608581543,0.0025844236370176077,0.0295098964124918,0.04058080539107323,0.046412743628025055,0.04167976975440979,0.04483244940638542,0.7273001670837402,9.898069381713867,9.137249946594238,0.9603471159934998
789,29801,68,4,7,plus,12,0.1,0.1,0.009829248301684856,0.010862999595701694,4539.0,19682.845703125,213.8147449153057,28.55608872185497,851.0,4.61674165725708,0.003882353426888585,0.021245166659355164,0.026909608393907547,0.019780367612838745,0.019337840378284454,0.011820243671536446,1.170051097869873,1.0662606954574585,7.525685787200928,0.8699729442596436
789,29801,69,4,1,center_duplicate,-1,0.0,0.0,0.010890581645071507,0.010890581645071507,120877.0,42723620.0,465285.0717830099,252.74319653702895,7532.0,33.49873733520508,0.0002443856210447848,0.03864887356758118,0.02860582061111927,0.017027685418725014,0.04247899726033211,0.029159093275666237,3.1278157234191895,7.227877616882324,7.630624294281006,0.9706724286079407
789,29801,69,4,2,center_duplicate,-1,0.0,0.0,0.011665408499538898,0.011665408499538898,134042.0,151501328.0,1767324.8793426305,214.5230025838059,6393.0,38.7281608581543,0.0025844236370176077,0.0295098964124918,0.04058080539107323,0.046412743628025055,0.04167976975440979,0.04483244940638542,0.7273001670837402,9.898069381713867,9.137249946594238,0.9603471159934998
789,29801,69,4,7,center_duplicate,-1,0.0,0.0,0.009829248301684856,0.009829248301684856,4364.0,12749.8896484375,125.32183117357363,26.509177544377703,790.0,4.61674165725708,0.003882353426888585,0.021245166659355164,0.026909608393907547,0.019780367612838745,0.019337840378284454,0.011820243671536446,1.170051097869873,1.0662606954574585,7.525685787200928,0.8699729442596436
789,29801,70,5,1,minus,0,-0.1,0.1,0.012977655045688152,0.011742668226361275,7055.0,1231109.875,14456.5148123221,88.88963457602094,2649.0,24.337238311767578,0.002409239998087287,0.03230954334139824,0.022391311824321747,0.01260021235793829,0.024699371308088303,0.01829836703836918,7.951542377471924,8.247520446777344,4.818588733673096,0.26707765460014343
789,29801,70,5,2,minus,0,-0.1,0.1,0.004819092340767384,0.004360495135188103,5739.0,966021.9375,4212.333958953735,58.25307875574645,1736.0,31.63585090637207,0.0015944018959999084,0.017833586782217026,0.01037081889808178,0.013387742452323437,0.014229283668100834,0.0478997603058815,6.824490547180176,1.2873531579971313,2.1796975135803223,0.67423015832901
789,29801,70,5,7,minus,0,-0.1,0.1,0.012707182206213474,0.011497934348881245,67960.0,12854676.0,147802.22072413936,163.82000604006575,4882.0,26.436113357543945,0.0015469755744561553,0.037771038711071014,0.013894619420170784,0.02938656508922577,0.021010667085647583,0.04061645269393921,2.290356397628784,4.109940528869629,6.244213104248047,0.661459743976593
789,29801,71,5,1,minus,1,-0.05,0.05,0.012977655045688152,0.012344727292656898,7309.0,1267826.875,15650.977026176406,90.23187141371095,2689.0,24.337238311767578,0.002409239998087287,0.03230954334139824,0.022391311824321747,0.01260021235793829,0.024699371308088303,0.01829836703836918,7.951542377471924,8.247520446777344,4.818588733673096,0.26707765460014343
789,29801,71,5,2,minus,1,-0.05,0.05,0.004819092340767384,0.0045840623788535595,6152.0,1212256.375,5557.058842162893,59.89731888191671,1785.0,31.63585090637207,0.0015944018959999084,0.017833586782217026,0.01037081889808178,0.013387742452323437,0.014229283668100834,0.0478997603058815,6.824490547180176,1.2873531579971313,2.1796975135803223,0.67423015832901
789,29801,71,5,7,minus,1,-0.05,0.05,0.012707182206213474,0.012087445706129074,70666.0,13718741.0,165824.53699394688,167.1084862924063,4980.0,26.436113357543945,0.0015469755744561553,0.037771038711071014,0.013894619420170784,0.02938656508922577,0.021010667085647583,0.04061645269393921,2.290356397628784,4.109940528869629,6.244213104248047,0.661459743976593
789,29801,72,5,1,minus,2,-0.02,0.02,0.012977655045688152,0.012720680795609951,7349.0,1377762.875,17526.081744916853,90.50031878124895,2697.0,24.337238311767578,0.002409239998087287,0.03230954334139824,0.022391311824321747,0.01260021235793829,0.024699371308088303,0.01829836703836918,7.951542377471924,8.247520446777344,4.818588733673096,0.26707765460014343
789,29801,72,5,2,minus,2,-0.02,0.02,0.004819092340767384,0.004723668098449707,6253.0,1143970.25,5403.735775500536,60.601993221703964,1806.0,31.63585090637207,0.0015944018959999084,0.017833586782217026,0.01037081889808178,0.013387742452323437,0.014229283668100834,0.0478997603058815,6.824490547180176,1.2873531579971313,2.1796975135803223,0.67423015832901
789,29801,72,5,7,minus,2,-0.02,0.02,0.012707182206213474,0.012455563060939312,72400.0,14911104.0,185726.19618022442,169.1218415489413,5040.0,26.436113357543945,0.0015469755744561553,0.037771038711071014,0.013894619420170784,0.02938656508922577,0.021010667085647583,0.04061645269393921,2.290356397628784,4.109940528869629,6.244213104248047,0.661459743976593
789,29801,73,5,1,minus,3,-0.01,0.01,0.012977655045688152,0.012848525308072567,7366.0,1426388.375,18326.987135328003,90.7352102278447,2704.0,24.337238311767578,0.002409239998087287,0.03230954334139824,0.022391311824321747,0.01260021235793829,0.024699371308088303,0.01829836703836918,7.951542377471924,8.247520446777344,4.818588733673096,0.26707765460014343
789,29801,73,5,2,minus,3,-0.01,0.01,0.004819092340767384,0.004771141801029444,6324.0,1227660.875,5857.344118200883,60.83688466829972,1813.0,31.63585090637207,0.0015944018959999084,0.017833586782217026,0.01037081889808178,0.013387742452323437,0.014229283668100834,0.0478997603058815,6.824490547180176,1.2873531579971313,2.1796975135803223,0.67423015832901
789,29801,73,5,7,minus,3,-0.01,0.01,0.012707182206213474,0.012580743990838528,72830.0,14935688.0,187902.0670550391,169.6587362840173,5056.0,26.436113357543945,0.0015469755744561553,0.037771038711071014,0.013894619420170784,0.02938656508922577,0.021010667085647583,0.04061645269393921,2.290356397628784,4.109940528869629,6.244213104248047,0.661459743976593
789,29801,74,5,1,minus,4,-0.005,0.005,0.012977655045688152,0.012912928126752377,7335.0,1419315.875,18327.52388303366,91.0036575953827,2712.0,24.337238311767578,0.002409239998087287,0.03230954334139824,0.022391311824321747,0.01260021235793829,0.024699371308088303,0.01829836703836918,7.951542377471924,8.247520446777344,4.818588733673096,0.26707765460014343
789,29801,74,5,2,minus,4,-0.005,0.005,0.004819092340767384,0.004795056767761707,6419.0,1230684.125,5901.200242558145,61.00466427301097,1818.0,31.63585090637207,0.0015944018959999084,0.017833586782217026,0.01037081889808178,0.013387742452323437,0.014229283668100834,0.0478997603058815,6.824490547180176,1.2873531579971313,2.1796975135803223,0.67423015832901
789,29801,74,5,7,minus,4,-0.005,0.005,0.012707182206213474,0.012643804773688316,73115.0,15579636.0,196985.87602912635,169.89362773061305,5063.0,26.436113357543945,0.0015469755744561553,0.037771038711071014,0.013894619420170784,0.02938656508922577,0.021010667085647583,0.04061645269393921,2.290356397628784,4.109940528869629,6.244213104248047,0.661459743976593
789,29801,75,5,1,minus,5,-0.0025,0.0025,0.012977655045688152,0.012945251539349556,7350.0,1434276.5,18567.070069477893,91.03721351632495,2713.0,24.337238311767578,0.002409239998087287,0.03230954334139824,0.022391311824321747,0.01260021235793829,0.024699371308088303,0.01829836703836918,7.951542377471924,8.247520446777344,4.818588733673096,0.26707765460014343
789,29801,75,5,2,minus,5,-0.0025,0.0025,0.004819092340767384,0.004807059653103352,6415.0,1214127.375,5836.382718090783,61.13888795677997,1822.0,31.63585090637207,0.0015944018959999084,0.017833586782217026,0.01037081889808178,0.013387742452323437,0.014229283668100834,0.0478997603058815,6.824490547180176,1.2873531579971313,2.1796975135803223,0.67423015832901
789,29801,75,5,7,minus,5,-0.0025,0.0025,0.012707182206213474,0.012675453908741474,73475.0,15789204.0,200135.32755771652,170.22918694003556,5073.0,26.436113357543945,0.0015469755744561553,0.037771038711071014,0.013894619420170784,0.02938656508922577,0.021010667085647583,0.04061645269393921,2.290356397628784,4.109940528869629,6.244213104248047,0.661459743976593
789,29801,76,5,1,center,6,0.0,0.0,0.012977655045688152,0.012977655045688152,7363.0,1460766.375,18957.32211709034,90.97010167444044,2711.0,24.337238311767578,0.002409239998087287,0.03230954334139824,0.022391311824321747,0.01260021235793829,0.024699371308088303,0.01829836703836918,7.951542377471924,8.247520446777344,4.818588733673096,0.26707765460014343
789,29801,76,5,2,center,6,0.0,0.0,0.004819092340767384,0.004819092340767384,6391.0,1183563.0,5703.699388115667,61.20599979866447,1824.0,31.63585090637207,0.0015944018959999084,0.017833586782217026,0.01037081889808178,0.013387742452323437,0.014229283668100834,0.0478997603058815,6.824490547180176,1.2873531579971313,2.1796975135803223,0.67423015832901
789,29801,76,5,7,center,6,0.0,0.0,0.012707182206213474,0.012707182206213474,73880.0,15789291.0,200637.39764392655,170.5311902285158,5082.0,26.436113357543945,0.0015469755744561553,0.037771038711071014,0.013894619420170784,0.02938656508922577,0.021010667085647583,0.04061645269393921,2.290356397628784,4.109940528869629,6.244213104248047,0.661459743976593
789,29801,77,5,1,plus,7,0.0025,0.0025,0.012977655045688152,0.013010140508413315,7372.0,1485774.0,19330.128503747284,91.0707694372672,2714.0,24.337238311767578,0.002409239998087287,0.03230954334139824,0.022391311824321747,0.01260021235793829,0.024699371308088303,0.01829836703836918,7.951542377471924,8.247520446777344,4.818588733673096,0.26707765460014343
789,29801,77,5,2,plus,7,0.0025,0.0025,0.004819092340767384,0.0048311552964150906,6439.0,1189413.125,5746.239518469374,61.27311164054897,1826.0,31.63585090637207,0.0015944018959999084,0.017833586782217026,0.01037081889808178,0.013387742452323437,0.014229283668100834,0.0478997603058815,6.824490547180176,1.2873531579971313,2.1796975135803223,0.67423015832901
789,29801,77,5,7,plus,7,0.0025,0.0025,0.012707182206213474,0.012738990597426891,74113.0,16128341.0,205458.78435109463,170.83319351699606,5091.0,26.436113357543945,0.0015469755744561553,0.037771038711071014,0.013894619420170784,0.02938656508922577,0.021010667085647583,0.04061645269393921,2.290356397628784,4.109940528869629,6.244213104248047,0.661459743976593
789,29801,78,5,1,plus,8,0.005,0.005,0.012977655045688152,0.013042706064879894,7391.0,1522112.5,19852.465935179498,91.03721351632495,2713.0,24.337238311767578,0.002409239998087287,0.03230954334139824,0.022391311824321747,0.01260021235793829,0.024699371308088303,0.01829836703836918,7.951542377471924,8.247520446777344,4.818588733673096,0.26707765460014343
789,29801,78,5,2,plus,8,0.005,0.005,0.004819092340767384,0.004843248054385185,6444.0,1195914.5,5792.110575336032,61.306667561491224,1827.0,31.63585090637207,0.0015944018959999084,0.017833586782217026,0.01037081889808178,0.013387742452323437,0.014229283668100834,0.0478997603058815,6.824490547180176,1.2873531579971313,2.1796975135803223,0.67423015832901
789,29801,78,5,7,plus,8,0.005,0.005,0.012707182206213474,0.012770877219736576,74057.0,15878844.0,202786.7671153508,170.90030535888056,5093.0,26.436113357543945,0.0015469755744561553,0.037771038711071014,0.013894619420170784,0.02938656508922577,0.021010667085647583,0.04061645269393921,2.290356397628784,4.109940528869629,6.244213104248047,0.661459743976593
789,29801,79,5,1,plus,9,0.01,0.01,0.012977655045688152,0.013108083046972752,7348.0,1506313.125,19744.877537245047,91.0036575953827,2712.0,24.337238311767578,0.002409239998087287,0.03230954334139824,0.022391311824321747,0.01260021235793829,0.024699371308088303,0.01829836703836918,7.951542377471924,8.247520446777344,4.818588733673096,0.26707765460014343
789,29801,79,5,2,plus,9,0.01,0.01,0.004819092340767384,0.004867525305598974,6452.0,1225125.25,5963.32815690327,61.17244387772222,1823.0,31.63585090637207,0.0015944018959999084,0.017833586782217026,0.01037081889808178,0.013387742452323437,0.014229283668100834,0.0478997603058815,6.824490547180176,1.2873531579971313,2.1796975135803223,0.67423015832901
789,29801,79,5,7,plus,9,0.01,0.01,0.012707182206213474,0.012834891676902771,74292.0,15939695.0,204584.2586878687,171.2694204892453,5104.0,26.436113357543945,0.0015469755744561553,0.037771038711071014,0.013894619420170784,0.02938656508922577,0.021010667085647583,0.04061645269393921,2.290356397628784,4.109940528869629,6.244213104248047,0.661459743976593
789,29801,80,5,1,plus,10,0.02,0.02,0.012977655045688152,0.01323982048779726,7524.0,1441332.875,19082.988528160728,91.57410825140096,2729.0,24.337238311767578,0.002409239998087287,0.03230954334139824,0.022391311824321747,0.01260021235793829,0.024699371308088303,0.01829836703836918,7.951542377471924,8.247520446777344,4.818588733673096,0.26707765460014343
789,29801,80,5,2,plus,10,0.02,0.02,0.004819092340767384,0.004916444420814514,6685.0,1188748.875,5844.41777424328,61.608670849971475,1836.0,31.63585090637207,0.0015944018959999084,0.017833586782217026,0.01037081889808178,0.013387742452323437,0.014229283668100834,0.0478997603058815,6.824490547180176,1.2873531579971313,2.1796975135803223,0.67423015832901
789,29801,80,5,7,plus,10,0.02,0.02,0.012707182206213474,0.012963884510099888,74847.0,16091822.0,208612.5219650846,171.63853561961008,5115.0,26.436113357543945,0.0015469755744561553,0.037771038711071014,0.013894619420170784,0.02938656508922577,0.021010667085647583,0.04061645269393921,2.290356397628784,4.109940528869629,6.244213104248047,0.661459743976593
789,29801,81,5,1,plus,11,0.05,0.05,0.012977655045688152,0.013643033802509308,7576.0,1413556.625,19285.200816635974,92.17811482836146,2747.0,24.337238311767578,0.002409239998087287,0.03230954334139824,0.022391311824321747,0.01260021235793829,0.024699371308088303,0.01829836703836918,7.951542377471924,8.247520446777344,4.818588733673096,0.26707765460014343
789,29801,81,5,2,plus,11,0.05,0.05,0.004819092340767384,0.00506617221981287,6712.0,1168985.0,5922.279332377948,62.31334518975873,1857.0,31.63585090637207,0.0015944018959999084,0.017833586782217026,0.01037081889808178,0.013387742452323437,0.014229283668100834,0.0478997603058815,6.824490547180176,1.2873531579971313,2.1796975135803223,0.67423015832901
789,29801,81,5,7,plus,11,0.05,0.05,0.012707182206213474,0.013358693569898605,77028.0,17256828.0,230528.6772404462,174.08811784839435,5188.0,26.436113357543945,0.0015469755744561553,0.037771038711071014,0.013894619420170784,0.02938656508922577,0.021010667085647583,0.04061645269393921,2.290356397628784,4.109940528869629,6.244213104248047,0.661459743976593
789,29801,82,5,1,plus,12,0.1,0.1,0.012977655045688152,0.014342527836561203,7960.0,1532848.625,21984.924073297065,93.25190429851347,2779.0,24.337238311767578,0.002409239998087287,0.03230954334139824,0.022391311824321747,0.01260021235793829,0.024699371308088303,0.01829836703836918,7.951542377471924,8.247520446777344,4.818588733673096,0.26707765460014343
789,29801,82,5,2,plus,12,0.1,0.1,0.004819092340767384,0.005325920879840851,6908.0,1388587.25,7395.5058282557875,63.45424650179524,1891.0,31.63585090637207,0.0015944018959999084,0.017833586782217026,0.01037081889808178,0.013387742452323437,0.014229283668100834,0.0478997603058815,6.824490547180176,1.2873531579971313,2.1796975135803223,0.67423015832901
789,29801,82,5,7,plus,12,0.1,0.1,0.012707182206213474,0.01404360868036747,79855.0,18206890.0,255690.43844649568,177.3430421797926,5285.0,26.436113357543945,0.0015469755744561553,0.037771038711071014,0.013894619420170784,0.02938656508922577,0.021010667085647583,0.04061645269393921,2.290356397628784,4.109940528869629,6.244213104248047,0.661459743976593
789,29801,83,5,1,center_duplicate,-1,0.0,0.0,0.012977655045688152,0.012977655045688152,7363.0,1460766.375,18957.32211709034,90.97010167444044,2711.0,24.337238311767578,0.002409239998087287,0.03230954334139824,0.022391311824321747,0.01260021235793829,0.024699371308088303,0.01829836703836918,7.951542377471924,8.247520446777344,4.818588733673096,0.26707765460014343
789,29801,83,5,2,center_duplicate,-1,0.0,0.0,0.004819092340767384,0.004819092340767384,6391.0,1183563.0,5703.699388115667,61.20599979866447,1824.0,31.63585090637207,0.0015944018959999084,0.017833586782217026,0.01037081889808178,0.013387742452323437,0.014229283668100834,0.0478997603058815,6.824490547180176,1.2873531579971313,2.1796975135803223,0.67423015832901
789,29801,83,5,7,center_duplicate,-1,0.0,0.0,0.012707182206213474,0.012707182206213474,73880.0,15789291.0,200637.39764392655,170.5311902285158,5082.0,26.436113357543945,0.0015469755744561553,0.037771038711071014,0.013894619420170784,0.02938656508922577,0.021010667085647583,0.04061645269393921,2.290356397628784,4.109940528869629,6.244213104248047,0.661459743976593
789,29801,84,6,1,minus,0,-0.1,0.1,0.018187135457992554,0.016456400975584984,8716.0,16765091.0,275893.05988817103,83.72202275091439,2495.0,96.47991180419922,0.004879876971244812,0.02411128394305706,0.015877479687333107,0.0440637469291687,0.04745238646864891,0.024348696693778038,1.7147413492202759,2.418577194213867,1.9084950685501099,0.6177399754524231
789,29801,84,6,2,minus,0,-0.1,0.1,0.016054220497608185,0.014526459388434887,19377.0,57024908.0,828370.0101912357,99.92953256602127,2978.0,71.22661590576172,0.003998503088951111,0.03332260996103287,0.04898757115006447,0.019731642678380013,0.017863517627120018,0.013543943874537945,8.574448585510254,3.511550188064575,4.462161540985107,0.47644639015197754
789,29801,84,6,7,minus,0,-0.1,0.1,0.01834116317331791,0.01659577153623104,29305.0,7740970.5,128467.37788670417,108.28495688064159,3227.0,18.03076934814453,0.0031880333553999662,0.013988914899528027,0.049588657915592194,0.04881652444601059,0.03754022717475891,0.029685191810131073,5.470731735229492,2.148503541946411,4.848639011383057,0.7454955577850342
789,29801,85,6,1,minus,1,-0.05,0.05,0.018187135457992554,0.017300138249993324,9224.0,19725128.0,341247.4413988143,84.42669709070165,2516.0,96.47991180419922,0.004879876971244812,0.02411128394305706,0.015877479687333107,0.0440637469291687,0.04745238646864891,0.024348696693778038,1.7147413492202759,2.418577194213867,1.9084950685501099,0.6177399754524231
789,29801,85,6,2,minus,1,-0.05,0.05,0.016054220497608185,0.015271247364580631,19471.0,61635224.0,941246.7520753369,100.46642730109727,2994.0,71.22661590576172,0.003998503088951111,0.03332260996103287,0.04898757115006447,0.019731642678380013,0.017863517627120018,0.013543943874537945,8.574448585510254,3.511550188064575,4.462161540985107,0.47644639015197754
789,29801,85,6,7,minus,1,-0.05,0.05,0.01834116317331791,0.01744665391743183,29766.0,8680318.0,151442.50403925404,109.39230227173584,3260.0,18.03076934814453,0.0031880333553999662,0.013988914899528027,0.049588657915592194,0.04881652444601059,0.03754022717475891,0.029685191810131073,5.470731735229492,2.148503541946411,4.848639011383057,0.7454955577850342
789,29801,86,6,1,minus,2,-0.02,0.02,0.018187135457992554,0.017827006056904793,9418.0,21871728.0,389907.42753097415,84.9971477467199,2533.0,96.47991180419922,0.004879876971244812,0.02411128394305706,0.015877479687333107,0.0440637469291687,0.04745238646864891,0.024348696693778038,1.7147413492202759,2.418577194213867,1.9084950685501099,0.6177399754524231
789,29801,86,6,2,minus,2,-0.02,0.02,0.016054220497608185,0.015736326575279236,19589.0,65741660.0,1034532.2313609719,100.80198651051977,3004.0,71.22661590576172,0.003998503088951111,0.03332260996103287,0.04898757115006447,0.019731642678380013,0.017863517627120018,0.013543943874537945,8.574448585510254,3.511550188064575,4.462161540985107,0.47644639015197754
789,29801,86,6,7,minus,2,-0.02,0.02,0.01834116317331791,0.017977984622120857,30424.0,9155250.0,164592.94371167198,110.19764437434985,3284.0,18.03076934814453,0.0031880333553999662,0.013988914899528027,0.049588657915592194,0.04881652444601059,0.03754022717475891,0.029685191810131073,5.470731735229492,2.148503541946411,4.848639011383057,0.7454955577850342
789,29801,87,6,1,minus,3,-0.01,0.01,0.018187135457992554,0.01800617016851902,9409.0,20812532.0,374753.9928297475,85.16492735143116,2538.0,96.47991180419922,0.004879876971244812,0.02411128394305706,0.015877479687333107,0.0440637469291687,0.04745238646864891,0.024348696693778038,1.7147413492202759,2.418577194213867,1.9084950685501099,0.6177399754524231
789,29801,87,6,2,minus,3,-0.01,0.01,0.016054220497608185,0.01589447818696499,19692.0,65602652.0,1042719.9212210551,101.03687795711552,3011.0,71.22661590576172,0.003998503088951111,0.03332260996103287,0.04898757115006447,0.019731642678380013,0.017863517627120018,0.013543943874537945,8.574448585510254,3.511550188064575,4.462161540985107,0.47644639015197754
789,29801,87,6,7,minus,3,-0.01,0.01,0.01834116317331791,0.01815866492688656,30842.0,9370922.0,170163.43265398964,110.80165095131035,3302.0,18.03076934814453,0.0031880333553999662,0.013988914899528027,0.049588657915592194,0.04881652444601059,0.03754022717475891,0.029685191810131073,5.470731735229492,2.148503541946411,4.848639011383057,0.7454955577850342
789,29801,88,6,1,minus,4,-0.005,0.005,0.018187135457992554,0.018096426501870155,9176.0,21351016.0,386377.0917842537,84.9971477467199,2533.0,96.47991180419922,0.004879876971244812,0.02411128394305706,0.015877479687333107,0.0440637469291687,0.04745238646864891,0.024348696693778038,1.7147413492202759,2.418577194213867,1.9084950685501099,0.6177399754524231
789,29801,88,6,2,minus,4,-0.005,0.005,0.016054220497608185,0.015974149107933044,19733.0,67206728.0,1073570.2941282988,101.13754571994228,3014.0,71.22661590576172,0.003998503088951111,0.03332260996103287,0.04898757115006447,0.019731642678380013,0.017863517627120018,0.013543943874537945,8.574448585510254,3.511550188064575,4.462161540985107,0.47644639015197754
789,29801,88,6,7,minus,4,-0.005,0.005,0.01834116317331791,0.018249686807394028,30964.0,9386223.0,171295.6300543584,111.07009831884835,3310.0,18.03076934814453,0.0031880333553999662,0.013988914899528027,0.049588657915592194,0.04881652444601059,0.03754022717475891,0.029685191810131073,5.470731735229492,2.148503541946411,4.848639011383057,0.7454955577850342
789,29801,89,6,1,minus,5,-0.0025,0.0025,0.018187135457992554,0.018141724169254303,9303.0,21873208.0,396817.7062327266,85.16492735143116,2538.0,96.47991180419922,0.004879876971244812,0.02411128394305706,0.015877479687333107,0.0440637469291687,0.04745238646864891,0.024348696693778038,1.7147413492202759,2.418577194213867,1.9084950685501099,0.6177399754524231
789,29801,89,6,2,minus,5,-0.0025,0.0025,0.016054220497608185,0.016014134511351585,19794.0,68555152.0,1097851.4255741537,101.17110164088453,3015.0,71.22661590576172,0.003998503088951111,0.03332260996103287,0.04898757115006447,0.019731642678380013,0.017863517627120018,0.013543943874537945,8.574448585510254,3.511550188064575,4.462161540985107,0.47644639015197754
789,29801,89,6,7,minus,5,-0.0025,0.0025,0.01834116317331791,0.018295366317033768,30904.0,9460879.0,173090.24698613212,111.00298647696386,3308.0,18.03076934814453,0.0031880333553999662,0.013988914899528027,0.049588657915592194,0.04881652444601059,0.03754022717475891,0.029685191810131073,5.470731735229492,2.148503541946411,4.848639011383057,0.7454955577850342
789,29801,90,6,1,center,6,0.0,0.0,0.018187135457992554,0.018187135457992554,9190.0,22347588.0,406438.6101154089,84.9300359048354,2531.0,96.47991180419922,0.004879876971244812,0.02411128394305706,0.015877479687333107,0.0440637469291687,0.04745238646864891,0.024348696693778038,1.7147413492202759,2.418577194213867,1.9084950685501099,0.6177399754524231
789,29801,90,6,2,center,6,0.0,0.0,0.016054220497608185,0.016054220497608185,19868.0,69006064.0,1107838.5671280622,101.23821348276903,3017.0,71.22661590576172,0.003998503088951111,0.03332260996103287,0.04898757115006447,0.019731642678380013,0.017863517627120018,0.013543943874537945,8.574448585510254,3.511550188064575,4.462161540985107,0.47644639015197754
789,29801,90,6,7,center,6,0.0,0.0,0.01834116317331791,0.01834116317331791,30957.0,9648765.0,176969.57328599878,111.0365423979061,3309.0,18.03076934814453,0.0031880333553999662,0.013988914899528027,0.049588657915592194,0.04881652444601059,0.03754022717475891,0.029685191810131073,5.470731735229492,2.148503541946411,4.848639011383057,0.7454955577850342
789,29801,91,6,1,plus,7,0.0025,0.0025,0.018187135457992554,0.018232660368084908,9369.0,22350426.0,407507.7263400145,84.96359182577766,2532.0,96.47991180419922,0.004879876971244812,0.02411128394305706,0.015877479687333107,0.0440637469291687,0.04745238646864891,0.024348696693778038,1.7147413492202759,2.418577194213867,1.9084950685501099,0.6177399754524231
789,29801,91,6,2,plus,7,0.0025,0.0025,0.016054220497608185,0.016094407066702843,19749.0,69528392.0,1119018.2435412854,101.07043387805777,3012.0,71.22661590576172,0.003998503088951111,0.03332260996103287,0.04898757115006447,0.019731642678380013,0.017863517627120018,0.013543943874537945,8.574448585510254,3.511550188064575,4.462161540985107,0.47644639015197754
789,29801,91,6,7,plus,7,0.0025,0.0025,0.01834116317331791,0.018387073650956154,30857.0,9588059.0,176296.347002713,110.9023187141371,3305.0,18.03076934814453,0.0031880333553999662,0.013988914899528027,0.049588657915592194,0.04881652444601059,0.03754022717475891,0.029685191810131073,5.470731735229492,2.148503541946411,4.848639011383057,0.7454955577850342
789,29801,92,6,1,plus,8,0.005,0.005,0.018187135457992554,0.018278298899531364,9483.0,22777654.0,416336.7680421062,85.09781550954665,2536.0,96.47991180419922,0.004879876971244812,0.02411128394305706,0.015877479687333107,0.0440637469291687,0.04745238646864891,0.024348696693778038,1.7147413492202759,2.418577194213867,1.9084950685501099,0.6177399754524231
789,29801,92,6,2,plus,8,0.005,0.005,0.016054220497608185,0.01613469235599041,19786.0,68343264.0,1102697.5392442346,101.10398979900003,3013.0,71.22661590576172,0.003998503088951111,0.03332260996103287,0.04898757115006447,0.019731642678380013,0.017863517627120018,0.013543943874537945,8.574448585510254,3.511550188064575,4.462161540985107,0.47644639015197754
789,29801,92,6,7,plus,8,0.005,0.005,0.01834116317331791,0.0184330977499485,31011.0,9722103.0,179208.47493406758,111.1036542397906,3311.0,18.03076934814453,0.0031880333553999662,0.013988914899528027,0.049588657915592194,0.04881652444601059,0.03754022717475891,0.029685191810131073,5.470731735229492,2.148503541946411,4.848639011383057,0.7454955577850342
789,29801,93,6,1,plus,9,0.01,0.01,0.018187135457992554,0.018369918689131737,9441.0,22207824.0,407955.9211425483,85.16492735143116,2538.0,96.47991180419922,0.004879876971244812,0.02411128394305706,0.015877479687333107,0.0440637469291687,0.04745238646864891,0.024348696693778038,1.7147413492202759,2.418577194213867,1.9084950685501099,0.6177399754524231
789,29801,93,6,2,plus,9,0.01,0.01,0.016054220497608185,0.016215568408370018,19843.0,69677136.0,1129854.3653073013,101.07043387805777,3012.0,71.22661590576172,0.003998503088951111,0.03332260996103287,0.04898757115006447,0.019731642678380013,0.017863517627120018,0.013543943874537945,8.574448585510254,3.511550188064575,4.462161540985107,0.47644639015197754
789,29801,93,6,7,plus,9,0.01,0.01,0.01834116317331791,0.018525494262576103,31032.0,9697172.0,179644.90424921364,111.07009831884835,3310.0,18.03076934814453,0.0031880333553999662,0.013988914899528027,0.049588657915592194,0.04881652444601059,0.03754022717475891,0.029685191810131073,5.470731735229492,2.148503541946411,4.848639011383057,0.7454955577850342
789,29801,94,6,1,plus,10,0.02,0.02,0.018187135457992554,0.01855454035103321,9236.0,22239272.0,412639.46970160306,85.19848327237341,2539.0,96.47991180419922,0.004879876971244812,0.02411128394305706,0.015877479687333107,0.0440637469291687,0.04745238646864891,0.024348696693778038,1.7147413492202759,2.418577194213867,1.9084950685501099,0.6177399754524231
789,29801,94,6,2,plus,10,0.02,0.02,0.016054220497608185,0.016378536820411682,19972.0,71323104.0,1168168.0850100517,101.37243716653803,3021.0,71.22661590576172,0.003998503088951111,0.03332260996103287,0.04898757115006447,0.019731642678380013,0.017863517627120018,0.013543943874537945,8.574448585510254,3.511550188064575,4.462161540985107,0.47644639015197754
789,29801,94,6,7,plus,10,0.02,0.02,0.01834116317331791,0.018711678683757782,31159.0,9727670.0,182021.03538163006,111.57343713298211,3325.0,18.03076934814453,0.0031880333553999662,0.013988914899528027,0.049588657915592194,0.04881652444601059,0.03754022717475891,0.029685191810131073,5.470731735229492,2.148503541946411,4.848639011383057,0.7454955577850342
789,29801,95,6,1,plus,11,0.05,0.05,0.018187135457992554,0.019119609147310257,9246.0,24745624.0,473126.65898630023,85.3327069561424,2543.0,96.47991180419922,0.004879876971244812,0.02411128394305706,0.015877479687333107,0.0440637469291687,0.04745238646864891,0.024348696693778038,1.7147413492202759,2.418577194213867,1.9084950685501099,0.6177399754524231
789,29801,95,6,2,plus,11,0.05,0.05,0.016054220497608185,0.01687733829021454,20079.0,74979648.0,1265456.884177208,101.67444045501828,3030.0,71.22661590576172,0.003998503088951111,0.03332260996103287,0.04898757115006447,0.019731642678380013,0.017863517627120018,0.013543943874537945,8.574448585510254,3.511550188064575,4.462161540985107,0.47644639015197754
789,29801,95,6,7,plus,11,0.05,0.05,0.01834116317331791,0.019281534478068352,31501.0,9944258.0,191740.55348580703,112.31166739371162,3347.0,18.03076934814453,0.0031880333553999662,0.013988914899528027,0.049588657915592194,0.04881652444601059,0.03754022717475891,0.029685191810131073,5.470731735229492,2.148503541946411,4.848639011383057,0.7454955577850342
789,29801,96,6,1,plus,12,0.1,0.1,0.018187135457992554,0.02009989321231842,9216.0,26082704.0,524259.5650885105,85.80248984933391,2557.0,96.47991180419922,0.004879876971244812,0.02411128394305706,0.015877479687333107,0.0440637469291687,0.04745238646864891,0.024348696693778038,1.7147413492202759,2.418577194213867,1.9084950685501099,0.6177399754524231
789,29801,96,6,2,plus,12,0.1,0.1,0.016054220497608185,0.017742658033967018,20226.0,85021144.0,1508501.0836486667,102.04355558538303,3041.0,71.22661590576172,0.003998503088951111,0.03332260996103287,0.04898757115006447,0.019731642678380013,0.017863517627120018,0.013543943874537945,8.574448585510254,3.511550188064575,4.462161540985107,0.47644639015197754
789,29801,96,6,7,plus,12,0.1,0.1,0.01834116317331791,0.020270120352506638,32793.0,10538058.0,213607.7039416954,114.39213449213113,3409.0,18.03076934814453,0.0031880333553999662,0.013988914899528027,0.049588657915592194,0.04881652444601059,0.03754022717475891,0.029685191810131073,5.470731735229492,2.148503541946411,4.848639011383057,0.7454955577850342
789,29801,97,6,1,center_duplicate,-1,0.0,0.0,0.018187135457992554,0.018187135457992554,9190.0,22347588.0,406438.6101154089,84.9300359048354,2531.0,96.47991180419922,0.004879876971244812,0.02411128394305706,0.015877479687333107,0.0440637469291687,0.04745238646864891,0.024348696693778038,1.7147413492202759,2.418577194213867,1.9084950685501099,0.6177399754524231
789,29801,97,6,2,center_duplicate,-1,0.0,0.0,0.016054220497608185,0.016054220497608185,19868.0,69006064.0,1107838.5671280622,101.23821348276903,3017.0,71.22661590576172,0.003998503088951111,0.03332260996103287,0.04898757115006447,0.019731642678380013,0.017863517627120018,0.013543943874537945,8.574448585510254,3.511550188064575,4.462161540985107,0.47644639015197754
789,29801,97,6,7,center_duplicate,-1,0.0,0.0,0.01834116317331791,0.01834116317331791,30957.0,9648765.0,176969.57328599878,111.0365423979061,3309.0,18.03076934814453,0.0031880333553999662,0.013988914899528027,0.049588657915592194,0.04881652444601059,0.03754022717475891,0.029685191810131073,5.470731735229492,2.148503541946411,4.848639011383057,0.7454955577850342
789,29801,98,7,1,minus,0,-0.1,0.1,0.005644886288791895,0.005107704550027847,8613.0,6128011.5,31300.072221172974,92.51367403778396,2757.0,52.32191848754883,0.001907689031213522,0.028657300397753716,0.013177522458136082,0.02046092227101326,0.031077144667506218,0.049670636653900146,6.481612205505371,0.2743898928165436,1.009099006652832,0.3861621022224426
789,29801,98,7,2,minus,0,-0.1,0.1,0.01847972720861435,0.016721148043870926,1361.0,167.8201446533203,2.8061454834920028,20.133552565350154,600.0,1.9274224042892456,0.0006420366116799414,0.020790288224816322,0.027660297229886055,0.02674812823534012,0.03037550114095211,0.03694647178053856,4.407487869262695,6.496186256408691,3.348017930984497,0.552773118019104
789,29801,98,7,7,minus,0,-0.1,0.1,0.006495960056781769,0.005877787712961435,11934.0,5824662.5,34236.129674647236,72.88346028656755,2172.0,81.40618896484375,0.0025993387680500746,0.016788994893431664,0.04067101329565048,0.03674013912677765,0.012556415051221848,0.04945344105362892,7.4825053215026855,6.3737263679504395,0.6165230870246887,0.23225137591362
789,29801,99,7,1,minus,1,-0.05,0.05,0.005644886288791895,0.005369582213461399,8802.0,6590971.0,35390.76065103989,93.45323982416697,2785.0,52.32191848754883,0.001907689031213522,0.028657300397753716,0.013177522458136082,0.02046092227101326,0.031077144667506218,0.049670636653900146,6.481612205505371,0.2743898928165436,1.009099006652832,0.3861621022224426
789,29801,99,7,2,minus,1,-0.05,0.05,0.01847972720861435,0.01757846027612686,1331.0,242.3973388671875,4.260971992315717,21.07311835173316,628.0,1.9274224042892456,0.0006420366116799414,0.020790288224816322,0.027660297229886055,0.02674812823534012,0.03037550114095211,0.03694647178053856,4.407487869262695,6.496186256408691,3.348017930984497,0.552773118019104
789,29801,99,7,7,minus,1,-0.05,0.05,0.006495960056781769,0.006179148331284523,12022.0,6361721.0,39310.01770124771,73.68880238918156,2196.0,81.40618896484375,0.0025993387680500746,0.016788994893431664,0.04067101329565048,0.03674013912677765,0.012556415051221848,0.04945344105362892,7.4825053215026855,6.3737263679504395,0.6165230870246887,0.23225137591362
789,29801,100,7,1,minus,2,-0.02,0.02,0.005644886288791895,0.00553310988470912,8717.0,6754319.0,37372.38922337862,94.15791416395422,2806.0,52.32191848754883,0.001907689031213522,0.028657300397753716,0.013177522458136082,0.02046092227101326,0.031077144667506218,0.049670636653900146,6.481612205505371,0.2743898928165436,1.009099006652832,0.3861621022224426
789,29801,100,7,2,minus,2,-0.02,0.02,0.01847972720861435,0.01811380498111248,1353.0,238.24734497070312,4.315565944067146,21.677124928693665,646.0,1.9274224042892456,0.0006420366116799414,0.020790288224816322,0.027660297229886055,0.02674812823534012,0.03037550114095211,0.03694647178053856,4.407487869262695,6.496186256408691,3.348017930984497,0.552773118019104
789,29801,100,7,7,minus,2,-0.02,0.02,0.006495960056781769,0.006367331370711327,12226.0,6270782.5,39928.1501311576,74.49414449179557,2220.0,81.40618896484375,0.0025993387680500746,0.016788994893431664,0.04067101329565048,0.03674013912677765,0.012556415051221848,0.04945344105362892,7.4825053215026855,6.3737263679504395,0.6165230870246887,0.23225137591362
789,29801,101,7,1,minus,3,-0.01,0.01,0.005644886288791895,0.005588718689978123,8789.0,7183980.0,40149.243294429034,94.42636153149222,2814.0,52.32191848754883,0.001907689031213522,0.028657300397753716,0.013177522458136082,0.02046092227101326,0.031077144667506218,0.049670636653900146,6.481612205505371,0.2743898928165436,1.009099006652832,0.3861621022224426
789,29801,101,7,2,minus,3,-0.01,0.01,0.01847972720861435,0.018295850604772568,1367.0,238.2732696533203,4.3594121446878376,21.744236770578166,648.0,1.9274224042892456,0.0006420366116799414,0.020790288224816322,0.027660297229886055,0.02674812823534012,0.03037550114095211,0.03694647178053856,4.407487869262695,6.496186256408691,3.348017930984497,0.552773118019104
789,29801,101,7,7,minus,3,-0.01,0.01,0.006495960056781769,0.006431324407458305,12330.0,6787254.5,43651.03552548122,74.62836817556457,2224.0,81.40618896484375,0.0025993387680500746,0.016788994893431664,0.04067101329565048,0.03674013912677765,0.012556415051221848,0.04945344105362892,7.4825053215026855,6.3737263679504395,0.6165230870246887,0.23225137591362
789,29801,102,7,1,minus,4,-0.005,0.005,0.005644886288791895,0.005616732407361269,8875.0,6875169.0,38615.98452838557,94.62769705714572,2820.0,52.32191848754883,0.001907689031213522,0.028657300397753716,0.013177522458136082,0.02046092227101326,0.031077144667506218,0.049670636653900146,6.481612205505371,0.2743898928165436,1.009099006652832,0.3861621022224426
789,29801,102,7,2,minus,4,-0.005,0.005,0.01847972720861435,0.018387557938694954,1381.0,237.0804901123047,4.359331248074199,21.878460454347167,652.0,1.9274224042892456,0.0006420366116799414,0.020790288224816322,0.027660297229886055,0.02674812823534012,0.03037550114095211,0.03694647178053856,4.407487869262695,6.496186256408691,3.348017930984497,0.552773118019104
789,29801,102,7,7,minus,4,-0.005,0.005,0.006495960056781769,0.0064635612070560455,12395.0,6706932.0,43350.66549356282,74.86325962216033,2231.0,81.40618896484375,0.0025993387680500746,0.016788994893431664,0.04067101329565048,0.03674013912677765,0.012556415051221848,0.04945344105362892,7.4825053215026855,6.3737263679504395,0.6165230870246887,0.23225137591362
789,29801,103,7,1,minus,5,-0.0025,0.0025,0.005644886288791895,0.005630791652947664,8910.0,7211983.5,40609.17649299628,94.66125297808797,2821.0,52.32191848754883,0.001907689031213522,0.028657300397753716,0.013177522458136082,0.02046092227101326,0.031077144667506218,0.049670636653900146,6.481612205505371,0.2743898928165436,1.009099006652832,0.3861621022224426
789,29801,103,7,2,minus,5,-0.0025,0.0025,0.01847972720861435,0.0184335857629776,1389.0,237.1414337158203,4.3713669563560416,21.945572296231667,654.0,1.9274224042892456,0.0006420366116799414,0.020790288224816322,0.027660297229886055,0.02674812823534012,0.03037550114095211,0.03694647178053856,4.407487869262695,6.496186256408691,3.348017930984497,0.552773118019104
789,29801,103,7,7,minus,5,-0.0025,0.0025,0.006495960056781769,0.006479740142822266,12491.0,6599111.0,42760.524453639984,74.93037146404482,2233.0,81.40618896484375,0.0025993387680500746,0.016788994893431664,0.04067101329565048,0.03674013912677765,0.012556415051221848,0.04945344105362892,7.4825053215026855,6.3737263679504395,0.6165230870246887,0.23225137591362
789,29801,104,7,1,center,6,0.0,0.0,0.005644886288791895,0.005644886288791895,9005.0,7438264.0,41988.154466014355,94.89614442468373,2828.0,52.32191848754883,0.001907689031213522,0.028657300397753716,0.013177522458136082,0.02046092227101326,0.031077144667506218,0.049670636653900146,6.481612205505371,0.2743898928165436,1.009099006652832,0.3861621022224426
789,29801,104,7,2,center,6,0.0,0.0,0.01847972720861435,0.01847972720861435,1385.0,277.9400939941406,5.13625711734835,22.14690782188517,660.0,1.9274224042892456,0.0006420366116799414,0.020790288224816322,0.027660297229886055,0.02674812823534012,0.03037550114095211,0.03694647178053856,4.407487869262695,6.496186256408691,3.348017930984497,0.552773118019104
789,29801,104,7,7,center,6,0.0,0.0,0.006495960056781769,0.006495960056781769,12548.0,6527290.0,42401.01511903107,74.96392738498707,2234.0,81.40618896484375,0.0025993387680500746,0.016788994893431664,0.04067101329565048,0.03674013912677765,0.012556415051221848,0.04945344105362892,7.4825053215026855,6.3737263679504395,0.6165230870246887,0.23225137591362
789,29801,105,7,1,plus,7,0.0025,0.0025,0.005644886288791895,0.005659016314893961,8968.0,7423852.5,42011.70241686632,94.99681218751049,2831.0,52.32191848754883,0.001907689031213522,0.028657300397753716,0.013177522458136082,0.02046092227101326,0.031077144667506218,0.049670636653900146,6.481612205505371,0.2743898928165436,1.009099006652832,0.3861621022224426
789,29801,105,7,2,plus,7,0.0025,0.0025,0.01847972720861435,0.01852598413825035,1373.0,278.10528564453125,5.152174110614169,22.21401966376967,662.0,1.9274224042892456,0.0006420366116799414,0.020790288224816322,0.027660297229886055,0.02674812823534012,0.03037550114095211,0.03694647178053856,4.407487869262695,6.496186256408691,3.348017930984497,0.552773118019104
789,29801,105,7,7,plus,7,0.0025,0.0025,0.006495960056781769,0.006512220483273268,12607.0,6471757.5,42145.511754277395,74.93037146404482,2233.0,81.40618896484375,0.0025993387680500746,0.016788994893431664,0.04067101329565048,0.03674013912677765,0.012556415051221848,0.04945344105362892,7.4825053215026855,6.3737263679504395,0.6165230870246887,0.23225137591362
789,29801,106,7,1,plus,8,0.005,0.005,0.005644886288791895,0.005673181265592575,9019.0,7591194.5,43066.222420869395,95.09747995033723,2834.0,52.32191848754883,0.001907689031213522,0.028657300397753716,0.013177522458136082,0.02046092227101326,0.031077144667506218,0.049670636653900146,6.481612205505371,0.2743898928165436,1.009099006652832,0.3861621022224426
789,29801,106,7,2,plus,8,0.005,0.005,0.01847972720861435,0.018572356551885605,1373.0,254.18931579589844,4.720894604641273,22.21401966376967,662.0,1.9274224042892456,0.0006420366116799414,0.020790288224816322,0.027660297229886055,0.02674812823534012,0.03037550114095211,0.03694647178053856,4.407487869262695,6.496186256408691,3.348017930984497,0.552773118019104
789,29801,106,7,7,plus,8,0.005,0.005,0.006495960056781769,0.006528520956635475,12682.0,6666686.5,43523.60252656881,75.03103922687157,2236.0,81.40618896484375,0.0025993387680500746,0.016788994893431664,0.04067101329565048,0.03674013912677765,0.012556415051221848,0.04945344105362892,7.4825053215026855,6.3737263679504395,0.6165230870246887,0.23225137591362
789,29801,107,7,1,plus,9,0.01,0.01,0.005644886288791895,0.005701618269085884,8934.0,7360960.0,41969.38401401043,95.53370692258649,2847.0,52.32191848754883,0.001907689031213522,0.028657300397753716,0.013177522458136082,0.02046092227101326,0.031077144667506218,0.049670636653900146,6.481612205505371,0.2743898928165436,1.009099006652832,0.3861621022224426
789,29801,107,7,2,plus,9,0.01,0.01,0.01847972720861435,0.018665451556444168,1337.0,419.0787658691406,7.822294402664852,22.482467031307674,670.0,1.9274224042892456,0.0006420366116799414,0.020790288224816322,0.027660297229886055,0.02674812823534012,0.03037550114095211,0.03694647178053856,4.407487869262695,6.496186256408691,3.348017930984497,0.552773118019104
789,29801,107,7,7,plus,9,0.01,0.01,0.006495960056781769,0.006561245769262314,12701.0,7097644.5,46569.38994735293,75.13170698969833,2239.0,81.40618896484375,0.0025993387680500746,0.016788994893431664,0.04067101329565048,0.03674013912677765,0.012556415051221848,0.04945344105362892,7.4825053215026855,6.3737263679504395,0.6165230870246887,0.23225137591362
789,29801,108,7,1,plus,10,0.02,0.02,0.005644886288791895,0.005758920684456825,9142.0,7164010.0,41256.96537265554,95.80215429012449,2855.0,52.32191848754883,0.001907689031213522,0.028657300397753716,0.013177522458136082,0.02046092227101326,0.031077144667506218,0.049670636653900146,6.481612205505371,0.2743898928165436,1.009099006652832,0.3861621022224426
789,29801,108,7,2,plus,10,0.02,0.02,0.01847972720861435,0.018853042274713516,1353.0,435.00164794921875,8.201104458356667,22.818026240730177,680.0,1.9274224042892456,0.0006420366116799414,0.020790288224816322,0.027660297229886055,0.02674812823534012,0.03037550114095211,0.03694647178053856,4.407487869262695,6.496186256408691,3.348017930984497,0.552773118019104
789,29801,108,7,7,plus,10,0.02,0.02,0.006495960056781769,0.006627187132835388,12704.0,6929950.5,45926.078784786165,75.50082212006308,2250.0,81.40618896484375,0.0025993387680500746,0.016788994893431664,0.04067101329565048,0.03674013912677765,0.012556415051221848,0.04945344105362892,7.4825053215026855,6.3737263679504395,0.6165230870246887,0.23225137591362
789,29801,109,7,1,plus,11,0.05,0.05,0.005644886288791895,0.005934305489063263,9269.0,8195433.0,48634.203037150204,96.30549310425825,2870.0,52.32191848754883,0.001907689031213522,0.028657300397753716,0.013177522458136082,0.02046092227101326,0.031077144667506218,0.049670636653900146,6.481612205505371,0.2743898928165436,1.009099006652832,0.3861621022224426
789,29801,109,7,2,plus,11,0.05,0.05,0.01847972720861435,0.01942720264196396,1453.0,1023.7077026367188,19.887776985262917,23.28780913392168,694.0,1.9274224042892456,0.0006420366116799414,0.020790288224816322,0.027660297229886055,0.02674812823534012,0.03037550114095211,0.03694647178053856,4.407487869262695,6.496186256408691,3.348017930984497,0.552773118019104
789,29801,109,7,7,plus,11,0.05,0.05,0.006495960056781769,0.006829014979302883,13107.0,8006175.0,54674.28900192026,76.60816751115733,2283.0,81.40618896484375,0.0025993387680500746,0.016788994893431664,0.04067101329565048,0.03674013912677765,0.012556415051221848,0.04945344105362892,7.4825053215026855,6.3737263679504395,0.6165230870246887,0.23225137591362
789,29801,110,7,1,plus,12,0.1,0.1,0.005644886288791895,0.006238564383238554,9684.0,8933501.0,55732.221156226005,98.016845072313,2921.0,52.32191848754883,0.001907689031213522,0.028657300397753716,0.013177522458136082,0.02046092227101326,0.031077144667506218,0.049670636653900146,6.481612205505371,0.2743898928165436,1.009099006652832,0.3861621022224426
789,29801,110,7,2,plus,12,0.1,0.1,0.01847972720861435,0.02042325772345066,1464.0,1608.7952880859375,32.856840792852154,24.93204926009194,743.0,1.9274224042892456,0.0006420366116799414,0.020790288224816322,0.027660297229886055,0.02674812823534012,0.03037550114095211,0.03694647178053856,4.407487869262695,6.496186256408691,3.348017930984497,0.552773118019104
789,29801,110,7,7,plus,12,0.1,0.1,0.006495960056781769,0.007179146632552147,13686.0,8476476.0,60853.86413130909,78.0510721116741,2326.0,81.40618896484375,0.0025993387680500746,0.016788994893431664,0.04067101329565048,0.03674013912677765,0.012556415051221848,0.04945344105362892,7.4825053215026855,6.3737263679504395,0.6165230870246887,0.23225137591362
789,29801,111,7,1,center_duplicate,-1,0.0,0.0,0.005644886288791895,0.005644886288791895,9005.0,7438264.0,41988.154466014355,94.89614442468373,2828.0,52.32191848754883,0.001907689031213522,0.028657300397753716,0.013177522458136082,0.02046092227101326,0.031077144667506218,0.049670636653900146,6.481612205505371,0.2743898928165436,1.009099006652832,0.3861621022224426
789,29801,111,7,2,center_duplicate,-1,0.0,0.0,0.01847972720861435,0.01847972720861435,1385.0,277.9400939941406,5.13625711734835,22.14690782188517,660.0,1.9274224042892456,0.0006420366116799414,0.020790288224816322,0.027660297229886055,0.02674812823534012,0.03037550114095211,0.03694647178053856,4.407487869262695,6.496186256408691,3.348017930984497,0.552773118019104
789,29801,111,7,7,center_duplicate,-1,0.0,0.0,0.006495960056781769,0.006495960056781769,12548.0,6527290.0,42401.01511903107,74.96392738498707,2234.0,81.40618896484375,0.0025993387680500746,0.016788994893431664,0.04067101329565048,0.03674013912677765,0.012556415051221848,0.04945344105362892,7.4825053215026855,6.3737263679504395,0.6165230870246887,0.23225137591362
