seed,sim_len,row_index,init_id,cell,row_kind,offset_index,log_offset,epsilon,center_gain,gain,loss,analytic_gradient_gain,analytic_gradient_log_gain,firing_rate_hz,spike_count,center_Strf_alpha,center_output_ad,center_on_ron_gSYN,center_off_ron_gSYN,center_on_sonoff_gSYN,center_off_sonoff_gSYN,center_sonoff_ron_gSYN,center_abs_ref,center_rel_ref_a,center_rel_ref_b,center_rel_ref_c
123,29801,0,0,1,minus,0,-0.1,0.1,0.0103693585842847,0.0093825841322541,5851.0,-7835.548828125,-73.51769610226802,34.562598570517764,1030.0,6.626354694366455,0.003570606932044,0.0175860133022069,0.0440235361456871,0.0364164188504219,0.0158203486353158,0.030755054205656,9.734742164611816,4.234930515289307,6.025596618652344,0.5770443677902222
123,29801,0,0,2,minus,0,-0.1,0.1,0.0017865144181996,0.0016165050910785,8817.0,5135675.0,8301.844783624983,68.48763464313278,2041.0,59.34796905517578,0.0034778178669512,0.0381186567246913,0.0198897905647754,0.0397816374897956,0.0450029522180557,0.0243914071470499,3.5100626945495605,4.31492280960083,8.399785995483398,0.2598817050457001
123,29801,0,0,7,minus,0,-0.1,0.1,0.0159809570759534,0.0144601678475737,42143.0,180582304.0,2611250.42614159,133.3847857454448,3975.0,59.11423873901367,0.0048035467043519,0.042230125516653,0.0380196794867515,0.0416055098176002,0.0447861440479755,0.020792031660676,4.51259708404541,8.273573875427246,6.738358020782471,0.3464617729187011
123,29801,1,0,1,minus,1,-0.05,0.05,0.0103693585842847,0.0098636392503976,5590.0,-4271.95947265625,-42.13706713060037,36.40817422234153,1085.0,6.626354694366455,0.003570606932044,0.0175860133022069,0.0440235361456871,0.0364164188504219,0.0158203486353158,0.030755054205656,9.734742164611816,4.234930515289307,6.025596618652344,0.5770443677902222
123,29801,1,0,2,minus,1,-0.05,0.05,0.0017865144181996,0.0016993851168081,9427.0,5806744.0,9867.89433071483,70.8365491090903,2111.0,59.34796905517578,0.0034778178669512,0.0381186567246913,0.0198897905647754,0.0397816374897956,0.0450029522180557,0.0243914071470499,3.5100626945495605,4.31492280960083,8.399785995483398,0.2598817050457001
123,29801,1,0,7,minus,1,-0.05,0.05,0.0159809570759534,0.0152015574276447,42815.0,213186096.0,3240760.6811193824,134.5256870574813,4009.0,59.11423873901367,0.0048035467043519,0.042230125516653,0.0380196794867515,0.0416055098176002,0.0447861440479755,0.020792031660676,4.51259708404541,8.273573875427246,6.738358020782471,0.3464617729187011
123,29801,2,0,1,minus,2,-0.02,0.02,0.0103693585842847,0.0101640317589044,5582.0,-2586.609619140625,-26.290382316833075,37.14640448307104,1107.0,6.626354694366455,0.003570606932044,0.0175860133022069,0.0440235361456871,0.0364164188504219,0.0158203486353158,0.030755054205656,9.734742164611816,4.234930515289307,6.025596618652344,0.5770443677902222
123,29801,2,0,2,minus,2,-0.02,0.02,0.0017865144181996,0.0017511390615254,9682.0,5629464.5,9857.975181420916,71.40699976510855,2128.0,59.34796905517578,0.0034778178669512,0.0381186567246913,0.0198897905647754,0.0397816374897956,0.0450029522180557,0.0243914071470499,3.5100626945495605,4.31492280960083,8.399785995483398,0.2598817050457001
123,29801,2,0,7,minus,2,-0.02,0.02,0.0159809570759534,0.0156645122915506,43327.0,219010176.0,3430687.593926668,135.02902587161503,4024.0,59.11423873901367,0.0048035467043519,0.042230125516653,0.0380196794867515,0.0416055098176002,0.0447861440479755,0.020792031660676,4.51259708404541,8.273573875427246,6.738358020782471,0.3464617729187011
123,29801,3,0,1,minus,3,-0.01,0.01,0.0103693585842847,0.010266182012856,5557.0,-4326.71435546875,-44.41883709087915,37.179960404013286,1108.0,6.626354694366455,0.003570606932044,0.0175860133022069,0.0440235361456871,0.0364164188504219,0.0158203486353158,0.030755054205656,9.734742164611816,4.234930515289307,6.025596618652344,0.5770443677902222
123,29801,3,0,2,minus,3,-0.01,0.01,0.0017865144181996,0.0017687382642179,9739.0,5601711.5,9907.961475159856,71.7090030535888,2137.0,59.34796905517578,0.0034778178669512,0.0381186567246913,0.0198897905647754,0.0397816374897956,0.0450029522180557,0.0243914071470499,3.5100626945495605,4.31492280960083,8.399785995483398,0.2598817050457001
123,29801,3,0,7,minus,3,-0.01,0.01,0.0159809570759534,0.0158219430595636,43607.0,230447840.0,3646132.602679432,135.29747323915305,4032.0,59.11423873901367,0.0048035467043519,0.042230125516653,0.0380196794867515,0.0416055098176002,0.0447861440479755,0.020792031660676,4.51259708404541,8.273573875427246,6.738358020782471,0.3464617729187011
123,29801,4,0,1,minus,4,-0.005,0.005,0.0103693585842847,0.0103176413103938,5488.0,-4919.73486328125,-50.76005966157527,37.347740008724536,1113.0,6.626354694366455,0.003570606932044,0.0175860133022069,0.0440235361456871,0.0364164188504219,0.0158203486353158,0.030755054205656,9.734742164611816,4.234930515289307,6.025596618652344,0.5770443677902222
123,29801,4,0,2,minus,4,-0.005,0.005,0.0017865144181996,0.0017776041058823,9832.0,5794034.0,10299.498628021916,72.0445622630113,2147.0,59.34796905517578,0.0034778178669512,0.0381186567246913,0.0198897905647754,0.0397816374897956,0.0450029522180557,0.0243914071470499,3.5100626945495605,4.31492280960083,8.399785995483398,0.2598817050457001
123,29801,4,0,7,minus,4,-0.005,0.005,0.0159809570759534,0.0159012507647275,43536.0,232043984.0,3689789.578030437,135.33102916009528,4033.0,59.11423873901367,0.0048035467043519,0.042230125516653,0.0380196794867515,0.0416055098176002,0.0447861440479755,0.020792031660676,4.51259708404541,8.273573875427246,6.738358020782471,0.3464617729187011
123,29801,5,0,1,minus,5,-0.0025,0.0025,0.0103693585842847,0.0103434678167104,5497.0,-5389.3037109375,-55.74408948856035,37.44840777155129,1116.0,6.626354694366455,0.003570606932044,0.0175860133022069,0.0440235361456871,0.0364164188504219,0.0158203486353158,0.030755054205656,9.734742164611816,4.234930515289307,6.025596618652344,0.5770443677902222
123,29801,5,0,2,minus,5,-0.0025,0.0025,0.0017865144181996,0.0017820536158978,9886.0,5680057.5,10122.167006382952,72.2458977886648,2153.0,59.34796905517578,0.0034778178669512,0.0381186567246913,0.0198897905647754,0.0397816374897956,0.0450029522180557,0.0243914071470499,3.5100626945495605,4.31492280960083,8.399785995483398,0.2598817050457001
123,29801,5,0,7,minus,5,-0.0025,0.0025,0.0159809570759534,0.0159410536289215,43630.0,230908976.0,3680932.3698153496,135.39814100197978,4035.0,59.11423873901367,0.0048035467043519,0.042230125516653,0.0380196794867515,0.0416055098176002,0.0447861440479755,0.020792031660676,4.51259708404541,8.273573875427246,6.738358020782471,0.3464617729187011
123,29801,6,0,1,center,6,0.0,0.0,0.0103693585842847,0.0103693585842847,5502.0,-5691.498046875,-59.01718412980336,37.41485185060904,1115.0,6.626354694366455,0.003570606932044,0.0175860133022069,0.0440235361456871,0.0364164188504219,0.0158203486353158,0.030755054205656,9.734742164611816,4.234930515289307,6.025596618652344,0.5770443677902222
123,29801,6,0,2,center,6,0.0,0.0,0.0017865144181996,0.0017865144181996,9915.0,5592234.0,9990.606670946348,72.41367739337606,2158.0,59.34796905517578,0.0034778178669512,0.0381186567246913,0.0198897905647754,0.0397816374897956,0.0450029522180557,0.0243914071470499,3.5100626945495605,4.31492280960083,8.399785995483398,0.2598817050457001
123,29801,6,0,7,center,6,0.0,0.0,0.0159809570759534,0.0159809570759534,43657.0,232930912.0,3722458.906334698,135.43169692292204,4036.0,59.11423873901367,0.0048035467043519,0.042230125516653,0.0380196794867515,0.0416055098176002,0.0447861440479755,0.020792031660676,4.51259708404541,8.273573875427246,6.738358020782471,0.3464617729187011
123,29801,7,0,1,plus,7,0.0025,0.0025,0.0103693585842847,0.0103953145444393,5452.0,-4478.2548828125,-46.552868117007165,37.54907553437804,1119.0,6.626354694366455,0.003570606932044,0.0175860133022069,0.0440235361456871,0.0364164188504219,0.0158203486353158,0.030755054205656,9.734742164611816,4.234930515289307,6.025596618652344,0.5770443677902222
123,29801,7,0,2,plus,7,0.0025,0.0025,0.0017865144181996,0.0017909863963723,9837.0,5734702.5,10270.774164742325,72.41367739337606,2158.0,59.34796905517578,0.0034778178669512,0.0381186567246913,0.0198897905647754,0.0397816374897956,0.0450029522180557,0.0243914071470499,3.5100626945495605,4.31492280960083,8.399785995483398,0.2598817050457001
123,29801,7,0,7,plus,7,0.0025,0.0025,0.0159809570759534,0.0160209592431783,43601.0,233094736.0,3734401.265255421,135.43169692292204,4036.0,59.11423873901367,0.0048035467043519,0.042230125516653,0.0380196794867515,0.0416055098176002,0.0447861440479755,0.020792031660676,4.51259708404541,8.273573875427246,6.738358020782471,0.3464617729187011
123,29801,8,0,1,plus,8,0.005,0.005,0.0103693585842847,0.0104213347658514,5424.0,-4484.48291015625,-46.73429765847823,37.68329921814704,1123.0,6.626354694366455,0.003570606932044,0.0175860133022069,0.0440235361456871,0.0364164188504219,0.0158203486353158,0.030755054205656,9.734742164611816,4.234930515289307,6.025596618652344,0.5770443677902222
123,29801,8,0,2,plus,8,0.005,0.005,0.0017865144181996,0.0017954693175852,9909.0,5758400.5,10339.031416117446,72.48078923526056,2160.0,59.34796905517578,0.0034778178669512,0.0381186567246913,0.0198897905647754,0.0397816374897956,0.0450029522180557,0.0243914071470499,3.5100626945495605,4.31492280960083,8.399785995483398,0.2598817050457001
123,29801,8,0,7,plus,8,0.005,0.005,0.0159809570759534,0.0160610619932413,43652.0,232018560.0,3726464.4757425785,135.46525284386428,4037.0,59.11423873901367,0.0048035467043519,0.042230125516653,0.0380196794867515,0.0416055098176002,0.0447861440479755,0.020792031660676,4.51259708404541,8.273573875427246,6.738358020782471,0.3464617729187011
123,29801,9,0,1,plus,9,0.01,0.01,0.0103693585842847,0.0104735726490616,5494.0,-1299.810791015625,-13.613662749736475,37.81752290191604,1127.0,6.626354694366455,0.003570606932044,0.0175860133022069,0.0440235361456871,0.0364164188504219,0.0158203486353158,0.030755054205656,9.734742164611816,4.234930515289307,6.025596618652344,0.5770443677902222
123,29801,9,0,2,plus,9,0.01,0.01,0.0017865144181996,0.001804469153285,10028.0,5874949.0,10601.164247622712,72.78279252374081,2169.0,59.34796905517578,0.0034778178669512,0.0381186567246913,0.0198897905647754,0.0397816374897956,0.0450029522180557,0.0243914071470499,3.5100626945495605,4.31492280960083,8.399785995483398,0.2598817050457001
123,29801,9,0,7,plus,9,0.01,0.01,0.0159809570759534,0.0161415692418813,43656.0,233181024.0,3763907.6447888017,135.46525284386428,4037.0,59.11423873901367,0.0048035467043519,0.042230125516653,0.0380196794867515,0.0416055098176002,0.0447861440479755,0.020792031660676,4.51259708404541,8.273573875427246,6.738358020782471,0.3464617729187011
123,29801,10,0,1,plus,10,0.02,0.02,0.0103693585842847,0.0105788335204124,5499.0,855.4815063476562,9.049996435443518,37.78396698097379,1126.0,6.626354694366455,0.003570606932044,0.0175860133022069,0.0440235361456871,0.0364164188504219,0.0158203486353158,0.030755054205656,9.734742164611816,4.234930515289307,6.025596618652344,0.5770443677902222
123,29801,10,0,2,plus,10,0.02,0.02,0.0017865144181996,0.0018226043321192,10250.0,5921991.0,10793.44645137107,73.45391094258582,2189.0,59.34796905517578,0.0034778178669512,0.0381186567246913,0.0198897905647754,0.0397816374897956,0.0450029522180557,0.0243914071470499,3.5100626945495605,4.31492280960083,8.399785995483398,0.2598817050457001
123,29801,10,0,7,plus,10,0.02,0.02,0.0159809570759534,0.0163037944585084,44025.0,243234064.0,3965638.1847637,135.8679238951713,4049.0,59.11423873901367,0.0048035467043519,0.042230125516653,0.0380196794867515,0.0416055098176002,0.0447861440479755,0.020792031660676,4.51259708404541,8.273573875427246,6.738358020782471,0.3464617729187011
123,29801,11,0,1,plus,11,0.05,0.05,0.0103693585842847,0.0109010068699717,5274.0,-8828.60546875,-96.24068886711392,38.085970269454045,1135.0,6.626354694366455,0.003570606932044,0.0175860133022069,0.0440235361456871,0.0364164188504219,0.0158203486353158,0.030755054205656,9.734742164611816,4.234930515289307,6.025596618652344,0.5770443677902222
123,29801,11,0,2,plus,11,0.05,0.05,0.0017865144181996,0.0018781109247356,10517.0,6122573.0,11498.871238791617,74.35992080802657,2216.0,59.34796905517578,0.0034778178669512,0.0381186567246913,0.0198897905647754,0.0397816374897956,0.0450029522180557,0.0243914071470499,3.5100626945495605,4.31492280960083,8.399785995483398,0.2598817050457001
123,29801,11,0,7,plus,11,0.05,0.05,0.0159809570759534,0.0168003179132938,44366.0,253051632.0,4251347.86607784,136.3377067883628,4063.0,59.11423873901367,0.0048035467043519,0.042230125516653,0.0380196794867515,0.0416055098176002,0.0447861440479755,0.020792031660676,4.51259708404541,8.273573875427246,6.738358020782471,0.3464617729187011
123,29801,12,0,1,plus,12,0.1,0.1,0.0103693585842847,0.0114599140360951,5159.0,-11969.8623046875,-137.17359303561443,39.394651186201806,1174.0,6.626354694366455,0.003570606932044,0.0175860133022069,0.0440235361456871,0.0364164188504219,0.0158203486353158,0.030755054205656,9.734742164611816,4.234930515289307,6.025596618652344,0.5770443677902222
123,29801,12,0,2,plus,12,0.1,0.1,0.0017865144181996,0.0019744038581848,11201.0,6370287.0,12577.519230544567,76.44038790644609,2278.0,59.34796905517578,0.0034778178669512,0.0381186567246913,0.0198897905647754,0.0397816374897956,0.0450029522180557,0.0243914071470499,3.5100626945495605,4.31492280960083,8.399785995483398,0.2598817050457001
123,29801,12,0,7,plus,12,0.1,0.1,0.0159809570759534,0.0176616888493299,45478.0,291988608.0,5157011.942044973,137.67994362605282,4103.0,59.11423873901367,0.0048035467043519,0.042230125516653,0.0380196794867515,0.0416055098176002,0.0447861440479755,0.020792031660676,4.51259708404541,8.273573875427246,6.738358020782471,0.3464617729187011
123,29801,13,0,1,center_duplicate,-1,0.0,0.0,0.0103693585842847,0.0103693585842847,5502.0,-5691.498046875,-59.01718412980336,37.41485185060904,1115.0,6.626354694366455,0.003570606932044,0.0175860133022069,0.0440235361456871,0.0364164188504219,0.0158203486353158,0.030755054205656,9.734742164611816,4.234930515289307,6.025596618652344,0.5770443677902222
123,29801,13,0,2,center_duplicate,-1,0.0,0.0,0.0017865144181996,0.0017865144181996,9915.0,5592234.0,9990.606670946348,72.41367739337606,2158.0,59.34796905517578,0.0034778178669512,0.0381186567246913,0.0198897905647754,0.0397816374897956,0.0450029522180557,0.0243914071470499,3.5100626945495605,4.31492280960083,8.399785995483398,0.2598817050457001
123,29801,13,0,7,center_duplicate,-1,0.0,0.0,0.0159809570759534,0.0159809570759534,43657.0,232930912.0,3722458.906334698,135.43169692292204,4036.0,59.11423873901367,0.0048035467043519,0.042230125516653,0.0380196794867515,0.0416055098176002,0.0447861440479755,0.020792031660676,4.51259708404541,8.273573875427246,6.738358020782471,0.3464617729187011
123,29801,14,1,1,minus,0,-0.1,0.1,0.0065463040955364,0.0059233410283923,39626.0,42295076.0,250528.15896977112,156.06858830240594,4651.0,82.565185546875,0.0040601445361971,0.0467863455414772,0.037327691912651,0.0252654738724231,0.0362723432481288,0.0408878438174724,1.3129640817642212,5.302206039428711,8.969371795654297,0.4284742176532745
123,29801,14,1,2,minus,0,-0.1,0.1,0.0059406426735222,0.005375315900892,4296.0,851597.4375,4577.605246952648,49.79698667829938,1484.0,22.052663803100582,0.0047632143832743,0.0122588193044066,0.038533229380846,0.0326894856989383,0.0357518084347248,0.025060711428523,9.433023452758787,8.444083213806152,6.955045700073242,0.8759985566139221
123,29801,14,1,7,minus,0,-0.1,0.1,0.0054341284558176,0.0049170027486979,15667.0,6714595.0,33015.68207139382,85.0642595886044,2535.0,74.29742431640625,0.0021332968026399,0.0331338346004486,0.024333057925105,0.0315007902681827,0.0290384367108345,0.0302209127694368,8.710350036621094,3.6867733001708975,8.966926574707031,0.9366800785064696
123,29801,15,1,1,minus,1,-0.05,0.05,0.0065463040955364,0.0062270374037325,40879.0,45932816.0,286025.3632907644,157.74638434951845,4701.0,82.565185546875,0.0040601445361971,0.0467863455414772,0.037327691912651,0.0252654738724231,0.0362723432481288,0.0408878438174724,1.3129640817642212,5.302206039428711,8.969371795654297,0.4284742176532745
123,29801,15,1,2,minus,1,-0.05,0.05,0.0059406426735222,0.005650914274156,4408.0,907856.125,5130.217135642539,50.70299654374014,1511.0,22.052663803100582,0.0047632143832743,0.0122588193044066,0.038533229380846,0.0326894856989383,0.0357518084347248,0.025060711428523,9.433023452758787,8.444083213806152,6.955045700073242,0.8759985566139221
123,29801,15,1,7,minus,1,-0.05,0.05,0.0054341284558176,0.0051691029220819,15792.0,6972582.0,36041.99399065599,85.63471024462265,2552.0,74.29742431640625,0.0021332968026399,0.0331338346004486,0.024333057925105,0.0315007902681827,0.0290384367108345,0.0302209127694368,8.710350036621094,3.6867733001708975,8.966926574707031,0.9366800785064696
123,29801,16,1,1,minus,2,-0.02,0.02,0.0065463040955364,0.0064166784286499,41809.0,49786280.0,319462.54891872406,159.49129223851548,4753.0,82.565185546875,0.0040601445361971,0.0467863455414772,0.037327691912651,0.0252654738724231,0.0362723432481288,0.0408878438174724,1.3129640817642212,5.302206039428711,8.969371795654297,0.4284742176532745
123,29801,16,1,2,minus,2,-0.02,0.02,0.0059406426735222,0.0058230101130902,4501.0,922218.8125,5370.089471669606,51.4747827254119,1534.0,22.052663803100582,0.0047632143832743,0.0122588193044066,0.038533229380846,0.0326894856989383,0.0357518084347248,0.025060711428523,9.433023452758787,8.444083213806152,6.955045700073242,0.8759985566139221
123,29801,16,1,7,minus,2,-0.02,0.02,0.0054341284558176,0.005326525773853,16148.0,7046522.5,37533.48371228552,86.44005234723666,2576.0,74.29742431640625,0.0021332968026399,0.0331338346004486,0.024333057925105,0.0315007902681827,0.0290384367108345,0.0302209127694368,8.710350036621094,3.6867733001708975,8.966926574707031,0.9366800785064696
123,29801,17,1,1,minus,3,-0.01,0.01,0.0065463040955364,0.0064811673946678,42452.0,51643496.0,334710.14242186025,159.7932955269957,4762.0,82.565185546875,0.0040601445361971,0.0467863455414772,0.037327691912651,0.0252654738724231,0.0362723432481288,0.0408878438174724,1.3129640817642212,5.302206039428711,8.969371795654297,0.4284742176532745
123,29801,17,1,2,minus,3,-0.01,0.01,0.0059406426735222,0.0058815320953726,4524.0,921161.8125,5417.842765250418,51.50833864635415,1535.0,22.052663803100582,0.0047632143832743,0.0122588193044066,0.038533229380846,0.0326894856989383,0.0357518084347248,0.025060711428523,9.433023452758787,8.444083213806152,6.955045700073242,0.8759985566139221
123,29801,17,1,7,minus,3,-0.01,0.01,0.0054341284558176,0.0053800581954419,16377.0,6816667.0,36674.06515894877,86.74205563571692,2585.0,74.29742431640625,0.0021332968026399,0.0331338346004486,0.024333057925105,0.0315007902681827,0.0290384367108345,0.0302209127694368,8.710350036621094,3.6867733001708975,8.966926574707031,0.9366800785064696
123,29801,18,1,1,minus,4,-0.005,0.005,0.0065463040955364,0.0065136542543768,42732.0,52300332.0,340666.2800371237,160.33019026207174,4778.0,82.565185546875,0.0040601445361971,0.0467863455414772,0.037327691912651,0.0252654738724231,0.0362723432481288,0.0408878438174724,1.3129640817642212,5.302206039428711,8.969371795654297,0.4284742176532745
123,29801,18,1,2,minus,4,-0.005,0.005,0.0059406426735222,0.0059110135771334,4536.0,969449.6875,5730.430265160248,51.64256233012315,1539.0,22.052663803100582,0.0047632143832743,0.0122588193044066,0.038533229380846,0.0326894856989383,0.0357518084347248,0.025060711428523,9.433023452758787,8.444083213806152,6.955045700073242,0.8759985566139221
123,29801,18,1,7,minus,4,-0.005,0.005,0.0054341284558176,0.0054070255719125,16406.0,6815123.0,36849.54433672922,86.84272339854367,2588.0,74.29742431640625,0.0021332968026399,0.0331338346004486,0.024333057925105,0.0315007902681827,0.0290384367108345,0.0302209127694368,8.710350036621094,3.6867733001708975,8.966926574707031,0.9366800785064696
123,29801,19,1,1,minus,5,-0.0025,0.0025,0.0065463040955364,0.0065299584530293,43023.0,53065028.0,346512.4281488415,160.5650817086675,4785.0,82.565185546875,0.0040601445361971,0.0467863455414772,0.037327691912651,0.0252654738724231,0.0362723432481288,0.0408878438174724,1.3129640817642212,5.302206039428711,8.969371795654297,0.4284742176532745
123,29801,19,1,2,minus,5,-0.0025,0.0025,0.0059406426735222,0.0059258094988763,4526.0,970368.0625,5750.216282168723,51.64256233012315,1539.0,22.052663803100582,0.0047632143832743,0.0122588193044066,0.038533229380846,0.0326894856989383,0.0357518084347248,0.025060711428523,9.433023452758787,8.444083213806152,6.955045700073242,0.8759985566139221
123,29801,19,1,7,minus,5,-0.0025,0.0025,0.0054341284558176,0.0054205600172281,16399.0,6787190.0,36790.37074333057,86.87627931948592,2589.0,74.29742431640625,0.0021332968026399,0.0331338346004486,0.024333057925105,0.0315007902681827,0.0290384367108345,0.0302209127694368,8.710350036621094,3.6867733001708975,8.966926574707031,0.9366800785064696
123,29801,20,1,1,center,6,0.0,0.0,0.0065463040955364,0.0065463040955364,42866.0,54076488.0,354001.1348666288,160.46441394584073,4782.0,82.565185546875,0.0040601445361971,0.0467863455414772,0.037327691912651,0.0252654738724231,0.0362723432481288,0.0408878438174724,1.3129640817642212,5.302206039428711,8.969371795654297,0.4284742176532745
123,29801,20,1,2,center,6,0.0,0.0,0.0059406426735222,0.0059406426735222,4535.0,956222.625,5680.576931462449,51.7432300929499,1542.0,22.052663803100582,0.0047632143832743,0.0122588193044066,0.038533229380846,0.0326894856989383,0.0357518084347248,0.025060711428523,9.433023452758787,8.444083213806152,6.955045700073242,0.8759985566139221
123,29801,20,1,7,center,6,0.0,0.0,0.0054341284558176,0.0054341284558176,16400.0,6968445.0,37867.42526730057,86.90983524042817,2590.0,74.29742431640625,0.0021332968026399,0.0331338346004486,0.024333057925105,0.0315007902681827,0.0290384367108345,0.0302209127694368,8.710350036621094,3.6867733001708975,8.966926574707031,0.9366800785064696
123,29801,21,1,1,plus,7,0.0025,0.0025,0.0065463040955364,0.0065626907162368,43293.0,52943428.0,347451.343421353,160.632193550552,4787.0,82.565185546875,0.0040601445361971,0.0467863455414772,0.037327691912651,0.0252654738724231,0.0362723432481288,0.0408878438174724,1.3129640817642212,5.302206039428711,8.969371795654297,0.4284742176532745
123,29801,21,1,2,plus,7,0.0025,0.0025,0.0059406426735222,0.0059555131010711,4552.0,938710.1875,5590.500819765177,51.64256233012315,1539.0,22.052663803100582,0.0047632143832743,0.0122588193044066,0.038533229380846,0.0326894856989383,0.0357518084347248,0.025060711428523,9.433023452758787,8.444083213806152,6.955045700073242,0.8759985566139221
123,29801,21,1,7,plus,7,0.0025,0.0025,0.0054341284558176,0.0054477308876812,16402.0,6879421.5,37477.23699492845,86.90983524042817,2590.0,74.29742431640625,0.0021332968026399,0.0331338346004486,0.024333057925105,0.0315007902681827,0.0290384367108345,0.0302209127694368,8.710350036621094,3.6867733001708975,8.966926574707031,0.9366800785064696
123,29801,22,1,1,plus,8,0.005,0.005,0.0065463040955364,0.0065791173838078,43210.0,52769240.0,347175.02421433106,160.66574947149422,4788.0,82.565185546875,0.0040601445361971,0.0467863455414772,0.037327691912651,0.0252654738724231,0.0362723432481288,0.0408878438174724,1.3129640817642212,5.302206039428711,8.969371795654297,0.4284742176532745
123,29801,22,1,2,plus,8,0.005,0.005,0.0059406426735222,0.0059704203158617,4521.0,909362.875,5429.278583390405,51.6090064091809,1538.0,22.052663803100582,0.0047632143832743,0.0122588193044066,0.038533229380846,0.0326894856989383,0.0357518084347248,0.025060711428523,9.433023452758787,8.444083213806152,6.955045700073242,0.8759985566139221
123,29801,22,1,7,plus,8,0.005,0.005,0.0054341284558176,0.0054613673128187,16321.0,7245328.0,39569.39750985056,86.74205563571692,2585.0,74.29742431640625,0.0021332968026399,0.0331338346004486,0.024333057925105,0.0315007902681827,0.0290384367108345,0.0302209127694368,8.710350036621094,3.6867733001708975,8.966926574707031,0.9366800785064696
123,29801,23,1,1,plus,9,0.01,0.01,0.0065463040955364,0.006612095516175,43564.0,52752140.0,348802.18836263753,160.93419683903224,4796.0,82.565185546875,0.0040601445361971,0.0467863455414772,0.037327691912651,0.0252654738724231,0.0362723432481288,0.0408878438174724,1.3129640817642212,5.302206039428711,8.969371795654297,0.4284742176532745
123,29801,23,1,2,plus,9,0.01,0.01,0.0059406426735222,0.0060003469698131,4481.0,880349.9375,5282.405079853284,51.6761182510654,1540.0,22.052663803100582,0.0047632143832743,0.0122588193044066,0.038533229380846,0.0326894856989383,0.0357518084347248,0.025060711428523,9.433023452758787,8.444083213806152,6.955045700073242,0.8759985566139221
123,29801,23,1,7,plus,9,0.01,0.01,0.0054341284558176,0.005488742608577,16350.0,7482765.0,41070.97108546877,86.84272339854367,2588.0,74.29742431640625,0.0021332968026399,0.0331338346004486,0.024333057925105,0.0315007902681827,0.0290384367108345,0.0302209127694368,8.710350036621094,3.6867733001708975,8.966926574707031,0.9366800785064696
123,29801,24,1,1,plus,10,0.02,0.02,0.0065463040955364,0.0066785481758415,43589.0,55411508.0,370068.42567403056,161.33686789033925,4808.0,82.565185546875,0.0040601445361971,0.0467863455414772,0.037327691912651,0.0252654738724231,0.0362723432481288,0.0408878438174724,1.3129640817642212,5.302206039428711,8.969371795654297,0.4284742176532745
123,29801,24,1,2,plus,10,0.02,0.02,0.0059406426735222,0.0060606515035033,4541.0,927674.1875,5622.309959233098,51.9445656186034,1548.0,22.052663803100582,0.0047632143832743,0.0122588193044066,0.038533229380846,0.0326894856989383,0.0357518084347248,0.025060711428523,9.433023452758787,8.444083213806152,6.955045700073242,0.8759985566139221
123,29801,24,1,7,plus,10,0.02,0.02,0.0054341284558176,0.0055439048446714,16483.0,7610879.0,42193.98896030849,87.27895037079293,2601.0,74.29742431640625,0.0021332968026399,0.0331338346004486,0.024333057925105,0.0315007902681827,0.0290384367108345,0.0302209127694368,8.710350036621094,3.6867733001708975,8.966926574707031,0.9366800785064696
123,29801,25,1,1,plus,11,0.05,0.05,0.0065463040955364,0.0068819401785731,44495.0,58182604.0,400409.2001616098,162.74621656991374,4850.0,82.565185546875,0.0040601445361971,0.0467863455414772,0.037327691912651,0.0252654738724231,0.0362723432481288,0.0408878438174724,1.3129640817642212,5.302206039428711,8.969371795654297,0.4284742176532745
123,29801,25,1,2,plus,11,0.05,0.05,0.0059406426735222,0.0062452256679534,4768.0,940519.125,5873.754180651158,52.64923995839065,1569.0,22.052663803100582,0.0047632143832743,0.0122588193044066,0.038533229380846,0.0326894856989383,0.0357518084347248,0.025060711428523,9.433023452758787,8.444083213806152,6.955045700073242,0.8759985566139221
123,29801,25,1,7,plus,11,0.05,0.05,0.0054341284558176,0.005712741985917,16756.0,8129469.0,46441.55887951143,88.25207207811818,2630.0,74.29742431640625,0.0021332968026399,0.0331338346004486,0.024333057925105,0.0315007902681827,0.0290384367108345,0.0302209127694368,8.710350036621094,3.6867733001708975,8.966926574707031,0.9366800785064696
123,29801,26,1,1,plus,12,0.1,0.1,0.0065463040955364,0.0072347852401435,46086.0,62447208.0,451792.13872657344,164.79312774739105,4911.0,82.565185546875,0.0040601445361971,0.0467863455414772,0.037327691912651,0.0252654738724231,0.0362723432481288,0.0408878438174724,1.3129640817642212,5.302206039428711,8.969371795654297,0.4284742176532745
123,29801,26,1,2,plus,12,0.1,0.1,0.0059406426735222,0.0065654260106384,4872.0,978657.375,6425.302585328172,53.32035837723566,1589.0,22.052663803100582,0.0047632143832743,0.0122588193044066,0.038533229380846,0.0326894856989383,0.0357518084347248,0.025060711428523,9.433023452758787,8.444083213806152,6.955045700073242,0.8759985566139221
123,29801,26,1,7,plus,12,0.1,0.1,0.0054341284558176,0.0060056410729885,17079.0,8497092.0,51030.484716162086,88.95674641790544,2651.0,74.29742431640625,0.0021332968026399,0.0331338346004486,0.024333057925105,0.0315007902681827,0.0290384367108345,0.0302209127694368,8.710350036621094,3.6867733001708975,8.966926574707031,0.9366800785064696
123,29801,27,1,1,center_duplicate,-1,0.0,0.0,0.0065463040955364,0.0065463040955364,42866.0,54076488.0,354001.1348666288,160.46441394584073,4782.0,82.565185546875,0.0040601445361971,0.0467863455414772,0.037327691912651,0.0252654738724231,0.0362723432481288,0.0408878438174724,1.3129640817642212,5.302206039428711,8.969371795654297,0.4284742176532745
123,29801,27,1,2,center_duplicate,-1,0.0,0.0,0.0059406426735222,0.0059406426735222,4535.0,956222.625,5680.576931462449,51.7432300929499,1542.0,22.052663803100582,0.0047632143832743,0.0122588193044066,0.038533229380846,0.0326894856989383,0.0357518084347248,0.025060711428523,9.433023452758787,8.444083213806152,6.955045700073242,0.8759985566139221
123,29801,27,1,7,center_duplicate,-1,0.0,0.0,0.0054341284558176,0.0054341284558176,16400.0,6968445.0,37867.42526730057,86.90983524042817,2590.0,74.29742431640625,0.0021332968026399,0.0331338346004486,0.024333057925105,0.0315007902681827,0.0290384367108345,0.0302209127694368,8.710350036621094,3.6867733001708975,8.966926574707031,0.9366800785064696
123,29801,28,2,1,minus,0,-0.1,0.1,0.0166266057640314,0.0150443753227591,81135.0,164285872.0,2471578.3185947686,216.23435455186063,6444.0,48.48685836791992,0.0011892077745869,0.044319562613964,0.0304092969745397,0.0451588854193687,0.0295377913862466,0.0365017279982566,3.901416301727295,9.86105251312256,3.3765461444854736,0.8627018332481384
123,29801,28,2,2,minus,0,-0.1,0.1,0.0100537622347474,0.0090970201417803,229026.0,182036816.0,1655992.5816975683,296.39944968289655,8833.0,75.7269058227539,0.0007651544292457,0.0448898784816265,0.0217880867421627,0.0417401753365993,0.0252469163388013,0.0333943888545036,2.15057635307312,6.021400451660156,0.422410249710083,0.3041475713253021
123,29801,28,2,7,minus,0,-0.1,0.1,0.0021897365804761,0.001981355715543,12414.0,2774481.0,5497.233787015546,76.30616422267708,2274.0,47.99076843261719,0.0003057307621929,0.0257897935807704,0.0325126685202121,0.0218789111822843,0.0452771298587322,0.017795966938138,8.833017349243164,8.9212064743042,2.157782077789306,0.5844389796257019
123,29801,29,2,1,minus,1,-0.05,0.05,0.0166266057640314,0.0158157162368297,82324.0,187611472.0,2967209.8039259315,217.3752558638972,6478.0,48.48685836791992,0.0011892077745869,0.044319562613964,0.0304092969745397,0.0451588854193687,0.0295377913862466,0.0365017279982566,3.901416301727295,9.86105251312256,3.3765461444854736,0.8627018332481384
123,29801,29,2,2,minus,1,-0.05,0.05,0.0100537622347474,0.0095634348690509,235671.0,193632240.0,1851789.315788448,300.25838059125533,8948.0,75.7269058227539,0.0007651544292457,0.0448898784816265,0.0217880867421627,0.0417401753365993,0.0252469163388013,0.0333943888545036,2.15057635307312,6.021400451660156,0.422410249710083,0.3041475713253021
123,29801,29,2,7,minus,1,-0.05,0.05,0.0021897365804761,0.002082941820845,12840.0,3569072.75,7434.1708926133,77.4470655347136,2308.0,47.99076843261719,0.0003057307621929,0.0257897935807704,0.0325126685202121,0.0218789111822843,0.0452771298587322,0.017795966938138,8.833017349243164,8.9212064743042,2.157782077789306,0.5844389796257019
123,29801,30,2,1,minus,2,-0.02,0.02,0.0166266057640314,0.0162973776459693,83416.0,193384544.0,3151660.944461584,218.21415388745345,6503.0,48.48685836791992,0.0011892077745869,0.044319562613964,0.0304092969745397,0.0451588854193687,0.0295377913862466,0.0365017279982566,3.901416301727295,9.86105251312256,3.3765461444854736,0.8627018332481384
123,29801,30,2,2,minus,2,-0.02,0.02,0.0100537622347474,0.0098546845838427,240184.0,202211424.0,1992729.8027696908,303.2448575551156,9037.0,75.7269058227539,0.0007651544292457,0.0448898784816265,0.0217880867421627,0.0417401753365993,0.0252469163388013,0.0333943888545036,2.15057635307312,6.021400451660156,0.422410249710083,0.3041475713253021
123,29801,30,2,7,minus,2,-0.02,0.02,0.0021897365804761,0.0021463769953697,13056.0,3230904.0,6934.738019848242,78.0510721116741,2326.0,47.99076843261719,0.0003057307621929,0.0257897935807704,0.0325126685202121,0.0218789111822843,0.0452771298587322,0.017795966938138,8.833017349243164,8.9212064743042,2.157782077789306,0.5844389796257019
123,29801,31,2,1,minus,3,-0.01,0.01,0.0166266057640314,0.0164611674845218,83273.0,196692320.0,3237785.22243917,218.24770980839568,6504.0,48.48685836791992,0.0011892077745869,0.044319562613964,0.0304092969745397,0.0451588854193687,0.0295377913862466,0.0365017279982566,3.901416301727295,9.86105251312256,3.3765461444854736,0.8627018332481384
123,29801,31,2,2,minus,3,-0.01,0.01,0.0100537622347474,0.0099537260830402,240888.0,203834240.0,2028910.191304684,303.7817522901916,9053.0,75.7269058227539,0.0007651544292457,0.0448898784816265,0.0217880867421627,0.0417401753365993,0.0252469163388013,0.0333943888545036,2.15057635307312,6.021400451660156,0.422410249710083,0.3041475713253021
123,29801,31,2,7,minus,3,-0.01,0.01,0.0021897365804761,0.002167948288843,13084.0,3330513.25,7220.380501306558,78.3195194792121,2334.0,47.99076843261719,0.0003057307621929,0.0257897935807704,0.0325126685202121,0.0218789111822843,0.0452771298587322,0.017795966938138,8.833017349243164,8.9212064743042,2.157782077789306,0.5844389796257019
123,29801,32,2,1,minus,4,-0.005,0.005,0.0166266057640314,0.0165436808019876,83573.0,202338432.0,3347422.432982683,218.51615717593367,6512.0,48.48685836791992,0.0011892077745869,0.044319562613964,0.0304092969745397,0.0451588854193687,0.0295377913862466,0.0365017279982566,3.901416301727295,9.86105251312256,3.3765461444854736,0.8627018332481384
123,29801,32,2,2,minus,4,-0.005,0.005,0.0100537622347474,0.0100036188960075,241082.0,208457360.0,2085327.9855078456,303.9159759739606,9057.0,75.7269058227539,0.0007651544292457,0.0448898784816265,0.0217880867421627,0.0417401753365993,0.0252469163388013,0.0333943888545036,2.15057635307312,6.021400451660156,0.422410249710083,0.3041475713253021
123,29801,32,2,7,minus,4,-0.005,0.005,0.0021897365804761,0.0021788151934742,13162.0,3448639.25,7513.94759471179,78.4537431629811,2338.0,47.99076843261719,0.0003057307621929,0.0257897935807704,0.0325126685202121,0.0218789111822843,0.0452771298587322,0.017795966938138,8.833017349243164,8.9212064743042,2.157782077789306,0.5844389796257019
123,29801,33,2,1,minus,5,-0.0025,0.0025,0.0166266057640314,0.0165850911289453,83652.0,205468992.0,3407721.956492543,218.54971309687596,6513.0,48.48685836791992,0.0011892077745869,0.044319562613964,0.0304092969745397,0.0451588854193687,0.0295377913862466,0.0365017279982566,3.901416301727295,9.86105251312256,3.3765461444854736,0.8627018332481384
123,29801,33,2,2,minus,5,-0.0025,0.0025,0.0100537622347474,0.0100286593660712,241806.0,207730992.0,2083263.3585440663,304.3186470252676,9069.0,75.7269058227539,0.0007651544292457,0.0448898784816265,0.0217880867421627,0.0417401753365993,0.0252469163388013,0.0333943888545036,2.15057635307312,6.021400451660156,0.422410249710083,0.3041475713253021
123,29801,33,2,7,minus,5,-0.0025,0.0025,0.0021897365804761,0.0021842690184712,13239.0,3384834.25,7393.388584935339,78.55441092580786,2341.0,47.99076843261719,0.0003057307621929,0.0257897935807704,0.0325126685202121,0.0218789111822843,0.0452771298587322,0.017795966938138,8.833017349243164,8.9212064743042,2.157782077789306,0.5844389796257019
123,29801,34,2,1,center,6,0.0,0.0,0.0166266057640314,0.0166266057640314,83725.0,206632320.0,3435594.122747183,218.7174927015872,6518.0,48.48685836791992,0.0011892077745869,0.044319562613964,0.0304092969745397,0.0451588854193687,0.0295377913862466,0.0365017279982566,3.901416301727295,9.86105251312256,3.3765461444854736,0.8627018332481384
123,29801,34,2,2,center,6,0.0,0.0,0.0100537622347474,0.0100537622347474,242640.0,209461904.0,2105880.1800534874,304.7213180765746,9081.0,75.7269058227539,0.0007651544292457,0.0448898784816265,0.0217880867421627,0.0417401753365993,0.0252469163388013,0.0333943888545036,2.15057635307312,6.021400451660156,0.422410249710083,0.3041475713253021
123,29801,34,2,7,center,6,0.0,0.0,0.0021897365804761,0.0021897365804761,13276.0,3360888.75,7359.461038785812,78.5879668467501,2342.0,47.99076843261719,0.0003057307621929,0.0257897935807704,0.0325126685202121,0.0218789111822843,0.0452771298587322,0.017795966938138,8.833017349243164,8.9212064743042,2.157782077789306,0.5844389796257019
123,29801,35,2,1,plus,7,0.0025,0.0025,0.0166266057640314,0.0166682247072458,83814.0,202950336.0,3382821.804859042,218.81816046441392,6521.0,48.48685836791992,0.0011892077745869,0.044319562613964,0.0304092969745397,0.0451588854193687,0.0295377913862466,0.0365017279982566,3.901416301727295,9.86105251312256,3.3765461444854736,0.8627018332481384
123,29801,35,2,2,plus,7,0.0025,0.0025,0.0100537622347474,0.0100789284333586,243169.0,210450096.0,2121111.4563774616,305.09043320693934,9092.0,75.7269058227539,0.0007651544292457,0.0448898784816265,0.0217880867421627,0.0417401753365993,0.0252469163388013,0.0333943888545036,2.15057635307312,6.021400451660156,0.422410249710083,0.3041475713253021
123,29801,35,2,7,plus,7,0.0025,0.0025,0.0021897365804761,0.002195217879489,13313.0,3398545.25,7460.547297052632,78.62152276769235,2343.0,47.99076843261719,0.0003057307621929,0.0257897935807704,0.0325126685202121,0.0218789111822843,0.0452771298587322,0.017795966938138,8.833017349243164,8.9212064743042,2.157782077789306,0.5844389796257019
123,29801,36,2,1,plus,8,0.005,0.005,0.0166266057640314,0.0167099460959434,83876.0,204941504.0,3424561.484661579,218.95238414818292,6525.0,48.48685836791992,0.0011892077745869,0.044319562613964,0.0304092969745397,0.0451588854193687,0.0295377913862466,0.0365017279982566,3.901416301727295,9.86105251312256,3.3765461444854736,0.8627018332481384
123,29801,36,2,2,plus,8,0.005,0.005,0.0100537622347474,0.0101041570305824,242867.0,208855232.0,2110306.060786724,305.02332136505487,9090.0,75.7269058227539,0.0007651544292457,0.0448898784816265,0.0217880867421627,0.0417401753365993,0.0252469163388013,0.0333943888545036,2.15057635307312,6.021400451660156,0.422410249710083,0.3041475713253021
123,29801,36,2,7,plus,8,0.005,0.005,0.0021897365804761,0.0022007126826792,13320.0,3452490.75,7597.940180357953,78.6550786886346,2344.0,47.99076843261719,0.0003057307621929,0.0257897935807704,0.0325126685202121,0.0218789111822843,0.0452771298587322,0.017795966938138,8.833017349243164,8.9212064743042,2.157782077789306,0.5844389796257019
123,29801,37,2,1,plus,9,0.01,0.01,0.0166266057640314,0.016793705523014,84000.0,206766448.0,3472374.839751601,219.01949599006744,6527.0,48.48685836791992,0.0011892077745869,0.044319562613964,0.0304092969745397,0.0451588854193687,0.0295377913862466,0.0365017279982566,3.901416301727295,9.86105251312256,3.3765461444854736,0.8627018332481384
123,29801,37,2,2,plus,9,0.01,0.01,0.0100537622347474,0.0101548042148351,242840.0,212549728.0,2158400.8737564683,304.9897654441126,9089.0,75.7269058227539,0.0007651544292457,0.0448898784816265,0.0217880867421627,0.0417401753365993,0.0252469163388013,0.0333943888545036,2.15057635307312,6.021400451660156,0.422410249710083,0.3041475713253021
123,29801,37,2,7,plus,9,0.01,0.01,0.0021897365804761,0.0022117437329143,13386.0,3558500.25,7870.4906265115715,78.78930237240361,2348.0,47.99076843261719,0.0003057307621929,0.0257897935807704,0.0325126685202121,0.0218789111822843,0.0452771298587322,0.017795966938138,8.833017349243164,8.9212064743042,2.157782077789306,0.5844389796257019
123,29801,38,2,1,plus,10,0.02,0.02,0.0166266057640314,0.0169624853879213,84037.0,218396896.0,3704554.157167375,219.05305191100967,6528.0,48.48685836791992,0.0011892077745869,0.044319562613964,0.0304092969745397,0.0451588854193687,0.0295377913862466,0.0365017279982566,3.901416301727295,9.86105251312256,3.3765461444854736,0.8627018332481384
123,29801,38,2,2,plus,10,0.02,0.02,0.0100537622347474,0.0102568613365292,244758.0,215347600.0,2208790.4723543674,306.0635549142646,9121.0,75.7269058227539,0.0007651544292457,0.0448898784816265,0.0217880867421627,0.0417401753365993,0.0252469163388013,0.0333943888545036,2.15057635307312,6.021400451660156,0.422410249710083,0.3041475713253021
123,29801,38,2,7,plus,10,0.02,0.02,0.0021897365804761,0.0022339720744639,13388.0,3256450.75,7274.82003736723,78.9906378980571,2354.0,47.99076843261719,0.0003057307621929,0.0257897935807704,0.0325126685202121,0.0218789111822843,0.0452771298587322,0.017795966938138,8.833017349243164,8.9212064743042,2.157782077789306,0.5844389796257019
123,29801,39,2,1,plus,11,0.05,0.05,0.0166266057640314,0.0174790695309638,84642.0,234283200.0,4095052.342736721,219.7577262507969,6549.0,48.48685836791992,0.0011892077745869,0.044319562613964,0.0304092969745397,0.0451588854193687,0.0295377913862466,0.0365017279982566,3.901416301727295,9.86105251312256,3.3765461444854736,0.8627018332481384
123,29801,39,2,2,plus,11,0.05,0.05,0.0100537622347474,0.010569229722023,248307.0,228434848.0,2414380.3850274086,308.1775779336264,9184.0,75.7269058227539,0.0007651544292457,0.0448898784816265,0.0217880867421627,0.0417401753365993,0.0252469163388013,0.0333943888545036,2.15057635307312,6.021400451660156,0.422410249710083,0.3041475713253021
123,29801,39,2,7,plus,11,0.05,0.05,0.0021897365804761,0.0023020068183541,13736.0,3213311.75,7397.065557997441,79.99731552632461,2384.0,47.99076843261719,0.0003057307621929,0.0257897935807704,0.0325126685202121,0.0218789111822843,0.0452771298587322,0.017795966938138,8.833017349243164,8.9212064743042,2.157782077789306,0.5844389796257019
123,29801,40,2,1,plus,12,0.1,0.1,0.0166266057640314,0.0183752421289682,85383.0,252272208.0,4635562.904409438,220.3281769068152,6566.0,48.48685836791992,0.0011892077745869,0.044319562613964,0.0304092969745397,0.0451588854193687,0.0295377913862466,0.0365017279982566,3.901416301727295,9.86105251312256,3.3765461444854736,0.8627018332481384
123,29801,40,2,2,plus,12,0.1,0.1,0.0100537622347474,0.011111126281321,256220.0,239715568.0,2663509.947646603,312.7076272608302,9319.0,75.7269058227539,0.0007651544292457,0.0448898784816265,0.0217880867421627,0.0417401753365993,0.0252469163388013,0.0333943888545036,2.15057635307312,6.021400451660156,0.422410249710083,0.3041475713253021
123,29801,40,2,7,plus,12,0.1,0.1,0.0021897365804761,0.0024200333282351,14121.0,3546764.0,8583.287087384611,81.03754907553437,2415.0,47.99076843261719,0.0003057307621929,0.0257897935807704,0.0325126685202121,0.0218789111822843,0.0452771298587322,0.017795966938138,8.833017349243164,8.9212064743042,2.157782077789306,0.5844389796257019
123,29801,41,2,1,center_duplicate,-1,0.0,0.0,0.0166266057640314,0.0166266057640314,83725.0,206632320.0,3435594.122747183,218.7174927015872,6518.0,48.48685836791992,0.0011892077745869,0.044319562613964,0.0304092969745397,0.0451588854193687,0.0295377913862466,0.0365017279982566,3.901416301727295,9.86105251312256,3.3765461444854736,0.8627018332481384
123,29801,41,2,2,center_duplicate,-1,0.0,0.0,0.0100537622347474,0.0100537622347474,242640.0,209461904.0,2105880.1800534874,304.7213180765746,9081.0,75.7269058227539,0.0007651544292457,0.0448898784816265,0.0217880867421627,0.0417401753365993,0.0252469163388013,0.0333943888545036,2.15057635307312,6.021400451660156,0.422410249710083,0.3041475713253021
123,29801,41,2,7,center_duplicate,-1,0.0,0.0,0.0021897365804761,0.0021897365804761,13276.0,3360888.75,7359.461038785812,78.5879668467501,2342.0,47.99076843261719,0.0003057307621929,0.0257897935807704,0.0325126685202121,0.0218789111822843,0.0452771298587322,0.017795966938138,8.833017349243164,8.9212064743042,2.157782077789306,0.5844389796257019
123,29801,42,3,1,minus,0,-0.1,0.1,0.0030624063219875,0.0027709798887372,4331.0,1909347.375,5290.763176738168,57.85040770443945,1724.0,68.69004821777344,0.0025674765929579,0.0119783859699964,0.0491933897137641,0.0344496145844459,0.010044421069324,0.0135199222713708,6.216831684112549,3.313960075378418,6.278366088867188,0.7253406047821045
123,29801,42,3,2,minus,0,-0.1,0.1,0.0152102718129754,0.013762823306024,54010.0,60284736.0,829688.1696183085,154.65923962283145,4609.0,96.0049057006836,0.0020888946019113,0.0492519363760948,0.033308882266283,0.0218277648091316,0.0236985776573419,0.0186962261795997,5.5608625411987305,0.1537047326564788,5.821068286895752,0.7542546987533569
123,29801,42,3,7,minus,0,-0.1,0.1,0.0139875570312142,0.0126564651727676,147990.0,117012040.0,1480958.809054494,239.05238079259084,7124.0,89.26822662353516,0.0008241399773396,0.0486867688596248,0.0172926541417837,0.0131852496415376,0.0318209826946258,0.0380514785647392,3.277904748916626,5.072831630706787,3.020468711853028,0.4343680143356323
123,29801,43,3,1,minus,1,-0.05,0.05,0.0030624063219875,0.002913051052019,4488.0,2373369.5,6913.746518804808,59.4275359887252,1771.0,68.69004821777344,0.0025674765929579,0.0119783859699964,0.0491933897137641,0.0344496145844459,0.010044421069324,0.0135199222713708,6.216831684112549,3.313960075378418,6.278366088867188,0.7253406047821045
123,29801,43,3,2,minus,1,-0.05,0.05,0.0152102718129754,0.0144684584811329,54529.0,65565244.0,948628.0106193536,155.5652494882722,4636.0,96.0049057006836,0.0020888946019113,0.0492519363760948,0.033308882266283,0.0218277648091316,0.0236985776573419,0.0186962261795997,5.5608625411987305,0.1537047326564788,5.821068286895752,0.7542546987533569
123,29801,43,3,7,minus,1,-0.05,0.05,0.0139875570312142,0.0133053762838244,151497.0,123121728.0,1638180.919754684,241.6361867051441,7201.0,89.26822662353516,0.0008241399773396,0.0486867688596248,0.0172926541417837,0.0131852496415376,0.0318209826946258,0.0380514785647392,3.277904748916626,5.072831630706787,3.020468711853028,0.4343680143356323
123,29801,44,3,1,minus,2,-0.02,0.02,0.0030624063219875,0.003001766745001,4564.0,2309273.5,6931.900397412246,60.16576624945471,1793.0,68.69004821777344,0.0025674765929579,0.0119783859699964,0.0491933897137641,0.0344496145844459,0.010044421069324,0.0135199222713708,6.216831684112549,3.313960075378418,6.278366088867188,0.7253406047821045
123,29801,44,3,2,minus,2,-0.02,0.02,0.0152102718129754,0.0149090886116027,55208.0,66417036.0,990217.475044012,156.20281198617496,4655.0,96.0049057006836,0.0020888946019113,0.0492519363760948,0.033308882266283,0.0218277648091316,0.0236985776573419,0.0186962261795997,5.5608625411987305,0.1537047326564788,5.821068286895752,0.7542546987533569
123,29801,44,3,7,minus,2,-0.02,0.02,0.0139875570312142,0.0137105854228138,152329.0,131645160.0,1804932.2116800025,242.34086104493136,7222.0,89.26822662353516,0.0008241399773396,0.0486867688596248,0.0172926541417837,0.0131852496415376,0.0318209826946258,0.0380514785647392,3.277904748916626,5.072831630706787,3.020468711853028,0.4343680143356323
123,29801,45,3,1,minus,3,-0.01,0.01,0.0030624063219875,0.0030319348443299,4608.0,2381927.75,7221.849741901446,60.36710177510821,1799.0,68.69004821777344,0.0025674765929579,0.0119783859699964,0.0491933897137641,0.0344496145844459,0.010044421069324,0.0135199222713708,6.216831684112549,3.313960075378418,6.278366088867188,0.7253406047821045
123,29801,45,3,2,minus,3,-0.01,0.01,0.0152102718129754,0.0150589272379875,55298.0,68246144.0,1027713.7167692184,156.40414751182846,4661.0,96.0049057006836,0.0020888946019113,0.0492519363760948,0.033308882266283,0.0218277648091316,0.0236985776573419,0.0186962261795997,5.5608625411987305,0.1537047326564788,5.821068286895752,0.7542546987533569
123,29801,45,3,7,minus,3,-0.01,0.01,0.0139875570312142,0.0138483783230185,152972.0,134473872.0,1862245.0540171715,242.9784235428341,7241.0,89.26822662353516,0.0008241399773396,0.0486867688596248,0.0172926541417837,0.0131852496415376,0.0318209826946258,0.0380514785647392,3.277904748916626,5.072831630706787,3.020468711853028,0.4343680143356323
123,29801,46,3,1,minus,4,-0.005,0.005,0.0030624063219875,0.0030471323989331,4551.0,2075192.875,6323.387443447777,60.80332874735747,1812.0,68.69004821777344,0.0025674765929579,0.0119783859699964,0.0491933897137641,0.0344496145844459,0.010044421069324,0.0135199222713708,6.216831684112549,3.313960075378418,6.278366088867188,0.7253406047821045
123,29801,46,3,2,minus,4,-0.005,0.005,0.0152102718129754,0.0151344100013375,55403.0,68754712.0,1040562.0009318814,156.5719271165397,4666.0,96.0049057006836,0.0020888946019113,0.0492519363760948,0.033308882266283,0.0218277648091316,0.0236985776573419,0.0186962261795997,5.5608625411987305,0.1537047326564788,5.821068286895752,0.7542546987533569
123,29801,46,3,7,minus,4,-0.005,0.005,0.0139875570312142,0.0139177935197949,153524.0,132557088.0,1844902.180369288,243.2468709103721,7249.0,89.26822662353516,0.0008241399773396,0.0486867688596248,0.0172926541417837,0.0131852496415376,0.0318209826946258,0.0380514785647392,3.277904748916626,5.072831630706787,3.020468711853028,0.4343680143356323
123,29801,47,3,1,minus,5,-0.0025,0.0025,0.0030624063219875,0.0030547596979886,4618.0,2137604.5,6529.868076839135,60.97110835206872,1817.0,68.69004821777344,0.0025674765929579,0.0119783859699964,0.0491933897137641,0.0344496145844459,0.010044421069324,0.0135199222713708,6.216831684112549,3.313960075378418,6.278366088867188,0.7253406047821045
123,29801,47,3,2,minus,5,-0.0025,0.0025,0.0152102718129754,0.0151722934097051,55378.0,70779112.0,1073881.4545423836,156.53837119559745,4665.0,96.0049057006836,0.0020888946019113,0.0492519363760948,0.033308882266283,0.0218277648091316,0.0236985776573419,0.0186962261795997,5.5608625411987305,0.1537047326564788,5.821068286895752,0.7542546987533569
123,29801,47,3,7,minus,5,-0.0025,0.0025,0.0139875570312142,0.0139526315033435,153551.0,133791144.0,1866738.5306427777,243.2804268313144,7250.0,89.26822662353516,0.0008241399773396,0.0486867688596248,0.0172926541417837,0.0131852496415376,0.0318209826946258,0.0380514785647392,3.277904748916626,5.072831630706787,3.020468711853028,0.4343680143356323
123,29801,48,3,1,center,6,0.0,0.0,0.0030624063219875,0.0030624063219875,4537.0,2107704.5,6454.647585681523,61.07177611489547,1820.0,68.69004821777344,0.0025674765929579,0.0119783859699964,0.0491933897137641,0.0344496145844459,0.010044421069324,0.0135199222713708,6.216831684112549,3.313960075378418,6.278366088867188,0.7253406047821045
123,29801,48,3,2,center,6,0.0,0.0,0.0152102718129754,0.0152102718129754,55418.0,70274224.0,1068890.0484859198,156.60548303748195,4667.0,96.0049057006836,0.0020888946019113,0.0492519363760948,0.033308882266283,0.0218277648091316,0.0236985776573419,0.0186962261795997,5.5608625411987305,0.1537047326564788,5.821068286895752,0.7542546987533569
123,29801,48,3,7,center,6,0.0,0.0,0.0139875570312142,0.0139875570312142,153564.0,134211648.0,1877293.0806532505,243.38109459414116,7253.0,89.26822662353516,0.0008241399773396,0.0486867688596248,0.0172926541417837,0.0131852496415376,0.0318209826946258,0.0380514785647392,3.277904748916626,5.072831630706787,3.020468711853028,0.4343680143356323
123,29801,49,3,1,plus,7,0.0025,0.0025,0.0030624063219875,0.0030700720380991,4553.0,2106927.0,6468.417669016169,61.07177611489547,1820.0,68.69004821777344,0.0025674765929579,0.0119783859699964,0.0491933897137641,0.0344496145844459,0.010044421069324,0.0135199222713708,6.216831684112549,3.313960075378418,6.278366088867188,0.7253406047821045
123,29801,49,3,2,plus,7,0.0025,0.0025,0.0152102718129754,0.0152483452111482,55455.0,68427368.0,1043404.1291542798,156.5719271165397,4666.0,96.0049057006836,0.0020888946019113,0.0492519363760948,0.033308882266283,0.0218277648091316,0.0236985776573419,0.0186962261795997,5.5608625411987305,0.1537047326564788,5.821068286895752,0.7542546987533569
123,29801,49,3,7,plus,7,0.0025,0.0025,0.0139875570312142,0.0140225701034069,153967.0,133326208.0,1869576.098301411,243.61598604073689,7260.0,89.26822662353516,0.0008241399773396,0.0486867688596248,0.0172926541417837,0.0131852496415376,0.0318209826946258,0.0380514785647392,3.277904748916626,5.072831630706787,3.020468711853028,0.4343680143356323
123,29801,50,3,1,plus,8,0.005,0.005,0.0030624063219875,0.0030777566134929,4533.0,2044283.0,6291.80552310124,61.13888795677997,1822.0,68.69004821777344,0.0025674765929579,0.0119783859699964,0.0491933897137641,0.0344496145844459,0.010044421069324,0.0135199222713708,6.216831684112549,3.313960075378418,6.278366088867188,0.7253406047821045
123,29801,50,3,2,plus,8,0.005,0.005,0.0152102718129754,0.0152865136042237,55437.0,70245192.0,1073804.0831393078,156.5048152746552,4664.0,96.0049057006836,0.0020888946019113,0.0492519363760948,0.033308882266283,0.0218277648091316,0.0236985776573419,0.0186962261795997,5.5608625411987305,0.1537047326564788,5.821068286895752,0.7542546987533569
123,29801,50,3,7,plus,8,0.005,0.005,0.0139875570312142,0.014057669788599,154164.0,136561456.0,1919735.8542982936,243.75020972450588,7264.0,89.26822662353516,0.0008241399773396,0.0486867688596248,0.0172926541417837,0.0131852496415376,0.0318209826946258,0.0380514785647392,3.277904748916626,5.072831630706787,3.020468711853028,0.4343680143356323
123,29801,51,3,1,plus,9,0.01,0.01,0.0030624063219875,0.0030931839719414,4494.0,2052726.75,6349.461481875507,61.30666756149122,1827.0,68.69004821777344,0.0025674765929579,0.0119783859699964,0.0491933897137641,0.0344496145844459,0.010044421069324,0.0135199222713708,6.216831684112549,3.313960075378418,6.278366088867188,0.7253406047821045
123,29801,51,3,2,plus,9,0.01,0.01,0.0152102718129754,0.0153631381690502,55506.0,70203256.0,1078542.3218452036,156.53837119559745,4665.0,96.0049057006836,0.0020888946019113,0.0492519363760948,0.033308882266283,0.0218277648091316,0.0236985776573419,0.0186962261795997,5.5608625411987305,0.1537047326564788,5.821068286895752,0.7542546987533569
123,29801,51,3,7,plus,9,0.01,0.01,0.0139875570312142,0.0141281345859169,154489.0,135378400.0,1912644.2552261052,243.98510117110163,7271.0,89.26822662353516,0.0008241399773396,0.0486867688596248,0.0172926541417837,0.0131852496415376,0.0318209826946258,0.0380514785647392,3.277904748916626,5.072831630706787,3.020468711853028,0.4343680143356323
123,29801,52,3,1,plus,10,0.02,0.02,0.0030624063219875,0.0031242710538208,4640.0,2323858.25,7260.363063657773,61.575114929029226,1835.0,68.69004821777344,0.0025674765929579,0.0119783859699964,0.0491933897137641,0.0344496145844459,0.010044421069324,0.0135199222713708,6.216831684112549,3.313960075378418,6.278366088867188,0.7253406047821045
123,29801,52,3,2,plus,10,0.02,0.02,0.0152102718129754,0.0155175393447279,55610.0,69635600.0,1080573.1627937406,156.8068185631355,4673.0,96.0049057006836,0.0020888946019113,0.0492519363760948,0.033308882266283,0.0218277648091316,0.0236985776573419,0.0186962261795997,5.5608625411987305,0.1537047326564788,5.821068286895752,0.7542546987533569
123,29801,52,3,7,plus,10,0.02,0.02,0.0139875570312142,0.0142701240256428,154837.0,139758224.0,1994367.1900835785,244.3206603805241,7281.0,89.26822662353516,0.0008241399773396,0.0486867688596248,0.0172926541417837,0.0131852496415376,0.0318209826946258,0.0380514785647392,3.277904748916626,5.072831630706787,3.020468711853028,0.4343680143356323
123,29801,53,3,1,plus,11,0.05,0.05,0.0030624063219875,0.0032194191589951,4557.0,2868999.75,9236.5127623023,62.14556558504748,1852.0,68.69004821777344,0.0025674765929579,0.0119783859699964,0.0491933897137641,0.0344496145844459,0.010044421069324,0.0135199222713708,6.216831684112549,3.313960075378418,6.278366088867188,0.7253406047821045
123,29801,53,3,2,plus,11,0.05,0.05,0.0152102718129754,0.0159901194274425,56197.0,75095608.0,1200787.7403964102,157.57860474480722,4696.0,96.0049057006836,0.0020888946019113,0.0492519363760948,0.033308882266283,0.0218277648091316,0.0236985776573419,0.0186962261795997,5.5608625411987305,0.1537047326564788,5.821068286895752,0.7542546987533569
123,29801,53,3,7,plus,11,0.05,0.05,0.0139875570312142,0.0147047145292162,156458.0,155069584.0,2280253.964884326,245.49511761350288,7316.0,89.26822662353516,0.0008241399773396,0.0486867688596248,0.0172926541417837,0.0131852496415376,0.0318209826946258,0.0380514785647392,3.277904748916626,5.072831630706787,3.020468711853028,0.4343680143356323
123,29801,54,3,1,plus,12,0.1,0.1,0.0030624063219875,0.0033844825811684,4556.0,3334454.75,11285.404019069276,64.05825307875574,1909.0,68.69004821777344,0.0025674765929579,0.0119783859699964,0.0491933897137641,0.0344496145844459,0.010044421069324,0.0135199222713708,6.216831684112549,3.313960075378418,6.278366088867188,0.7253406047821045
123,29801,54,3,2,plus,12,0.1,0.1,0.0152102718129754,0.0168099515140056,57087.0,80538928.0,1353855.474669993,158.5181705311902,4724.0,96.0049057006836,0.0020888946019113,0.0492519363760948,0.033308882266283,0.0218277648091316,0.0236985776573419,0.0186962261795997,5.5608625411987305,0.1537047326564788,5.821068286895752,0.7542546987533569
123,29801,54,3,7,plus,12,0.1,0.1,0.0139875570312142,0.0154586415737867,159600.0,161694800.0,2499581.9575451314,247.7098083956914,7382.0,89.26822662353516,0.0008241399773396,0.0486867688596248,0.0172926541417837,0.0131852496415376,0.0318209826946258,0.0380514785647392,3.277904748916626,5.072831630706787,3.020468711853028,0.4343680143356323
123,29801,55,3,1,center_duplicate,-1,0.0,0.0,0.0030624063219875,0.0030624063219875,4537.0,2107704.5,6454.647585681523,61.07177611489547,1820.0,68.69004821777344,0.0025674765929579,0.0119783859699964,0.0491933897137641,0.0344496145844459,0.010044421069324,0.0135199222713708,6.216831684112549,3.313960075378418,6.278366088867188,0.7253406047821045
123,29801,55,3,2,center_duplicate,-1,0.0,0.0,0.0152102718129754,0.0152102718129754,55418.0,70274224.0,1068890.0484859198,156.60548303748195,4667.0,96.0049057006836,0.0020888946019113,0.0492519363760948,0.033308882266283,0.0218277648091316,0.0236985776573419,0.0186962261795997,5.5608625411987305,0.1537047326564788,5.821068286895752,0.7542546987533569
123,29801,55,3,7,center_duplicate,-1,0.0,0.0,0.0139875570312142,0.0139875570312142,153564.0,134211648.0,1877293.0806532505,243.38109459414116,7253.0,89.26822662353516,0.0008241399773396,0.0486867688596248,0.0172926541417837,0.0131852496415376,0.0318209826946258,0.0380514785647392,3.277904748916626,5.072831630706787,3.020468711853028,0.4343680143356323
123,29801,56,4,1,minus,0,-0.1,0.1,0.0108905816450715,0.0098542058840394,114130.0,37701168.0,371515.071540758,246.87091037213517,7357.0,33.49873733520508,0.0002443856210447,0.0386488735675811,0.0286058206111192,0.017027685418725,0.0424789972603321,0.0291590932756662,3.127815723419189,7.227877616882324,7.630624294281006,0.9706724286079408
123,29801,56,4,2,minus,0,-0.1,0.1,0.0116654084995388,0.0105552980676293,126904.0,125446488.0,1324125.0723772869,208.81849602362337,6223.0,38.7281608581543,0.0025844236370176,0.0295098964124918,0.0405808053910732,0.046412743628025,0.0416797697544097,0.0448324494063854,0.7273001670837402,9.898069381713867,9.137249946594238,0.9603471159934998
123,29801,56,4,7,minus,0,-0.1,0.1,0.0098292483016848,0.008893871679902,4397.0,8625.9697265625,76.71826786276688,24.32804268313144,725.0,4.61674165725708,0.0038823534268885,0.0212451666593551,0.0269096083939075,0.0197803676128387,0.0193378403782844,0.0118202436715364,1.170051097869873,1.0662606954574585,7.525685787200928,0.8699729442596436
123,29801,57,4,1,minus,1,-0.05,0.05,0.0108905816450715,0.0103594418615102,117240.0,37632628.0,389853.02186184376,249.8238314150532,7445.0,33.49873733520508,0.0002443856210447,0.0386488735675811,0.0286058206111192,0.017027685418725,0.0424789972603321,0.0291590932756662,3.127815723419189,7.227877616882324,7.630624294281006,0.9706724286079408
123,29801,57,4,2,minus,1,-0.05,0.05,0.0116654084995388,0.0110964803025126,131295.0,133896944.0,1485784.8016626388,211.67074930371464,6308.0,38.7281608581543,0.0025844236370176,0.0295098964124918,0.0405808053910732,0.046412743628025,0.0416797697544097,0.0448324494063854,0.7273001670837402,9.898069381713867,9.137249946594238,0.9603471159934998
123,29801,57,4,7,minus,1,-0.05,0.05,0.0098292483016848,0.0093498704954981,4595.0,12963.7119140625,121.2090275374312,25.13338478574544,749.0,4.61674165725708,0.0038823534268885,0.0212451666593551,0.0269096083939075,0.0197803676128387,0.0193378403782844,0.0118202436715364,1.170051097869873,1.0662606954574585,7.525685787200928,0.8699729442596436
123,29801,58,4,1,minus,2,-0.02,0.02,0.0108905816450715,0.0106749339029192,119234.0,38734988.0,413493.436630372,251.53518338310792,7496.0,33.49873733520508,0.0002443856210447,0.0386488735675811,0.0286058206111192,0.017027685418725,0.0424789972603321,0.0291590932756662,3.127815723419189,7.227877616882324,7.630624294281006,0.9706724286079408
123,29801,58,4,2,minus,2,-0.02,0.02,0.0116654084995388,0.0114344181492924,133466.0,140471200.0,1606206.4387328925,213.5834367974229,6365.0,38.7281608581543,0.0025844236370176,0.0295098964124918,0.0405808053910732,0.046412743628025,0.0416797697544097,0.0448324494063854,0.7273001670837402,9.898069381713867,9.137249946594238,0.9603471159934998
123,29801,58,4,7,minus,2,-0.02,0.02,0.0098292483016848,0.0096346158534288,4651.0,13146.5244140625,126.66171253721586,25.73739136270595,767.0,4.61674165725708,0.0038823534268885,0.0212451666593551,0.0269096083939075,0.0197803676128387,0.0193378403782844,0.0118202436715364,1.170051097869873,1.0662606954574585,7.525685787200928,0.8699729442596436
123,29801,59,4,1,minus,3,-0.01,0.01,0.0108905816450715,0.0107822185382246,119715.0,42903636.0,462596.3794364445,251.87074259253043,7506.0,33.49873733520508,0.0002443856210447,0.0386488735675811,0.0286058206111192,0.017027685418725,0.0424789972603321,0.0291590932756662,3.127815723419189,7.227877616882324,7.630624294281006,0.9706724286079408
123,29801,59,4,2,minus,3,-0.01,0.01,0.0116654084995388,0.0115493359044194,134195.0,146791024.0,1695338.843929693,214.01966376967212,6378.0,38.7281608581543,0.0025844236370176,0.0295098964124918,0.0405808053910732,0.046412743628025,0.0416797697544097,0.0448324494063854,0.7273001670837402,9.898069381713867,9.137249946594238,0.9603471159934998
123,29801,59,4,7,minus,3,-0.01,0.01,0.0098292483016848,0.0097314454615116,4670.0,11326.435546875,110.22258979774053,26.0393946511862,776.0,4.61674165725708,0.0038823534268885,0.0212451666593551,0.0269096083939075,0.0197803676128387,0.0193378403782844,0.0118202436715364,1.170051097869873,1.0662606954574585,7.525685787200928,0.8699729442596436
123,29801,60,4,1,minus,4,-0.005,0.005,0.0108905816450715,0.0108362641185522,120000.0,42161760.0,456875.96706300974,252.2398577228952,7517.0,33.49873733520508,0.0002443856210447,0.0386488735675811,0.0286058206111192,0.017027685418725,0.0424789972603321,0.0291590932756662,3.127815723419189,7.227877616882324,7.630624294281006,0.9706724286079408
123,29801,60,4,2,minus,4,-0.005,0.005,0.0116654084995388,0.0116072269156575,134507.0,148760208.0,1726693.4902764112,214.22099929532564,6384.0,38.7281608581543,0.0025844236370176,0.0295098964124918,0.0405808053910732,0.046412743628025,0.0416797697544097,0.0448324494063854,0.7273001670837402,9.898069381713867,9.137249946594238,0.9603471159934998
123,29801,60,4,7,minus,4,-0.005,0.005,0.0098292483016848,0.0097802244126796,4694.0,10236.21484375,100.1124783082778,26.1736183349552,780.0,4.61674165725708,0.0038823534268885,0.0212451666593551,0.0269096083939075,0.0197803676128387,0.0193378403782844,0.0118202436715364,1.170051097869873,1.0662606954574585,7.525685787200928,0.8699729442596436
123,29801,61,4,1,minus,5,-0.0025,0.0025,0.0108905816450715,0.0108633888885378,120069.0,42604508.0,462829.3388088234,252.34052548572197,7520.0,33.49873733520508,0.0002443856210447,0.0386488735675811,0.0286058206111192,0.017027685418725,0.0424789972603321,0.0291590932756662,3.127815723419189,7.227877616882324,7.630624294281006,0.9706724286079408
123,29801,61,4,2,minus,5,-0.0025,0.0025,0.0116654084995388,0.0116362813860178,135133.0,148527344.0,1728305.9683018625,214.69078218851715,6398.0,38.7281608581543,0.0025844236370176,0.0295098964124918,0.0405808053910732,0.046412743628025,0.0416797697544097,0.0448324494063854,0.7273001670837402,9.898069381713867,9.137249946594238,0.9603471159934998
123,29801,61,4,7,minus,5,-0.0025,0.0025,0.0098292483016848,0.0098047060891985,4724.0,11357.099609375,111.35302369567398,26.1736183349552,780.0,4.61674165725708,0.0038823534268885,0.0212451666593551,0.0269096083939075,0.0197803676128387,0.0193378403782844,0.0118202436715364,1.170051097869873,1.0662606954574585,7.525685787200928,0.8699729442596436
123,29801,62,4,1,center,6,0.0,0.0,0.0108905816450715,0.0108905816450715,120336.0,43436740.0,473051.3633657433,252.5083050904332,7525.0,33.49873733520508,0.0002443856210447,0.0386488735675811,0.0286058206111192,0.017027685418725,0.0424789972603321,0.0291590932756662,3.127815723419189,7.227877616882324,7.630624294281006,0.9706724286079408
123,29801,62,4,2,center,6,0.0,0.0,0.0116654084995388,0.0116654084995388,135068.0,149172176.0,1740154.3698051125,214.7243381094594,6399.0,38.7281608581543,0.0025844236370176,0.0295098964124918,0.0405808053910732,0.046412743628025,0.0416797697544097,0.0448324494063854,0.7273001670837402,9.898069381713867,9.137249946594238,0.9603471159934998
123,29801,62,4,7,center,6,0.0,0.0,0.0098292483016848,0.0098292483016848,4783.0,13677.62890625,134.4408106978335,26.341397939666454,785.0,4.61674165725708,0.0038823534268885,0.0212451666593551,0.0269096083939075,0.0197803676128387,0.0193378403782844,0.0118202436715364,1.170051097869873,1.0662606954574585,7.525685787200928,0.8699729442596436
123,29801,63,4,1,plus,7,0.0025,0.0025,0.0108905816450715,0.010917842388153,120569.0,43828136.0,478508.6810145378,252.67608469514445,7530.0,33.49873733520508,0.0002443856210447,0.0386488735675811,0.0286058206111192,0.017027685418725,0.0424789972603321,0.0291590932756662,3.127815723419189,7.227877616882324,7.630624294281006,0.9706724286079408
123,29801,63,4,2,plus,7,0.0025,0.0025,0.0116654084995388,0.0116946091875433,135682.0,148021216.0,1731050.272584945,215.1270091607664,6411.0,38.7281608581543,0.0025844236370176,0.0295098964124918,0.0405808053910732,0.046412743628025,0.0416797697544097,0.0448324494063854,0.7273001670837402,9.898069381713867,9.137249946594238,0.9603471159934998
123,29801,63,4,7,plus,7,0.0025,0.0025,0.0098292483016848,0.0098538529127836,4798.0,16344.642578125,161.05770387686425,26.374953860608706,786.0,4.61674165725708,0.0038823534268885,0.0212451666593551,0.0269096083939075,0.0197803676128387,0.0193378403782844,0.0118202436715364,1.170051097869873,1.0662606954574585,7.525685787200928,0.8699729442596436
123,29801,64,4,1,plus,8,0.005,0.005,0.0108905816450715,0.0109451711177825,120643.0,43207520.0,472913.6999750137,252.67608469514445,7530.0,33.49873733520508,0.0002443856210447,0.0386488735675811,0.0286058206111192,0.017027685418725,0.0424789972603321,0.0291590932756662,3.127815723419189,7.227877616882324,7.630624294281006,0.9706724286079408
123,29801,64,4,2,plus,8,0.005,0.005,0.0116654084995388,0.0117238815873861,136293.0,152308080.0,1785641.894722134,215.42901244924664,6420.0,38.7281608581543,0.0025844236370176,0.0295098964124918,0.0405808053910732,0.046412743628025,0.0416797697544097,0.0448324494063854,0.7273001670837402,9.898069381713867,9.137249946594238,0.9603471159934998
123,29801,64,4,7,plus,8,0.005,0.005,0.0098292483016848,0.0098785171285271,4818.0,16688.6640625,164.85925379364198,26.442065702493203,788.0,4.61674165725708,0.0038823534268885,0.0212451666593551,0.0269096083939075,0.0197803676128387,0.0193378403782844,0.0118202436715364,1.170051097869873,1.0662606954574585,7.525685787200928,0.8699729442596436
123,29801,65,4,1,plus,9,0.01,0.01,0.0108905816450715,0.011000033468008,120959.0,44268112.0,486950.7135655284,252.94453206268244,7538.0,33.49873733520508,0.0002443856210447,0.0386488735675811,0.0286058206111192,0.017027685418725,0.0424789972603321,0.0291590932756662,3.127815723419189,7.227877616882324,7.630624294281006,0.9706724286079408
123,29801,65,4,2,plus,9,0.01,0.01,0.0116654084995388,0.0117826480418443,136519.0,152854048.0,1801025.449355185,215.42901244924664,6420.0,38.7281608581543,0.0025844236370176,0.0295098964124918,0.0405808053910732,0.046412743628025,0.0416797697544097,0.0448324494063854,0.7273001670837402,9.898069381713867,9.137249946594238,0.9603471159934998
123,29801,65,4,7,plus,9,0.01,0.01,0.0098292483016848,0.0099280336871743,4809.0,16752.26953125,166.31709624287396,26.542733465319955,791.0,4.61674165725708,0.0038823534268885,0.0212451666593551,0.0269096083939075,0.0197803676128387,0.0193378403782844,0.0118202436715364,1.170051097869873,1.0662606954574585,7.525685787200928,0.8699729442596436
123,29801,66,4,1,plus,10,0.02,0.02,0.0108905816450715,0.0111105861142277,121595.0,43918360.0,487958.7207756564,253.41431495587395,7552.0,33.49873733520508,0.0002443856210447,0.0386488735675811,0.0286058206111192,0.017027685418725,0.0424789972603321,0.0291590932756662,3.127815723419189,7.227877616882324,7.630624294281006,0.9706724286079408
123,29801,66,4,2,plus,10,0.02,0.02,0.0116654084995388,0.0119010647758841,136759.0,150187280.0,1787388.5477938503,216.23435455186063,6444.0,38.7281608581543,0.0025844236370176,0.0295098964124918,0.0405808053910732,0.046412743628025,0.0416797697544097,0.0448324494063854,0.7273001670837402,9.898069381713867,9.137249946594238,0.9603471159934998
123,29801,66,4,7,plus,10,0.02,0.02,0.0098292483016848,0.0100278118625283,4864.0,15890.203125,159.34396739485965,26.777624911915705,798.0,4.61674165725708,0.0038823534268885,0.0212451666593551,0.0269096083939075,0.0197803676128387,0.0193378403782844,0.0118202436715364,1.170051097869873,1.0662606954574585,7.525685787200928,0.8699729442596436
123,29801,67,4,1,plus,11,0.05,0.05,0.0108905816450715,0.0114489533007144,123060.0,44703116.0,511803.88748042285,254.756551793564,7592.0,33.49873733520508,0.0002443856210447,0.0386488735675811,0.0286058206111192,0.017027685418725,0.0424789972603321,0.0291590932756662,3.127815723419189,7.227877616882324,7.630624294281006,0.9706724286079408
123,29801,67,4,2,plus,11,0.05,0.05,0.0116654084995388,0.0122635066509246,139444.0,163715456.0,2007725.5835151672,218.01281836179996,6497.0,38.7281608581543,0.0025844236370176,0.0295098964124918,0.0405808053910732,0.046412743628025,0.0416797697544097,0.0448324494063854,0.7273001670837402,9.898069381713867,9.137249946594238,0.9603471159934998
123,29801,67,4,7,plus,11,0.05,0.05,0.0098292483016848,0.0103332046419382,4885.0,18131.162109375,187.35300847232796,27.48229925170296,819.0,4.61674165725708,0.0038823534268885,0.0212451666593551,0.0269096083939075,0.0197803676128387,0.0193378403782844,0.0118202436715364,1.170051097869873,1.0662606954574585,7.525685787200928,0.8699729442596436
123,29801,68,4,1,plus,12,0.1,0.1,0.0108905816450715,0.0120359547436237,125534.0,47460448.0,571231.8042401075,256.83701889198346,7654.0,33.49873733520508,0.0002443856210447,0.0386488735675811,0.0286058206111192,0.017027685418725,0.0424789972603321,0.0291590932756662,3.127815723419189,7.227877616882324,7.630624294281006,0.9706724286079408
123,29801,68,4,2,plus,12,0.1,0.1,0.0116654084995388,0.0128922704607248,144081.0,174045024.0,2243835.521751344,220.7979598000067,6580.0,38.7281608581543,0.0025844236370176,0.0295098964124918,0.0405808053910732,0.046412743628025,0.0416797697544097,0.0448324494063854,0.7273001670837402,9.898069381713867,9.137249946594238,0.9603471159934998
123,29801,68,4,7,plus,12,0.1,0.1,0.0098292483016848,0.0108629995957016,4962.0,22022.806640625,239.233739633326,28.52253280091272,850.0,4.61674165725708,0.0038823534268885,0.0212451666593551,0.0269096083939075,0.0197803676128387,0.0193378403782844,0.0118202436715364,1.170051097869873,1.0662606954574585,7.525685787200928,0.8699729442596436
123,29801,69,4,1,center_duplicate,-1,0.0,0.0,0.0108905816450715,0.0108905816450715,120336.0,43436740.0,473051.3633657433,252.5083050904332,7525.0,33.49873733520508,0.0002443856210447,0.0386488735675811,0.0286058206111192,0.017027685418725,0.0424789972603321,0.0291590932756662,3.127815723419189,7.227877616882324,7.630624294281006,0.9706724286079408
123,29801,69,4,2,center_duplicate,-1,0.0,0.0,0.0116654084995388,0.0116654084995388,135068.0,149172176.0,1740154.3698051125,214.7243381094594,6399.0,38.7281608581543,0.0025844236370176,0.0295098964124918,0.0405808053910732,0.046412743628025,0.0416797697544097,0.0448324494063854,0.7273001670837402,9.898069381713867,9.137249946594238,0.9603471159934998
123,29801,69,4,7,center_duplicate,-1,0.0,0.0,0.0098292483016848,0.0098292483016848,4783.0,13677.62890625,134.4408106978335,26.341397939666454,785.0,4.61674165725708,0.0038823534268885,0.0212451666593551,0.0269096083939075,0.0197803676128387,0.0193378403782844,0.0118202436715364,1.170051097869873,1.0662606954574585,7.525685787200928,0.8699729442596436
123,29801,70,5,1,minus,0,-0.1,0.1,0.0129776550456881,0.0117426682263612,7014.0,1231680.375,14463.21400454524,88.88963457602094,2649.0,24.337238311767575,0.0024092399980872,0.0323095433413982,0.0223913118243217,0.0126002123579382,0.0246993713080883,0.0182983670383691,7.951542377471924,8.247520446777344,4.818588733673096,0.2670776546001434
123,29801,70,5,2,minus,0,-0.1,0.1,0.0048190923407673,0.0043604951351881,5813.0,901852.5,3932.523438907229,58.3537465185732,1739.0,31.63585090637207,0.0015944018959999,0.017833586782217,0.0103708188980817,0.0133877424523234,0.0142292836681008,0.0478997603058815,6.824490547180176,1.2873531579971311,2.1796975135803223,0.67423015832901
123,29801,70,5,7,minus,0,-0.1,0.1,0.0127071822062134,0.0114979343488812,68358.0,13229663.0,152113.7966318233,164.18912117043052,4893.0,26.436113357543945,0.0015469755744561,0.037771038711071,0.0138946194201707,0.0293865650892257,0.0210106670856475,0.0406164526939392,2.290356397628784,4.109940528869629,6.244213104248047,0.661459743976593
123,29801,71,5,1,minus,1,-0.05,0.05,0.0129776550456881,0.0123447272926568,7271.0,1312076.0,16197.220407240093,90.1312036508842,2686.0,24.337238311767575,0.0024092399980872,0.0323095433413982,0.0223913118243217,0.0126002123579382,0.0246993713080883,0.0182983670383691,7.951542377471924,8.247520446777344,4.818588733673096,0.2670776546001434
123,29801,71,5,2,minus,1,-0.05,0.05,0.0048190923407673,0.0045840623788535,6140.0,1055869.625,4840.172224936716,59.62887151437871,1777.0,31.63585090637207,0.0015944018959999,0.017833586782217,0.0103708188980817,0.0133877424523234,0.0142292836681008,0.0478997603058815,6.824490547180176,1.2873531579971311,2.1796975135803223,0.67423015832901
123,29801,71,5,7,minus,1,-0.05,0.05,0.0127071822062134,0.012087445706129,70825.0,13994131.0,169153.29866695777,167.44404550182878,4990.0,26.436113357543945,0.0015469755744561,0.037771038711071,0.0138946194201707,0.0293865650892257,0.0210106670856475,0.0406164526939392,2.290356397628784,4.109940528869629,6.244213104248047,0.661459743976593
123,29801,72,5,1,minus,2,-0.02,0.02,0.0129776550456881,0.0127206807956099,7283.0,1489683.375,18949.78669990192,90.6680983859602,2702.0,24.337238311767575,0.0024092399980872,0.0323095433413982,0.0223913118243217,0.0126002123579382,0.0246993713080883,0.0182983670383691,7.951542377471924,8.247520446777344,4.818588733673096,0.2670776546001434
123,29801,72,5,2,minus,2,-0.02,0.02,0.0048190923407673,0.0047236680984497,6383.0,1137254.875,5372.014572843909,60.60199322170397,1806.0,31.63585090637207,0.0015944018959999,0.017833586782217,0.0103708188980817,0.0133877424523234,0.0142292836681008,0.0478997603058815,6.824490547180176,1.2873531579971311,2.1796975135803223,0.67423015832901
123,29801,72,5,7,minus,2,-0.02,0.02,0.0127071822062134,0.0124555630609393,72399.0,14731597.0,183490.3354218444,169.5245126002483,5052.0,26.436113357543945,0.0015469755744561,0.037771038711071,0.0138946194201707,0.0293865650892257,0.0210106670856475,0.0406164526939392,2.290356397628784,4.109940528869629,6.244213104248047,0.661459743976593
123,29801,73,5,1,minus,3,-0.01,0.01,0.0129776550456881,0.0128485253080725,7418.0,1538728.875,19770.39689269953,90.97010167444044,2711.0,24.337238311767575,0.0024092399980872,0.0323095433413982,0.0223913118243217,0.0126002123579382,0.0246993713080883,0.0182983670383691,7.951542377471924,8.247520446777344,4.818588733673096,0.2670776546001434
123,29801,73,5,2,minus,3,-0.01,0.01,0.0048190923407673,0.0047711418010294,6392.0,1168569.125,5575.408999679901,60.70266098453072,1809.0,31.63585090637207,0.0015944018959999,0.017833586782217,0.0103708188980817,0.0133877424523234,0.0142292836681008,0.0478997603058815,6.824490547180176,1.2873531579971311,2.1796975135803223,0.67423015832901
123,29801,73,5,7,minus,3,-0.01,0.01,0.0127071822062134,0.0125807439908385,73319.0,15545298.0,195571.41439929415,170.5983020704003,5084.0,26.436113357543945,0.0015469755744561,0.037771038711071,0.0138946194201707,0.0293865650892257,0.0210106670856475,0.0406164526939392,2.290356397628784,4.109940528869629,6.244213104248047,0.661459743976593
123,29801,74,5,1,minus,4,-0.005,0.005,0.0129776550456881,0.0129129281267523,7510.0,1496256.75,19321.0558719181,91.23854904197844,2719.0,24.337238311767575,0.0024092399980872,0.0323095433413982,0.0223913118243217,0.0126002123579382,0.0246993713080883,0.0182983670383691,7.951542377471924,8.247520446777344,4.818588733673096,0.2670776546001434
123,29801,74,5,2,minus,4,-0.005,0.005,0.0048190923407673,0.0047950567677617,6435.0,1184333.375,5678.945765079814,60.93755243112647,1816.0,31.63585090637207,0.0015944018959999,0.017833586782217,0.0103708188980817,0.0133877424523234,0.0142292836681008,0.0478997603058815,6.824490547180176,1.2873531579971311,2.1796975135803223,0.67423015832901
123,29801,74,5,7,minus,4,-0.005,0.005,0.0127071822062134,0.0126438047736883,73318.0,15036799.0,190122.3509771917,170.6654139122848,5086.0,26.436113357543945,0.0015469755744561,0.037771038711071,0.0138946194201707,0.0293865650892257,0.0210106670856475,0.0406164526939392,2.290356397628784,4.109940528869629,6.244213104248047,0.661459743976593
123,29801,75,5,1,minus,5,-0.0025,0.0025,0.0129776550456881,0.0129452515393495,7536.0,1476704.125,19116.30634732009,91.30566088386296,2721.0,24.337238311767575,0.0024092399980872,0.0323095433413982,0.0223913118243217,0.0126002123579382,0.0246993713080883,0.0182983670383691,7.951542377471924,8.247520446777344,4.818588733673096,0.2670776546001434
123,29801,75,5,2,minus,5,-0.0025,0.0025,0.0048190923407673,0.0048070596531033,6526.0,1253677.875,6026.504330900847,61.03822019395322,1819.0,31.63585090637207,0.0015944018959999,0.017833586782217,0.0103708188980817,0.0133877424523234,0.0142292836681008,0.0478997603058815,6.824490547180176,1.2873531579971311,2.1796975135803223,0.67423015832901
123,29801,75,5,7,minus,5,-0.0025,0.0025,0.0127071822062134,0.0126754539087414,73431.0,15178178.0,192390.29565767385,170.76608167511156,5089.0,26.436113357543945,0.0015469755744561,0.037771038711071,0.0138946194201707,0.0293865650892257,0.0210106670856475,0.0406164526939392,2.290356397628784,4.109940528869629,6.244213104248047,0.661459743976593
123,29801,76,5,1,center,6,0.0,0.0,0.0129776550456881,0.0129776550456881,7581.0,1470951.125,19089.496289316918,91.4063286466897,2724.0,24.337238311767575,0.0024092399980872,0.0323095433413982,0.0223913118243217,0.0126002123579382,0.0246993713080883,0.0182983670383691,7.951542377471924,8.247520446777344,4.818588733673096,0.2670776546001434
123,29801,76,5,2,center,6,0.0,0.0,0.0048190923407673,0.0048190923407673,6588.0,1220397.625,5881.208847328206,61.10533203583772,1821.0,31.63585090637207,0.0015944018959999,0.017833586782217,0.0103708188980817,0.0133877424523234,0.0142292836681008,0.0478997603058815,6.824490547180176,1.2873531579971311,2.1796975135803223,0.67423015832901
123,29801,76,5,7,center,6,0.0,0.0,0.0127071822062134,0.0127071822062134,73639.0,15489783.0,196831.494915708,170.83319351699606,5091.0,26.436113357543945,0.0015469755744561,0.037771038711071,0.0138946194201707,0.0293865650892257,0.0210106670856475,0.0406164526939392,2.290356397628784,4.109940528869629,6.244213104248047,0.661459743976593
123,29801,77,5,1,plus,7,0.0025,0.0025,0.0129776550456881,0.0130101405084133,7548.0,1523313.0,19818.51616829261,91.30566088386296,2721.0,24.337238311767575,0.0024092399980872,0.0323095433413982,0.0223913118243217,0.0126002123579382,0.0246993713080883,0.0182983670383691,7.951542377471924,8.247520446777344,4.818588733673096,0.2670776546001434
123,29801,77,5,2,plus,7,0.0025,0.0025,0.0048190923407673,0.004831155296415,6601.0,1235776.0,5970.225767582655,61.20599979866447,1824.0,31.63585090637207,0.0015944018959999,0.017833586782217,0.0103708188980817,0.0133877424523234,0.0142292836681008,0.0478997603058815,6.824490547180176,1.2873531579971311,2.1796975135803223,0.67423015832901
123,29801,77,5,7,plus,7,0.0025,0.0025,0.0127071822062134,0.0127389905974268,73734.0,15972009.0,203467.27247301769,171.00097312170732,5096.0,26.436113357543945,0.0015469755744561,0.037771038711071,0.0138946194201707,0.0293865650892257,0.0210106670856475,0.0406164526939392,2.290356397628784,4.109940528869629,6.244213104248047,0.661459743976593
123,29801,78,5,1,plus,8,0.005,0.005,0.0129776550456881,0.0130427060648798,7584.0,1546477.0,20170.244947097264,91.23854904197844,2719.0,24.337238311767575,0.0024092399980872,0.0323095433413982,0.0223913118243217,0.0126002123579382,0.0246993713080883,0.0182983670383691,7.951542377471924,8.247520446777344,4.818588733673096,0.2670776546001434
123,29801,78,5,2,plus,8,0.005,0.005,0.0048190923407673,0.0048432480543851,6637.0,1208969.125,5855.33736246801,61.20599979866447,1824.0,31.63585090637207,0.0015944018959999,0.017833586782217,0.0103708188980817,0.0133877424523234,0.0142292836681008,0.0478997603058815,6.824490547180176,1.2873531579971311,2.1796975135803223,0.67423015832901
123,29801,78,5,7,plus,8,0.005,0.005,0.0127071822062134,0.0127708772197365,74049.0,16076891.0,205316.001036088,171.3700882520721,5107.0,26.436113357543945,0.0015469755744561,0.037771038711071,0.0138946194201707,0.0293865650892257,0.0210106670856475,0.0406164526939392,2.290356397628784,4.109940528869629,6.244213104248047,0.661459743976593
123,29801,79,5,1,plus,9,0.01,0.01,0.0129776550456881,0.0131080830469727,7611.0,1555961.875,20395.67747542344,91.3392168048052,2722.0,24.337238311767575,0.0024092399980872,0.0323095433413982,0.0223913118243217,0.0126002123579382,0.0246993713080883,0.0182983670383691,7.951542377471924,8.247520446777344,4.818588733673096,0.2670776546001434
123,29801,79,5,2,plus,9,0.01,0.01,0.0048190923407673,0.0048675253055989,6606.0,1162968.25,5660.777386483154,61.27311164054897,1826.0,31.63585090637207,0.0015944018959999,0.017833586782217,0.0103708188980817,0.0133877424523234,0.0142292836681008,0.0478997603058815,6.824490547180176,1.2873531579971311,2.1796975135803223,0.67423015832901
123,29801,79,5,7,plus,9,0.01,0.01,0.0127071822062134,0.0128348916769027,74323.0,15997848.0,205330.64614355564,171.70564746149458,5117.0,26.436113357543945,0.0015469755744561,0.037771038711071,0.0138946194201707,0.0293865650892257,0.0210106670856475,0.0406164526939392,2.290356397628784,4.109940528869629,6.244213104248047,0.661459743976593
123,29801,80,5,1,plus,10,0.02,0.02,0.0129776550456881,0.0132398204877972,7767.0,1540033.625,20389.768740171683,91.9432233817657,2740.0,24.337238311767575,0.0024092399980872,0.0323095433413982,0.0223913118243217,0.0126002123579382,0.0246993713080883,0.0182983670383691,7.951542377471924,8.247520446777344,4.818588733673096,0.2670776546001434
123,29801,80,5,2,plus,10,0.02,0.02,0.0048190923407673,0.0049164444208145,6578.0,1161592.75,5710.906194996089,61.47444716620248,1832.0,31.63585090637207,0.0015944018959999,0.017833586782217,0.0103708188980817,0.0133877424523234,0.0142292836681008,0.0478997603058815,6.824490547180176,1.2873531579971311,2.1796975135803223,0.67423015832901
123,29801,80,5,7,plus,10,0.02,0.02,0.0127071822062134,0.0129638845100998,75120.0,16070998.0,208342.56203404628,172.61165732693533,5144.0,26.436113357543945,0.0015469755744561,0.037771038711071,0.0138946194201707,0.0293865650892257,0.0210106670856475,0.0406164526939392,2.290356397628784,4.109940528869629,6.244213104248047,0.661459743976593
123,29801,81,5,1,plus,11,0.05,0.05,0.0129776550456881,0.0136430338025093,7894.0,1671402.5,22803.000805098563,92.51367403778396,2757.0,24.337238311767575,0.0024092399980872,0.0323095433413982,0.0223913118243217,0.0126002123579382,0.0246993713080883,0.0182983670383691,7.951542377471924,8.247520446777344,4.818588733673096,0.2670776546001434
123,29801,81,5,2,plus,11,0.05,0.05,0.0048190923407673,0.0050661722198128,6663.0,1289136.75,6530.988790389849,62.17912150598973,1853.0,31.63585090637207,0.0015944018959999,0.017833586782217,0.0103708188980817,0.0133877424523234,0.0142292836681008,0.0478997603058815,6.824490547180176,1.2873531579971311,2.1796975135803223,0.67423015832901
123,29801,81,5,7,plus,11,0.05,0.05,0.0127071822062134,0.0133586935698986,76507.0,16556665.0,221175.4142744653,173.71900271802957,5177.0,26.436113357543945,0.0015469755744561,0.037771038711071,0.0138946194201707,0.0293865650892257,0.0210106670856475,0.0406164526939392,2.290356397628784,4.109940528869629,6.244213104248047,0.661459743976593
123,29801,82,5,1,plus,12,0.1,0.1,0.0129776550456881,0.0143425278365612,8224.0,1752478.125,25134.966290777083,93.45323982416696,2785.0,24.337238311767575,0.0024092399980872,0.0323095433413982,0.0223913118243217,0.0126002123579382,0.0246993713080883,0.0182983670383691,7.951542377471924,8.247520446777344,4.818588733673096,0.2670776546001434
123,29801,82,5,2,plus,12,0.1,0.1,0.0048190923407673,0.0053259208798408,7054.0,1388420.25,7394.616399468854,63.521358343679736,1893.0,31.63585090637207,0.0015944018959999,0.017833586782217,0.0103708188980817,0.0133877424523234,0.0142292836681008,0.0478997603058815,6.824490547180176,1.2873531579971311,2.1796975135803223,0.67423015832901
123,29801,82,5,7,plus,12,0.1,0.1,0.0127071822062134,0.0140436086803674,80173.0,18308462.0,257116.875867378,177.7457132310996,5297.0,26.436113357543945,0.0015469755744561,0.037771038711071,0.0138946194201707,0.0293865650892257,0.0210106670856475,0.0406164526939392,2.290356397628784,4.109940528869629,6.244213104248047,0.661459743976593
123,29801,83,5,1,center_duplicate,-1,0.0,0.0,0.0129776550456881,0.0129776550456881,7581.0,1470951.125,19089.496289316918,91.4063286466897,2724.0,24.337238311767575,0.0024092399980872,0.0323095433413982,0.0223913118243217,0.0126002123579382,0.0246993713080883,0.0182983670383691,7.951542377471924,8.247520446777344,4.818588733673096,0.2670776546001434
123,29801,83,5,2,center_duplicate,-1,0.0,0.0,0.0048190923407673,0.0048190923407673,6588.0,1220397.625,5881.208847328206,61.10533203583772,1821.0,31.63585090637207,0.0015944018959999,0.017833586782217,0.0103708188980817,0.0133877424523234,0.0142292836681008,0.0478997603058815,6.824490547180176,1.2873531579971311,2.1796975135803223,0.67423015832901
123,29801,83,5,7,center_duplicate,-1,0.0,0.0,0.0127071822062134,0.0127071822062134,73639.0,15489783.0,196831.494915708,170.83319351699606,5091.0,26.436113357543945,0.0015469755744561,0.037771038711071,0.0138946194201707,0.0293865650892257,0.0210106670856475,0.0406164526939392,2.290356397628784,4.109940528869629,6.244213104248047,0.661459743976593
123,29801,84,6,1,minus,0,-0.1,0.1,0.0181871354579925,0.0164564009755849,7677.0,16980130.0,279431.82789755985,83.88980235562565,2500.0,96.47991180419922,0.0048798769712448,0.024111283943057,0.0158774796873331,0.0440637469291687,0.0474523864686489,0.024348696693778,1.714741349220276,2.418577194213867,1.9084950685501096,0.6177399754524231
123,29801,84,6,2,minus,0,-0.1,0.1,0.0160542204976081,0.0145264593884348,19362.0,57682580.0,837923.6557901464,100.09731217073252,2983.0,71.22661590576172,0.0039985030889511,0.0333226099610328,0.0489875711500644,0.01973164267838,0.01786351762712,0.0135439438745379,8.574448585510254,3.511550188064575,4.462161540985107,0.4764463901519775
123,29801,84,6,7,minus,0,-0.1,0.1,0.0183411631733179,0.016595771536231,28471.0,7360211.5,122148.38851234036,107.58028254085433,3206.0,18.03076934814453,0.0031880333553999,0.013988914899528,0.0495886579155921,0.0488165244460105,0.0375402271747589,0.029685191810131,5.470731735229492,2.148503541946411,4.848639011383057,0.7454955577850342
123,29801,85,6,1,minus,1,-0.05,0.05,0.0181871354579925,0.0173001382499933,8219.0,18381930.0,318009.9303016998,84.56092077447065,2520.0,96.47991180419922,0.0048798769712448,0.024111283943057,0.0158774796873331,0.0440637469291687,0.0474523864686489,0.024348696693778,1.714741349220276,2.418577194213867,1.9084950685501096,0.6177399754524231
123,29801,85,6,2,minus,1,-0.05,0.05,0.0160542204976081,0.0152712473645806,19767.0,61965644.0,946292.6776295416,100.93621019428878,3008.0,71.22661590576172,0.0039985030889511,0.0333226099610328,0.0489875711500644,0.01973164267838,0.01786351762712,0.0135439438745379,8.574448585510254,3.511550188064575,4.462161540985107,0.4764463901519775
123,29801,85,6,7,minus,1,-0.05,0.05,0.0183411631733179,0.0174466539174318,29567.0,7575732.0,132171.17437521368,109.52652595550484,3264.0,18.03076934814453,0.0031880333553999,0.013988914899528,0.0495886579155921,0.0488165244460105,0.0375402271747589,0.029685191810131,5.470731735229492,2.148503541946411,4.848639011383057,0.7454955577850342
123,29801,86,6,1,minus,2,-0.02,0.02,0.0181871354579925,0.0178270060569047,8246.0,20281472.0,361557.92418694496,84.5944766954129,2521.0,96.47991180419922,0.0048798769712448,0.024111283943057,0.0158774796873331,0.0440637469291687,0.0474523864686489,0.024348696693778,1.714741349220276,2.418577194213867,1.9084950685501096,0.6177399754524231
123,29801,86,6,2,minus,2,-0.02,0.02,0.0160542204976081,0.0157363265752792,20079.0,64993776.0,1022763.2844965458,101.33888124559576,3020.0,71.22661590576172,0.0039985030889511,0.0333226099610328,0.0489875711500644,0.01973164267838,0.01786351762712,0.0135439438745379,8.574448585510254,3.511550188064575,4.462161540985107,0.4764463901519775
123,29801,86,6,7,minus,2,-0.02,0.02,0.0183411631733179,0.0179779846221208,30163.0,8238240.0,148106.95203334093,110.4325358209456,3291.0,18.03076934814453,0.0031880333553999,0.013988914899528,0.0495886579155921,0.0488165244460105,0.0375402271747589,0.029685191810131,5.470731735229492,2.148503541946411,4.848639011383057,0.7454955577850342
123,29801,87,6,1,minus,3,-0.01,0.01,0.0181871354579925,0.018006170168519,8551.0,19492898.0,350992.43846558407,84.82936814200865,2528.0,96.47991180419922,0.0048798769712448,0.024111283943057,0.0158774796873331,0.0440637469291687,0.0474523864686489,0.024348696693778,1.714741349220276,2.418577194213867,1.9084950685501096,0.6177399754524231
123,29801,87,6,2,minus,3,-0.01,0.01,0.0160542204976081,0.0158944781869649,20120.0,66896740.0,1063288.7747090682,101.50666085030704,3025.0,71.22661590576172,0.0039985030889511,0.0333226099610328,0.0489875711500644,0.01973164267838,0.01786351762712,0.0135439438745379,8.574448585510254,3.511550188064575,4.462161540985107,0.4764463901519775
123,29801,87,6,7,minus,3,-0.01,0.01,0.0183411631733179,0.0181586649268865,30231.0,8643942.0,156962.44642544165,110.7009831884836,3299.0,18.03076934814453,0.0031880333553999,0.013988914899528,0.0495886579155921,0.0488165244460105,0.0375402271747589,0.029685191810131,5.470731735229492,2.148503541946411,4.848639011383057,0.7454955577850342
123,29801,88,6,1,minus,4,-0.005,0.005,0.0181871354579925,0.0180964265018701,8212.0,20318952.0,367700.4214630276,84.9300359048354,2531.0,96.47991180419922,0.0048798769712448,0.024111283943057,0.0158774796873331,0.0440637469291687,0.0474523864686489,0.024348696693778,1.714741349220276,2.418577194213867,1.9084950685501096,0.6177399754524231
123,29801,88,6,2,minus,4,-0.005,0.005,0.0160542204976081,0.015974149107933,20116.0,70035456.0,1118756.816986084,101.50666085030704,3025.0,71.22661590576172,0.0039985030889511,0.0333226099610328,0.0489875711500644,0.01973164267838,0.01786351762712,0.0135439438745379,8.574448585510254,3.511550188064575,4.462161540985107,0.4764463901519775
123,29801,88,6,7,minus,4,-0.005,0.005,0.0183411631733179,0.018249686807394,30440.0,8652877.0,157912.2952329032,110.93587463507936,3306.0,18.03076934814453,0.0031880333553999,0.013988914899528,0.0495886579155921,0.0488165244460105,0.0375402271747589,0.029685191810131,5.470731735229492,2.148503541946411,4.848639011383057,0.7454955577850342
123,29801,89,6,1,minus,5,-0.0025,0.0025,0.0181871354579925,0.0181417241692543,8274.0,20356950.0,369310.1718273014,84.9971477467199,2533.0,96.47991180419922,0.0048798769712448,0.024111283943057,0.0158774796873331,0.0440637469291687,0.0474523864686489,0.024348696693778,1.714741349220276,2.418577194213867,1.9084950685501096,0.6177399754524231
123,29801,89,6,2,minus,5,-0.0025,0.0025,0.0160542204976081,0.0160141345113515,20182.0,70783144.0,1133530.789152369,101.57377269219153,3027.0,71.22661590576172,0.0039985030889511,0.0333226099610328,0.0489875711500644,0.01973164267838,0.01786351762712,0.0135439438745379,8.574448585510254,3.511550188064575,4.462161540985107,0.4764463901519775
123,29801,89,6,7,minus,5,-0.0025,0.0025,0.0183411631733179,0.0182953663170337,30443.0,8412123.0,153902.87178894505,110.9694305560216,3307.0,18.03076934814453,0.0031880333553999,0.013988914899528,0.0495886579155921,0.0488165244460105,0.0375402271747589,0.029685191810131,5.470731735229492,2.148503541946411,4.848639011383057,0.7454955577850342
123,29801,90,6,1,center,6,0.0,0.0,0.0181871354579925,0.0181871354579925,8393.0,20706080.0,376584.28176403046,84.96359182577766,2532.0,96.47991180419922,0.0048798769712448,0.024111283943057,0.0158774796873331,0.0440637469291687,0.0474523864686489,0.024348696693778,1.714741349220276,2.418577194213867,1.9084950685501096,0.6177399754524231
123,29801,90,6,2,center,6,0.0,0.0,0.0160542204976081,0.0160542204976081,20045.0,70188472.0,1126821.205878198,101.40599308748028,3022.0,71.22661590576172,0.0039985030889511,0.0333226099610328,0.0489875711500644,0.01973164267838,0.01786351762712,0.0135439438745379,8.574448585510254,3.511550188064575,4.462161540985107,0.4764463901519775
123,29801,90,6,7,center,6,0.0,0.0,0.0183411631733179,0.0183411631733179,30498.0,8459386.0,155154.9789720811,111.07009831884837,3310.0,18.03076934814453,0.0031880333553999,0.013988914899528,0.0495886579155921,0.0488165244460105,0.0375402271747589,0.029685191810131,5.470731735229492,2.148503541946411,4.848639011383057,0.7454955577850342
123,29801,91,6,1,plus,7,0.0025,0.0025,0.0181871354579925,0.0182326603680849,8428.0,20209606.0,368474.88237081096,84.8629240629509,2529.0,96.47991180419922,0.0048798769712448,0.024111283943057,0.0158774796873331,0.0440637469291687,0.0474523864686489,0.024348696693778,1.714741349220276,2.418577194213867,1.9084950685501096,0.6177399754524231
123,29801,91,6,2,plus,7,0.0025,0.0025,0.0160542204976081,0.0160944070667028,20103.0,70839896.0,1140126.1227868944,101.54021677124928,3026.0,71.22661590576172,0.0039985030889511,0.0333226099610328,0.0489875711500644,0.01973164267838,0.01786351762712,0.0135439438745379,8.574448585510254,3.511550188064575,4.462161540985107,0.4764463901519775
123,29801,91,6,7,plus,7,0.0025,0.0025,0.0183411631733179,0.0183870736509561,30456.0,8605785.0,158235.2026192937,111.07009831884837,3310.0,18.03076934814453,0.0031880333553999,0.013988914899528,0.0495886579155921,0.0488165244460105,0.0375402271747589,0.029685191810131,5.470731735229492,2.148503541946411,4.848639011383057,0.7454955577850342
123,29801,92,6,1,plus,8,0.005,0.005,0.0181871354579925,0.0182782988995313,8316.0,21111956.0,385890.6421217546,84.9300359048354,2531.0,96.47991180419922,0.0048798769712448,0.024111283943057,0.0158774796873331,0.0440637469291687,0.0474523864686489,0.024348696693778,1.714741349220276,2.418577194213867,1.9084950685501096,0.6177399754524231
123,29801,92,6,2,plus,8,0.005,0.005,0.0160542204976081,0.0161346923559904,20138.0,69629168.0,1123445.204683572,101.57377269219153,3027.0,71.22661590576172,0.0039985030889511,0.0333226099610328,0.0489875711500644,0.01973164267838,0.01786351762712,0.0135439438745379,8.574448585510254,3.511550188064575,4.462161540985107,0.4764463901519775
123,29801,92,6,7,plus,8,0.005,0.005,0.0183411631733179,0.0184330977499485,30437.0,8547225.0,157551.83391580358,111.0365423979061,3309.0,18.03076934814453,0.0031880333553999,0.013988914899528,0.0495886579155921,0.0488165244460105,0.0375402271747589,0.029685191810131,5.470731735229492,2.148503541946411,4.848639011383057,0.7454955577850342
123,29801,93,6,1,plus,9,0.01,0.01,0.0181871354579925,0.0183699186891317,8393.0,21250832.0,390376.0559163988,84.89647998389316,2530.0,96.47991180419922,0.0048798769712448,0.024111283943057,0.0158774796873331,0.0440637469291687,0.0474523864686489,0.024348696693778,1.714741349220276,2.418577194213867,1.9084950685501096,0.6177399754524231
123,29801,93,6,2,plus,9,0.01,0.01,0.0160542204976081,0.01621556840837,20002.0,71516056.0,1159673.498364821,101.30532532465352,3019.0,71.22661590576172,0.0039985030889511,0.0333226099610328,0.0489875711500644,0.01973164267838,0.01786351762712,0.0135439438745379,8.574448585510254,3.511550188064575,4.462161540985107,0.4764463901519775
123,29801,93,6,7,plus,9,0.01,0.01,0.0183411631733179,0.0185254942625761,30754.0,8298020.5,153724.9311634889,111.40565752827084,3320.0,18.03076934814453,0.0031880333553999,0.013988914899528,0.0495886579155921,0.0488165244460105,0.0375402271747589,0.029685191810131,5.470731735229492,2.148503541946411,4.848639011383057,0.7454955577850342
123,29801,94,6,1,plus,10,0.02,0.02,0.0181871354579925,0.0185545403510332,8445.0,22362910.0,414933.5159615241,85.09781550954665,2536.0,96.47991180419922,0.0048798769712448,0.024111283943057,0.0158774796873331,0.0440637469291687,0.0474523864686489,0.024348696693778,1.714741349220276,2.418577194213867,1.9084950685501096,0.6177399754524231
123,29801,94,6,2,plus,10,0.02,0.02,0.0160542204976081,0.0163785368204116,20135.0,72602264.0,1189118.8541692495,101.80866413878728,3034.0,71.22661590576172,0.0039985030889511,0.0333226099610328,0.0489875711500644,0.01973164267838,0.01786351762712,0.0135439438745379,8.574448585510254,3.511550188064575,4.462161540985107,0.4764463901519775
123,29801,94,6,7,plus,10,0.02,0.02,0.0183411631733179,0.0187116786837577,31014.0,8171039.5,152893.86563629285,112.00966410523137,3338.0,18.03076934814453,0.0031880333553999,0.013988914899528,0.0495886579155921,0.0488165244460105,0.0375402271747589,0.029685191810131,5.470731735229492,2.148503541946411,4.848639011383057,0.7454955577850342
123,29801,95,6,1,plus,11,0.05,0.05,0.0181871354579925,0.0191196091473102,8339.0,24748262.0,473177.0965152308,85.29915103520015,2542.0,96.47991180419922,0.0048798769712448,0.024111283943057,0.0158774796873331,0.0440637469291687,0.0474523864686489,0.024348696693778,1.714741349220276,2.418577194213867,1.9084950685501096,0.6177399754524231
123,29801,95,6,2,plus,11,0.05,0.05,0.0160542204976081,0.0168773382902145,20230.0,77321856.0,1304987.1209392548,101.90933190161404,3037.0,71.22661590576172,0.0039985030889511,0.0333226099610328,0.0489875711500644,0.01973164267838,0.01786351762712,0.0135439438745379,8.574448585510254,3.511550188064575,4.462161540985107,0.4764463901519775
123,29801,95,6,7,plus,11,0.05,0.05,0.0183411631733179,0.0192815344780683,31246.0,8819679.0,170056.9447239954,112.47944699842286,3352.0,18.03076934814453,0.0031880333553999,0.013988914899528,0.0495886579155921,0.0488165244460105,0.0375402271747589,0.029685191810131,5.470731735229492,2.148503541946411,4.848639011383057,0.7454955577850342
123,29801,96,6,1,plus,12,0.1,0.1,0.0181871354579925,0.0200998932123184,8550.0,27048240.0,543666.7355811596,85.97026945404517,2562.0,96.47991180419922,0.0048798769712448,0.024111283943057,0.0158774796873331,0.0440637469291687,0.0474523864686489,0.024348696693778,1.714741349220276,2.418577194213867,1.9084950685501096,0.6177399754524231
123,29801,96,6,2,plus,12,0.1,0.1,0.0160542204976081,0.017742658033967,20602.0,85873264.0,1523619.9574125707,102.44622663669004,3053.0,71.22661590576172,0.0039985030889511,0.0333226099610328,0.0489875711500644,0.01973164267838,0.01786351762712,0.0135439438745379,8.574448585510254,3.511550188064575,4.462161540985107,0.4764463901519775
123,29801,96,6,7,plus,12,0.1,0.1,0.0183411631733179,0.0202701203525066,32210.0,9739544.0,197421.7290585339,113.88879567799738,3394.0,18.03076934814453,0.0031880333553999,0.013988914899528,0.0495886579155921,0.0488165244460105,0.0375402271747589,0.029685191810131,5.470731735229492,2.148503541946411,4.848639011383057,0.7454955577850342
123,29801,97,6,1,center_duplicate,-1,0.0,0.0,0.0181871354579925,0.0181871354579925,8393.0,20706080.0,376584.28176403046,84.96359182577766,2532.0,96.47991180419922,0.0048798769712448,0.024111283943057,0.0158774796873331,0.0440637469291687,0.0474523864686489,0.024348696693778,1.714741349220276,2.418577194213867,1.9084950685501096,0.6177399754524231
123,29801,97,6,2,center_duplicate,-1,0.0,0.0,0.0160542204976081,0.0160542204976081,20045.0,70188472.0,1126821.205878198,101.40599308748028,3022.0,71.22661590576172,0.0039985030889511,0.0333226099610328,0.0489875711500644,0.01973164267838,0.01786351762712,0.0135439438745379,8.574448585510254,3.511550188064575,4.462161540985107,0.4764463901519775
123,29801,97,6,7,center_duplicate,-1,0.0,0.0,0.0183411631733179,0.0183411631733179,30498.0,8459386.0,155154.9789720811,111.07009831884837,3310.0,18.03076934814453,0.0031880333553999,0.013988914899528,0.0495886579155921,0.0488165244460105,0.0375402271747589,0.029685191810131,5.470731735229492,2.148503541946411,4.848639011383057,0.7454955577850342
123,29801,98,7,1,minus,0,-0.1,0.1,0.0056448862887918,0.0051077045500278,8432.0,6114646.0,31231.805196009576,91.57410825140096,2729.0,52.32191848754883,0.0019076890312135,0.0286573003977537,0.013177522458136,0.0204609222710132,0.0310771446675062,0.0496706366539001,6.481612205505371,0.2743898928165436,1.009099006652832,0.3861621022224426
123,29801,98,7,2,minus,0,-0.1,0.1,0.0184797272086143,0.0167211480438709,1551.0,66.72738647460938,1.1157585078225338,22.14690782188517,660.0,1.9274224042892456,0.0006420366116799,0.0207902882248163,0.027660297229886,0.0267481282353401,0.0303755011409521,0.0369464717805385,4.407487869262695,6.496186256408691,3.348017930984497,0.552773118019104
123,29801,98,7,7,minus,0,-0.1,0.1,0.0064959600567817,0.0058777877129614,12136.0,6058538.5,35610.803153803805,73.68880238918156,2196.0,81.40618896484375,0.00259933876805,0.0167889948934316,0.0406710132956504,0.0367401391267776,0.0125564150512218,0.0494534410536289,7.482505321502685,6.37372636795044,0.6165230870246887,0.23225137591362
123,29801,99,7,1,minus,1,-0.05,0.05,0.0056448862887918,0.0053695822134613,8630.0,6952472.5,37331.87267557951,92.84923324720648,2767.0,52.32191848754883,0.0019076890312135,0.0286573003977537,0.013177522458136,0.0204609222710132,0.0310771446675062,0.0496706366539001,6.481612205505371,0.2743898928165436,1.009099006652832,0.3861621022224426
123,29801,99,7,2,minus,1,-0.05,0.05,0.0184797272086143,0.0175784602761268,1463.0,382.4930419921875,6.723638744554592,22.88513808261468,682.0,1.9274224042892456,0.0006420366116799,0.0207902882248163,0.027660297229886,0.0267481282353401,0.0303755011409521,0.0369464717805385,4.407487869262695,6.496186256408691,3.348017930984497,0.552773118019104
123,29801,99,7,7,minus,1,-0.05,0.05,0.0064959600567817,0.0061791483312845,12391.0,6728346.5,41575.45104777906,74.46058857085332,2219.0,81.40618896484375,0.00259933876805,0.0167889948934316,0.0406710132956504,0.0367401391267776,0.0125564150512218,0.0494534410536289,7.482505321502685,6.37372636795044,0.6165230870246887,0.23225137591362
123,29801,100,7,1,minus,2,-0.02,0.02,0.0056448862887918,0.0055331098847091,9138.0,7279832.0,40280.11039822176,94.09080232206972,2804.0,52.32191848754883,0.0019076890312135,0.0286573003977537,0.013177522458136,0.0204609222710132,0.0310771446675062,0.0496706366539001,6.481612205505371,0.2743898928165436,1.009099006652832,0.3861621022224426
123,29801,100,7,2,minus,2,-0.02,0.02,0.0184797272086143,0.0181138049811124,1502.0,250.78854370117188,4.542734772100232,23.791147948055432,709.0,1.9274224042892456,0.0006420366116799,0.0207902882248163,0.027660297229886,0.0267481282353401,0.0303755011409521,0.0369464717805385,4.407487869262695,6.496186256408691,3.348017930984497,0.552773118019104
123,29801,100,7,7,minus,2,-0.02,0.02,0.0064959600567817,0.0063673313707113,12554.0,7650913.0,48715.89835948311,75.03103922687157,2236.0,81.40618896484375,0.00259933876805,0.0167889948934316,0.0406710132956504,0.0367401391267776,0.0125564150512218,0.0494534410536289,7.482505321502685,6.37372636795044,0.6165230870246887,0.23225137591362
123,29801,101,7,1,minus,3,-0.01,0.01,0.0056448862887918,0.0055887186899781,9072.0,7188757.0,40175.94060361106,94.25858192678098,2809.0,52.32191848754883,0.0019076890312135,0.0286573003977537,0.013177522458136,0.0204609222710132,0.0310771446675062,0.0496706366539001,6.481612205505371,0.2743898928165436,1.009099006652832,0.3861621022224426
123,29801,101,7,2,minus,3,-0.01,0.01,0.0184797272086143,0.0182958506047725,1492.0,390.5208740234375,7.144911569178021,23.925371631824436,713.0,1.9274224042892456,0.0006420366116799,0.0207902882248163,0.027660297229886,0.0267481282353401,0.0303755011409521,0.0369464717805385,4.407487869262695,6.496186256408691,3.348017930984497,0.552773118019104
123,29801,101,7,7,minus,3,-0.01,0.01,0.0064959600567817,0.0064313244074583,12546.0,7625073.0,49039.31809355132,74.96392738498707,2234.0,81.40618896484375,0.00259933876805,0.0167889948934316,0.0406710132956504,0.0367401391267776,0.0125564150512218,0.0494534410536289,7.482505321502685,6.37372636795044,0.6165230870246887,0.23225137591362
123,29801,102,7,1,minus,4,-0.005,0.005,0.0056448862887918,0.0056167324073612,9156.0,7167802.0,40259.62578294892,94.25858192678098,2809.0,52.32191848754883,0.0019076890312135,0.0286573003977537,0.013177522458136,0.0204609222710132,0.0310771446675062,0.0496706366539001,6.481612205505371,0.2743898928165436,1.009099006652832,0.3861621022224426
123,29801,102,7,2,minus,4,-0.005,0.005,0.0184797272086143,0.0183875579386949,1485.0,443.4474792480469,8.15391621744169,24.026039394651185,716.0,1.9274224042892456,0.0006420366116799,0.0207902882248163,0.027660297229886,0.0267481282353401,0.0303755011409521,0.0369464717805385,4.407487869262695,6.496186256408691,3.348017930984497,0.552773118019104
123,29801,102,7,7,minus,4,-0.005,0.005,0.0064959600567817,0.006463561207056,12571.0,7617748.0,49237.78045792878,75.13170698969833,2239.0,81.40618896484375,0.00259933876805,0.0167889948934316,0.0406710132956504,0.0367401391267776,0.0125564150512218,0.0494534410536289,7.482505321502685,6.37372636795044,0.6165230870246887,0.23225137591362
123,29801,103,7,1,minus,5,-0.0025,0.0025,0.0056448862887918,0.0056307916529476,9260.0,7244932.5,40794.70544716925,94.39280561054996,2813.0,52.32191848754883,0.0019076890312135,0.0286573003977537,0.013177522458136,0.0204609222710132,0.0310771446675062,0.0496706366539001,6.481612205505371,0.2743898928165436,1.009099006652832,0.3861621022224426
123,29801,103,7,2,minus,5,-0.0025,0.0025,0.0184797272086143,0.0184335857629776,1487.0,440.8357543945313,8.126183686018521,24.09315123653569,718.0,1.9274224042892456,0.0006420366116799,0.0207902882248163,0.027660297229886,0.0267481282353401,0.0303755011409521,0.0369464717805385,4.407487869262695,6.496186256408691,3.348017930984497,0.552773118019104
123,29801,103,7,7,minus,5,-0.0025,0.0025,0.0064959600567817,0.0064797401428222,12676.0,7630661.5,49444.70363783837,75.36659843629408,2246.0,81.40618896484375,0.00259933876805,0.0167889948934316,0.0406710132956504,0.0367401391267776,0.0125564150512218,0.0494534410536289,7.482505321502685,6.37372636795044,0.6165230870246887,0.23225137591362
123,29801,104,7,1,center,6,0.0,0.0,0.0056448862887918,0.0056448862887918,9252.0,7209637.5,40697.58387090988,94.39280561054996,2813.0,52.32191848754883,0.0019076890312135,0.0286573003977537,0.013177522458136,0.0204609222710132,0.0310771446675062,0.0496706366539001,6.481612205505371,0.2743898928165436,1.009099006652832,0.3861621022224426
123,29801,104,7,2,center,6,0.0,0.0,0.0184797272086143,0.0184797272086143,1486.0,447.1652221679688,8.263491322843493,24.12670715747793,719.0,1.9274224042892456,0.0006420366116799,0.0207902882248163,0.027660297229886,0.0267481282353401,0.0303755011409521,0.0369464717805385,4.407487869262695,6.496186256408691,3.348017930984497,0.552773118019104
123,29801,104,7,7,center,6,0.0,0.0,0.0064959600567817,0.0064959600567817,12644.0,7568716.5,49166.08006510511,75.29948659440957,2244.0,81.40618896484375,0.00259933876805,0.0167889948934316,0.0406710132956504,0.0367401391267776,0.0125564150512218,0.0494534410536289,7.482505321502685,6.37372636795044,0.6165230870246887,0.23225137591362
123,29801,105,7,1,plus,7,0.0025,0.0025,0.0056448862887918,0.0056590163148939,9291.0,7492867.0,42402.25659833057,94.42636153149222,2814.0,52.32191848754883,0.0019076890312135,0.0286573003977537,0.013177522458136,0.0204609222710132,0.0310771446675062,0.0496706366539001,6.481612205505371,0.2743898928165436,1.009099006652832,0.3861621022224426
123,29801,105,7,2,plus,7,0.0025,0.0025,0.0184797272086143,0.0185259841382503,1486.0,447.1689453125,8.284244787977514,24.12670715747793,719.0,1.9274224042892456,0.0006420366116799,0.0207902882248163,0.027660297229886,0.0267481282353401,0.0303755011409521,0.0369464717805385,4.407487869262695,6.496186256408691,3.348017930984497,0.552773118019104
123,29801,105,7,7,plus,7,0.0025,0.0025,0.0064959600567817,0.0065122204832732,12701.0,7512063.0,48920.21054023923,75.46726619912083,2249.0,81.40618896484375,0.00259933876805,0.0167889948934316,0.0406710132956504,0.0367401391267776,0.0125564150512218,0.0494534410536289,7.482505321502685,6.37372636795044,0.6165230870246887,0.23225137591362
123,29801,106,7,1,plus,8,0.005,0.005,0.0056448862887918,0.0056731812655925,9301.0,7396084.0,41959.325187549,94.49347337337672,2816.0,52.32191848754883,0.0019076890312135,0.0286573003977537,0.013177522458136,0.0204609222710132,0.0310771446675062,0.0496706366539001,6.481612205505371,0.2743898928165436,1.009099006652832,0.3861621022224426
123,29801,106,7,2,plus,8,0.005,0.005,0.0184797272086143,0.0185723565518856,1505.0,440.23046875,8.176117230628734,24.09315123653569,718.0,1.9274224042892456,0.0006420366116799,0.0207902882248163,0.027660297229886,0.0267481282353401,0.0303755011409521,0.0369464717805385,4.407487869262695,6.496186256408691,3.348017930984497,0.552773118019104
123,29801,106,7,7,plus,8,0.005,0.005,0.0064959600567817,0.0065285209566354,12752.0,7746403.5,50572.55758830439,75.50082212006308,2250.0,81.40618896484375,0.00259933876805,0.0167889948934316,0.0406710132956504,0.0367401391267776,0.0125564150512218,0.0494534410536289,7.482505321502685,6.37372636795044,0.6165230870246887,0.23225137591362
123,29801,107,7,1,plus,9,0.01,0.01,0.0056448862887918,0.0057016182690858,9330.0,7554459.0,43072.64144746028,94.59414113620348,2819.0,52.32191848754883,0.0019076890312135,0.0286573003977537,0.013177522458136,0.0204609222710132,0.0310771446675062,0.0496706366539001,6.481612205505371,0.2743898928165436,1.009099006652832,0.3861621022224426
123,29801,107,7,2,plus,9,0.01,0.01,0.0184797272086143,0.0186654515564441,1515.0,389.1251220703125,7.263196115398841,24.294486762189187,724.0,1.9274224042892456,0.0006420366116799,0.0207902882248163,0.027660297229886,0.0267481282353401,0.0303755011409521,0.0369464717805385,4.407487869262695,6.496186256408691,3.348017930984497,0.552773118019104
123,29801,107,7,7,plus,9,0.01,0.01,0.0064959600567817,0.0065612457692623,12805.0,7872767.0,51655.15917113796,75.73571356665883,2257.0,81.40618896484375,0.00259933876805,0.0167889948934316,0.0406710132956504,0.0367401391267776,0.0125564150512218,0.0494534410536289,7.482505321502685,6.37372636795044,0.6165230870246887,0.23225137591362
123,29801,108,7,1,plus,10,0.02,0.02,0.0056448862887918,0.0057589206844568,9390.0,7964141.0,45864.856338830665,94.86258850374148,2827.0,52.32191848754883,0.0019076890312135,0.0286573003977537,0.013177522458136,0.0204609222710132,0.0310771446675062,0.0496706366539001,6.481612205505371,0.2743898928165436,1.009099006652832,0.3861621022224426
123,29801,108,7,2,plus,10,0.02,0.02,0.0184797272086143,0.0188530422747135,1528.0,319.07293701171875,6.0154955701989365,24.59649005066944,733.0,1.9274224042892456,0.0006420366116799,0.0207902882248163,0.027660297229886,0.0267481282353401,0.0303755011409521,0.0369464717805385,4.407487869262695,6.496186256408691,3.348017930984497,0.552773118019104
123,29801,108,7,7,plus,10,0.02,0.02,0.0064959600567817,0.0066271871328353,12821.0,7972901.5,52837.910232163966,75.93704909231234,2263.0,81.40618896484375,0.00259933876805,0.0167889948934316,0.0406710132956504,0.0367401391267776,0.0125564150512218,0.0494534410536289,7.482505321502685,6.37372636795044,0.6165230870246887,0.23225137591362
123,29801,109,7,1,plus,11,0.05,0.05,0.0056448862887918,0.0059343054890632,9700.0,8061390.5,47838.75389363244,95.93637797389349,2859.0,52.32191848754883,0.0019076890312135,0.0286573003977537,0.013177522458136,0.0204609222710132,0.0310771446675062,0.0496706366539001,6.481612205505371,0.2743898928165436,1.009099006652832,0.3861621022224426
123,29801,109,7,2,plus,11,0.05,0.05,0.0184797272086143,0.0194272026419639,1570.0,596.709716796875,11.592400586641816,25.536055837052448,761.0,1.9274224042892456,0.0006420366116799,0.0207902882248163,0.027660297229886,0.0267481282353401,0.0303755011409521,0.0369464717805385,4.407487869262695,6.496186256408691,3.348017930984497,0.552773118019104
123,29801,109,7,7,plus,11,0.05,0.05,0.0064959600567817,0.0068290149793028,13192.0,8253231.0,56361.43812664691,76.70883527398409,2286.0,81.40618896484375,0.00259933876805,0.0167889948934316,0.0406710132956504,0.0367401391267776,0.0125564150512218,0.0494534410536289,7.482505321502685,6.37372636795044,0.6165230870246887,0.23225137591362
123,29801,110,7,1,plus,12,0.1,0.1,0.0056448862887918,0.0062385643832385,9847.0,8775369.0,54745.70449317573,97.31217073252574,2900.0,52.32191848754883,0.0019076890312135,0.0286573003977537,0.013177522458136,0.0204609222710132,0.0310771446675062,0.0496706366539001,6.481612205505371,0.2743898928165436,1.009099006652832,0.3861621022224426
123,29801,110,7,2,plus,12,0.1,0.1,0.0184797272086143,0.0204232577234506,1628.0,1556.931640625,31.79761615427924,27.34807556793396,815.0,1.9274224042892456,0.0006420366116799,0.0207902882248163,0.027660297229886,0.0267481282353401,0.0303755011409521,0.0369464717805385,4.407487869262695,6.496186256408691,3.348017930984497,0.552773118019104
123,29801,110,7,7,plus,12,0.1,0.1,0.0064959600567817,0.0071791466325521,13633.0,8164440.5,58613.71552224737,77.68195698130934,2315.0,81.40618896484375,0.00259933876805,0.0167889948934316,0.0406710132956504,0.0367401391267776,0.0125564150512218,0.0494534410536289,7.482505321502685,6.37372636795044,0.6165230870246887,0.23225137591362
123,29801,111,7,1,center_duplicate,-1,0.0,0.0,0.0056448862887918,0.0056448862887918,9252.0,7209637.5,40697.58387090988,94.39280561054996,2813.0,52.32191848754883,0.0019076890312135,0.0286573003977537,0.013177522458136,0.0204609222710132,0.0310771446675062,0.0496706366539001,6.481612205505371,0.2743898928165436,1.009099006652832,0.3861621022224426
123,29801,111,7,2,center_duplicate,-1,0.0,0.0,0.0184797272086143,0.0184797272086143,1486.0,447.1652221679688,8.263491322843493,24.12670715747793,719.0,1.9274224042892456,0.0006420366116799,0.0207902882248163,0.027660297229886,0.0267481282353401,0.0303755011409521,0.0369464717805385,4.407487869262695,6.496186256408691,3.348017930984497,0.552773118019104
123,29801,111,7,7,center_duplicate,-1,0.0,0.0,0.0064959600567817,0.0064959600567817,12644.0,7568716.5,49166.08006510511,75.29948659440957,2244.0,81.40618896484375,0.00259933876805,0.0167889948934316,0.0406710132956504,0.0367401391267776,0.0125564150512218,0.0494534410536289,7.482505321502685,6.37372636795044,0.6165230870246887,0.23225137591362
456,29801,0,0,1,minus,0,-0.1,0.1,0.0103693585842847,0.0093825841322541,5472.0,3201.90869140625,30.042177680914847,34.52904264957552,1029.0,6.626354694366455,0.003570606932044,0.0175860133022069,0.0440235361456871,0.0364164188504219,0.0158203486353158,0.030755054205656,9.734742164611816,4.234930515289307,6.025596618652344,0.5770443677902222
456,29801,0,0,2,minus,0,-0.1,0.1,0.0017865144181996,0.0016165050910785,8902.0,5498629.5,8888.562580704864,68.01785174994127,2027.0,59.34796905517578,0.0034778178669512,0.0381186567246913,0.0198897905647754,0.0397816374897956,0.0450029522180557,0.0243914071470499,3.5100626945495605,4.31492280960083,8.399785995483398,0.2598817050457001
456,29801,0,0,7,minus,0,-0.1,0.1,0.0159809570759534,0.0144601678475737,42272.0,172537312.0,2494918.491489202,132.81433508942652,3958.0,59.11423873901367,0.0048035467043519,0.042230125516653,0.0380196794867515,0.0416055098176002,0.0447861440479755,0.020792031660676,4.51259708404541,8.273573875427246,6.738358020782471,0.3464617729187011
456,29801,1,0,1,minus,1,-0.05,0.05,0.0103693585842847,0.0098636392503976,5417.0,-2516.912353515625,-24.825915479947525,35.904835408207774,1070.0,6.626354694366455,0.003570606932044,0.0175860133022069,0.0440235361456871,0.0364164188504219,0.0158203486353158,0.030755054205656,9.734742164611816,4.234930515289307,6.025596618652344,0.5770443677902222
456,29801,1,0,2,minus,1,-0.05,0.05,0.0017865144181996,0.0016993851168081,9481.0,5917528.5,10056.159861187858,69.86342740176504,2082.0,59.34796905517578,0.0034778178669512,0.0381186567246913,0.0198897905647754,0.0397816374897956,0.0450029522180557,0.0243914071470499,3.5100626945495605,4.31492280960083,8.399785995483398,0.2598817050457001
456,29801,1,0,7,minus,1,-0.05,0.05,0.0159809570759534,0.0152015574276447,43080.0,187836512.0,2855407.5241764784,134.19012784805878,3999.0,59.11423873901367,0.0048035467043519,0.042230125516653,0.0380196794867515,0.0416055098176002,0.0447861440479755,0.020792031660676,4.51259708404541,8.273573875427246,6.738358020782471,0.3464617729187011
456,29801,2,0,1,minus,2,-0.02,0.02,0.0103693585842847,0.0101640317589044,5372.0,-5136.02685546875,-52.20274007357057,36.87795711553304,1099.0,6.626354694366455,0.003570606932044,0.0175860133022069,0.0440235361456871,0.0364164188504219,0.0158203486353158,0.030755054205656,9.734742164611816,4.234930515289307,6.025596618652344,0.5770443677902222
456,29801,2,0,2,minus,2,-0.02,0.02,0.0017865144181996,0.0017511390615254,10067.0,6636922.0,11622.173362497706,71.47411160699305,2130.0,59.34796905517578,0.0034778178669512,0.0381186567246913,0.0198897905647754,0.0397816374897956,0.0450029522180557,0.0243914071470499,3.5100626945495605,4.31492280960083,8.399785995483398,0.2598817050457001
456,29801,2,0,7,minus,2,-0.02,0.02,0.0159809570759534,0.0156645122915506,43325.0,209414304.0,3280372.9390345216,134.5927988993658,4011.0,59.11423873901367,0.0048035467043519,0.042230125516653,0.0380196794867515,0.0416055098176002,0.0447861440479755,0.020792031660676,4.51259708404541,8.273573875427246,6.738358020782471,0.3464617729187011
456,29801,3,0,1,minus,3,-0.01,0.01,0.0103693585842847,0.010266182012856,5342.0,-2797.302490234375,-28.717616509761456,36.81084527364853,1097.0,6.626354694366455,0.003570606932044,0.0175860133022069,0.0440235361456871,0.0364164188504219,0.0158203486353158,0.030755054205656,9.734742164611816,4.234930515289307,6.025596618652344,0.5770443677902222
456,29801,3,0,2,minus,3,-0.01,0.01,0.0017865144181996,0.0017687382642179,10128.0,6694765.5,11841.287909816368,71.9103385792423,2143.0,59.34796905517578,0.0034778178669512,0.0381186567246913,0.0198897905647754,0.0397816374897956,0.0450029522180557,0.0243914071470499,3.5100626945495605,4.31492280960083,8.399785995483398,0.2598817050457001
456,29801,3,0,7,minus,3,-0.01,0.01,0.0159809570759534,0.0158219430595636,43582.0,219924224.0,3479628.5495467186,135.02902587161503,4024.0,59.11423873901367,0.0048035467043519,0.042230125516653,0.0380196794867515,0.0416055098176002,0.0447861440479755,0.020792031660676,4.51259708404541,8.273573875427246,6.738358020782471,0.3464617729187011
456,29801,4,0,1,minus,4,-0.005,0.005,0.0103693585842847,0.0103176413103938,5330.0,-1464.708740234375,-15.112339405937064,36.94506895741753,1101.0,6.626354694366455,0.003570606932044,0.0175860133022069,0.0440235361456871,0.0364164188504219,0.0158203486353158,0.030755054205656,9.734742164611816,4.234930515289307,6.025596618652344,0.5770443677902222
456,29801,4,0,2,minus,4,-0.005,0.005,0.0017865144181996,0.0017776041058823,10218.0,6567775.0,11674.90380651143,72.1116741048958,2149.0,59.34796905517578,0.0034778178669512,0.0381186567246913,0.0198897905647754,0.0397816374897956,0.0450029522180557,0.0243914071470499,3.5100626945495605,4.31492280960083,8.399785995483398,0.2598817050457001
456,29801,4,0,7,minus,4,-0.005,0.005,0.0159809570759534,0.0159012507647275,43842.0,214261344.0,3407023.3601315618,135.16324955538403,4028.0,59.11423873901367,0.0048035467043519,0.042230125516653,0.0380196794867515,0.0416055098176002,0.0447861440479755,0.020792031660676,4.51259708404541,8.273573875427246,6.738358020782471,0.3464617729187011
456,29801,5,0,1,minus,5,-0.0025,0.0025,0.0103693585842847,0.0103434678167104,5343.0,-216.6738128662109,-2.2411586101056,36.97862487835978,1102.0,6.626354694366455,0.003570606932044,0.0175860133022069,0.0440235361456871,0.0364164188504219,0.0158203486353158,0.030755054205656,9.734742164611816,4.234930515289307,6.025596618652344,0.5770443677902222
456,29801,5,0,2,minus,5,-0.0025,0.0025,0.0017865144181996,0.0017820536158978,10275.0,6531139.0,11638.839870881757,72.27945370960705,2154.0,59.34796905517578,0.0034778178669512,0.0381186567246913,0.0198897905647754,0.0397816374897956,0.0450029522180557,0.0243914071470499,3.5100626945495605,4.31492280960083,8.399785995483398,0.2598817050457001
456,29801,5,0,7,minus,5,-0.0025,0.0025,0.0159809570759534,0.0159410536289215,43789.0,213994208.0,3411293.146006584,135.2639173182108,4031.0,59.11423873901367,0.0048035467043519,0.042230125516653,0.0380196794867515,0.0416055098176002,0.0447861440479755,0.020792031660676,4.51259708404541,8.273573875427246,6.738358020782471,0.3464617729187011
456,29801,6,0,1,center,6,0.0,0.0,0.0103693585842847,0.0103693585842847,5369.0,75.17537689208984,0.7795204397028357,36.97862487835978,1102.0,6.626354694366455,0.003570606932044,0.0175860133022069,0.0440235361456871,0.0364164188504219,0.0158203486353158,0.030755054205656,9.734742164611816,4.234930515289307,6.025596618652344,0.5770443677902222
456,29801,6,0,2,center,6,0.0,0.0,0.0017865144181996,0.0017865144181996,10285.0,6732670.5,12028.012921237503,72.27945370960705,2154.0,59.34796905517578,0.0034778178669512,0.0381186567246913,0.0198897905647754,0.0397816374897956,0.0450029522180557,0.0243914071470499,3.5100626945495605,4.31492280960083,8.399785995483398,0.2598817050457001
456,29801,6,0,7,center,6,0.0,0.0,0.0159809570759534,0.0159809570759534,43710.0,215690192.0,3446935.700056165,135.29747323915305,4032.0,59.11423873901367,0.0048035467043519,0.042230125516653,0.0380196794867515,0.0416055098176002,0.0447861440479755,0.020792031660676,4.51259708404541,8.273573875427246,6.738358020782471,0.3464617729187011
456,29801,7,0,1,plus,7,0.0025,0.0025,0.0103693585842847,0.0103953145444393,5373.0,1625.9776611328125,16.902549229707347,37.045736720244285,1104.0,6.626354694366455,0.003570606932044,0.0175860133022069,0.0440235361456871,0.0364164188504219,0.0158203486353158,0.030755054205656,9.734742164611816,4.234930515289307,6.025596618652344,0.5770443677902222
456,29801,7,0,2,plus,7,0.0025,0.0025,0.0017865144181996,0.0017909863963723,10322.0,6853528.5,12274.57631064998,72.44723331431831,2159.0,59.34796905517578,0.0034778178669512,0.0381186567246913,0.0198897905647754,0.0397816374897956,0.0450029522180557,0.0243914071470499,3.5100626945495605,4.31492280960083,8.399785995483398,0.2598817050457001
456,29801,7,0,7,plus,7,0.0025,0.0025,0.0159809570759534,0.0160209592431783,43748.0,217993552.0,3492465.811867684,135.29747323915305,4032.0,59.11423873901367,0.0048035467043519,0.042230125516653,0.0380196794867515,0.0416055098176002,0.0447861440479755,0.020792031660676,4.51259708404541,8.273573875427246,6.738358020782471,0.3464617729187011
456,29801,8,0,1,plus,8,0.005,0.005,0.0103693585842847,0.0104213347658514,5378.0,2408.117919921875,25.09580299915183,37.07929264118653,1105.0,6.626354694366455,0.003570606932044,0.0175860133022069,0.0440235361456871,0.0364164188504219,0.0158203486353158,0.030755054205656,9.734742164611816,4.234930515289307,6.025596618652344,0.5770443677902222
456,29801,8,0,2,plus,8,0.005,0.005,0.0017865144181996,0.0017954693175852,10276.0,6892536.5,12375.337806086289,72.51434515620281,2161.0,59.34796905517578,0.0034778178669512,0.0381186567246913,0.0198897905647754,0.0397816374897956,0.0450029522180557,0.0243914071470499,3.5100626945495605,4.31492280960083,8.399785995483398,0.2598817050457001
456,29801,8,0,7,plus,8,0.005,0.005,0.0159809570759534,0.0160610619932413,43943.0,218729264.0,3513024.2688400447,135.39814100197978,4035.0,59.11423873901367,0.0048035467043519,0.042230125516653,0.0380196794867515,0.0416055098176002,0.0447861440479755,0.020792031660676,4.51259708404541,8.273573875427246,6.738358020782471,0.3464617729187011
456,29801,9,0,1,plus,9,0.01,0.01,0.0103693585842847,0.0104735726490616,5411.0,3117.992919921875,32.656525366061715,37.381295929666784,1114.0,6.626354694366455,0.003570606932044,0.0175860133022069,0.0440235361456871,0.0364164188504219,0.0158203486353158,0.030755054205656,9.734742164611816,4.234930515289307,6.025596618652344,0.5770443677902222
456,29801,9,0,2,plus,9,0.01,0.01,0.0017865144181996,0.001804469153285,10393.0,6995114.0,12622.467436712235,72.54790107714506,2162.0,59.34796905517578,0.0034778178669512,0.0381186567246913,0.0198897905647754,0.0397816374897956,0.0450029522180557,0.0243914071470499,3.5100626945495605,4.31492280960083,8.399785995483398,0.2598817050457001
456,29801,9,0,7,plus,9,0.01,0.01,0.0159809570759534,0.0161415692418813,44251.0,219999616.0,3551139.0348513126,135.7337002114023,4045.0,59.11423873901367,0.0048035467043519,0.042230125516653,0.0380196794867515,0.0416055098176002,0.0447861440479755,0.020792031660676,4.51259708404541,8.273573875427246,6.738358020782471,0.3464617729187011
456,29801,10,0,1,plus,10,0.02,0.02,0.0103693585842847,0.0105788335204124,5376.0,4869.904296875,51.51790681698185,37.75041106003154,1125.0,6.626354694366455,0.003570606932044,0.0175860133022069,0.0440235361456871,0.0364164188504219,0.0158203486353158,0.030755054205656,9.734742164611816,4.234930515289307,6.025596618652344,0.5770443677902222
456,29801,10,0,2,plus,10,0.02,0.02,0.0017865144181996,0.0018226043321192,10421.0,7057684.5,12863.366344430717,72.74923660279856,2168.0,59.34796905517578,0.0034778178669512,0.0381186567246913,0.0198897905647754,0.0397816374897956,0.0450029522180557,0.0243914071470499,3.5100626945495605,4.31492280960083,8.399785995483398,0.2598817050457001
456,29801,10,0,7,plus,10,0.02,0.02,0.0159809570759534,0.0163037944585084,44510.0,234212944.0,3818559.69849816,136.16992718365154,4058.0,59.11423873901367,0.0048035467043519,0.042230125516653,0.0380196794867515,0.0416055098176002,0.0447861440479755,0.020792031660676,4.51259708404541,8.273573875427246,6.738358020782471,0.3464617729187011
456,29801,11,0,1,plus,11,0.05,0.05,0.0103693585842847,0.0109010068699717,5285.0,3266.454345703125,35.60764126295885,38.7906446092413,1156.0,6.626354694366455,0.003570606932044,0.0175860133022069,0.0440235361456871,0.0364164188504219,0.0158203486353158,0.030755054205656,9.734742164611816,4.234930515289307,6.025596618652344,0.5770443677902222
456,29801,11,0,2,plus,11,0.05,0.05,0.0017865144181996,0.0018781109247356,10899.0,7309422.5,13727.90625075868,74.02436159860407,2206.0,59.34796905517578,0.0034778178669512,0.0381186567246913,0.0198897905647754,0.0397816374897956,0.0450029522180557,0.0243914071470499,3.5100626945495605,4.31492280960083,8.399785995483398,0.2598817050457001
456,29801,11,0,7,plus,11,0.05,0.05,0.0159809570759534,0.0168003179132938,45170.0,249772592.0,4196258.951627433,137.04238112815003,4084.0,59.11423873901367,0.0048035467043519,0.042230125516653,0.0380196794867515,0.0416055098176002,0.0447861440479755,0.020792031660676,4.51259708404541,8.273573875427246,6.738358020782471,0.3464617729187011
456,29801,12,0,1,plus,12,0.1,0.1,0.0103693585842847,0.0114599140360951,5194.0,867.0267333984375,9.936051831742477,39.83087815845106,1187.0,6.626354694366455,0.003570606932044,0.0175860133022069,0.0440235361456871,0.0364164188504219,0.0158203486353158,0.030755054205656,9.734742164611816,4.234930515289307,6.025596618652344,0.5770443677902222
456,29801,12,0,2,plus,12,0.1,0.1,0.0017865144181996,0.0019744038581848,11404.0,7354832.5,14521.409664303064,75.86993725042784,2261.0,59.34796905517578,0.0034778178669512,0.0381186567246913,0.0198897905647754,0.0397816374897956,0.0450029522180557,0.0243914071470499,3.5100626945495605,4.31492280960083,8.399785995483398,0.2598817050457001
456,29801,12,0,7,plus,12,0.1,0.1,0.0159809570759534,0.0176616888493299,45495.0,284467616.0,5024178.521502674,137.64638770511056,4102.0,59.11423873901367,0.0048035467043519,0.042230125516653,0.0380196794867515,0.0416055098176002,0.0447861440479755,0.020792031660676,4.51259708404541,8.273573875427246,6.738358020782471,0.3464617729187011
456,29801,13,0,1,center_duplicate,-1,0.0,0.0,0.0103693585842847,0.0103693585842847,5369.0,75.17537689208984,0.7795204397028357,36.97862487835978,1102.0,6.626354694366455,0.003570606932044,0.0175860133022069,0.0440235361456871,0.0364164188504219,0.0158203486353158,0.030755054205656,9.734742164611816,4.234930515289307,6.025596618652344,0.5770443677902222
456,29801,13,0,2,center_duplicate,-1,0.0,0.0,0.0017865144181996,0.0017865144181996,10285.0,6732670.5,12028.012921237503,72.27945370960705,2154.0,59.34796905517578,0.0034778178669512,0.0381186567246913,0.0198897905647754,0.0397816374897956,0.0450029522180557,0.0243914071470499,3.5100626945495605,4.31492280960083,8.399785995483398,0.2598817050457001
456,29801,13,0,7,center_duplicate,-1,0.0,0.0,0.0159809570759534,0.0159809570759534,43710.0,215690192.0,3446935.700056165,135.29747323915305,4032.0,59.11423873901367,0.0048035467043519,0.042230125516653,0.0380196794867515,0.0416055098176002,0.0447861440479755,0.020792031660676,4.51259708404541,8.273573875427246,6.738358020782471,0.3464617729187011
456,29801,14,1,1,minus,0,-0.1,0.1,0.0065463040955364,0.0059233410283923,40705.0,41692012.0,246956.00523582476,156.2363679071172,4656.0,82.565185546875,0.0040601445361971,0.0467863455414772,0.037327691912651,0.0252654738724231,0.0362723432481288,0.0408878438174724,1.3129640817642212,5.302206039428711,8.969371795654297,0.4284742176532745
456,29801,14,1,2,minus,0,-0.1,0.1,0.0059406426735222,0.005375315900892,4041.0,928674.4375,4991.918470645702,49.931210362068384,1488.0,22.052663803100582,0.0047632143832743,0.0122588193044066,0.038533229380846,0.0326894856989383,0.0357518084347248,0.025060711428523,9.433023452758787,8.444083213806152,6.955045700073242,0.8759985566139221
456,29801,14,1,7,minus,0,-0.1,0.1,0.0054341284558176,0.0049170027486979,15976.0,6656191.5,32728.51190136024,86.17160497969866,2568.0,74.29742431640625,0.0021332968026399,0.0331338346004486,0.024333057925105,0.0315007902681827,0.0290384367108345,0.0302209127694368,8.710350036621094,3.6867733001708975,8.966926574707031,0.9366800785064696
456,29801,15,1,1,minus,1,-0.05,0.05,0.0065463040955364,0.0062270374037325,41818.0,48502640.0,302027.753459774,158.68595013590146,4729.0,82.565185546875,0.0040601445361971,0.0467863455414772,0.037327691912651,0.0252654738724231,0.0362723432481288,0.0408878438174724,1.3129640817642212,5.302206039428711,8.969371795654297,0.4284742176532745
456,29801,15,1,2,minus,1,-0.05,0.05,0.0059406426735222,0.005650914274156,4176.0,968661.5625,5473.823450357595,50.77010838562464,1513.0,22.052663803100582,0.0047632143832743,0.0122588193044066,0.038533229380846,0.0326894856989383,0.0357518084347248,0.025060711428523,9.433023452758787,8.444083213806152,6.955045700073242,0.8759985566139221
456,29801,15,1,7,minus,1,-0.05,0.05,0.0054341284558176,0.0051691029220819,16288.0,6597696.0,34104.169672608376,86.90983524042817,2590.0,74.29742431640625,0.0021332968026399,0.0331338346004486,0.024333057925105,0.0315007902681827,0.0290384367108345,0.0302209127694368,8.710350036621094,3.6867733001708975,8.966926574707031,0.9366800785064696
456,29801,16,1,1,minus,2,-0.02,0.02,0.0065463040955364,0.0064166784286499,42824.0,52895944.0,339416.26282787323,160.22952249924498,4775.0,82.565185546875,0.0040601445361971,0.0467863455414772,0.037327691912651,0.0252654738724231,0.0362723432481288,0.0408878438174724,1.3129640817642212,5.302206039428711,8.969371795654297,0.4284742176532745
456,29801,16,1,2,minus,2,-0.02,0.02,0.0059406426735222,0.0058230101130902,4271.0,894526.5,5208.836855927249,51.5418945672964,1536.0,22.052663803100582,0.0047632143832743,0.0122588193044066,0.038533229380846,0.0326894856989383,0.0357518084347248,0.025060711428523,9.433023452758787,8.444083213806152,6.955045700073242,0.8759985566139221
456,29801,16,1,7,minus,2,-0.02,0.02,0.0054341284558176,0.005326525773853,16598.0,7193280.0,38315.191318541765,87.78228918492667,2616.0,74.29742431640625,0.0021332968026399,0.0331338346004486,0.024333057925105,0.0315007902681827,0.0290384367108345,0.0302209127694368,8.710350036621094,3.6867733001708975,8.966926574707031,0.9366800785064696
456,29801,17,1,1,minus,3,-0.01,0.01,0.0065463040955364,0.0064811673946678,43333.0,52162916.0,338076.59038999863,160.73286131337875,4790.0,82.565185546875,0.0040601445361971,0.0467863455414772,0.037327691912651,0.0252654738724231,0.0362723432481288,0.0408878438174724,1.3129640817642212,5.302206039428711,8.969371795654297,0.4284742176532745
456,29801,17,1,2,minus,3,-0.01,0.01,0.0059406426735222,0.0058815320953726,4345.0,902136.5625,5305.945146752929,51.8774537767189,1546.0,22.052663803100582,0.0047632143832743,0.0122588193044066,0.038533229380846,0.0326894856989383,0.0357518084347248,0.025060711428523,9.433023452758787,8.444083213806152,6.955045700073242,0.8759985566139221
456,29801,17,1,7,minus,3,-0.01,0.01,0.0054341284558176,0.0053800581954419,16646.0,7250153.0,39006.24506585812,87.91651286869568,2620.0,74.29742431640625,0.0021332968026399,0.0331338346004486,0.024333057925105,0.0315007902681827,0.0290384367108345,0.0302209127694368,8.710350036621094,3.6867733001708975,8.966926574707031,0.9366800785064696
456,29801,18,1,1,minus,4,-0.005,0.005,0.0065463040955364,0.0065136542543768,43550.0,53232316.0,346736.9015837349,161.169088285628,4803.0,82.565185546875,0.0040601445361971,0.0467863455414772,0.037327691912651,0.0252654738724231,0.0362723432481288,0.0408878438174724,1.3129640817642212,5.302206039428711,8.969371795654297,0.4284742176532745
456,29801,18,1,2,minus,4,-0.005,0.005,0.0059406426735222,0.0059110135771334,4330.0,939128.3125,5551.200205857895,51.91100969766115,1547.0,22.052663803100582,0.0047632143832743,0.0122588193044066,0.038533229380846,0.0326894856989383,0.0357518084347248,0.025060711428523,9.433023452758787,8.444083213806152,6.955045700073242,0.8759985566139221
456,29801,18,1,7,minus,4,-0.005,0.005,0.0054341284558176,0.0054070255719125,16727.0,7318300.0,39570.23524292745,88.15140431529143,2627.0,74.29742431640625,0.0021332968026399,0.0331338346004486,0.024333057925105,0.0315007902681827,0.0290384367108345,0.0302209127694368,8.710350036621094,3.6867733001708975,8.966926574707031,0.9366800785064696
456,29801,19,1,1,minus,5,-0.0025,0.0025,0.0065463040955364,0.0065299584530293,43508.0,53678720.0,350519.811411798,161.2362001275125,4805.0,82.565185546875,0.0040601445361971,0.0467863455414772,0.037327691912651,0.0252654738724231,0.0362723432481288,0.0408878438174724,1.3129640817642212,5.302206039428711,8.969371795654297,0.4284742176532745
456,29801,19,1,2,minus,5,-0.0025,0.0025,0.0059406426735222,0.0059258094988763,4371.0,960014.1875,5688.861191343545,52.0116774604879,1550.0,22.052663803100582,0.0047632143832743,0.0122588193044066,0.038533229380846,0.0326894856989383,0.0357518084347248,0.025060711428523,9.433023452758787,8.444083213806152,6.955045700073242,0.8759985566139221
456,29801,19,1,7,minus,5,-0.0025,0.0025,0.0054341284558176,0.0054205600172281,16714.0,7007897.5,37986.72899333295,88.25207207811818,2630.0,74.29742431640625,0.0021332968026399,0.0331338346004486,0.024333057925105,0.0315007902681827,0.0290384367108345,0.0302209127694368,8.710350036621094,3.6867733001708975,8.966926574707031,0.9366800785064696
456,29801,20,1,1,center,6,0.0,0.0,0.0065463040955364,0.0065463040955364,43590.0,53443844.0,349859.6548584122,161.2362001275125,4805.0,82.565185546875,0.0040601445361971,0.0467863455414772,0.037327691912651,0.0252654738724231,0.0362723432481288,0.0408878438174724,1.3129640817642212,5.302206039428711,8.969371795654297,0.4284742176532745
456,29801,20,1,2,center,6,0.0,0.0,0.0059406426735222,0.0059406426735222,4416.0,967551.25,5747.876244569779,52.11234522331465,1553.0,22.052663803100582,0.0047632143832743,0.0122588193044066,0.038533229380846,0.0326894856989383,0.0357518084347248,0.025060711428523,9.433023452758787,8.444083213806152,6.955045700073242,0.8759985566139221
456,29801,20,1,7,center,6,0.0,0.0,0.0054341284558176,0.0054341284558176,16646.0,7199713.5,39124.16800408485,88.18496023623368,2628.0,74.29742431640625,0.0021332968026399,0.0331338346004486,0.024333057925105,0.0315007902681827,0.0290384367108345,0.0302209127694368,8.710350036621094,3.6867733001708975,8.966926574707031,0.9366800785064696
456,29801,21,1,1,plus,7,0.0025,0.0025,0.0065463040955364,0.0065626907162368,43728.0,54187800.0,355617.7719932981,161.37042381128148,4809.0,82.565185546875,0.0040601445361971,0.0467863455414772,0.037327691912651,0.0252654738724231,0.0362723432481288,0.0408878438174724,1.3129640817642212,5.302206039428711,8.969371795654297,0.4284742176532745
456,29801,21,1,2,plus,7,0.0025,0.0025,0.0059406426735222,0.0059555131010711,4418.0,952320.0625,5671.554608631617,52.24656890708365,1557.0,22.052663803100582,0.0047632143832743,0.0122588193044066,0.038533229380846,0.0326894856989383,0.0357518084347248,0.025060711428523,9.433023452758787,8.444083213806152,6.955045700073242,0.8759985566139221
456,29801,21,1,7,plus,7,0.0025,0.0025,0.0054341284558176,0.0054477308876812,16674.0,7307401.0,39808.75413637282,88.31918392000267,2632.0,74.29742431640625,0.0021332968026399,0.0331338346004486,0.024333057925105,0.0315007902681827,0.0290384367108345,0.0302209127694368,8.710350036621094,3.6867733001708975,8.966926574707031,0.9366800785064696
456,29801,22,1,1,plus,8,0.005,0.005,0.0065463040955364,0.0065791173838078,43674.0,52558412.0,345787.9620545376,161.43753565316598,4811.0,82.565185546875,0.0040601445361971,0.0467863455414772,0.037327691912651,0.0252654738724231,0.0362723432481288,0.0408878438174724,1.3129640817642212,5.302206039428711,8.969371795654297,0.4284742176532745
456,29801,22,1,2,plus,8,0.005,0.005,0.0059406426735222,0.0059704203158617,4447.0,967721.8125,5777.705969452509,52.28012482802591,1558.0,22.052663803100582,0.0047632143832743,0.0122588193044066,0.038533229380846,0.0326894856989383,0.0357518084347248,0.025060711428523,9.433023452758787,8.444083213806152,6.955045700073242,0.8759985566139221
456,29801,22,1,7,plus,8,0.005,0.005,0.0054341284558176,0.0054613673128187,16683.0,7497153.0,40944.70633340115,88.21851615717593,2629.0,74.29742431640625,0.0021332968026399,0.0331338346004486,0.024333057925105,0.0315007902681827,0.0290384367108345,0.0302209127694368,8.710350036621094,3.6867733001708975,8.966926574707031,0.9366800785064696
456,29801,23,1,1,plus,9,0.01,0.01,0.0065463040955364,0.006612095516175,43495.0,53238044.0,352015.03202232905,161.47109157410824,4812.0,82.565185546875,0.0040601445361971,0.0467863455414772,0.037327691912651,0.0252654738724231,0.0362723432481288,0.0408878438174724,1.3129640817642212,5.302206039428711,8.969371795654297,0.4284742176532745
456,29801,23,1,2,plus,9,0.01,0.01,0.0059406426735222,0.0060003469698131,4466.0,932286.3125,5594.041350207612,52.24656890708365,1557.0,22.052663803100582,0.0047632143832743,0.0122588193044066,0.038533229380846,0.0326894856989383,0.0357518084347248,0.025060711428523,9.433023452758787,8.444083213806152,6.955045700073242,0.8759985566139221
456,29801,23,1,7,plus,9,0.01,0.01,0.0054341284558176,0.005488742608577,16771.0,7643597.5,41953.739281062735,88.35273984094493,2633.0,74.29742431640625,0.0021332968026399,0.0331338346004486,0.024333057925105,0.0315007902681827,0.0290384367108345,0.0302209127694368,8.710350036621094,3.6867733001708975,8.966926574707031,0.9366800785064696
456,29801,24,1,1,plus,10,0.02,0.02,0.0065463040955364,0.0066785481758415,44180.0,53525296.0,357471.2679621801,161.97443038824198,4827.0,82.565185546875,0.0040601445361971,0.0467863455414772,0.037327691912651,0.0252654738724231,0.0362723432481288,0.0408878438174724,1.3129640817642212,5.302206039428711,8.969371795654297,0.4284742176532745
456,29801,24,1,2,plus,10,0.02,0.02,0.0059406426735222,0.0060606515035033,4450.0,887248.6875,5377.305091878225,52.58212811650616,1567.0,22.052663803100582,0.0047632143832743,0.0122588193044066,0.038533229380846,0.0326894856989383,0.0357518084347248,0.025060711428523,9.433023452758787,8.444083213806152,6.955045700073242,0.8759985566139221
456,29801,24,1,7,plus,10,0.02,0.02,0.0054341284558176,0.0055439048446714,16809.0,7664847.5,42493.18518891814,88.55407536659843,2639.0,74.29742431640625,0.0021332968026399,0.0331338346004486,0.024333057925105,0.0315007902681827,0.0290384367108345,0.0302209127694368,8.710350036621094,3.6867733001708975,8.966926574707031,0.9366800785064696
456,29801,25,1,1,plus,11,0.05,0.05,0.0065463040955364,0.0068819401785731,44923.0,55328136.0,380764.9221439585,163.28311130498977,4866.0,82.565185546875,0.0040601445361971,0.0467863455414772,0.037327691912651,0.0252654738724231,0.0362723432481288,0.0408878438174724,1.3129640817642212,5.302206039428711,8.969371795654297,0.4284742176532745
456,29801,25,1,2,plus,11,0.05,0.05,0.0059406426735222,0.0062452256679534,4677.0,903422.9375,5642.080118292943,53.35391429817791,1590.0,22.052663803100582,0.0047632143832743,0.0122588193044066,0.038533229380846,0.0326894856989383,0.0357518084347248,0.025060711428523,9.433023452758787,8.444083213806152,6.955045700073242,0.8759985566139221
456,29801,25,1,7,plus,11,0.05,0.05,0.0054341284558176,0.005712741985917,16998.0,7954688.0,45443.080122470856,89.05741418073218,2654.0,74.29742431640625,0.0021332968026399,0.0331338346004486,0.024333057925105,0.0315007902681827,0.0290384367108345,0.0302209127694368,8.710350036621094,3.6867733001708975,8.966926574707031,0.9366800785064696
456,29801,26,1,1,plus,12,0.1,0.1,0.0065463040955364,0.0072347852401435,46403.0,61629264.0,445874.4895481095,165.4978020871783,4932.0,82.565185546875,0.0040601445361971,0.0467863455414772,0.037327691912651,0.0252654738724231,0.0362723432481288,0.0408878438174724,1.3129640817642212,5.302206039428711,8.969371795654297,0.4284742176532745
456,29801,26,1,2,plus,12,0.1,0.1,0.0059406426735222,0.0065654260106384,4773.0,964622.9375,6333.160524320992,54.360591926445416,1620.0,22.052663803100582,0.0047632143832743,0.0122588193044066,0.038533229380846,0.0326894856989383,0.0357518084347248,0.025060711428523,9.433023452758787,8.444083213806152,6.955045700073242,0.8759985566139221
456,29801,26,1,7,plus,12,0.1,0.1,0.0054341284558176,0.0060056410729885,17419.0,8475842.0,50902.86484336108,90.03053588805744,2683.0,74.29742431640625,0.0021332968026399,0.0331338346004486,0.024333057925105,0.0315007902681827,0.0290384367108345,0.0302209127694368,8.710350036621094,3.6867733001708975,8.966926574707031,0.9366800785064696
456,29801,27,1,1,center_duplicate,-1,0.0,0.0,0.0065463040955364,0.0065463040955364,43590.0,53443844.0,349859.6548584122,161.2362001275125,4805.0,82.565185546875,0.0040601445361971,0.0467863455414772,0.037327691912651,0.0252654738724231,0.0362723432481288,0.0408878438174724,1.3129640817642212,5.302206039428711,8.969371795654297,0.4284742176532745
456,29801,27,1,2,center_duplicate,-1,0.0,0.0,0.0059406426735222,0.0059406426735222,4416.0,967551.25,5747.876244569779,52.11234522331465,1553.0,22.052663803100582,0.0047632143832743,0.0122588193044066,0.038533229380846,0.0326894856989383,0.0357518084347248,0.025060711428523,9.433023452758787,8.444083213806152,6.955045700073242,0.8759985566139221
456,29801,27,1,7,center_duplicate,-1,0.0,0.0,0.0054341284558176,0.0054341284558176,16646.0,7199713.5,39124.16800408485,88.18496023623368,2628.0,74.29742431640625,0.0021332968026399,0.0331338346004486,0.024333057925105,0.0315007902681827,0.0290384367108345,0.0302209127694368,8.710350036621094,3.6867733001708975,8.966926574707031,0.9366800785064696
456,29801,28,2,1,minus,0,-0.1,0.1,0.0166266057640314,0.0150443753227591,81071.0,161645376.0,2431853.7057325244,216.0330190262072,6438.0,48.48685836791992,0.0011892077745869,0.044319562613964,0.0304092969745397,0.0451588854193687,0.0295377913862466,0.0365017279982566,3.901416301727295,9.86105251312256,3.3765461444854736,0.8627018332481384
456,29801,28,2,2,minus,0,-0.1,0.1,0.0100537622347474,0.0090970201417803,227107.0,171194416.0,1557359.0505123287,295.1578806080333,8796.0,75.7269058227539,0.0007651544292457,0.0448898784816265,0.0217880867421627,0.0417401753365993,0.0252469163388013,0.0333943888545036,2.15057635307312,6.021400451660156,0.422410249710083,0.3041475713253021
456,29801,28,2,7,minus,0,-0.1,0.1,0.0021897365804761,0.001981355715543,12577.0,3261455.75,6462.103991253185,76.60816751115733,2283.0,47.99076843261719,0.0003057307621929,0.0257897935807704,0.0325126685202121,0.0218789111822843,0.0452771298587322,0.017795966938138,8.833017349243164,8.9212064743042,2.157782077789306,0.5844389796257019
456,29801,29,2,1,minus,1,-0.05,0.05,0.0166266057640314,0.0158157162368297,82596.0,172986272.0,2735901.790819049,217.34169994295493,6477.0,48.48685836791992,0.0011892077745869,0.044319562613964,0.0304092969745397,0.0451588854193687,0.0295377913862466,0.0365017279982566,3.901416301727295,9.86105251312256,3.3765461444854736,0.8627018332481384
456,29801,29,2,2,minus,1,-0.05,0.05,0.0100537622347474,0.0095634348690509,235340.0,193341312.0,1849007.0448088648,300.29193651219754,8949.0,75.7269058227539,0.0007651544292457,0.0448898784816265,0.0217880867421627,0.0417401753365993,0.0252469163388013,0.0333943888545036,2.15057635307312,6.021400451660156,0.422410249710083,0.3041475713253021
456,29801,29,2,7,minus,1,-0.05,0.05,0.0021897365804761,0.002082941820845,13213.0,3245000.25,6759.146729377506,78.62152276769235,2343.0,47.99076843261719,0.0003057307621929,0.0257897935807704,0.0325126685202121,0.0218789111822843,0.0452771298587322,0.017795966938138,8.833017349243164,8.9212064743042,2.157782077789306,0.5844389796257019
456,29801,30,2,1,minus,2,-0.02,0.02,0.0166266057640314,0.0162973776459693,83178.0,191410576.0,3119490.442504525,217.8785946780309,6493.0,48.48685836791992,0.0011892077745869,0.044319562613964,0.0304092969745397,0.0451588854193687,0.0295377913862466,0.0365017279982566,3.901416301727295,9.86105251312256,3.3765461444854736,0.8627018332481384
456,29801,30,2,2,minus,2,-0.02,0.02,0.0100537622347474,0.0098546845838427,238875.0,205843344.0,2028521.228803441,302.3388476896748,9010.0,75.7269058227539,0.0007651544292457,0.0448898784816265,0.0217880867421627,0.0417401753365993,0.0252469163388013,0.0333943888545036,2.15057635307312,6.021400451660156,0.422410249710083,0.3041475713253021
456,29801,30,2,7,minus,2,-0.02,0.02,0.0021897365804761,0.0021463769953697,13427.0,3385087.0,7265.672864125343,79.29264118653735,2363.0,47.99076843261719,0.0003057307621929,0.0257897935807704,0.0325126685202121,0.0218789111822843,0.0452771298587322,0.017795966938138,8.833017349243164,8.9212064743042,2.157782077789306,0.5844389796257019
456,29801,31,2,1,minus,3,-0.01,0.01,0.0166266057640314,0.0164611674845218,83419.0,193270800.0,3181463.0086675286,218.1805979665112,6502.0,48.48685836791992,0.0011892077745869,0.044319562613964,0.0304092969745397,0.0451588854193687,0.0295377913862466,0.0365017279982566,3.901416301727295,9.86105251312256,3.3765461444854736,0.8627018332481384
456,29801,31,2,2,minus,3,-0.01,0.01,0.0100537622347474,0.0099537260830402,239358.0,210443120.0,2094693.1725403664,302.6072950572128,9018.0,75.7269058227539,0.0007651544292457,0.0448898784816265,0.0217880867421627,0.0417401753365993,0.0252469163388013,0.0333943888545036,2.15057635307312,6.021400451660156,0.422410249710083,0.3041475713253021
456,29801,31,2,7,minus,3,-0.01,0.01,0.0021897365804761,0.002167948288843,13643.0,3261534.5,7070.838138277526,79.82953592161337,2379.0,47.99076843261719,0.0003057307621929,0.0257897935807704,0.0325126685202121,0.0218789111822843,0.0452771298587322,0.017795966938138,8.833017349243164,8.9212064743042,2.157782077789306,0.5844389796257019
456,29801,32,2,1,minus,4,-0.005,0.005,0.0166266057640314,0.0165436808019876,83547.0,191510768.0,3168293.0159355104,218.38193349216468,6508.0,48.48685836791992,0.0011892077745869,0.044319562613964,0.0304092969745397,0.0451588854193687,0.0295377913862466,0.0365017279982566,3.901416301727295,9.86105251312256,3.3765461444854736,0.8627018332481384
456,29801,32,2,2,minus,4,-0.005,0.005,0.0100537622347474,0.0100036188960075,240560.0,212164448.0,2122412.2810738087,303.3119693970001,9039.0,75.7269058227539,0.0007651544292457,0.0448898784816265,0.0217880867421627,0.0417401753365993,0.0252469163388013,0.0333943888545036,2.15057635307312,6.021400451660156,0.422410249710083,0.3041475713253021
456,29801,32,2,7,minus,4,-0.005,0.005,0.0021897365804761,0.0021788151934742,13686.0,3406724.0,7422.6220111735165,79.93020368444012,2382.0,47.99076843261719,0.0003057307621929,0.0257897935807704,0.0325126685202121,0.0218789111822843,0.0452771298587322,0.017795966938138,8.833017349243164,8.9212064743042,2.157782077789306,0.5844389796257019
456,29801,33,2,1,minus,5,-0.0025,0.0025,0.0166266057640314,0.0165850911289453,83582.0,197560752.0,3276563.0754229724,218.48260125499144,6511.0,48.48685836791992,0.0011892077745869,0.044319562613964,0.0304092969745397,0.0451588854193687,0.0295377913862466,0.0365017279982566,3.901416301727295,9.86105251312256,3.3765461444854736,0.8627018332481384
456,29801,33,2,2,minus,5,-0.0025,0.0025,0.0100537622347474,0.0100286593660712,240834.0,213420144.0,2140317.9260338694,303.5133049226536,9045.0,75.7269058227539,0.0007651544292457,0.0448898784816265,0.0217880867421627,0.0417401753365993,0.0252469163388013,0.0333943888545036,2.15057635307312,6.021400451660156,0.422410249710083,0.3041475713253021
456,29801,33,2,7,minus,5,-0.0025,0.0025,0.0021897365804761,0.0021842690184712,13660.0,3379881.75,7382.57099262136,79.93020368444012,2382.0,47.99076843261719,0.0003057307621929,0.0257897935807704,0.0325126685202121,0.0218789111822843,0.0452771298587322,0.017795966938138,8.833017349243164,8.9212064743042,2.157782077789306,0.5844389796257019
456,29801,34,2,1,center,6,0.0,0.0,0.0166266057640314,0.0166266057640314,83579.0,195151136.0,3244701.0026748776,218.51615717593367,6512.0,48.48685836791992,0.0011892077745869,0.044319562613964,0.0304092969745397,0.0451588854193687,0.0295377913862466,0.0365017279982566,3.901416301727295,9.86105251312256,3.3765461444854736,0.8627018332481384
456,29801,34,2,2,center,6,0.0,0.0,0.0100537622347474,0.0100537622347474,241202.0,207454672.0,2085699.946775511,303.7146404483071,9051.0,75.7269058227539,0.0007651544292457,0.0448898784816265,0.0217880867421627,0.0417401753365993,0.0252469163388013,0.0333943888545036,2.15057635307312,6.021400451660156,0.422410249710083,0.3041475713253021
456,29801,34,2,7,center,6,0.0,0.0,0.0021897365804761,0.0021897365804761,13687.0,3432424.25,7516.104939938465,79.96375960538236,2383.0,47.99076843261719,0.0003057307621929,0.0257897935807704,0.0325126685202121,0.0218789111822843,0.0452771298587322,0.017795966938138,8.833017349243164,8.9212064743042,2.157782077789306,0.5844389796257019
456,29801,35,2,1,plus,7,0.0025,0.0025,0.0166266057640314,0.0166682247072458,83462.0,199472768.0,3324856.9200003147,218.4154894131069,6509.0,48.48685836791992,0.0011892077745869,0.044319562613964,0.0304092969745397,0.0451588854193687,0.0295377913862466,0.0365017279982566,3.901416301727295,9.86105251312256,3.3765461444854736,0.8627018332481384
456,29801,35,2,2,plus,7,0.0025,0.0025,0.0100537622347474,0.0100789284333586,241610.0,211027952.0,2126935.6256462485,303.9159759739606,9057.0,75.7269058227539,0.0007651544292457,0.0448898784816265,0.0217880867421627,0.0417401753365993,0.0252469163388013,0.0333943888545036,2.15057635307312,6.021400451660156,0.422410249710083,0.3041475713253021
456,29801,35,2,7,plus,7,0.0025,0.0025,0.0021897365804761,0.002195217879489,13805.0,3465987.25,7608.597181281133,80.23220697292037,2391.0,47.99076843261719,0.0003057307621929,0.0257897935807704,0.0325126685202121,0.0218789111822843,0.0452771298587322,0.017795966938138,8.833017349243164,8.9212064743042,2.157782077789306,0.5844389796257019
456,29801,36,2,1,plus,8,0.005,0.005,0.0166266057640314,0.0167099460959434,83546.0,199061840.0,3326312.61615932,218.48260125499144,6511.0,48.48685836791992,0.0011892077745869,0.044319562613964,0.0304092969745397,0.0451588854193687,0.0295377913862466,0.0365017279982566,3.901416301727295,9.86105251312256,3.3765461444854736,0.8627018332481384
456,29801,36,2,2,plus,8,0.005,0.005,0.0100537622347474,0.0101041570305824,241816.0,213378416.0,2156009.022200942,304.0501996577296,9061.0,75.7269058227539,0.0007651544292457,0.0448898784816265,0.0217880867421627,0.0417401753365993,0.0252469163388013,0.0333943888545036,2.15057635307312,6.021400451660156,0.422410249710083,0.3041475713253021
456,29801,36,2,7,plus,8,0.005,0.005,0.0021897365804761,0.0022007126826792,13870.0,3450542.5,7593.652641873923,80.39998657763162,2396.0,47.99076843261719,0.0003057307621929,0.0257897935807704,0.0325126685202121,0.0218789111822843,0.0452771298587322,0.017795966938138,8.833017349243164,8.9212064743042,2.157782077789306,0.5844389796257019
456,29801,37,2,1,plus,9,0.01,0.01,0.0166266057640314,0.016793705523014,83572.0,208180016.0,3496113.884480357,218.54971309687596,6513.0,48.48685836791992,0.0011892077745869,0.044319562613964,0.0304092969745397,0.0451588854193687,0.0295377913862466,0.0365017279982566,3.901416301727295,9.86105251312256,3.3765461444854736,0.8627018332481384
456,29801,37,2,2,plus,9,0.01,0.01,0.0100537622347474,0.0101548042148351,242589.0,217380624.0,2207457.676818698,304.4193147880943,9072.0,75.7269058227539,0.0007651544292457,0.0448898784816265,0.0217880867421627,0.0417401753365993,0.0252469163388013,0.0333943888545036,2.15057635307312,6.021400451660156,0.422410249710083,0.3041475713253021
456,29801,37,2,7,plus,9,0.01,0.01,0.0021897365804761,0.0022117437329143,14021.0,3507320.25,7757.293582261016,80.56776618234287,2401.0,47.99076843261719,0.0003057307621929,0.0257897935807704,0.0325126685202121,0.0218789111822843,0.0452771298587322,0.017795966938138,8.833017349243164,8.9212064743042,2.157782077789306,0.5844389796257019
456,29801,38,2,1,plus,10,0.02,0.02,0.0166266057640314,0.0169624853879213,83913.0,206544960.0,3503515.8659487963,218.85171638535616,6522.0,48.48685836791992,0.0011892077745869,0.044319562613964,0.0304092969745397,0.0451588854193687,0.0295377913862466,0.0365017279982566,3.901416301727295,9.86105251312256,3.3765461444854736,0.8627018332481384
456,29801,38,2,2,plus,10,0.02,0.02,0.0100537622347474,0.0102568613365292,244289.0,220913584.0,2265879.998443708,305.42599241636185,9102.0,75.7269058227539,0.0007651544292457,0.0448898784816265,0.0217880867421627,0.0417401753365993,0.0252469163388013,0.0333943888545036,2.15057635307312,6.021400451660156,0.422410249710083,0.3041475713253021
456,29801,38,2,7,plus,10,0.02,0.02,0.0021897365804761,0.0022339720744639,13974.0,3740694.75,8356.607610593957,80.86976947082312,2410.0,47.99076843261719,0.0003057307621929,0.0257897935807704,0.0325126685202121,0.0218789111822843,0.0452771298587322,0.017795966938138,8.833017349243164,8.9212064743042,2.157782077789306,0.5844389796257019
456,29801,39,2,1,plus,11,0.05,0.05,0.0166266057640314,0.0174790695309638,84625.0,230630032.0,4031198.3652564287,219.5228348042012,6542.0,48.48685836791992,0.0011892077745869,0.044319562613964,0.0304092969745397,0.0451588854193687,0.0295377913862466,0.0365017279982566,3.901416301727295,9.86105251312256,3.3765461444854736,0.8627018332481384
456,29801,39,2,2,plus,11,0.05,0.05,0.0100537622347474,0.010569229722023,247000.0,234925808.0,2482984.832383871,307.0702325425321,9151.0,75.7269058227539,0.0007651544292457,0.0448898784816265,0.0217880867421627,0.0417401753365993,0.0252469163388013,0.0333943888545036,2.15057635307312,6.021400451660156,0.422410249710083,0.3041475713253021
456,29801,39,2,7,plus,11,0.05,0.05,0.0021897365804761,0.0023020068183541,14231.0,3608607.0,8307.037918760441,81.23888460118788,2421.0,47.99076843261719,0.0003057307621929,0.0257897935807704,0.0325126685202121,0.0218789111822843,0.0452771298587322,0.017795966938138,8.833017349243164,8.9212064743042,2.157782077789306,0.5844389796257019
456,29801,40,2,1,plus,12,0.1,0.1,0.0166266057640314,0.0183752421289682,85276.0,254637872.0,4679032.553205222,220.4624005905842,6570.0,48.48685836791992,0.0011892077745869,0.044319562613964,0.0304092969745397,0.0451588854193687,0.0295377913862466,0.0365017279982566,3.901416301727295,9.86105251312256,3.3765461444854736,0.8627018332481384
456,29801,40,2,2,plus,12,0.1,0.1,0.0100537622347474,0.011111126281321,253697.0,250720432.0,2785786.381259367,310.96271937183315,9267.0,75.7269058227539,0.0007651544292457,0.0448898784816265,0.0217880867421627,0.0417401753365993,0.0252469163388013,0.0333943888545036,2.15057635307312,6.021400451660156,0.422410249710083,0.3041475713253021
456,29801,40,2,7,plus,12,0.1,0.1,0.0021897365804761,0.0024200333282351,14495.0,3356128.75,8121.943428848172,82.31267407133988,2453.0,47.99076843261719,0.0003057307621929,0.0257897935807704,0.0325126685202121,0.0218789111822843,0.0452771298587322,0.017795966938138,8.833017349243164,8.9212064743042,2.157782077789306,0.5844389796257019
456,29801,41,2,1,center_duplicate,-1,0.0,0.0,0.0166266057640314,0.0166266057640314,83579.0,195151136.0,3244701.0026748776,218.51615717593367,6512.0,48.48685836791992,0.0011892077745869,0.044319562613964,0.0304092969745397,0.0451588854193687,0.0295377913862466,0.0365017279982566,3.901416301727295,9.86105251312256,3.3765461444854736,0.8627018332481384
456,29801,41,2,2,center_duplicate,-1,0.0,0.0,0.0100537622347474,0.0100537622347474,241202.0,207454672.0,2085699.946775511,303.7146404483071,9051.0,75.7269058227539,0.0007651544292457,0.0448898784816265,0.0217880867421627,0.0417401753365993,0.0252469163388013,0.0333943888545036,2.15057635307312,6.021400451660156,0.422410249710083,0.3041475713253021
456,29801,41,2,7,center_duplicate,-1,0.0,0.0,0.0021897365804761,0.0021897365804761,13687.0,3432424.25,7516.104939938465,79.96375960538236,2383.0,47.99076843261719,0.0003057307621929,0.0257897935807704,0.0325126685202121,0.0218789111822843,0.0452771298587322,0.017795966938138,8.833017349243164,8.9212064743042,2.157782077789306,0.5844389796257019
456,29801,42,3,1,minus,0,-0.1,0.1,0.0030624063219875,0.0027709798887372,4059.0,2086897.375,5782.750655983458,58.05174323009295,1730.0,68.69004821777344,0.0025674765929579,0.0119783859699964,0.0491933897137641,0.0344496145844459,0.010044421069324,0.0135199222713708,6.216831684112549,3.313960075378418,6.278366088867188,0.7253406047821045
456,29801,42,3,2,minus,0,-0.1,0.1,0.0152102718129754,0.013762823306024,53297.0,59678072.0,821338.7601801828,153.68611791550617,4580.0,96.0049057006836,0.0020888946019113,0.0492519363760948,0.033308882266283,0.0218277648091316,0.0236985776573419,0.0186962261795997,5.5608625411987305,0.1537047326564788,5.821068286895752,0.7542546987533569
456,29801,42,3,7,minus,0,-0.1,0.1,0.0139875570312142,0.0126564651727676,147354.0,112258656.0,1420797.770005703,238.3477064528036,7103.0,89.26822662353516,0.0008241399773396,0.0486867688596248,0.0172926541417837,0.0131852496415376,0.0318209826946258,0.0380514785647392,3.277904748916626,5.072831630706787,3.020468711853028,0.4343680143356323
456,29801,43,3,1,minus,1,-0.05,0.05,0.0030624063219875,0.002913051052019,4289.0,3552989.75,10350.040529050224,59.79665111908996,1782.0,68.69004821777344,0.0025674765929579,0.0119783859699964,0.0491933897137641,0.0344496145844459,0.010044421069324,0.0135199222713708,6.216831684112549,3.313960075378418,6.278366088867188,0.7253406047821045
456,29801,43,3,2,minus,1,-0.05,0.05,0.0152102718129754,0.0144684584811329,54319.0,69906432.0,1011438.3089561462,154.9612429113117,4618.0,96.0049057006836,0.0020888946019113,0.0492519363760948,0.033308882266283,0.0218277648091316,0.0236985776573419,0.0186962261795997,5.5608625411987305,0.1537047326564788,5.821068286895752,0.7542546987533569
456,29801,43,3,7,minus,1,-0.05,0.05,0.0139875570312142,0.0133053762838244,150254.0,128496688.0,1709696.785065189,240.46172947216536,7166.0,89.26822662353516,0.0008241399773396,0.0486867688596248,0.0172926541417837,0.0131852496415376,0.0318209826946258,0.0380514785647392,3.277904748916626,5.072831630706787,3.020468711853028,0.4343680143356323
456,29801,44,3,1,minus,2,-0.02,0.02,0.0030624063219875,0.003001766745001,4317.0,2944034.0,8837.303357352503,60.870440589241966,1814.0,68.69004821777344,0.0025674765929579,0.0119783859699964,0.0491933897137641,0.0344496145844459,0.010044421069324,0.0135199222713708,6.216831684112549,3.313960075378418,6.278366088867188,0.7253406047821045
456,29801,44,3,2,minus,2,-0.02,0.02,0.0152102718129754,0.0149090886116027,54796.0,67961904.0,1013250.0489492416,155.59880540921444,4637.0,96.0049057006836,0.0020888946019113,0.0492519363760948,0.033308882266283,0.0218277648091316,0.0236985776573419,0.0186962261795997,5.5608625411987305,0.1537047326564788,5.821068286895752,0.7542546987533569
456,29801,44,3,7,minus,2,-0.02,0.02,0.0139875570312142,0.0137105854228138,151788.0,138040368.0,1892614.2572606653,241.80396630985533,7206.0,89.26822662353516,0.0008241399773396,0.0486867688596248,0.0172926541417837,0.0131852496415376,0.0318209826946258,0.0380514785647392,3.277904748916626,5.072831630706787,3.020468711853028,0.4343680143356323
456,29801,45,3,1,minus,3,-0.01,0.01,0.0030624063219875,0.0030319348443299,4298.0,2942597.25,8921.763135104498,60.83688466829972,1813.0,68.69004821777344,0.0025674765929579,0.0119783859699964,0.0491933897137641,0.0344496145844459,0.010044421069324,0.0135199222713708,6.216831684112549,3.313960075378418,6.278366088867188,0.7253406047821045
456,29801,45,3,2,minus,3,-0.01,0.01,0.0152102718129754,0.0150589272379875,54936.0,70905616.0,1067762.5121086836,155.86725277675245,4645.0,96.0049057006836,0.0020888946019113,0.0492519363760948,0.033308882266283,0.0218277648091316,0.0236985776573419,0.0186962261795997,5.5608625411987305,0.1537047326564788,5.821068286895752,0.7542546987533569
456,29801,45,3,7,minus,3,-0.01,0.01,0.0139875570312142,0.0138483783230185,152599.0,133698520.0,1851507.6861876624,242.30730512398912,7221.0,89.26822662353516,0.0008241399773396,0.0486867688596248,0.0172926541417837,0.0131852496415376,0.0318209826946258,0.0380514785647392,3.277904748916626,5.072831630706787,3.020468711853028,0.4343680143356323
456,29801,46,3,1,minus,4,-0.005,0.005,0.0030624063219875,0.0030471323989331,4366.0,3210131.25,9781.694936702845,60.97110835206872,1817.0,68.69004821777344,0.0025674765929579,0.0119783859699964,0.0491933897137641,0.0344496145844459,0.010044421069324,0.0135199222713708,6.216831684112549,3.313960075378418,6.278366088867188,0.7253406047821045
456,29801,46,3,2,minus,4,-0.005,0.005,0.0152102718129754,0.0151344100013375,55150.0,71616312.0,1083870.6285917088,155.93436461863695,4647.0,96.0049057006836,0.0020888946019113,0.0492519363760948,0.033308882266283,0.0218277648091316,0.0236985776573419,0.0186962261795997,5.5608625411987305,0.1537047326564788,5.821068286895752,0.7542546987533569
456,29801,46,3,7,minus,4,-0.005,0.005,0.0139875570312142,0.0139177935197949,153278.0,138853632.0,1932536.1796495917,242.8106439381229,7236.0,89.26822662353516,0.0008241399773396,0.0486867688596248,0.0172926541417837,0.0131852496415376,0.0318209826946258,0.0380514785647392,3.277904748916626,5.072831630706787,3.020468711853028,0.4343680143356323
456,29801,47,3,1,minus,5,-0.0025,0.0025,0.0030624063219875,0.0030547596979886,4370.0,3263974.5,9970.657757862587,61.03822019395322,1819.0,68.69004821777344,0.0025674765929579,0.0119783859699964,0.0491933897137641,0.0344496145844459,0.010044421069324,0.0135199222713708,6.216831684112549,3.313960075378418,6.278366088867188,0.7253406047821045
456,29801,47,3,2,minus,5,-0.0025,0.0025,0.0152102718129754,0.0151722934097051,55143.0,71064560.0,1078212.355351597,155.93436461863695,4647.0,96.0049057006836,0.0020888946019113,0.0492519363760948,0.033308882266283,0.0218277648091316,0.0236985776573419,0.0186962261795997,5.5608625411987305,0.1537047326564788,5.821068286895752,0.7542546987533569
456,29801,47,3,7,minus,5,-0.0025,0.0025,0.0139875570312142,0.0139526315033435,153222.0,141246464.0,1970759.8633422847,242.8106439381229,7236.0,89.26822662353516,0.0008241399773396,0.0486867688596248,0.0172926541417837,0.0131852496415376,0.0318209826946258,0.0380514785647392,3.277904748916626,5.072831630706787,3.020468711853028,0.4343680143356323
456,29801,48,3,1,center,6,0.0,0.0,0.0030624063219875,0.0030624063219875,4363.0,3284615.5,10058.827272498163,61.27311164054897,1826.0,68.69004821777344,0.0025674765929579,0.0119783859699964,0.0491933897137641,0.0344496145844459,0.010044421069324,0.0135199222713708,6.216831684112549,3.313960075378418,6.278366088867188,0.7253406047821045
456,29801,48,3,2,center,6,0.0,0.0,0.0152102718129754,0.0152102718129754,55162.0,72366352.0,1100711.8840334564,155.9679205395792,4648.0,96.0049057006836,0.0020888946019113,0.0492519363760948,0.033308882266283,0.0218277648091316,0.0236985776573419,0.0186962261795997,5.5608625411987305,0.1537047326564788,5.821068286895752,0.7542546987533569
456,29801,48,3,7,center,6,0.0,0.0,0.0139875570312142,0.0139875570312142,153212.0,140361872.0,1963319.6896079928,242.8106439381229,7236.0,89.26822662353516,0.0008241399773396,0.0486867688596248,0.0172926541417837,0.0131852496415376,0.0318209826946258,0.0380514785647392,3.277904748916626,5.072831630706787,3.020468711853028,0.4343680143356323
456,29801,49,3,1,plus,7,0.0025,0.0025,0.0030624063219875,0.0030700720380991,4352.0,3347580.75,10277.314055854047,61.30666756149122,1827.0,68.69004821777344,0.0025674765929579,0.0119783859699964,0.0491933897137641,0.0344496145844459,0.010044421069324,0.0135199222713708,6.216831684112549,3.313960075378418,6.278366088867188,0.7253406047821045
456,29801,49,3,2,plus,7,0.0025,0.0025,0.0152102718129754,0.0152483452111482,55201.0,71422144.0,1089069.5074323416,156.06858830240594,4651.0,96.0049057006836,0.0020888946019113,0.0492519363760948,0.033308882266283,0.0218277648091316,0.0236985776573419,0.0186962261795997,5.5608625411987305,0.1537047326564788,5.821068286895752,0.7542546987533569
456,29801,49,3,7,plus,7,0.0025,0.0025,0.0139875570312142,0.0140225701034069,153295.0,143611888.0,2013807.767162621,242.9113117009496,7239.0,89.26822662353516,0.0008241399773396,0.0486867688596248,0.0172926541417837,0.0131852496415376,0.0318209826946258,0.0380514785647392,3.277904748916626,5.072831630706787,3.020468711853028,0.4343680143356323
456,29801,50,3,1,plus,8,0.005,0.005,0.0030624063219875,0.0030777566134929,4448.0,3335931.75,10267.186005723664,61.44089124526023,1831.0,68.69004821777344,0.0025674765929579,0.0119783859699964,0.0491933897137641,0.0344496145844459,0.010044421069324,0.0135199222713708,6.216831684112549,3.313960075378418,6.278366088867188,0.7253406047821045
456,29801,50,3,2,plus,8,0.005,0.005,0.0152102718129754,0.0152865136042237,55335.0,71359624.0,1090839.86306829,156.2363679071172,4656.0,96.0049057006836,0.0020888946019113,0.0492519363760948,0.033308882266283,0.0218277648091316,0.0236985776573419,0.0186962261795997,5.5608625411987305,0.1537047326564788,5.821068286895752,0.7542546987533569
456,29801,50,3,7,plus,8,0.005,0.005,0.0139875570312142,0.014057669788599,153428.0,141489648.0,1989014.750089109,243.0119794637764,7242.0,89.26822662353516,0.0008241399773396,0.0486867688596248,0.0172926541417837,0.0131852496415376,0.0318209826946258,0.0380514785647392,3.277904748916626,5.072831630706787,3.020468711853028,0.4343680143356323
456,29801,51,3,1,plus,9,0.01,0.01,0.0030624063219875,0.0030931839719414,4497.0,3174826.0,9820.320896903051,61.54155900808697,1834.0,68.69004821777344,0.0025674765929579,0.0119783859699964,0.0491933897137641,0.0344496145844459,0.010044421069324,0.0135199222713708,6.216831684112549,3.313960075378418,6.278366088867188,0.7253406047821045
456,29801,51,3,2,plus,9,0.01,0.01,0.0152102718129754,0.0153631381690502,55497.0,71892472.0,1104493.980650574,156.4377034327707,4662.0,96.0049057006836,0.0020888946019113,0.0492519363760948,0.033308882266283,0.0218277648091316,0.0236985776573419,0.0186962261795997,5.5608625411987305,0.1537047326564788,5.821068286895752,0.7542546987533569
456,29801,51,3,7,plus,9,0.01,0.01,0.0139875570312142,0.0141281345859169,153978.0,138597840.0,1958128.93683739,243.34753867319887,7252.0,89.26822662353516,0.0008241399773396,0.0486867688596248,0.0172926541417837,0.0131852496415376,0.0318209826946258,0.0380514785647392,3.277904748916626,5.072831630706787,3.020468711853028,0.4343680143356323
456,29801,52,3,1,plus,10,0.02,0.02,0.0030624063219875,0.0031242710538208,4348.0,3072304.0,9598.710455738008,62.17912150598973,1853.0,68.69004821777344,0.0025674765929579,0.0119783859699964,0.0491933897137641,0.0344496145844459,0.010044421069324,0.0135199222713708,6.216831684112549,3.313960075378418,6.278366088867188,0.7253406047821045
456,29801,52,3,2,plus,10,0.02,0.02,0.0152102718129754,0.0155175393447279,55414.0,71611040.0,1111227.13071689,156.47125935371295,4663.0,96.0049057006836,0.0020888946019113,0.0492519363760948,0.033308882266283,0.0218277648091316,0.0236985776573419,0.0186962261795997,5.5608625411987305,0.1537047326564788,5.821068286895752,0.7542546987533569
456,29801,52,3,7,plus,10,0.02,0.02,0.0139875570312142,0.0142701240256428,154435.0,144009008.0,2055026.4049697963,243.7166538035636,7263.0,89.26822662353516,0.0008241399773396,0.0486867688596248,0.0172926541417837,0.0131852496415376,0.0318209826946258,0.0380514785647392,3.277904748916626,5.072831630706787,3.020468711853028,0.4343680143356323
456,29801,53,3,1,plus,11,0.05,0.05,0.0030624063219875,0.0032194191589951,4412.0,3797843.5,12226.850126765205,62.85023992483473,1873.0,68.69004821777344,0.0025674765929579,0.0119783859699964,0.0491933897137641,0.0344496145844459,0.010044421069324,0.0135199222713708,6.216831684112549,3.313960075378418,6.278366088867188,0.7253406047821045
456,29801,53,3,2,plus,11,0.05,0.05,0.0152102718129754,0.0159901194274425,55979.0,76958872.0,1230581.5542812643,157.14237777255795,4683.0,96.0049057006836,0.0020888946019113,0.0492519363760948,0.033308882266283,0.0218277648091316,0.0236985776573419,0.0186962261795997,5.5608625411987305,0.1537047326564788,5.821068286895752,0.7542546987533569
456,29801,53,3,7,plus,11,0.05,0.05,0.0139875570312142,0.0147047145292162,155998.0,148300944.0,2180723.045933292,244.8911110365424,7298.0,89.26822662353516,0.0008241399773396,0.0486867688596248,0.0172926541417837,0.0131852496415376,0.0318209826946258,0.0380514785647392,3.277904748916626,5.072831630706787,3.020468711853028,0.4343680143356323
456,29801,54,3,1,plus,12,0.1,0.1,0.0030624063219875,0.0033844825811684,4472.0,3922475.25,13275.549158689217,64.05825307875574,1909.0,68.69004821777344,0.0025674765929579,0.0119783859699964,0.0491933897137641,0.0344496145844459,0.010044421069324,0.0135199222713708,6.216831684112549,3.313960075378418,6.278366088867188,0.7253406047821045
456,29801,54,3,2,plus,12,0.1,0.1,0.0152102718129754,0.0168099515140056,56909.0,80744784.0,1357315.90404886,158.18261132176772,4714.0,96.0049057006836,0.0020888946019113,0.0492519363760948,0.033308882266283,0.0218277648091316,0.0236985776573419,0.0186962261795997,5.5608625411987305,0.1537047326564788,5.821068286895752,0.7542546987533569
456,29801,54,3,7,plus,12,0.1,0.1,0.0139875570312142,0.0154586415737867,158519.0,163187136.0,2522651.44487679,247.0051340559041,7361.0,89.26822662353516,0.0008241399773396,0.0486867688596248,0.0172926541417837,0.0131852496415376,0.0318209826946258,0.0380514785647392,3.277904748916626,5.072831630706787,3.020468711853028,0.4343680143356323
456,29801,55,3,1,center_duplicate,-1,0.0,0.0,0.0030624063219875,0.0030624063219875,4363.0,3284615.5,10058.827272498163,61.27311164054897,1826.0,68.69004821777344,0.0025674765929579,0.0119783859699964,0.0491933897137641,0.0344496145844459,0.010044421069324,0.0135199222713708,6.216831684112549,3.313960075378418,6.278366088867188,0.7253406047821045
456,29801,55,3,2,center_duplicate,-1,0.0,0.0,0.0152102718129754,0.0152102718129754,55162.0,72366352.0,1100711.8840334564,155.9679205395792,4648.0,96.0049057006836,0.0020888946019113,0.0492519363760948,0.033308882266283,0.0218277648091316,0.0236985776573419,0.0186962261795997,5.5608625411987305,0.1537047326564788,5.821068286895752,0.7542546987533569
456,29801,55,3,7,center_duplicate,-1,0.0,0.0,0.0139875570312142,0.0139875570312142,153212.0,140361872.0,1963319.6896079928,242.8106439381229,7236.0,89.26822662353516,0.0008241399773396,0.0486867688596248,0.0172926541417837,0.0131852496415376,0.0318209826946258,0.0380514785647392,3.277904748916626,5.072831630706787,3.020468711853028,0.4343680143356323
456,29801,56,4,1,minus,0,-0.1,0.1,0.0108905816450715,0.0098542058840394,115105.0,33667584.0,331767.3043541908,247.8440320794604,7386.0,33.49873733520508,0.0002443856210447,0.0386488735675811,0.0286058206111192,0.017027685418725,0.0424789972603321,0.0291590932756662,3.127815723419189,7.227877616882324,7.630624294281006,0.9706724286079408
456,29801,56,4,2,minus,0,-0.1,0.1,0.0116654084995388,0.0105552980676293,125576.0,119415416.0,1260465.3097499534,208.68427233985437,6219.0,38.7281608581543,0.0025844236370176,0.0295098964124918,0.0405808053910732,0.046412743628025,0.0416797697544097,0.0448324494063854,0.7273001670837402,9.898069381713867,9.137249946594238,0.9603471159934998
456,29801,56,4,7,minus,0,-0.1,0.1,0.0098292483016848,0.008893871679902,4389.0,10924.416015625,97.16035422083588,24.193818999362435,721.0,4.61674165725708,0.0038823534268885,0.0212451666593551,0.0269096083939075,0.0197803676128387,0.0193378403782844,0.0118202436715364,1.170051097869873,1.0662606954574585,7.525685787200928,0.8699729442596436
456,29801,57,4,1,minus,1,-0.05,0.05,0.0108905816450715,0.0103594418615102,117563.0,39600676.0,410240.9006985053,249.7902754941109,7444.0,33.49873733520508,0.0002443856210447,0.0386488735675811,0.0286058206111192,0.017027685418725,0.0424789972603321,0.0291590932756662,3.127815723419189,7.227877616882324,7.630624294281006,0.9706724286079408
456,29801,57,4,2,minus,1,-0.05,0.05,0.0116654084995388,0.0110964803025126,129271.0,127828448.0,1418445.855332762,211.70430522465688,6309.0,38.7281608581543,0.0025844236370176,0.0295098964124918,0.0405808053910732,0.046412743628025,0.0416797697544097,0.0448324494063854,0.7273001670837402,9.898069381713867,9.137249946594238,0.9603471159934998
456,29801,57,4,7,minus,1,-0.05,0.05,0.0098292483016848,0.0093498704954981,4442.0,9829.5732421875,91.9052368404673,25.368276232341195,756.0,4.61674165725708,0.0038823534268885,0.0212451666593551,0.0269096083939075,0.0197803676128387,0.0193378403782844,0.0118202436715364,1.170051097869873,1.0662606954574585,7.525685787200928,0.8699729442596436
456,29801,58,4,1,minus,2,-0.02,0.02,0.0108905816450715,0.0106749339029192,119515.0,41355760.0,441470.0045049936,251.63585114593468,7499.0,33.49873733520508,0.0002443856210447,0.0386488735675811,0.0286058206111192,0.017027685418725,0.0424789972603321,0.0291590932756662,3.127815723419189,7.227877616882324,7.630624294281006,0.9706724286079408
456,29801,58,4,2,minus,2,-0.02,0.02,0.0116654084995388,0.0114344181492924,132023.0,134644736.0,1539584.213025093,213.68410456024964,6368.0,38.7281608581543,0.0025844236370176,0.0295098964124918,0.0405808053910732,0.046412743628025,0.0416797697544097,0.0448324494063854,0.7273001670837402,9.898069381713867,9.137249946594238,0.9603471159934998
456,29801,58,4,7,minus,2,-0.02,0.02,0.0098292483016848,0.0096346158534288,4512.0,7313.638671875,70.46409909429713,26.3078420187242,784.0,4.61674165725708,0.0038823534268885,0.0212451666593551,0.0269096083939075,0.0197803676128387,0.0193378403782844,0.0118202436715364,1.170051097869873,1.0662606954574585,7.525685787200928,0.8699729442596436
456,29801,59,4,1,minus,3,-0.01,0.01,0.0108905816450715,0.0107822185382246,120264.0,42343644.0,456558.42331278697,252.13918996006845,7514.0,33.49873733520508,0.0002443856210447,0.0386488735675811,0.0286058206111192,0.017027685418725,0.0424789972603321,0.0291590932756662,3.127815723419189,7.227877616882324,7.630624294281006,0.9706724286079408
456,29801,59,4,2,minus,3,-0.01,0.01,0.0116654084995388,0.0115493359044194,133590.0,136872160.0,1580782.55180344,214.2545552162679,6385.0,38.7281608581543,0.0025844236370176,0.0295098964124918,0.0405808053910732,0.046412743628025,0.0416797697544097,0.0448324494063854,0.7273001670837402,9.898069381713867,9.137249946594238,0.9603471159934998
456,29801,59,4,7,minus,3,-0.01,0.01,0.0098292483016848,0.0097314454615116,4526.0,8202.6416015625,79.82355938593173,26.374953860608706,786.0,4.61674165725708,0.0038823534268885,0.0212451666593551,0.0269096083939075,0.0197803676128387,0.0193378403782844,0.0118202436715364,1.170051097869873,1.0662606954574585,7.525685787200928,0.8699729442596436
456,29801,60,4,1,minus,4,-0.005,0.005,0.0108905816450715,0.0108362641185522,120545.0,42139264.0,456632.1944653988,252.4411932485487,7523.0,33.49873733520508,0.0002443856210447,0.0386488735675811,0.0286058206111192,0.017027685418725,0.0424789972603321,0.0291590932756662,3.127815723419189,7.227877616882324,7.630624294281006,0.9706724286079408
456,29801,60,4,2,minus,4,-0.005,0.005,0.0116654084995388,0.0116072269156575,133208.0,141917040.0,1647263.286478445,214.0532196906144,6379.0,38.7281608581543,0.0025844236370176,0.0295098964124918,0.0405808053910732,0.046412743628025,0.0416797697544097,0.0448324494063854,0.7273001670837402,9.898069381713867,9.137249946594238,0.9603471159934998
456,29801,60,4,7,minus,4,-0.005,0.005,0.0098292483016848,0.0097802244126796,4527.0,8078.12158203125,79.00584190517657,26.609845307204456,793.0,4.61674165725708,0.0038823534268885,0.0212451666593551,0.0269096083939075,0.0197803676128387,0.0193378403782844,0.0118202436715364,1.170051097869873,1.0662606954574585,7.525685787200928,0.8699729442596436
456,29801,61,4,1,minus,5,-0.0025,0.0025,0.0108905816450715,0.0108633888885378,120531.0,41567616.0,451565.1777774096,252.54186101137543,7526.0,33.49873733520508,0.0002443856210447,0.0386488735675811,0.0286058206111192,0.017027685418725,0.0424789972603321,0.0291590932756662,3.127815723419189,7.227877616882324,7.630624294281006,0.9706724286079408
456,29801,61,4,2,minus,5,-0.0025,0.0025,0.0116654084995388,0.0116362813860178,133772.0,141394896.0,1645310.7964027226,214.3216670581524,6387.0,38.7281608581543,0.0025844236370176,0.0295098964124918,0.0405808053910732,0.046412743628025,0.0416797697544097,0.0448324494063854,0.7273001670837402,9.898069381713867,9.137249946594238,0.9603471159934998
456,29801,61,4,7,minus,5,-0.0025,0.0025,0.0098292483016848,0.0098047060891985,4558.0,11547.798828125,113.22277348695752,26.643401228146704,794.0,4.61674165725708,0.0038823534268885,0.0212451666593551,0.0269096083939075,0.0197803676128387,0.0193378403782844,0.0118202436715364,1.170051097869873,1.0662606954574585,7.525685787200928,0.8699729442596436
456,29801,62,4,1,center,6,0.0,0.0,0.0108905816450715,0.0108905816450715,120690.0,41972840.0,457108.64089552313,252.67608469514445,7530.0,33.49873733520508,0.0002443856210447,0.0386488735675811,0.0286058206111192,0.017027685418725,0.0424789972603321,0.0291590932756662,3.127815723419189,7.227877616882324,7.630624294281006,0.9706724286079408
456,29801,62,4,2,center,6,0.0,0.0,0.0116654084995388,0.0116654084995388,133689.0,143580384.0,1674923.8318806589,214.48944666286368,6392.0,38.7281608581543,0.0025844236370176,0.0295098964124918,0.0405808053910732,0.046412743628025,0.0416797697544097,0.0448324494063854,0.7273001670837402,9.898069381713867,9.137249946594238,0.9603471159934998
456,29801,62,4,7,center,6,0.0,0.0,0.0098292483016848,0.0098292483016848,4574.0,11472.271484375,112.76380500426058,26.710513070031205,796.0,4.61674165725708,0.0038823534268885,0.0212451666593551,0.0269096083939075,0.0197803676128387,0.0193378403782844,0.0118202436715364,1.170051097869873,1.0662606954574585,7.525685787200928,0.8699729442596436
456,29801,63,4,1,plus,7,0.0025,0.0025,0.0108905816450715,0.010917842388153,120757.0,42515008.0,464172.1564750672,252.7096406160867,7531.0,33.49873733520508,0.0002443856210447,0.0386488735675811,0.0286058206111192,0.017027685418725,0.0424789972603321,0.0291590932756662,3.127815723419189,7.227877616882324,7.630624294281006,0.9706724286079408
456,29801,63,4,2,plus,7,0.0025,0.0025,0.0116654084995388,0.0116946091875433,133764.0,146350432.0,1711511.1066681445,214.8585617932284,6403.0,38.7281608581543,0.0025844236370176,0.0295098964124918,0.0405808053910732,0.046412743628025,0.0416797697544097,0.0448324494063854,0.7273001670837402,9.898069381713867,9.137249946594238,0.9603471159934998
456,29801,63,4,7,plus,7,0.0025,0.0025,0.0098292483016848,0.0098538529127836,4592.0,12456.365234375,122.74319084744276,26.710513070031205,796.0,4.61674165725708,0.0038823534268885,0.0212451666593551,0.0269096083939075,0.0197803676128387,0.0193378403782844,0.0118202436715364,1.170051097869873,1.0662606954574585,7.525685787200928,0.8699729442596436
456,29801,64,4,1,plus,8,0.005,0.005,0.0108905816450715,0.0109451711177825,121090.0,42905208.0,469604.8434040546,252.9109761417402,7537.0,33.49873733520508,0.0002443856210447,0.0386488735675811,0.0286058206111192,0.017027685418725,0.0424789972603321,0.0291590932756662,3.127815723419189,7.227877616882324,7.630624294281006,0.9706724286079408
456,29801,64,4,2,plus,8,0.005,0.005,0.0116654084995388,0.0117238815873861,133920.0,147334624.0,1727333.6854980588,214.8585617932284,6403.0,38.7281608581543,0.0025844236370176,0.0295098964124918,0.0405808053910732,0.046412743628025,0.0416797697544097,0.0448324494063854,0.7273001670837402,9.898069381713867,9.137249946594238,0.9603471159934998
456,29801,64,4,7,plus,8,0.005,0.005,0.0098292483016848,0.0098785171285271,4591.0,12078.962890625,119.32224180988304,26.744068990973457,797.0,4.61674165725708,0.0038823534268885,0.0212451666593551,0.0269096083939075,0.0197803676128387,0.0193378403782844,0.0118202436715364,1.170051097869873,1.0662606954574585,7.525685787200928,0.8699729442596436
456,29801,65,4,1,plus,9,0.01,0.01,0.0108905816450715,0.011000033468008,121079.0,41195852.0,453155.750743106,252.94453206268244,7538.0,33.49873733520508,0.0002443856210447,0.0386488735675811,0.0286058206111192,0.017027685418725,0.0424789972603321,0.0291590932756662,3.127815723419189,7.227877616882324,7.630624294281006,0.9706724286079408
456,29801,65,4,2,plus,9,0.01,0.01,0.0116654084995388,0.0117826480418443,134667.0,146981680.0,1731833.4040389955,215.36190060736212,6418.0,38.7281608581543,0.0025844236370176,0.0295098964124918,0.0405808053910732,0.046412743628025,0.0416797697544097,0.0448324494063854,0.7273001670837402,9.898069381713867,9.137249946594238,0.9603471159934998
456,29801,65,4,7,plus,9,0.01,0.01,0.0098292483016848,0.0099280336871743,4673.0,11999.6826171875,119.1332532588376,26.744068990973457,797.0,4.61674165725708,0.0038823534268885,0.0212451666593551,0.0269096083939075,0.0197803676128387,0.0193378403782844,0.0118202436715364,1.170051097869873,1.0662606954574585,7.525685787200928,0.8699729442596436
456,29801,66,4,1,plus,10,0.02,0.02,0.0108905816450715,0.0111105861142277,121842.0,42128952.0,468077.3490981683,253.48142679775844,7554.0,33.49873733520508,0.0002443856210447,0.0386488735675811,0.0286058206111192,0.017027685418725,0.0424789972603321,0.0291590932756662,3.127815723419189,7.227877616882324,7.630624294281006,0.9706724286079408
456,29801,66,4,2,plus,10,0.02,0.02,0.0116654084995388,0.0119010647758841,135699.0,147760816.0,1758511.042553499,215.89879534243812,6434.0,38.7281608581543,0.0025844236370176,0.0295098964124918,0.0405808053910732,0.046412743628025,0.0416797697544097,0.0448324494063854,0.7273001670837402,9.898069381713867,9.137249946594238,0.9603471159934998
456,29801,66,4,7,plus,10,0.02,0.02,0.0098292483016848,0.0100278118625283,4644.0,10678.5791015625,107.08278218959548,26.978960437569206,804.0,4.61674165725708,0.0038823534268885,0.0212451666593551,0.0269096083939075,0.0197803676128387,0.0193378403782844,0.0118202436715364,1.170051097869873,1.0662606954574585,7.525685787200928,0.8699729442596436
456,29801,67,4,1,plus,11,0.05,0.05,0.0108905816450715,0.0114489533007144,123750.0,42951660.0,491751.54952816665,255.36055837052447,7610.0,33.49873733520508,0.0002443856210447,0.0386488735675811,0.0286058206111192,0.017027685418725,0.0424789972603321,0.0291590932756662,3.127815723419189,7.227877616882324,7.630624294281006,0.9706724286079408
456,29801,67,4,2,plus,11,0.05,0.05,0.0116654084995388,0.0122635066509246,138044.0,158506496.0,1943845.4679107664,217.24103218012817,6474.0,38.7281608581543,0.0025844236370176,0.0295098964124918,0.0405808053910732,0.046412743628025,0.0416797697544097,0.0448324494063854,0.7273001670837402,9.898069381713867,9.137249946594238,0.9603471159934998
456,29801,67,4,7,plus,11,0.05,0.05,0.0098292483016848,0.0103332046419382,4646.0,15917.6298828125,164.48012699373248,27.51585517264521,820.0,4.61674165725708,0.0038823534268885,0.0212451666593551,0.0269096083939075,0.0197803676128387,0.0193378403782844,0.0118202436715364,1.170051097869873,1.0662606954574585,7.525685787200928,0.8699729442596436
456,29801,68,4,1,plus,12,0.1,0.1,0.0108905816450715,0.0120359547436237,126755.0,44706772.0,538088.6845255047,257.843696520251,7684.0,33.49873733520508,0.0002443856210447,0.0386488735675811,0.0286058206111192,0.017027685418725,0.0424789972603321,0.0291590932756662,3.127815723419189,7.227877616882324,7.630624294281006,0.9706724286079408
456,29801,68,4,2,plus,12,0.1,0.1,0.0116654084995388,0.0128922704607248,141377.0,172950352.0,2229722.7142615616,219.7577262507969,6549.0,38.7281608581543,0.0025844236370176,0.0295098964124918,0.0405808053910732,0.046412743628025,0.0416797697544097,0.0448324494063854,0.7273001670837402,9.898069381713867,9.137249946594238,0.9603471159934998
456,29801,68,4,7,plus,12,0.1,0.1,0.0098292483016848,0.0108629995957016,4817.0,17250.0859375,187.387676564882,28.287641354316968,843.0,4.61674165725708,0.0038823534268885,0.0212451666593551,0.0269096083939075,0.0197803676128387,0.0193378403782844,0.0118202436715364,1.170051097869873,1.0662606954574585,7.525685787200928,0.8699729442596436
456,29801,69,4,1,center_duplicate,-1,0.0,0.0,0.0108905816450715,0.0108905816450715,120690.0,41972840.0,457108.64089552313,252.67608469514445,7530.0,33.49873733520508,0.0002443856210447,0.0386488735675811,0.0286058206111192,0.017027685418725,0.0424789972603321,0.0291590932756662,3.127815723419189,7.227877616882324,7.630624294281006,0.9706724286079408
456,29801,69,4,2,center_duplicate,-1,0.0,0.0,0.0116654084995388,0.0116654084995388,133689.0,143580384.0,1674923.8318806589,214.48944666286368,6392.0,38.7281608581543,0.0025844236370176,0.0295098964124918,0.0405808053910732,0.046412743628025,0.0416797697544097,0.0448324494063854,0.7273001670837402,9.898069381713867,9.137249946594238,0.9603471159934998
456,29801,69,4,7,center_duplicate,-1,0.0,0.0,0.0098292483016848,0.0098292483016848,4574.0,11472.271484375,112.76380500426058,26.710513070031205,796.0,4.61674165725708,0.0038823534268885,0.0212451666593551,0.0269096083939075,0.0197803676128387,0.0193378403782844,0.0118202436715364,1.170051097869873,1.0662606954574585,7.525685787200928,0.8699729442596436
456,29801,70,5,1,minus,0,-0.1,0.1,0.0129776550456881,0.0117426682263612,7536.0,1228968.25,14431.36642048182,89.02385825978993,2653.0,24.337238311767575,0.0024092399980872,0.0323095433413982,0.0223913118243217,0.0126002123579382,0.0246993713080883,0.0182983670383691,7.951542377471924,8.247520446777344,4.818588733673096,0.2670776546001434
456,29801,70,5,2,minus,0,-0.1,0.1,0.0048190923407673,0.0043604951351881,5683.0,1105454.25,4820.327879298013,58.25307875574645,1736.0,31.63585090637207,0.0015944018959999,0.017833586782217,0.0103708188980817,0.0133877424523234,0.0142292836681008,0.0478997603058815,6.824490547180176,1.2873531579971311,2.1796975135803223,0.67423015832901
456,29801,70,5,7,minus,0,-0.1,0.1,0.0127071822062134,0.0114979343488812,68422.0,12708862.0,146125.6609249916,164.35690077514175,4898.0,26.436113357543945,0.0015469755744561,0.037771038711071,0.0138946194201707,0.0293865650892257,0.0210106670856475,0.0406164526939392,2.290356397628784,4.109940528869629,6.244213104248047,0.661459743976593
456,29801,71,5,1,minus,1,-0.05,0.05,0.0129776550456881,0.0123447272926568,7630.0,1338308.375,16521.051922853803,90.43320693936444,2695.0,24.337238311767575,0.0024092399980872,0.0323095433413982,0.0223913118243217,0.0126002123579382,0.0246993713080883,0.0182983670383691,7.951542377471924,8.247520446777344,4.818588733673096,0.2670776546001434
456,29801,71,5,2,minus,1,-0.05,0.05,0.0048190923407673,0.0045840623788535,6106.0,1204123.5,5519.777235843474,60.06509848662796,1790.0,31.63585090637207,0.0015944018959999,0.017833586782217,0.0103708188980817,0.0133877424523234,0.0142292836681008,0.0478997603058815,6.824490547180176,1.2873531579971311,2.1796975135803223,0.67423015832901
456,29801,71,5,7,minus,1,-0.05,0.05,0.0127071822062134,0.012087445706129,71122.0,13497153.0,163146.10407481715,167.51115734371328,4992.0,26.436113357543945,0.0015469755744561,0.037771038711071,0.0138946194201707,0.0293865650892257,0.0210106670856475,0.0406164526939392,2.290356397628784,4.109940528869629,6.244213104248047,0.661459743976593
456,29801,72,5,1,minus,2,-0.02,0.02,0.0129776550456881,0.0127206807956099,7701.0,1400058.75,17809.700453850674,91.2049931210362,2718.0,24.337238311767575,0.0024092399980872,0.0323095433413982,0.0223913118243217,0.0126002123579382,0.0246993713080883,0.0182983670383691,7.951542377471924,8.247520446777344,4.818588733673096,0.2670776546001434
456,29801,72,5,2,minus,2,-0.02,0.02,0.0048190923407673,0.0047236680984497,6278.0,1054573.375,4981.45460896194,60.736216905472965,1810.0,31.63585090637207,0.0015944018959999,0.017833586782217,0.0103708188980817,0.0133877424523234,0.0142292836681008,0.0478997603058815,6.824490547180176,1.2873531579971311,2.1796975135803223,0.67423015832901
456,29801,72,5,7,minus,2,-0.02,0.02,0.0127071822062134,0.0124555630609393,73016.0,14091562.0,175518.3391181361,169.5916244421328,5054.0,26.436113357543945,0.0015469755744561,0.037771038711071,0.0138946194201707,0.0293865650892257,0.0210106670856475,0.0406164526939392,2.290356397628784,4.109940528869629,6.244213104248047,0.661459743976593
456,29801,73,5,1,minus,3,-0.01,0.01,0.0129776550456881,0.0128485253080725,7812.0,1385326.25,17799.399383062264,91.50699640951645,2727.0,24.337238311767575,0.0024092399980872,0.0323095433413982,0.0223913118243217,0.0126002123579382,0.0246993713080883,0.0182983670383691,7.951542377471924,8.247520446777344,4.818588733673096,0.2670776546001434
456,29801,73,5,2,minus,3,-0.01,0.01,0.0048190923407673,0.0047711418010294,6344.0,1077921.5,5142.91632687836,60.870440589241966,1814.0,31.63585090637207,0.0015944018959999,0.017833586782217,0.0103708188980817,0.0133877424523234,0.0142292836681008,0.0478997603058815,6.824490547180176,1.2873531579971311,2.1796975135803223,0.67423015832901
456,29801,73,5,7,minus,3,-0.01,0.01,0.0127071822062134,0.0125807439908385,73689.0,14777535.0,185912.384650656,170.36341062380455,5077.0,26.436113357543945,0.0015469755744561,0.037771038711071,0.0138946194201707,0.0293865650892257,0.0210106670856475,0.0406164526939392,2.290356397628784,4.109940528869629,6.244213104248047,0.661459743976593
456,29801,74,5,1,minus,4,-0.005,0.005,0.0129776550456881,0.0129129281267523,7887.0,1418243.25,18313.673153501702,91.6747760142277,2732.0,24.337238311767575,0.0024092399980872,0.0323095433413982,0.0223913118243217,0.0126002123579382,0.0246993713080883,0.0182983670383691,7.951542377471924,8.247520446777344,4.818588733673096,0.2670776546001434
456,29801,74,5,2,minus,4,-0.005,0.005,0.0048190923407673,0.0047950567677617,6442.0,1018693.5,4884.693161449861,61.17244387772222,1823.0,31.63585090637207,0.0015944018959999,0.017833586782217,0.0103708188980817,0.0133877424523234,0.0142292836681008,0.0478997603058815,6.824490547180176,1.2873531579971311,2.1796975135803223,0.67423015832901
456,29801,74,5,7,minus,4,-0.005,0.005,0.0127071822062134,0.0126438047736883,73814.0,14471294.0,182972.2161586471,170.5311902285158,5082.0,26.436113357543945,0.0015469755744561,0.037771038711071,0.0138946194201707,0.0293865650892257,0.0210106670856475,0.0406164526939392,2.290356397628784,4.109940528869629,6.244213104248047,0.661459743976593
456,29801,75,5,1,minus,5,-0.0025,0.0025,0.0129776550456881,0.0129452515393495,7890.0,1424626.5,18442.14839212317,91.77544377705443,2735.0,24.337238311767575,0.0024092399980872,0.0323095433413982,0.0223913118243217,0.0126002123579382,0.0246993713080883,0.0182983670383691,7.951542377471924,8.247520446777344,4.818588733673096,0.2670776546001434
456,29801,75,5,2,minus,5,-0.0025,0.0025,0.0048190923407673,0.0048070596531033,6446.0,1026457.5625,4934.242734316562,61.23955571960672,1825.0,31.63585090637207,0.0015944018959999,0.017833586782217,0.0103708188980817,0.0133877424523234,0.0142292836681008,0.0478997603058815,6.824490547180176,1.2873531579971311,2.1796975135803223,0.67423015832901
456,29801,75,5,7,minus,5,-0.0025,0.0025,0.0127071822062134,0.0126754539087414,73880.0,14706846.0,186415.9486159589,170.6654139122848,5086.0,26.436113357543945,0.0015469755744561,0.037771038711071,0.0138946194201707,0.0293865650892257,0.0210106670856475,0.0406164526939392,2.290356397628784,4.109940528869629,6.244213104248047,0.661459743976593
456,29801,76,5,1,center,6,0.0,0.0,0.0129776550456881,0.0129776550456881,7852.0,1390003.625,18038.987557506072,91.77544377705443,2735.0,24.337238311767575,0.0024092399980872,0.0323095433413982,0.0223913118243217,0.0126002123579382,0.0246993713080883,0.0182983670383691,7.951542377471924,8.247520446777344,4.818588733673096,0.2670776546001434
456,29801,76,5,2,center,6,0.0,0.0,0.0048190923407673,0.0048190923407673,6456.0,1007080.375,4853.213321699644,61.23955571960672,1825.0,31.63585090637207,0.0015944018959999,0.017833586782217,0.0103708188980817,0.0133877424523234,0.0142292836681008,0.0478997603058815,6.824490547180176,1.2873531579971311,2.1796975135803223,0.67423015832901
456,29801,76,5,7,center,6,0.0,0.0,0.0127071822062134,0.0127071822062134,74204.0,14948946.0,189958.9806128461,170.93386127982282,5094.0,26.436113357543945,0.0015469755744561,0.037771038711071,0.0138946194201707,0.0293865650892257,0.0210106670856475,0.0406164526939392,2.290356397628784,4.109940528869629,6.244213104248047,0.661459743976593
456,29801,77,5,1,plus,7,0.0025,0.0025,0.0129776550456881,0.0130101405084133,7883.0,1419835.875,18472.264232635964,91.6747760142277,2732.0,24.337238311767575,0.0024092399980872,0.0323095433413982,0.0223913118243217,0.0126002123579382,0.0246993713080883,0.0182983670383691,7.951542377471924,8.247520446777344,4.818588733673096,0.2670776546001434
456,29801,77,5,2,plus,7,0.0025,0.0025,0.0048190923407673,0.004831155296415,6470.0,1068830.375,5163.685527150577,61.23955571960672,1825.0,31.63585090637207,0.0015944018959999,0.017833586782217,0.0103708188980817,0.0133877424523234,0.0142292836681008,0.0478997603058815,6.824490547180176,1.2873531579971311,2.1796975135803223,0.67423015832901
456,29801,77,5,7,plus,7,0.0025,0.0025,0.0127071822062134,0.0127389905974268,74295.0,15205442.0,193701.98266771997,171.1351968054763,5100.0,26.436113357543945,0.0015469755744561,0.037771038711071,0.0138946194201707,0.0293865650892257,0.0210106670856475,0.0406164526939392,2.290356397628784,4.109940528869629,6.244213104248047,0.661459743976593
456,29801,78,5,1,plus,8,0.005,0.005,0.0129776550456881,0.0130427060648798,7788.0,1462073.375,19069.39327541192,91.57410825140096,2729.0,24.337238311767575,0.0024092399980872,0.0323095433413982,0.0223913118243217,0.0126002123579382,0.0246993713080883,0.0182983670383691,7.951542377471924,8.247520446777344,4.818588733673096,0.2670776546001434
456,29801,78,5,2,plus,8,0.005,0.005,0.0048190923407673,0.0048432480543851,6485.0,1108105.5,5366.829806928523,61.34022348243347,1828.0,31.63585090637207,0.0015944018959999,0.017833586782217,0.0103708188980817,0.0133877424523234,0.0142292836681008,0.0478997603058815,6.824490547180176,1.2873531579971311,2.1796975135803223,0.67423015832901
456,29801,78,5,7,plus,8,0.005,0.005,0.0127071822062134,0.0127708772197365,74398.0,15154948.0,193541.9801794924,171.16875272641855,5101.0,26.436113357543945,0.0015469755744561,0.037771038711071,0.0138946194201707,0.0293865650892257,0.0210106670856475,0.0406164526939392,2.290356397628784,4.109940528869629,6.244213104248047,0.661459743976593
456,29801,79,5,1,plus,9,0.01,0.01,0.0129776550456881,0.0131080830469727,7823.0,1453427.625,19051.65001126437,91.7418878561122,2734.0,24.337238311767575,0.0024092399980872,0.0323095433413982,0.0223913118243217,0.0126002123579382,0.0246993713080883,0.0182983670383691,7.951542377471924,8.247520446777344,4.818588733673096,0.2670776546001434
456,29801,79,5,2,plus,9,0.01,0.01,0.0048190923407673,0.0048675253055989,6461.0,1199530.375,5838.744455147127,61.34022348243347,1828.0,31.63585090637207,0.0015944018959999,0.017833586782217,0.0103708188980817,0.0133877424523234,0.0142292836681008,0.0478997603058815,6.824490547180176,1.2873531579971311,2.1796975135803223,0.67423015832901
456,29801,79,5,7,plus,9,0.01,0.01,0.0127071822062134,0.0128348916769027,75040.0,14806522.0,190040.10598167777,171.8063152243213,5120.0,26.436113357543945,0.0015469755744561,0.037771038711071,0.0138946194201707,0.0293865650892257,0.0210106670856475,0.0406164526939392,2.290356397628784,4.109940528869629,6.244213104248047,0.661459743976593
456,29801,80,5,1,plus,10,0.02,0.02,0.0129776550456881,0.0132398204877972,7783.0,1498246.25,19836.511396515416,91.80899969799673,2736.0,24.337238311767575,0.0024092399980872,0.0323095433413982,0.0223913118243217,0.0126002123579382,0.0246993713080883,0.0182983670383691,7.951542377471924,8.247520446777344,4.818588733673096,0.2670776546001434
456,29801,80,5,2,plus,10,0.02,0.02,0.0048190923407673,0.0049164444208145,6585.0,1242421.5,6108.296251975,61.67578269185597,1838.0,31.63585090637207,0.0015944018959999,0.017833586782217,0.0103708188980817,0.0133877424523234,0.0142292836681008,0.0478997603058815,6.824490547180176,1.2873531579971311,2.1796975135803223,0.67423015832901
456,29801,80,5,7,plus,10,0.02,0.02,0.0127071822062134,0.0129638845100998,75216.0,15452408.0,200323.2327149436,172.07476259185933,5128.0,26.436113357543945,0.0015469755744561,0.037771038711071,0.0138946194201707,0.0293865650892257,0.0210106670856475,0.0406164526939392,2.290356397628784,4.109940528869629,6.244213104248047,0.661459743976593
456,29801,81,5,1,plus,11,0.05,0.05,0.0129776550456881,0.0136430338025093,7872.0,1521886.125,20763.143846944906,92.58078587966848,2759.0,24.337238311767575,0.0024092399980872,0.0323095433413982,0.0223913118243217,0.0126002123579382,0.0246993713080883,0.0182983670383691,7.951542377471924,8.247520446777344,4.818588733673096,0.2670776546001434
456,29801,81,5,2,plus,11,0.05,0.05,0.0048190923407673,0.0050661722198128,6878.0,1331996.5,6748.1236651879735,62.81668400389248,1872.0,31.63585090637207,0.0015944018959999,0.017833586782217,0.0103708188980817,0.0133877424523234,0.0142292836681008,0.0478997603058815,6.824490547180176,1.2873531579971311,2.1796975135803223,0.67423015832901
456,29801,81,5,7,plus,11,0.05,0.05,0.0127071822062134,0.0133586935698986,77029.0,15955952.0,213150.6733840108,173.9874500855676,5185.0,26.436113357543945,0.0015469755744561,0.037771038711071,0.0138946194201707,0.0293865650892257,0.0210106670856475,0.0406164526939392,2.290356397628784,4.109940528869629,6.244213104248047,0.661459743976593
456,29801,82,5,1,plus,12,0.1,0.1,0.0129776550456881,0.0143425278365612,8091.0,1640533.75,23529.400976193137,93.68813127076272,2792.0,24.337238311767575,0.0024092399980872,0.0323095433413982,0.0223913118243217,0.0126002123579382,0.0246993713080883,0.0182983670383691,7.951542377471924,8.247520446777344,4.818588733673096,0.2670776546001434
456,29801,82,5,2,plus,12,0.1,0.1,0.0048190923407673,0.0053259208798408,7002.0,1449724.75,7721.1193160470575,63.85691755310224,1903.0,31.63585090637207,0.0015944018959999,0.017833586782217,0.0103708188980817,0.0133877424523234,0.0142292836681008,0.0478997603058815,6.824490547180176,1.2873531579971311,2.1796975135803223,0.67423015832901
456,29801,82,5,7,plus,12,0.1,0.1,0.0127071822062134,0.0140436086803674,79942.0,18035294.0,253280.61137137932,177.24237441696587,5282.0,26.436113357543945,0.0015469755744561,0.037771038711071,0.0138946194201707,0.0293865650892257,0.0210106670856475,0.0406164526939392,2.290356397628784,4.109940528869629,6.244213104248047,0.661459743976593
456,29801,83,5,1,center_duplicate,-1,0.0,0.0,0.0129776550456881,0.0129776550456881,7852.0,1390003.625,18038.987557506072,91.77544377705443,2735.0,24.337238311767575,0.0024092399980872,0.0323095433413982,0.0223913118243217,0.0126002123579382,0.0246993713080883,0.0182983670383691,7.951542377471924,8.247520446777344,4.818588733673096,0.2670776546001434
456,29801,83,5,2,center_duplicate,-1,0.0,0.0,0.0048190923407673,0.0048190923407673,6456.0,1007080.375,4853.213321699644,61.23955571960672,1825.0,31.63585090637207,0.0015944018959999,0.017833586782217,0.0103708188980817,0.0133877424523234,0.0142292836681008,0.0478997603058815,6.824490547180176,1.2873531579971311,2.1796975135803223,0.67423015832901
456,29801,83,5,7,center_duplicate,-1,0.0,0.0,0.0127071822062134,0.0127071822062134,74204.0,14948946.0,189958.9806128461,170.93386127982282,5094.0,26.436113357543945,0.0015469755744561,0.037771038711071,0.0138946194201707,0.0293865650892257,0.0210106670856475,0.0406164526939392,2.290356397628784,4.109940528869629,6.244213104248047,0.661459743976593
456,29801,84,6,1,minus,0,-0.1,0.1,0.0181871354579925,0.0164564009755849,8303.0,16643993.0,273900.22264282964,83.9233582765679,2501.0,96.47991180419922,0.0048798769712448,0.024111283943057,0.0158774796873331,0.0440637469291687,0.0474523864686489,0.024348696693778,1.714741349220276,2.418577194213867,1.9084950685501096,0.6177399754524231
456,29801,84,6,2,minus,0,-0.1,0.1,0.0160542204976081,0.0145264593884348,19512.0,58598116.0,851223.1523127966,100.56709506392404,2997.0,71.22661590576172,0.0039985030889511,0.0333226099610328,0.0489875711500644,0.01973164267838,0.01786351762712,0.0135439438745379,8.574448585510254,3.511550188064575,4.462161540985107,0.4764463901519775
456,29801,84,6,7,minus,0,-0.1,0.1,0.0183411631733179,0.016595771536231,28776.0,6564941.5,108950.26928272191,107.78161806650785,3212.0,18.03076934814453,0.0031880333553999,0.013988914899528,0.0495886579155921,0.0488165244460105,0.0375402271747589,0.029685191810131,5.470731735229492,2.148503541946411,4.848639011383057,0.7454955577850342
456,29801,85,6,1,minus,1,-0.05,0.05,0.0181871354579925,0.0173001382499933,8343.0,17738468.0,306877.9487430826,84.49380893258615,2518.0,96.47991180419922,0.0048798769712448,0.024111283943057,0.0158774796873331,0.0440637469291687,0.0474523864686489,0.024348696693778,1.714741349220276,2.418577194213867,1.9084950685501096,0.6177399754524231
456,29801,85,6,2,minus,1,-0.05,0.05,0.0160542204976081,0.0152712473645806,19688.0,62600984.0,955995.1119301544,100.96976611523102,3009.0,71.22661590576172,0.0039985030889511,0.0333226099610328,0.0489875711500644,0.01973164267838,0.01786351762712,0.0135439438745379,8.574448585510254,3.511550188064575,4.462161540985107,0.4764463901519775
456,29801,85,6,7,minus,1,-0.05,0.05,0.0183411631733179,0.0174466539174318,29640.0,7240580.0,126323.89342147855,109.39230227173584,3260.0,18.03076934814453,0.0031880333553999,0.013988914899528,0.0495886579155921,0.0488165244460105,0.0375402271747589,0.029685191810131,5.470731735229492,2.148503541946411,4.848639011383057,0.7454955577850342
456,29801,86,6,1,minus,2,-0.02,0.02,0.0181871354579925,0.0178270060569047,8547.0,19442450.0,346600.6739110686,84.69514445823965,2524.0,96.47991180419922,0.0048798769712448,0.024111283943057,0.0158774796873331,0.0440637469291687,0.0474523864686489,0.024348696693778,1.714741349220276,2.418577194213867,1.9084950685501096,0.6177399754524231
456,29801,86,6,2,minus,2,-0.02,0.02,0.0160542204976081,0.0157363265752792,19663.0,64644448.0,1017266.1450066566,100.86909835240428,3006.0,71.22661590576172,0.0039985030889511,0.0333226099610328,0.0489875711500644,0.01973164267838,0.01786351762712,0.0135439438745379,8.574448585510254,3.511550188064575,4.462161540985107,0.4764463901519775
456,29801,86,6,7,minus,2,-0.02,0.02,0.0183411631733179,0.0179779846221208,30090.0,8203985.0,147491.11617011018,110.19764437434984,3284.0,18.03076934814453,0.0031880333553999,0.013988914899528,0.0495886579155921,0.0488165244460105,0.0375402271747589,0.029685191810131,5.470731735229492,2.148503541946411,4.848639011383057,0.7454955577850342
456,29801,87,6,1,minus,3,-0.01,0.01,0.0181871354579925,0.018006170168519,8705.0,20654810.0,371914.02365842834,84.89647998389316,2530.0,96.47991180419922,0.0048798769712448,0.024111283943057,0.0158774796873331,0.0440637469291687,0.0474523864686489,0.024348696693778,1.714741349220276,2.418577194213867,1.9084950685501096,0.6177399754524231
456,29801,87,6,2,minus,3,-0.01,0.01,0.0160542204976081,0.0158944781869649,19648.0,68020384.0,1081148.5097569823,100.90265427334651,3007.0,71.22661590576172,0.0039985030889511,0.0333226099610328,0.0489875711500644,0.01973164267838,0.01786351762712,0.0135439438745379,8.574448585510254,3.511550188064575,4.462161540985107,0.4764463901519775
456,29801,87,6,7,minus,3,-0.01,0.01,0.0183411631733179,0.0181586649268865,30160.0,7979679.0,144900.3171851132,110.46609174188784,3292.0,18.03076934814453,0.0031880333553999,0.013988914899528,0.0495886579155921,0.0488165244460105,0.0375402271747589,0.029685191810131,5.470731735229492,2.148503541946411,4.848639011383057,0.7454955577850342
456,29801,88,6,1,minus,4,-0.005,0.005,0.0181871354579925,0.0180964265018701,8554.0,20663292.0,373931.7449646816,84.8629240629509,2529.0,96.47991180419922,0.0048798769712448,0.024111283943057,0.0158774796873331,0.0440637469291687,0.0474523864686489,0.024348696693778,1.714741349220276,2.418577194213867,1.9084950685501096,0.6177399754524231
456,29801,88,6,2,minus,4,-0.005,0.005,0.0160542204976081,0.015974149107933,19627.0,69630240.0,1112283.8361811638,100.86909835240428,3006.0,71.22661590576172,0.0039985030889511,0.0333226099610328,0.0489875711500644,0.01973164267838,0.01786351762712,0.0135439438745379,8.574448585510254,3.511550188064575,4.462161540985107,0.4764463901519775
456,29801,88,6,7,minus,4,-0.005,0.005,0.0183411631733179,0.018249686807394,30270.0,8191253.0,149487.80181012675,110.73453910942584,3300.0,18.03076934814453,0.0031880333553999,0.013988914899528,0.0495886579155921,0.0488165244460105,0.0375402271747589,0.029685191810131,5.470731735229492,2.148503541946411,4.848639011383057,0.7454955577850342
456,29801,89,6,1,minus,5,-0.0025,0.0025,0.0181871354579925,0.0181417241692543,8614.0,21348354.0,387295.9497355968,84.9971477467199,2533.0,96.47991180419922,0.0048798769712448,0.024111283943057,0.0158774796873331,0.0440637469291687,0.0474523864686489,0.024348696693778,1.714741349220276,2.418577194213867,1.9084950685501096,0.6177399754524231
456,29801,89,6,2,minus,5,-0.0025,0.0025,0.0160542204976081,0.0160141345113515,19700.0,70509496.0,1129148.5532716066,100.96976611523102,3009.0,71.22661590576172,0.0039985030889511,0.0333226099610328,0.0489875711500644,0.01973164267838,0.01786351762712,0.0135439438745379,8.574448585510254,3.511550188064575,4.462161540985107,0.4764463901519775
456,29801,89,6,7,minus,5,-0.0025,0.0025,0.0183411631733179,0.0182953663170337,30256.0,8052881.5,147330.41695016436,110.80165095131036,3302.0,18.03076934814453,0.0031880333553999,0.013988914899528,0.0495886579155921,0.0488165244460105,0.0375402271747589,0.029685191810131,5.470731735229492,2.148503541946411,4.848639011383057,0.7454955577850342
456,29801,90,6,1,center,6,0.0,0.0,0.0181871354579925,0.0181871354579925,8602.0,21652664.0,393799.9331943989,84.9300359048354,2531.0,96.47991180419922,0.0048798769712448,0.024111283943057,0.0158774796873331,0.0440637469291687,0.0474523864686489,0.024348696693778,1.714741349220276,2.418577194213867,1.9084950685501096,0.6177399754524231
456,29801,90,6,2,center,6,0.0,0.0,0.0160542204976081,0.0160542204976081,19731.0,71197144.0,1143014.6485759616,101.00332203617327,3010.0,71.22661590576172,0.0039985030889511,0.0333226099610328,0.0489875711500644,0.01973164267838,0.01786351762712,0.0135439438745379,8.574448585510254,3.511550188064575,4.462161540985107,0.4764463901519775
456,29801,90,6,7,center,6,0.0,0.0,0.0183411631733179,0.0183411631733179,30231.0,8185058.0,150123.48436107114,110.8352068722526,3303.0,18.03076934814453,0.0031880333553999,0.013988914899528,0.0495886579155921,0.0488165244460105,0.0375402271747589,0.029685191810131,5.470731735229492,2.148503541946411,4.848639011383057,0.7454955577850342
456,29801,91,6,1,plus,7,0.0025,0.0025,0.0181871354579925,0.0182326603680849,8558.0,21633362.0,394433.74196583405,84.82936814200865,2528.0,96.47991180419922,0.0048798769712448,0.024111283943057,0.0158774796873331,0.0440637469291687,0.0474523864686489,0.024348696693778,1.714741349220276,2.418577194213867,1.9084950685501096,0.6177399754524231
456,29801,91,6,2,plus,7,0.0025,0.0025,0.0160542204976081,0.0160944070667028,19884.0,70856304.0,1140390.199818045,101.23821348276904,3017.0,71.22661590576172,0.0039985030889511,0.0333226099610328,0.0489875711500644,0.01973164267838,0.01786351762712,0.0135439438745379,8.574448585510254,3.511550188064575,4.462161540985107,0.4764463901519775
456,29801,91,6,7,plus,7,0.0025,0.0025,0.0183411631733179,0.0183870736509561,30382.0,8082717.5,148617.5219723722,110.93587463507936,3306.0,18.03076934814453,0.0031880333553999,0.013988914899528,0.0495886579155921,0.0488165244460105,0.0375402271747589,0.029685191810131,5.470731735229492,2.148503541946411,4.848639011383057,0.7454955577850342
456,29801,92,6,1,plus,8,0.005,0.005,0.0181871354579925,0.0182782988995313,8665.0,21897498.0,400249.0135958903,84.82936814200865,2528.0,96.47991180419922,0.0048798769712448,0.024111283943057,0.0158774796873331,0.0440637469291687,0.0474523864686489,0.024348696693778,1.714741349220276,2.418577194213867,1.9084950685501096,0.6177399754524231
456,29801,92,6,2,plus,8,0.005,0.005,0.0160542204976081,0.0161346923559904,19914.0,70730096.0,1141208.339269668,101.30532532465352,3019.0,71.22661590576172,0.0039985030889511,0.0333226099610328,0.0489875711500644,0.01973164267838,0.01786351762712,0.0135439438745379,8.574448585510254,3.511550188064575,4.462161540985107,0.4764463901519775
456,29801,92,6,7,plus,8,0.005,0.005,0.0183411631733179,0.0184330977499485,30464.0,8141954.0,150081.4339575842,111.00298647696386,3308.0,18.03076934814453,0.0031880333553999,0.013988914899528,0.0495886579155921,0.0488165244460105,0.0375402271747589,0.029685191810131,5.470731735229492,2.148503541946411,4.848639011383057,0.7454955577850342
456,29801,93,6,1,plus,9,0.01,0.01,0.0181871354579925,0.0183699186891317,8602.0,21080808.0,387252.7288611978,84.9971477467199,2533.0,96.47991180419922,0.0048798769712448,0.024111283943057,0.0158774796873331,0.0440637469291687,0.0474523864686489,0.024348696693778,1.714741349220276,2.418577194213867,1.9084950685501096,0.6177399754524231
456,29801,93,6,2,plus,9,0.01,0.01,0.0160542204976081,0.01621556840837,19924.0,70924568.0,1150082.184238091,101.30532532465352,3019.0,71.22661590576172,0.0039985030889511,0.0333226099610328,0.0489875711500644,0.01973164267838,0.01786351762712,0.0135439438745379,8.574448585510254,3.511550188064575,4.462161540985107,0.4764463901519775
456,29801,93,6,7,plus,9,0.01,0.01,0.0183411631733179,0.0185254942625761,30668.0,8473521.0,156976.16466931812,111.33854568638635,3318.0,18.03076934814453,0.0031880333553999,0.013988914899528,0.0495886579155921,0.0488165244460105,0.0375402271747589,0.029685191810131,5.470731735229492,2.148503541946411,4.848639011383057,0.7454955577850342
456,29801,94,6,1,plus,10,0.02,0.02,0.0181871354579925,0.0185545403510332,8924.0,22221808.0,412315.4332089126,84.9971477467199,2533.0,96.47991180419922,0.0048798769712448,0.024111283943057,0.0158774796873331,0.0440637469291687,0.0474523864686489,0.024348696693778,1.714741349220276,2.418577194213867,1.9084950685501096,0.6177399754524231
456,29801,94,6,2,plus,10,0.02,0.02,0.0160542204976081,0.0163785368204116,19995.0,73322512.0,1200915.4625570774,101.47310492936478,3024.0,71.22661590576172,0.0039985030889511,0.0333226099610328,0.0489875711500644,0.01973164267838,0.01786351762712,0.0135439438745379,8.574448585510254,3.511550188064575,4.462161540985107,0.4764463901519775
456,29801,94,6,7,plus,10,0.02,0.02,0.0183411631733179,0.0187116786837577,30681.0,8291874.5,155154.89133004472,111.5063252910976,3323.0,18.03076934814453,0.0031880333553999,0.013988914899528,0.0495886579155921,0.0488165244460105,0.0375402271747589,0.029685191810131,5.470731735229492,2.148503541946411,4.848639011383057,0.7454955577850342
456,29801,95,6,1,plus,11,0.05,0.05,0.0181871354579925,0.0191196091473102,8731.0,24611786.0,470567.7287372425,85.19848327237341,2539.0,96.47991180419922,0.0048798769712448,0.024111283943057,0.0158774796873331,0.0440637469291687,0.0474523864686489,0.024348696693778,1.714741349220276,2.418577194213867,1.9084950685501096,0.6177399754524231
456,29801,95,6,2,plus,11,0.05,0.05,0.0160542204976081,0.0168773382902145,20257.0,76270256.0,1287238.9119932652,102.00999966444078,3040.0,71.22661590576172,0.0039985030889511,0.0333226099610328,0.0489875711500644,0.01973164267838,0.01786351762712,0.0135439438745379,8.574448585510254,3.511550188064575,4.462161540985107,0.4764463901519775
456,29801,95,6,7,plus,11,0.05,0.05,0.0183411631733179,0.0192815344780683,31245.0,8721833.0,168170.32370145433,112.58011476124962,3355.0,18.03076934814453,0.0031880333553999,0.013988914899528,0.0495886579155921,0.0488165244460105,0.0375402271747589,0.029685191810131,5.470731735229492,2.148503541946411,4.848639011383057,0.7454955577850342
456,29801,96,6,1,plus,12,0.1,0.1,0.0181871354579925,0.0200998932123184,9090.0,27238626.0,547493.47385028,86.07093721687191,2565.0,96.47991180419922,0.0048798769712448,0.024111283943057,0.0158774796873331,0.0440637469291687,0.0474523864686489,0.024348696693778,1.714741349220276,2.418577194213867,1.9084950685501096,0.6177399754524231
456,29801,96,6,2,plus,12,0.1,0.1,0.0160542204976081,0.017742658033967,20351.0,85227160.0,1512156.3550861925,102.34555887386328,3050.0,71.22661590576172,0.0039985030889511,0.0333226099610328,0.0489875711500644,0.01973164267838,0.01786351762712,0.0135439438745379,8.574448585510254,3.511550188064575,4.462161540985107,0.4764463901519775
456,29801,96,6,7,plus,12,0.1,0.1,0.0183411631733179,0.0202701203525066,31651.0,9901773.0,200710.1304132007,113.51968054763262,3383.0,18.03076934814453,0.0031880333553999,0.013988914899528,0.0495886579155921,0.0488165244460105,0.0375402271747589,0.029685191810131,5.470731735229492,2.148503541946411,4.848639011383057,0.7454955577850342
456,29801,97,6,1,center_duplicate,-1,0.0,0.0,0.0181871354579925,0.0181871354579925,8602.0,21652664.0,393799.9331943989,84.9300359048354,2531.0,96.47991180419922,0.0048798769712448,0.024111283943057,0.0158774796873331,0.0440637469291687,0.0474523864686489,0.024348696693778,1.714741349220276,2.418577194213867,1.9084950685501096,0.6177399754524231
456,29801,97,6,2,center_duplicate,-1,0.0,0.0,0.0160542204976081,0.0160542204976081,19731.0,71197144.0,1143014.6485759616,101.00332203617327,3010.0,71.22661590576172,0.0039985030889511,0.0333226099610328,0.0489875711500644,0.01973164267838,0.01786351762712,0.0135439438745379,8.574448585510254,3.511550188064575,4.462161540985107,0.4764463901519775
456,29801,97,6,7,center_duplicate,-1,0.0,0.0,0.0183411631733179,0.0183411631733179,30231.0,8185058.0,150123.48436107114,110.8352068722526,3303.0,18.03076934814453,0.0031880333553999,0.013988914899528,0.0495886579155921,0.0488165244460105,0.0375402271747589,0.029685191810131,5.470731735229492,2.148503541946411,4.848639011383057,0.7454955577850342
456,29801,98,7,1,minus,0,-0.1,0.1,0.0056448862887918,0.0051077045500278,8393.0,6462656.5,33009.34001031704,92.94990101003322,2770.0,52.32191848754883,0.0019076890312135,0.0286573003977537,0.013177522458136,0.0204609222710132,0.0310771446675062,0.0496706366539001,6.481612205505371,0.2743898928165436,1.009099006652832,0.3861621022224426
456,29801,98,7,2,minus,0,-0.1,0.1,0.0184797272086143,0.0167211480438709,1399.0,241.51611328125,4.038426685156082,21.811348612462663,650.0,1.9274224042892456,0.0006420366116799,0.0207902882248163,0.027660297229886,0.0267481282353401,0.0303755011409521,0.0369464717805385,4.407487869262695,6.496186256408691,3.348017930984497,0.552773118019104
456,29801,98,7,7,minus,0,-0.1,0.1,0.0064959600567817,0.0058777877129614,11796.0,6172527.5,36280.806297416566,73.95724975671956,2204.0,81.40618896484375,0.00259933876805,0.0167889948934316,0.0406710132956504,0.0367401391267776,0.0125564150512218,0.0494534410536289,7.482505321502685,6.37372636795044,0.6165230870246887,0.23225137591362
456,29801,99,7,1,minus,1,-0.05,0.05,0.0056448862887918,0.0053695822134613,8716.0,6752843.5,36259.94834788842,93.92302271735848,2799.0,52.32191848754883,0.0019076890312135,0.0286573003977537,0.013177522458136,0.0204609222710132,0.0310771446675062,0.0496706366539001,6.481612205505371,0.2743898928165436,1.009099006652832,0.3861621022224426
456,29801,99,7,2,minus,1,-0.05,0.05,0.0184797272086143,0.0175784602761268,1430.0,273.40435791015625,4.8060276448436525,22.54957887319217,672.0,1.9274224042892456,0.0006420366116799,0.0207902882248163,0.027660297229886,0.0267481282353401,0.0303755011409521,0.0369464717805385,4.407487869262695,6.496186256408691,3.348017930984497,0.552773118019104
456,29801,99,7,7,minus,1,-0.05,0.05,0.0064959600567817,0.0061791483312845,12316.0,6502990.5,40182.942896434106,75.43371027817858,2248.0,81.40618896484375,0.00259933876805,0.0167889948934316,0.0406710132956504,0.0367401391267776,0.0125564150512218,0.0494534410536289,7.482505321502685,6.37372636795044,0.6165230870246887,0.23225137591362
456,29801,100,7,1,minus,2,-0.02,0.02,0.0056448862887918,0.0055331098847091,8773.0,7430607.0,41114.36504108878,94.45991745243448,2815.0,52.32191848754883,0.0019076890312135,0.0286573003977537,0.013177522458136,0.0204609222710132,0.0310771446675062,0.0496706366539001,6.481612205505371,0.2743898928165436,1.009099006652832,0.3861621022224426
456,29801,100,7,2,minus,2,-0.02,0.02,0.0184797272086143,0.0181138049811124,1458.0,433.3186645507813,7.849049784348949,23.01936176638368,686.0,1.9274224042892456,0.0006420366116799,0.0207902882248163,0.027660297229886,0.0267481282353401,0.0303755011409521,0.0369464717805385,4.407487869262695,6.496186256408691,3.348017930984497,0.552773118019104
456,29801,100,7,7,minus,2,-0.02,0.02,0.0064959600567817,0.0063673313707113,12404.0,7288868.0,46410.637873373926,75.76926948760108,2258.0,81.40618896484375,0.00259933876805,0.0167889948934316,0.0406710132956504,0.0367401391267776,0.0125564150512218,0.0494534410536289,7.482505321502685,6.37372636795044,0.6165230870246887,0.23225137591362
456,29801,101,7,1,minus,3,-0.01,0.01,0.0056448862887918,0.0055887186899781,8841.0,7170860.5,40075.922099575866,94.79547666185698,2825.0,52.32191848754883,0.0019076890312135,0.0286573003977537,0.013177522458136,0.0204609222710132,0.0310771446675062,0.0496706366539001,6.481612205505371,0.2743898928165436,1.009099006652832,0.3861621022224426
456,29801,101,7,2,minus,3,-0.01,0.01,0.0184797272086143,0.0182958506047725,1507.0,422.6099853515625,7.732009156077311,23.22069729203718,692.0,1.9274224042892456,0.0006420366116799,0.0207902882248163,0.027660297229886,0.0267481282353401,0.0303755011409521,0.0369464717805385,4.407487869262695,6.496186256408691,3.348017930984497,0.552773118019104
456,29801,101,7,7,minus,3,-0.01,0.01,0.0064959600567817,0.0064313244074583,12355.0,7762880.0,49925.59961616993,75.80282540854333,2259.0,81.40618896484375,0.00259933876805,0.0167889948934316,0.0406710132956504,0.0367401391267776,0.0125564150512218,0.0494534410536289,7.482505321502685,6.37372636795044,0.6165230870246887,0.23225137591362
456,29801,102,7,1,minus,4,-0.005,0.005,0.0056448862887918,0.0056167324073612,8974.0,7089572.0,39820.22880672105,94.89614442468373,2828.0,52.32191848754883,0.0019076890312135,0.0286573003977537,0.013177522458136,0.0204609222710132,0.0310771446675062,0.0496706366539001,6.481612205505371,0.2743898928165436,1.009099006652832,0.3861621022224426
456,29801,102,7,2,minus,4,-0.005,0.005,0.0184797272086143,0.0183875579386949,1486.0,405.8140869140625,7.461930035470914,23.32136505486393,695.0,1.9274224042892456,0.0006420366116799,0.0207902882248163,0.027660297229886,0.0267481282353401,0.0303755011409521,0.0369464717805385,4.407487869262695,6.496186256408691,3.348017930984497,0.552773118019104
456,29801,102,7,7,minus,4,-0.005,0.005,0.0064959600567817,0.006463561207056,12478.0,7897928.0,51048.74103692174,75.90349317137009,2262.0,81.40618896484375,0.00259933876805,0.0167889948934316,0.0406710132956504,0.0367401391267776,0.0125564150512218,0.0494534410536289,7.482505321502685,6.37372636795044,0.6165230870246887,0.23225137591362
456,29801,103,7,1,minus,5,-0.0025,0.0025,0.0056448862887918,0.0056307916529476,9000.0,7156790.0,40298.393393899314,94.96325626656822,2830.0,52.32191848754883,0.0019076890312135,0.0286573003977537,0.013177522458136,0.0204609222710132,0.0310771446675062,0.0496706366539001,6.481612205505371,0.2743898928165436,1.009099006652832,0.3861621022224426
456,29801,103,7,2,minus,5,-0.0025,0.0025,0.0184797272086143,0.0184335857629776,1483.0,405.8089294433594,7.480513704276291,23.48914465957518,700.0,1.9274224042892456,0.0006420366116799,0.0207902882248163,0.027660297229886,0.0267481282353401,0.0303755011409521,0.0369464717805385,4.407487869262695,6.496186256408691,3.348017930984497,0.552773118019104
456,29801,103,7,7,minus,5,-0.0025,0.0025,0.0064959600567817,0.0064797401428222,12443.0,7785460.5,50447.76093220711,75.86993725042784,2261.0,81.40618896484375,0.00259933876805,0.0167889948934316,0.0406710132956504,0.0367401391267776,0.0125564150512218,0.0494534410536289,7.482505321502685,6.37372636795044,0.6165230870246887,0.23225137591362
456,29801,104,7,1,center,6,0.0,0.0,0.0056448862887918,0.0056448862887918,8999.0,7274752.5,41065.15064160456,94.86258850374148,2827.0,52.32191848754883,0.0019076890312135,0.0286573003977537,0.013177522458136,0.0204609222710132,0.0310771446675062,0.0496706366539001,6.481612205505371,0.2743898928165436,1.009099006652832,0.3861621022224426
456,29801,104,7,2,center,6,0.0,0.0,0.0184797272086143,0.0184797272086143,1489.0,272.8026428222656,5.041318421144524,23.55625650145968,702.0,1.9274224042892456,0.0006420366116799,0.0207902882248163,0.027660297229886,0.0267481282353401,0.0303755011409521,0.0369464717805385,4.407487869262695,6.496186256408691,3.348017930984497,0.552773118019104
456,29801,104,7,7,center,6,0.0,0.0,0.0064959600567817,0.0064959600567817,12451.0,7947989.5,51629.8223237209,75.93704909231234,2263.0,81.40618896484375,0.00259933876805,0.0167889948934316,0.0406710132956504,0.0367401391267776,0.0125564150512218,0.0494534410536289,7.482505321502685,6.37372636795044,0.6165230870246887,0.23225137591362
456,29801,105,7,1,plus,7,0.0025,0.0025,0.0056448862887918,0.0056590163148939,9067.0,7280862.5,41202.51967399963,94.92970034562596,2829.0,52.32191848754883,0.0019076890312135,0.0286573003977537,0.013177522458136,0.0204609222710132,0.0310771446675062,0.0496706366539001,6.481612205505371,0.2743898928165436,1.009099006652832,0.3861621022224426
456,29801,105,7,2,plus,7,0.0025,0.0025,0.0184797272086143,0.0185259841382503,1471.0,154.35923767089844,2.8596567886834805,23.65692426428643,705.0,1.9274224042892456,0.0006420366116799,0.0207902882248163,0.027660297229886,0.0267481282353401,0.0303755011409521,0.0369464717805385,4.407487869262695,6.496186256408691,3.348017930984497,0.552773118019104
456,29801,105,7,7,plus,7,0.0025,0.0025,0.0064959600567817,0.0065122204832732,12456.0,7976514.5,51944.82111202623,76.03771685513908,2266.0,81.40618896484375,0.00259933876805,0.0167889948934316,0.0406710132956504,0.0367401391267776,0.0125564150512218,0.0494534410536289,7.482505321502685,6.37372636795044,0.6165230870246887,0.23225137591362
456,29801,106,7,1,plus,8,0.005,0.005,0.0056448862887918,0.0056731812655925,9199.0,7625702.0,43261.98972339183,95.06392402939498,2833.0,52.32191848754883,0.0019076890312135,0.0286573003977537,0.013177522458136,0.0204609222710132,0.0310771446675062,0.0496706366539001,6.481612205505371,0.2743898928165436,1.009099006652832,0.3861621022224426
456,29801,106,7,2,plus,8,0.005,0.005,0.0184797272086143,0.0185723565518856,1474.0,153.9671173095703,2.8595321999393377,23.757592027113184,708.0,1.9274224042892456,0.0006420366116799,0.0207902882248163,0.027660297229886,0.0267481282353401,0.0303755011409521,0.0369464717805385,4.407487869262695,6.496186256408691,3.348017930984497,0.552773118019104
456,29801,106,7,7,plus,8,0.005,0.005,0.0064959600567817,0.0065285209566354,12475.0,8028527.0,52414.40677041374,76.13838461796584,2269.0,81.40618896484375,0.00259933876805,0.0167889948934316,0.0406710132956504,0.0367401391267776,0.0125564150512218,0.0494534410536289,7.482505321502685,6.37372636795044,0.6165230870246887,0.23225137591362
456,29801,107,7,1,plus,9,0.01,0.01,0.0056448862887918,0.0057016182690858,9293.0,7744859.0,44158.22956589423,95.33237139693298,2841.0,52.32191848754883,0.0019076890312135,0.0286573003977537,0.013177522458136,0.0204609222710132,0.0310771446675062,0.0496706366539001,6.481612205505371,0.2743898928165436,1.009099006652832,0.3861621022224426
456,29801,107,7,2,plus,9,0.01,0.01,0.0184797272086143,0.0186654515564441,1494.0,156.12542724609375,2.9141515989911118,23.824703868997684,710.0,1.9274224042892456,0.0006420366116799,0.0207902882248163,0.027660297229886,0.0267481282353401,0.0303755011409521,0.0369464717805385,4.407487869262695,6.496186256408691,3.348017930984497,0.552773118019104
456,29801,107,7,7,plus,9,0.01,0.01,0.0064959600567817,0.0065612457692623,12622.0,7985981.5,52397.98733028211,76.30616422267708,2274.0,81.40618896484375,0.00259933876805,0.0167889948934316,0.0406710132956504,0.0367401391267776,0.0125564150512218,0.0494534410536289,7.482505321502685,6.37372636795044,0.6165230870246887,0.23225137591362
456,29801,108,7,1,plus,10,0.02,0.02,0.0056448862887918,0.0057589206844568,9307.0,7337252.0,42254.65230987221,95.39948323881748,2843.0,52.32191848754883,0.0019076890312135,0.0286573003977537,0.013177522458136,0.0204609222710132,0.0310771446675062,0.0496706366539001,6.481612205505371,0.2743898928165436,1.009099006652832,0.3861621022224426
456,29801,108,7,2,plus,10,0.02,0.02,0.0184797272086143,0.0188530422747135,1522.0,127.67586517333984,2.407078483573599,23.958927552766685,714.0,1.9274224042892456,0.0006420366116799,0.0207902882248163,0.027660297229886,0.0267481282353401,0.0303755011409521,0.0369464717805385,4.407487869262695,6.496186256408691,3.348017930984497,0.552773118019104
456,29801,108,7,7,plus,10,0.02,0.02,0.0064959600567817,0.0066271871328353,12704.0,7665600.5,50801.36899905652,76.3732760645616,2276.0,81.40618896484375,0.00259933876805,0.0167889948934316,0.0406710132956504,0.0367401391267776,0.0125564150512218,0.0494534410536289,7.482505321502685,6.37372636795044,0.6165230870246887,0.23225137591362
456,29801,109,7,1,plus,11,0.05,0.05,0.0056448862887918,0.0059343054890632,9410.0,8200443.0,48663.93390765041,96.64105231368076,2880.0,52.32191848754883,0.0019076890312135,0.0286573003977537,0.013177522458136,0.0204609222710132,0.0310771446675062,0.0496706366539001,6.481612205505371,0.2743898928165436,1.009099006652832,0.3861621022224426
456,29801,109,7,2,plus,11,0.05,0.05,0.0184797272086143,0.0194272026419639,1571.0,709.9485473632812,13.792314294994412,25.200496627629946,751.0,1.9274224042892456,0.0006420366116799,0.0207902882248163,0.027660297229886,0.0267481282353401,0.0303755011409521,0.0369464717805385,4.407487869262695,6.496186256408691,3.348017930984497,0.552773118019104
456,29801,109,7,7,plus,11,0.05,0.05,0.0064959600567817,0.0068290149793028,12832.0,8224754.5,56166.9716815888,76.77594711586859,2288.0,81.40618896484375,0.00259933876805,0.0167889948934316,0.0406710132956504,0.0367401391267776,0.0125564150512218,0.0494534410536289,7.482505321502685,6.37372636795044,0.6165230870246887,0.23225137591362
456,29801,110,7,1,plus,12,0.1,0.1,0.0056448862887918,0.0062385643832385,9579.0,8815265.0,54994.59825780941,97.64772994194826,2910.0,52.32191848754883,0.0019076890312135,0.0286573003977537,0.013177522458136,0.0204609222710132,0.0310771446675062,0.0496706366539001,6.481612205505371,0.2743898928165436,1.009099006652832,0.3861621022224426
456,29801,110,7,2,plus,12,0.1,0.1,0.0184797272086143,0.0204232577234506,1701.0,2691.201904296875,54.96311007729628,26.84473675380021,800.0,1.9274224042892456,0.0006420366116799,0.0207902882248163,0.027660297229886,0.0267481282353401,0.0303755011409521,0.0369464717805385,4.407487869262695,6.496186256408691,3.348017930984497,0.552773118019104
456,29801,110,7,7,plus,12,0.1,0.1,0.0064959600567817,0.0071791466325521,13555.0,8222975.0,59033.94328081049,78.55441092580786,2341.0,81.40618896484375,0.00259933876805,0.0167889948934316,0.0406710132956504,0.0367401391267776,0.0125564150512218,0.0494534410536289,7.482505321502685,6.37372636795044,0.6165230870246887,0.23225137591362
456,29801,111,7,1,center_duplicate,-1,0.0,0.0,0.0056448862887918,0.0056448862887918,8999.0,7274752.5,41065.15064160456,94.86258850374148,2827.0,52.32191848754883,0.0019076890312135,0.0286573003977537,0.013177522458136,0.0204609222710132,0.0310771446675062,0.0496706366539001,6.481612205505371,0.2743898928165436,1.009099006652832,0.3861621022224426
456,29801,111,7,2,center_duplicate,-1,0.0,0.0,0.0184797272086143,0.0184797272086143,1489.0,272.8026428222656,5.041318421144524,23.55625650145968,702.0,1.9274224042892456,0.0006420366116799,0.0207902882248163,0.027660297229886,0.0267481282353401,0.0303755011409521,0.0369464717805385,4.407487869262695,6.496186256408691,3.348017930984497,0.552773118019104
456,29801,111,7,7,center_duplicate,-1,0.0,0.0,0.0064959600567817,0.0064959600567817,12451.0,7947989.5,51629.8223237209,75.93704909231234,2263.0,81.40618896484375,0.00259933876805,0.0167889948934316,0.0406710132956504,0.0367401391267776,0.0125564150512218,0.0494534410536289,7.482505321502685,6.37372636795044,0.6165230870246887,0.23225137591362
789,29801,0,0,1,minus,0,-0.1,0.1,0.0103693585842847,0.0093825841322541,5620.0,1767.73046875,16.585879846195894,34.99882554276702,1043.0,6.626354694366455,0.003570606932044,0.0175860133022069,0.0440235361456871,0.0364164188504219,0.0158203486353158,0.030755054205656,9.734742164611816,4.234930515289307,6.025596618652344,0.5770443677902222
789,29801,0,0,2,minus,0,-0.1,0.1,0.0017865144181996,0.0016165050910785,9102.0,5582274.5,9023.775149048131,68.95741753632429,2055.0,59.34796905517578,0.0034778178669512,0.0381186567246913,0.0198897905647754,0.0397816374897956,0.0450029522180557,0.0243914071470499,3.5100626945495605,4.31492280960083,8.399785995483398,0.2598817050457001
789,29801,0,0,7,minus,0,-0.1,0.1,0.0159809570759534,0.0144601678475737,42160.0,173606992.0,2510386.2438323945,132.94855877319551,3962.0,59.11423873901367,0.0048035467043519,0.042230125516653,0.0380196794867515,0.0416055098176002,0.0447861440479755,0.020792031660676,4.51259708404541,8.273573875427246,6.738358020782471,0.3464617729187011
789,29801,1,0,1,minus,1,-0.05,0.05,0.0103693585842847,0.0098636392503976,5533.0,11728.478515625,115.6854810341647,36.173282775745776,1078.0,6.626354694366455,0.003570606932044,0.0175860133022069,0.0440235361456871,0.0364164188504219,0.0158203486353158,0.030755054205656,9.734742164611816,4.234930515289307,6.025596618652344,0.5770443677902222
789,29801,1,0,2,minus,1,-0.05,0.05,0.0017865144181996,0.0016993851168081,9705.0,5521188.0,9382.62471429957,70.9036609509748,2113.0,59.34796905517578,0.0034778178669512,0.0381186567246913,0.0198897905647754,0.0397816374897956,0.0450029522180557,0.0243914071470499,3.5100626945495605,4.31492280960083,8.399785995483398,0.2598817050457001
789,29801,1,0,7,minus,1,-0.05,0.05,0.0159809570759534,0.0152015574276447,42965.0,193987648.0,2948914.3713257317,134.25723968994328,4001.0,59.11423873901367,0.0048035467043519,0.042230125516653,0.0380196794867515,0.0416055098176002,0.0447861440479755,0.020792031660676,4.51259708404541,8.273573875427246,6.738358020782471,0.3464617729187011
789,29801,2,0,1,minus,2,-0.02,0.02,0.0103693585842847,0.0101640317589044,5416.0,-3145.51513671875,-31.97111574772407,36.81084527364853,1097.0,6.626354694366455,0.003570606932044,0.0175860133022069,0.0440235361456871,0.0364164188504219,0.0158203486353158,0.030755054205656,9.734742164611816,4.234930515289307,6.025596618652344,0.5770443677902222
789,29801,2,0,2,minus,2,-0.02,0.02,0.0017865144181996,0.0017511390615254,10051.0,5571239.5,9756.015109563596,71.67544713264655,2136.0,59.34796905517578,0.0034778178669512,0.0381186567246913,0.0198897905647754,0.0397816374897956,0.0450029522180557,0.0243914071470499,3.5100626945495605,4.31492280960083,8.399785995483398,0.2598817050457001
789,29801,2,0,7,minus,2,-0.02,0.02,0.0159809570759534,0.0156645122915506,43448.0,215612240.0,3377460.5836887658,134.89480218784604,4020.0,59.11423873901367,0.0048035467043519,0.042230125516653,0.0380196794867515,0.0416055098176002,0.0447861440479755,0.020792031660676,4.51259708404541,8.273573875427246,6.738358020782471,0.3464617729187011
789,29801,3,0,1,minus,3,-0.01,0.01,0.0103693585842847,0.010266182012856,5408.0,-2244.6474609375,-23.04395938867947,36.81084527364853,1097.0,6.626354694366455,0.003570606932044,0.0175860133022069,0.0440235361456871,0.0364164188504219,0.0158203486353158,0.030755054205656,9.734742164611816,4.234930515289307,6.025596618652344,0.5770443677902222
789,29801,3,0,2,minus,3,-0.01,0.01,0.0017865144181996,0.0017687382642179,10168.0,5563626.5,9840.599078367117,72.21234186772256,2152.0,59.34796905517578,0.0034778178669512,0.0381186567246913,0.0198897905647754,0.0397816374897956,0.0450029522180557,0.0243914071470499,3.5100626945495605,4.31492280960083,8.399785995483398,0.2598817050457001
789,29801,3,0,7,minus,3,-0.01,0.01,0.0159809570759534,0.0158219430595636,43444.0,223861632.0,3541925.994724989,134.89480218784604,4020.0,59.11423873901367,0.0048035467043519,0.042230125516653,0.0380196794867515,0.0416055098176002,0.0447861440479755,0.020792031660676,4.51259708404541,8.273573875427246,6.738358020782471,0.3464617729187011
789,29801,4,0,1,minus,4,-0.005,0.005,0.0103693585842847,0.0103176413103938,5416.0,-3641.947509765625,-37.57630807704368,36.74373343176404,1095.0,6.626354694366455,0.003570606932044,0.0175860133022069,0.0440235361456871,0.0364164188504219,0.0158203486353158,0.030755054205656,9.734742164611816,4.234930515289307,6.025596618652344,0.5770443677902222
789,29801,4,0,2,minus,4,-0.005,0.005,0.0017865144181996,0.0017776041058823,10255.0,5498398.0,9773.974860575285,72.3801214724338,2157.0,59.34796905517578,0.0034778178669512,0.0381186567246913,0.0198897905647754,0.0397816374897956,0.0450029522180557,0.0243914071470499,3.5100626945495605,4.31492280960083,8.399785995483398,0.2598817050457001
789,29801,4,0,7,minus,4,-0.005,0.005,0.0159809570759534,0.0159012507647275,43559.0,221977296.0,3529716.647772163,135.1296936344418,4027.0,59.11423873901367,0.0048035467043519,0.042230125516653,0.0380196794867515,0.0416055098176002,0.0447861440479755,0.020792031660676,4.51259708404541,8.273573875427246,6.738358020782471,0.3464617729187011
789,29801,5,0,1,minus,5,-0.0025,0.0025,0.0103693585842847,0.0103434678167104,5376.0,-3308.13330078125,-34.21757033001904,36.87795711553304,1099.0,6.626354694366455,0.003570606932044,0.0175860133022069,0.0440235361456871,0.0364164188504219,0.0158203486353158,0.030755054205656,9.734742164611816,4.234930515289307,6.025596618652344,0.5770443677902222
789,29801,5,0,2,minus,5,-0.0025,0.0025,0.0017865144181996,0.0017820536158978,10236.0,5411197.5,9643.044071212644,72.48078923526056,2160.0,59.34796905517578,0.0034778178669512,0.0381186567246913,0.0198897905647754,0.0397816374897956,0.0450029522180557,0.0243914071470499,3.5100626945495605,4.31492280960083,8.399785995483398,0.2598817050457001
789,29801,5,0,7,minus,5,-0.0025,0.0025,0.0159809570759534,0.0159410536289215,43323.0,224628352.0,3580812.605808258,135.0625817925573,4025.0,59.11423873901367,0.0048035467043519,0.042230125516653,0.0380196794867515,0.0416055098176002,0.0447861440479755,0.020792031660676,4.51259708404541,8.273573875427246,6.738358020782471,0.3464617729187011
789,29801,6,0,1,center,6,0.0,0.0,0.0103693585842847,0.0103693585842847,5408.0,-2972.791748046875,-30.825943631900827,36.87795711553304,1099.0,6.626354694366455,0.003570606932044,0.0175860133022069,0.0440235361456871,0.0364164188504219,0.0158203486353158,0.030755054205656,9.734742164611816,4.234930515289307,6.025596618652344,0.5770443677902222
789,29801,6,0,2,center,6,0.0,0.0,0.0017865144181996,0.0017865144181996,10255.0,5707232.5,10196.053149267682,72.51434515620281,2161.0,59.34796905517578,0.0034778178669512,0.0381186567246913,0.0198897905647754,0.0397816374897956,0.0450029522180557,0.0243914071470499,3.5100626945495605,4.31492280960083,8.399785995483398,0.2598817050457001
789,29801,6,0,7,center,6,0.0,0.0,0.0159809570759534,0.0159809570759534,43406.0,224786208.0,3592298.741314352,135.16324955538403,4028.0,59.11423873901367,0.0048035467043519,0.042230125516653,0.0380196794867515,0.0416055098176002,0.0447861440479755,0.020792031660676,4.51259708404541,8.273573875427246,6.738358020782471,0.3464617729187011
789,29801,7,0,1,plus,7,0.0025,0.0025,0.0103693585842847,0.0103953145444393,5409.0,-3878.17822265625,-40.31488248390633,36.91151303647528,1100.0,6.626354694366455,0.003570606932044,0.0175860133022069,0.0440235361456871,0.0364164188504219,0.0158203486353158,0.030755054205656,9.734742164611816,4.234930515289307,6.025596618652344,0.5770443677902222
789,29801,7,0,2,plus,7,0.0025,0.0025,0.0017865144181996,0.0017909863963723,10282.0,5701734.5,10211.728925226722,72.68212476091406,2166.0,59.34796905517578,0.0034778178669512,0.0381186567246913,0.0198897905647754,0.0397816374897956,0.0450029522180557,0.0243914071470499,3.5100626945495605,4.31492280960083,8.399785995483398,0.2598817050457001
789,29801,7,0,7,plus,7,0.0025,0.0025,0.0159809570759534,0.0160209592431783,43556.0,222463568.0,3564079.75602004,135.36458508103755,4034.0,59.11423873901367,0.0048035467043519,0.042230125516653,0.0380196794867515,0.0416055098176002,0.0447861440479755,0.020792031660676,4.51259708404541,8.273573875427246,6.738358020782471,0.3464617729187011
789,29801,8,0,1,plus,8,0.005,0.005,0.0103693585842847,0.0104213347658514,5448.0,-8664.5009765625,-90.29566525580503,36.87795711553304,1099.0,6.626354694366455,0.003570606932044,0.0175860133022069,0.0440235361456871,0.0364164188504219,0.0158203486353158,0.030755054205656,9.734742164611816,4.234930515289307,6.025596618652344,0.5770443677902222
789,29801,8,0,2,plus,8,0.005,0.005,0.0017865144181996,0.0017954693175852,10314.0,5814201.0,10439.21950177336,72.81634844468306,2170.0,59.34796905517578,0.0034778178669512,0.0381186567246913,0.0198897905647754,0.0397816374897956,0.0450029522180557,0.0243914071470499,3.5100626945495605,4.31492280960083,8.399785995483398,0.2598817050457001
789,29801,8,0,7,plus,8,0.005,0.005,0.0159809570759534,0.0160610619932413,43628.0,222800576.0,3578413.863265872,135.36458508103755,4034.0,59.11423873901367,0.0048035467043519,0.042230125516653,0.0380196794867515,0.0416055098176002,0.0447861440479755,0.020792031660676,4.51259708404541,8.273573875427246,6.738358020782471,0.3464617729187011
789,29801,9,0,1,plus,9,0.01,0.01,0.0103693585842847,0.0104735726490616,5488.0,-12383.8134765625,-129.70277011920643,36.94506895741753,1101.0,6.626354694366455,0.003570606932044,0.0175860133022069,0.0440235361456871,0.0364164188504219,0.0158203486353158,0.030755054205656,9.734742164611816,4.234930515289307,6.025596618652344,0.5770443677902222
789,29801,9,0,2,plus,9,0.01,0.01,0.0017865144181996,0.001804469153285,10368.0,6090189.5,10989.55909041036,72.88346028656755,2172.0,59.34796905517578,0.0034778178669512,0.0381186567246913,0.0198897905647754,0.0397816374897956,0.0450029522180557,0.0243914071470499,3.5100626945495605,4.31492280960083,8.399785995483398,0.2598817050457001
789,29801,9,0,7,plus,9,0.01,0.01,0.0159809570759534,0.0161415692418813,43899.0,225191600.0,3634945.804090053,135.8008120532868,4047.0,59.11423873901367,0.0048035467043519,0.042230125516653,0.0380196794867515,0.0416055098176002,0.0447861440479755,0.020792031660676,4.51259708404541,8.273573875427246,6.738358020782471,0.3464617729187011
789,29801,10,0,1,plus,10,0.02,0.02,0.0103693585842847,0.0105788335204124,5467.0,-8215.71875,-86.91272090678103,37.24707224589778,1110.0,6.626354694366455,0.003570606932044,0.0175860133022069,0.0440235361456871,0.0364164188504219,0.0158203486353158,0.030755054205656,9.734742164611816,4.234930515289307,6.025596618652344,0.5770443677902222
789,29801,10,0,2,plus,10,0.02,0.02,0.0017865144181996,0.0018226043321192,10480.0,6256828.0,11403.721818124875,73.31968725881681,2185.0,59.34796905517578,0.0034778178669512,0.0381186567246913,0.0198897905647754,0.0397816374897956,0.0450029522180557,0.0243914071470499,3.5100626945495605,4.31492280960083,8.399785995483398,0.2598817050457001
789,29801,10,0,7,plus,10,0.02,0.02,0.0159809570759534,0.0163037944585084,44029.0,226881600.0,3699030.97281754,135.8008120532868,4047.0,59.11423873901367,0.0048035467043519,0.042230125516653,0.0380196794867515,0.0416055098176002,0.0447861440479755,0.020792031660676,4.51259708404541,8.273573875427246,6.738358020782471,0.3464617729187011
789,29801,11,0,1,plus,11,0.05,0.05,0.0103693585842847,0.0109010068699717,5315.0,-13604.0595703125,-148.29794683548153,37.64974329720479,1122.0,6.626354694366455,0.003570606932044,0.0175860133022069,0.0440235361456871,0.0364164188504219,0.0158203486353158,0.030755054205656,9.734742164611816,4.234930515289307,6.025596618652344,0.5770443677902222
789,29801,11,0,2,plus,11,0.05,0.05,0.0017865144181996,0.0018781109247356,10939.0,6148090.0,11546.794995258097,74.42703264991107,2218.0,59.34796905517578,0.0034778178669512,0.0381186567246913,0.0198897905647754,0.0397816374897956,0.0450029522180557,0.0243914071470499,3.5100626945495605,4.31492280960083,8.399785995483398,0.2598817050457001
789,29801,11,0,7,plus,11,0.05,0.05,0.0159809570759534,0.0168003179132938,44609.0,251336416.0,4222531.691987872,136.4719304721318,4067.0,59.11423873901367,0.0048035467043519,0.042230125516653,0.0380196794867515,0.0416055098176002,0.0447861440479755,0.020792031660676,4.51259708404541,8.273573875427246,6.738358020782471,0.3464617729187011
789,29801,12,0,1,plus,12,0.1,0.1,0.0103693585842847,0.0114599140360951,5340.0,-7601.9326171875,-87.11749430115651,39.09264789772155,1165.0,6.626354694366455,0.003570606932044,0.0175860133022069,0.0440235361456871,0.0364164188504219,0.0158203486353158,0.030755054205656,9.734742164611816,4.234930515289307,6.025596618652344,0.5770443677902222
789,29801,12,0,2,plus,12,0.1,0.1,0.0017865144181996,0.0019744038581848,11633.0,6478203.5,12790.589984506369,76.3732760645616,2276.0,59.34796905517578,0.0034778178669512,0.0381186567246913,0.0198897905647754,0.0397816374897956,0.0450029522180557,0.0243914071470499,3.5100626945495605,4.31492280960083,8.399785995483398,0.2598817050457001
789,29801,12,0,7,plus,12,0.1,0.1,0.0159809570759534,0.0176616888493299,44937.0,288910080.0,5102639.938395023,137.1430488909768,4087.0,59.11423873901367,0.0048035467043519,0.042230125516653,0.0380196794867515,0.0416055098176002,0.0447861440479755,0.020792031660676,4.51259708404541,8.273573875427246,6.738358020782471,0.3464617729187011
789,29801,13,0,1,center_duplicate,-1,0.0,0.0,0.0103693585842847,0.0103693585842847,5408.0,-2972.791748046875,-30.825943631900827,36.87795711553304,1099.0,6.626354694366455,0.003570606932044,0.0175860133022069,0.0440235361456871,0.0364164188504219,0.0158203486353158,0.030755054205656,9.734742164611816,4.234930515289307,6.025596618652344,0.5770443677902222
789,29801,13,0,2,center_duplicate,-1,0.0,0.0,0.0017865144181996,0.0017865144181996,10255.0,5707232.5,10196.053149267682,72.51434515620281,2161.0,59.34796905517578,0.0034778178669512,0.0381186567246913,0.0198897905647754,0.0397816374897956,0.0450029522180557,0.0243914071470499,3.5100626945495605,4.31492280960083,8.399785995483398,0.2598817050457001
789,29801,13,0,7,center_duplicate,-1,0.0,0.0,0.0159809570759534,0.0159809570759534,43406.0,224786208.0,3592298.741314352,135.16324955538403,4028.0,59.11423873901367,0.0048035467043519,0.042230125516653,0.0380196794867515,0.0416055098176002,0.0447861440479755,0.020792031660676,4.51259708404541,8.273573875427246,6.738358020782471,0.3464617729187011
789,29801,14,1,1,minus,0,-0.1,0.1,0.0065463040955364,0.0059233410283923,40232.0,41472540.0,245655.99773364144,155.33035804167645,4629.0,82.565185546875,0.0040601445361971,0.0467863455414772,0.037327691912651,0.0252654738724231,0.0362723432481288,0.0408878438174724,1.3129640817642212,5.302206039428711,8.969371795654297,0.4284742176532745
789,29801,14,1,2,minus,0,-0.1,0.1,0.0059406426735222,0.005375315900892,4132.0,975763.0625,5245.034705359343,49.62920707358813,1479.0,22.052663803100582,0.0047632143832743,0.0122588193044066,0.038533229380846,0.0326894856989383,0.0357518084347248,0.025060711428523,9.433023452758787,8.444083213806152,6.955045700073242,0.8759985566139221
789,29801,14,1,7,minus,0,-0.1,0.1,0.0054341284558176,0.0049170027486979,15466.0,6493007.0,31926.13326631533,84.76225630012415,2526.0,74.29742431640625,0.0021332968026399,0.0331338346004486,0.024333057925105,0.0315007902681827,0.0290384367108345,0.0302209127694368,8.710350036621094,3.6867733001708975,8.966926574707031,0.9366800785064696
789,29801,15,1,1,minus,1,-0.05,0.05,0.0065463040955364,0.0062270374037325,41043.0,46176772.0,287544.48642762937,157.10882185161572,4682.0,82.565185546875,0.0040601445361971,0.0467863455414772,0.037327691912651,0.0252654738724231,0.0362723432481288,0.0408878438174724,1.3129640817642212,5.302206039428711,8.969371795654297,0.4284742176532745
789,29801,15,1,2,minus,1,-0.05,0.05,0.0059406426735222,0.005650914274156,4317.0,918931.3125,5192.802070775244,50.26676957149088,1498.0,22.052663803100582,0.0047632143832743,0.0122588193044066,0.038533229380846,0.0326894856989383,0.0357518084347248,0.025060711428523,9.433023452758787,8.444083213806152,6.955045700073242,0.8759985566139221
789,29801,15,1,7,minus,1,-0.05,0.05,0.0054341284558176,0.0051691029220819,15780.0,7283452.5,37648.91560059506,85.70182208650716,2554.0,74.29742431640625,0.0021332968026399,0.0331338346004486,0.024333057925105,0.0315007902681827,0.0290384367108345,0.0302209127694368,8.710350036621094,3.6867733001708975,8.966926574707031,0.9366800785064696
789,29801,16,1,1,minus,2,-0.02,0.02,0.0065463040955364,0.0064166784286499,42269.0,48392120.0,310516.6725206375,158.85372974061272,4734.0,82.565185546875,0.0040601445361971,0.0467863455414772,0.037327691912651,0.0252654738724231,0.0362723432481288,0.0408878438174724,1.3129640817642212,5.302206039428711,8.969371795654297,0.4284742176532745
789,29801,16,1,2,minus,2,-0.02,0.02,0.0059406426735222,0.0058230101130902,4343.0,812616.6875,4731.875189378421,50.73655246468239,1512.0,22.052663803100582,0.0047632143832743,0.0122588193044066,0.038533229380846,0.0326894856989383,0.0357518084347248,0.025060711428523,9.433023452758787,8.444083213806152,6.955045700073242,0.8759985566139221
789,29801,16,1,7,minus,2,-0.02,0.02,0.0054341284558176,0.005326525773853,16242.0,7824413.5,41676.94017303386,86.37294050535216,2574.0,74.29742431640625,0.0021332968026399,0.0331338346004486,0.024333057925105,0.0315007902681827,0.0290384367108345,0.0302209127694368,8.710350036621094,3.6867733001708975,8.966926574707031,0.9366800785064696
789,29801,17,1,1,minus,3,-0.01,0.01,0.0065463040955364,0.0064811673946678,42844.0,50995660.0,330511.4088615682,159.49129223851548,4753.0,82.565185546875,0.0040601445361971,0.0467863455414772,0.037327691912651,0.0252654738724231,0.0362723432481288,0.0408878438174724,1.3129640817642212,5.302206039428711,8.969371795654297,0.4284742176532745
789,29801,17,1,2,minus,3,-0.01,0.01,0.0059406426735222,0.0058815320953726,4419.0,836819.6875,4921.781850070984,51.13922351598939,1524.0,22.052663803100582,0.0047632143832743,0.0122588193044066,0.038533229380846,0.0326894856989383,0.0357518084347248,0.025060711428523,9.433023452758787,8.444083213806152,6.955045700073242,0.8759985566139221
789,29801,17,1,7,minus,3,-0.01,0.01,0.0054341284558176,0.0053800581954419,16297.0,7423042.0,39936.39794720989,86.74205563571692,2585.0,74.29742431640625,0.0021332968026399,0.0331338346004486,0.024333057925105,0.0315007902681827,0.0290384367108345,0.0302209127694368,8.710350036621094,3.6867733001708975,8.966926574707031,0.9366800785064696
789,29801,18,1,1,minus,4,-0.005,0.005,0.0065463040955364,0.0065136542543768,42832.0,50488940.0,328867.49882997945,159.55840408039998,4755.0,82.565185546875,0.0040601445361971,0.0467863455414772,0.037327691912651,0.0252654738724231,0.0362723432481288,0.0408878438174724,1.3129640817642212,5.302206039428711,8.969371795654297,0.4284742176532745
789,29801,18,1,2,minus,4,-0.005,0.005,0.0059406426735222,0.0059110135771334,4469.0,861053.875,5089.70114576834,51.2734471997584,1528.0,22.052663803100582,0.0047632143832743,0.0122588193044066,0.038533229380846,0.0326894856989383,0.0357518084347248,0.025060711428523,9.433023452758787,8.444083213806152,6.955045700073242,0.8759985566139221
789,29801,18,1,7,minus,4,-0.005,0.005,0.0054341284558176,0.0054070255719125,16364.0,7644389.5,41333.40950815962,86.90983524042817,2590.0,74.29742431640625,0.0021332968026399,0.0331338346004486,0.024333057925105,0.0315007902681827,0.0290384367108345,0.0302209127694368,8.710350036621094,3.6867733001708975,8.966926574707031,0.9366800785064696
789,29801,19,1,1,minus,5,-0.0025,0.0025,0.0065463040955364,0.0065299584530293,42743.0,48705024.0,318041.7831737995,159.65907184322674,4758.0,82.565185546875,0.0040601445361971,0.0467863455414772,0.037327691912651,0.0252654738724231,0.0362723432481288,0.0408878438174724,1.3129640817642212,5.302206039428711,8.969371795654297,0.4284742176532745
789,29801,19,1,2,minus,5,-0.0025,0.0025,0.0059406426735222,0.0059258094988763,4527.0,894062.75,5298.045536541496,51.5418945672964,1536.0,22.052663803100582,0.0047632143832743,0.0122588193044066,0.038533229380846,0.0326894856989383,0.0357518084347248,0.025060711428523,9.433023452758787,8.444083213806152,6.955045700073242,0.8759985566139221
789,29801,19,1,7,minus,5,-0.0025,0.0025,0.0054341284558176,0.0054205600172281,16317.0,7379853.5,40002.93881510105,86.80916747760142,2587.0,74.29742431640625,0.0021332968026399,0.0331338346004486,0.024333057925105,0.0315007902681827,0.0290384367108345,0.0302209127694368,8.710350036621094,3.6867733001708975,8.966926574707031,0.9366800785064696
789,29801,20,1,1,center,6,0.0,0.0,0.0065463040955364,0.0065463040955364,42988.0,48689088.0,318733.5761823356,160.095298815476,4771.0,82.565185546875,0.0040601445361971,0.0467863455414772,0.037327691912651,0.0252654738724231,0.0362723432481288,0.0408878438174724,1.3129640817642212,5.302206039428711,8.969371795654297,0.4284742176532745
789,29801,20,1,2,center,6,0.0,0.0,0.0059406426735222,0.0059406426735222,4552.0,877223.5,5211.271358316531,51.77678601389215,1543.0,22.052663803100582,0.0047632143832743,0.0122588193044066,0.038533229380846,0.0326894856989383,0.0357518084347248,0.025060711428523,9.433023452758787,8.444083213806152,6.955045700073242,0.8759985566139221
789,29801,20,1,7,center,6,0.0,0.0,0.0054341284558176,0.0054341284558176,16313.0,7546486.0,41008.57431402989,86.87627931948592,2589.0,74.29742431640625,0.0021332968026399,0.0331338346004486,0.024333057925105,0.0315007902681827,0.0290384367108345,0.0302209127694368,8.710350036621094,3.6867733001708975,8.966926574707031,0.9366800785064696
789,29801,21,1,1,plus,7,0.0025,0.0025,0.0065463040955364,0.0065626907162368,43062.0,48358828.0,317364.03156369366,160.22952249924498,4775.0,82.565185546875,0.0040601445361971,0.0467863455414772,0.037327691912651,0.0252654738724231,0.0362723432481288,0.0408878438174724,1.3129640817642212,5.302206039428711,8.969371795654297,0.4284742176532745
789,29801,21,1,2,plus,7,0.0025,0.0025,0.0059406426735222,0.0059555131010711,4555.0,877693.125,5227.112904657552,51.8774537767189,1546.0,22.052663803100582,0.0047632143832743,0.0122588193044066,0.038533229380846,0.0326894856989383,0.0357518084347248,0.025060711428523,9.433023452758787,8.444083213806152,6.955045700073242,0.8759985566139221
789,29801,21,1,7,plus,7,0.0025,0.0025,0.0054341284558176,0.0054477308876812,16315.0,7573844.5,41260.26662114472,86.87627931948592,2589.0,74.29742431640625,0.0021332968026399,0.0331338346004486,0.024333057925105,0.0315007902681827,0.0290384367108345,0.0302209127694368,8.710350036621094,3.6867733001708975,8.966926574707031,0.9366800785064696
789,29801,22,1,1,plus,8,0.005,0.005,0.0065463040955364,0.0065791173838078,43313.0,48822004.0,321205.6952287387,160.26307842018724,4776.0,82.565185546875,0.0040601445361971,0.0467863455414772,0.037327691912651,0.0252654738724231,0.0362723432481288,0.0408878438174724,1.3129640817642212,5.302206039428711,8.969371795654297,0.4284742176532745
789,29801,22,1,2,plus,8,0.005,0.005,0.0059406426735222,0.0059704203158617,4553.0,891121.25,5320.368414896075,51.7432300929499,1542.0,22.052663803100582,0.0047632143832743,0.0122588193044066,0.038533229380846,0.0326894856989383,0.0357518084347248,0.025060711428523,9.433023452758787,8.444083213806152,6.955045700073242,0.8759985566139221
789,29801,22,1,7,plus,8,0.005,0.005,0.0054341284558176,0.0054613673128187,16380.0,7716004.5,42139.9347618625,86.97694708231266,2592.0,74.29742431640625,0.0021332968026399,0.0331338346004486,0.024333057925105,0.0315007902681827,0.0290384367108345,0.0302209127694368,8.710350036621094,3.6867733001708975,8.966926574707031,0.9366800785064696
789,29801,23,1,1,plus,9,0.01,0.01,0.0065463040955364,0.006612095516175,43148.0,51007648.0,337267.4406314343,160.43085802489847,4781.0,82.565185546875,0.0040601445361971,0.0467863455414772,0.037327691912651,0.0252654738724231,0.0362723432481288,0.0408878438174724,1.3129640817642212,5.302206039428711,8.969371795654297,0.4284742176532745
789,29801,23,1,2,plus,9,0.01,0.01,0.0059406426735222,0.0060003469698131,4499.0,881038.25,5286.535193676944,51.7432300929499,1542.0,22.052663803100582,0.0047632143832743,0.0122588193044066,0.038533229380846,0.0326894856989383,0.0357518084347248,0.025060711428523,9.433023452758787,8.444083213806152,6.955045700073242,0.8759985566139221
789,29801,23,1,7,plus,9,0.01,0.01,0.0054341284558176,0.005488742608577,16498.0,7572650.5,41564.32945921202,87.24539444985066,2600.0,74.29742431640625,0.0021332968026399,0.0331338346004486,0.024333057925105,0.0315007902681827,0.0290384367108345,0.0302209127694368,8.710350036621094,3.6867733001708975,8.966926574707031,0.9366800785064696
789,29801,24,1,1,plus,10,0.02,0.02,0.0065463040955364,0.0066785481758415,43167.0,51674912.0,345113.38927437365,160.59863762960973,4786.0,82.565185546875,0.0040601445361971,0.0467863455414772,0.037327691912651,0.0252654738724231,0.0362723432481288,0.0408878438174724,1.3129640817642212,5.302206039428711,8.969371795654297,0.4284742176532745
789,29801,24,1,2,plus,10,0.02,0.02,0.0059406426735222,0.0060606515035033,4566.0,859517.125,5209.233755918103,51.843897855776646,1545.0,22.052663803100582,0.0047632143832743,0.0122588193044066,0.038533229380846,0.0326894856989383,0.0357518084347248,0.025060711428523,9.433023452758787,8.444083213806152,6.955045700073242,0.8759985566139221
789,29801,24,1,7,plus,10,0.02,0.02,0.0054341284558176,0.0055439048446714,16652.0,7613358.5,42207.73507237085,87.58095365927318,2610.0,74.29742431640625,0.0021332968026399,0.0331338346004486,0.024333057925105,0.0315007902681827,0.0290384367108345,0.0302209127694368,8.710350036621094,3.6867733001708975,8.966926574707031,0.9366800785064696
789,29801,25,1,1,plus,11,0.05,0.05,0.0065463040955364,0.0068819401785731,43595.0,59124960.0,406894.43778052926,161.87376262541525,4824.0,82.565185546875,0.0040601445361971,0.0467863455414772,0.037327691912651,0.0252654738724231,0.0362723432481288,0.0408878438174724,1.3129640817642212,5.302206039428711,8.969371795654297,0.4284742176532745
789,29801,25,1,2,plus,11,0.05,0.05,0.0059406426735222,0.0062452256679534,4609.0,1038111.9375,6483.24331828393,52.414348511794906,1562.0,22.052663803100582,0.0047632143832743,0.0122588193044066,0.038533229380846,0.0326894856989383,0.0357518084347248,0.025060711428523,9.433023452758787,8.444083213806152,6.955045700073242,0.8759985566139221
789,29801,25,1,7,plus,11,0.05,0.05,0.0054341284558176,0.005712741985917,16883.0,8362010.5,47770.00847002957,88.21851615717593,2629.0,74.29742431640625,0.0021332968026399,0.0331338346004486,0.024333057925105,0.0315007902681827,0.0290384367108345,0.0302209127694368,8.710350036621094,3.6867733001708975,8.966926574707031,0.9366800785064696
789,29801,26,1,1,plus,12,0.1,0.1,0.0065463040955364,0.0072347852401435,45243.0,60876004.0,440424.81521811895,164.28978893325726,4896.0,82.565185546875,0.0040601445361971,0.0467863455414772,0.037327691912651,0.0252654738724231,0.0362723432481288,0.0408878438174724,1.3129640817642212,5.302206039428711,8.969371795654297,0.4284742176532745
789,29801,26,1,2,plus,12,0.1,0.1,0.0059406426735222,0.0065654260106384,4795.0,1086868.25,7135.753078687121,53.28680245629341,1588.0,22.052663803100582,0.0047632143832743,0.0122588193044066,0.038533229380846,0.0326894856989383,0.0357518084347248,0.025060711428523,9.433023452758787,8.444083213806152,6.955045700073242,0.8759985566139221
789,29801,26,1,7,plus,12,0.1,0.1,0.0054341284558176,0.0060056410729885,17151.0,8703223.0,52268.43351617828,89.25874970638569,2660.0,74.29742431640625,0.0021332968026399,0.0331338346004486,0.024333057925105,0.0315007902681827,0.0290384367108345,0.0302209127694368,8.710350036621094,3.6867733001708975,8.966926574707031,0.9366800785064696
789,29801,27,1,1,center_duplicate,-1,0.0,0.0,0.0065463040955364,0.0065463040955364,42988.0,48689088.0,318733.5761823356,160.095298815476,4771.0,82.565185546875,0.0040601445361971,0.0467863455414772,0.037327691912651,0.0252654738724231,0.0362723432481288,0.0408878438174724,1.3129640817642212,5.302206039428711,8.969371795654297,0.4284742176532745
789,29801,27,1,2,center_duplicate,-1,0.0,0.0,0.0059406426735222,0.0059406426735222,4552.0,877223.5,5211.271358316531,51.77678601389215,1543.0,22.052663803100582,0.0047632143832743,0.0122588193044066,0.038533229380846,0.0326894856989383,0.0357518084347248,0.025060711428523,9.433023452758787,8.444083213806152,6.955045700073242,0.8759985566139221
789,29801,27,1,7,center_duplicate,-1,0.0,0.0,0.0054341284558176,0.0054341284558176,16313.0,7546486.0,41008.57431402989,86.87627931948592,2589.0,74.29742431640625,0.0021332968026399,0.0331338346004486,0.024333057925105,0.0315007902681827,0.0290384367108345,0.0302209127694368,8.710350036621094,3.6867733001708975,8.966926574707031,0.9366800785064696
789,29801,28,2,1,minus,0,-0.1,0.1,0.0166266057640314,0.0150443753227591,81459.0,171044320.0,2573254.94690612,216.16724270997616,6442.0,48.48685836791992,0.0011892077745869,0.044319562613964,0.0304092969745397,0.0451588854193687,0.0295377913862466,0.0365017279982566,3.901416301727295,9.86105251312256,3.3765461444854736,0.8627018332481384
789,29801,28,2,2,minus,0,-0.1,0.1,0.0100537622347474,0.0090970201417803,229126.0,181850336.0,1654296.169381529,296.39944968289655,8833.0,75.7269058227539,0.0007651544292457,0.0448898784816265,0.0217880867421627,0.0417401753365993,0.0252469163388013,0.0333943888545036,2.15057635307312,6.021400451660156,0.422410249710083,0.3041475713253021
789,29801,28,2,7,minus,0,-0.1,0.1,0.0021897365804761,0.001981355715543,12624.0,2911142.0,5768.007840457372,76.50749974833059,2280.0,47.99076843261719,0.0003057307621929,0.0257897935807704,0.0325126685202121,0.0218789111822843,0.0452771298587322,0.017795966938138,8.833017349243164,8.9212064743042,2.157782077789306,0.5844389796257019
789,29801,29,2,1,minus,1,-0.05,0.05,0.0166266057640314,0.0158157162368297,82610.0,181930288.0,2877357.809892714,217.2745881010704,6475.0,48.48685836791992,0.0011892077745869,0.044319562613964,0.0304092969745397,0.0451588854193687,0.0295377913862466,0.0365017279982566,3.901416301727295,9.86105251312256,3.3765461444854736,0.8627018332481384
789,29801,29,2,2,minus,1,-0.05,0.05,0.0100537622347474,0.0095634348690509,236051.0,195353424.0,1868249.7468701005,300.86238716821583,8966.0,75.7269058227539,0.0007651544292457,0.0448898784816265,0.0217880867421627,0.0417401753365993,0.0252469163388013,0.0333943888545036,2.15057635307312,6.021400451660156,0.422410249710083,0.3041475713253021
789,29801,29,2,7,minus,1,-0.05,0.05,0.0021897365804761,0.002082941820845,13425.0,3470320.5,7228.475701185758,78.48729908392335,2339.0,47.99076843261719,0.0003057307621929,0.0257897935807704,0.0325126685202121,0.0218789111822843,0.0452771298587322,0.017795966938138,8.833017349243164,8.9212064743042,2.157782077789306,0.5844389796257019
789,29801,30,2,1,minus,2,-0.02,0.02,0.0166266057640314,0.0162973776459693,83355.0,200092576.0,3260984.2752268314,218.1134861246267,6500.0,48.48685836791992,0.0011892077745869,0.044319562613964,0.0304092969745397,0.0451588854193687,0.0295377913862466,0.0365017279982566,3.901416301727295,9.86105251312256,3.3765461444854736,0.8627018332481384
789,29801,30,2,2,minus,2,-0.02,0.02,0.0100537622347474,0.0098546845838427,239859.0,206435152.0,2034353.309977636,303.0770779504043,9032.0,75.7269058227539,0.0007651544292457,0.0448898784816265,0.0217880867421627,0.0417401753365993,0.0252469163388013,0.0333943888545036,2.15057635307312,6.021400451660156,0.422410249710083,0.3041475713253021
789,29801,30,2,7,minus,2,-0.02,0.02,0.0021897365804761,0.0021463769953697,13539.0,3453183.0,7411.832552002044,78.95708197711485,2353.0,47.99076843261719,0.0003057307621929,0.0257897935807704,0.0325126685202121,0.0218789111822843,0.0452771298587322,0.017795966938138,8.833017349243164,8.9212064743042,2.157782077789306,0.5844389796257019
789,29801,31,2,1,minus,3,-0.01,0.01,0.0166266057640314,0.0164611674845218,83741.0,201363312.0,3314675.204070032,218.51615717593367,6512.0,48.48685836791992,0.0011892077745869,0.044319562613964,0.0304092969745397,0.0451588854193687,0.0295377913862466,0.0365017279982566,3.901416301727295,9.86105251312256,3.3765461444854736,0.8627018332481384
789,29801,31,2,2,minus,3,-0.01,0.01,0.0100537622347474,0.0099537260830402,241888.0,204011280.0,2030672.398970425,304.3186470252676,9069.0,75.7269058227539,0.0007651544292457,0.0448898784816265,0.0217880867421627,0.0417401753365993,0.0252469163388013,0.0333943888545036,2.15057635307312,6.021400451660156,0.422410249710083,0.3041475713253021
789,29801,31,2,7,minus,3,-0.01,0.01,0.0021897365804761,0.002167948288843,13585.0,3654218.75,7922.157286120637,79.09130566088386,2357.0,47.99076843261719,0.0003057307621929,0.0257897935807704,0.0325126685202121,0.0218789111822843,0.0452771298587322,0.017795966938138,8.833017349243164,8.9212064743042,2.157782077789306,0.5844389796257019
789,29801,32,2,1,minus,4,-0.005,0.005,0.0166266057640314,0.0165436808019876,83817.0,205612640.0,3401589.8850139976,218.4490453340492,6510.0,48.48685836791992,0.0011892077745869,0.044319562613964,0.0304092969745397,0.0451588854193687,0.0295377913862466,0.0365017279982566,3.901416301727295,9.86105251312256,3.3765461444854736,0.8627018332481384
789,29801,32,2,2,minus,4,-0.005,0.005,0.0100537622347474,0.0100036188960075,242274.0,208158880.0,2082342.1053397653,304.5199825509211,9075.0,75.7269058227539,0.0007651544292457,0.0448898784816265,0.0217880867421627,0.0417401753365993,0.0252469163388013,0.0333943888545036,2.15057635307312,6.021400451660156,0.422410249710083,0.3041475713253021
789,29801,32,2,7,minus,4,-0.005,0.005,0.0021897365804761,0.0021788151934742,13551.0,3601793.0,7847.641312149353,79.22552934465286,2361.0,47.99076843261719,0.0003057307621929,0.0257897935807704,0.0325126685202121,0.0218789111822843,0.0452771298587322,0.017795966938138,8.833017349243164,8.9212064743042,2.157782077789306,0.5844389796257019
789,29801,33,2,1,minus,5,-0.0025,0.0025,0.0166266057640314,0.0165850911289453,83894.0,206439520.0,3423818.2518157363,218.48260125499144,6511.0,48.48685836791992,0.0011892077745869,0.044319562613964,0.0304092969745397,0.0451588854193687,0.0295377913862466,0.0365017279982566,3.901416301727295,9.86105251312256,3.3765461444854736,0.8627018332481384
789,29801,33,2,2,minus,5,-0.0025,0.0025,0.0100537622347474,0.0100286593660712,242763.0,209232048.0,2098316.937857464,304.7548739975168,9082.0,75.7269058227539,0.0007651544292457,0.0448898784816265,0.0217880867421627,0.0417401753365993,0.0252469163388013,0.0333943888545036,2.15057635307312,6.021400451660156,0.422410249710083,0.3041475713253021
789,29801,33,2,7,minus,5,-0.0025,0.0025,0.0021897365804761,0.0021842690184712,13578.0,3628031.0,7924.595711353235,79.2590852655951,2362.0,47.99076843261719,0.0003057307621929,0.0257897935807704,0.0325126685202121,0.0218789111822843,0.0452771298587322,0.017795966938138,8.833017349243164,8.9212064743042,2.157782077789306,0.5844389796257019
789,29801,34,2,1,center,6,0.0,0.0,0.0166266057640314,0.0166266057640314,83783.0,211674144.0,3519422.5427268147,218.4490453340492,6510.0,48.48685836791992,0.0011892077745869,0.044319562613964,0.0304092969745397,0.0451588854193687,0.0295377913862466,0.0365017279982566,3.901416301727295,9.86105251312256,3.3765461444854736,0.8627018332481384
789,29801,34,2,2,center,6,0.0,0.0,0.0100537622347474,0.0100537622347474,243178.0,212673760.0,2138171.4166097343,305.0568772859971,9091.0,75.7269058227539,0.0007651544292457,0.0448898784816265,0.0217880867421627,0.0417401753365993,0.0252469163388013,0.0333943888545036,2.15057635307312,6.021400451660156,0.422410249710083,0.3041475713253021
789,29801,34,2,7,center,6,0.0,0.0,0.0021897365804761,0.0021897365804761,13618.0,3511745.0,7689.796487804269,79.39330894936411,2366.0,47.99076843261719,0.0003057307621929,0.0257897935807704,0.0325126685202121,0.0218789111822843,0.0452771298587322,0.017795966938138,8.833017349243164,8.9212064743042,2.157782077789306,0.5844389796257019
789,29801,35,2,1,plus,7,0.0025,0.0025,0.0166266057640314,0.0166682247072458,83882.0,206821568.0,3447348.369728923,218.54971309687596,6513.0,48.48685836791992,0.0011892077745869,0.044319562613964,0.0304092969745397,0.0451588854193687,0.0295377913862466,0.0365017279982566,3.901416301727295,9.86105251312256,3.3765461444854736,0.8627018332481384
789,29801,35,2,2,plus,7,0.0025,0.0025,0.0100537622347474,0.0100789284333586,243041.0,212353824.0,2140298.9946460426,304.95620952317034,9088.0,75.7269058227539,0.0007651544292457,0.0448898784816265,0.0217880867421627,0.0417401753365993,0.0252469163388013,0.0333943888545036,2.15057635307312,6.021400451660156,0.422410249710083,0.3041475713253021
789,29801,35,2,7,plus,7,0.0025,0.0025,0.0021897365804761,0.002195217879489,13685.0,3491163.75,7663.8650842240895,79.56108855407537,2371.0,47.99076843261719,0.0003057307621929,0.0257897935807704,0.0325126685202121,0.0218789111822843,0.0452771298587322,0.017795966938138,8.833017349243164,8.9212064743042,2.157782077789306,0.5844389796257019
789,29801,36,2,1,plus,8,0.005,0.005,0.0166266057640314,0.0167099460959434,83721.0,204802576.0,3422240.005270362,218.51615717593367,6512.0,48.48685836791992,0.0011892077745869,0.044319562613964,0.0304092969745397,0.0451588854193687,0.0295377913862466,0.0365017279982566,3.901416301727295,9.86105251312256,3.3765461444854736,0.8627018332481384
789,29801,36,2,2,plus,8,0.005,0.005,0.0100537622347474,0.0101041570305824,243429.0,216006528.0,2182563.8785429,305.29176873259286,9098.0,75.7269058227539,0.0007651544292457,0.0448898784816265,0.0217880867421627,0.0417401753365993,0.0252469163388013,0.0333943888545036,2.15057635307312,6.021400451660156,0.422410249710083,0.3041475713253021
789,29801,36,2,7,plus,8,0.005,0.005,0.0021897365804761,0.0022007126826792,13710.0,3492535.75,7686.067719735845,79.59464447501762,2372.0,47.99076843261719,0.0003057307621929,0.0257897935807704,0.0325126685202121,0.0218789111822843,0.0452771298587322,0.017795966938138,8.833017349243164,8.9212064743042,2.157782077789306,0.5844389796257019
789,29801,37,2,1,plus,9,0.01,0.01,0.0166266057640314,0.016793705523014,84006.0,215156480.0,3613274.566488266,218.81816046441392,6521.0,48.48685836791992,0.0011892077745869,0.044319562613964,0.0304092969745397,0.0451588854193687,0.0295377913862466,0.0365017279982566,3.901416301727295,9.86105251312256,3.3765461444854736,0.8627018332481384
789,29801,37,2,2,plus,9,0.01,0.01,0.0100537622347474,0.0101548042148351,243820.0,221226208.0,2246508.8294304013,305.5266601791886,9105.0,75.7269058227539,0.0007651544292457,0.0448898784816265,0.0217880867421627,0.0417401753365993,0.0252469163388013,0.0333943888545036,2.15057635307312,6.021400451660156,0.422410249710083,0.3041475713253021
789,29801,37,2,7,plus,9,0.01,0.01,0.0021897365804761,0.0022117437329143,13798.0,3432113.25,7590.954971339728,79.86309184255562,2380.0,47.99076843261719,0.0003057307621929,0.0257897935807704,0.0325126685202121,0.0218789111822843,0.0452771298587322,0.017795966938138,8.833017349243164,8.9212064743042,2.157782077789306,0.5844389796257019
789,29801,38,2,1,plus,10,0.02,0.02,0.0166266057640314,0.0169624853879213,83954.0,216023200.0,3664290.373452008,218.81816046441392,6521.0,48.48685836791992,0.0011892077745869,0.044319562613964,0.0304092969745397,0.0451588854193687,0.0295377913862466,0.0365017279982566,3.901416301727295,9.86105251312256,3.3765461444854736,0.8627018332481384
789,29801,38,2,2,plus,10,0.02,0.02,0.0100537622347474,0.0102568613365292,245780.0,218215904.0,2238210.26875338,306.6675614912251,9139.0,75.7269058227539,0.0007651544292457,0.0448898784816265,0.0217880867421627,0.0417401753365993,0.0252469163388013,0.0333943888545036,2.15057635307312,6.021400451660156,0.422410249710083,0.3041475713253021
789,29801,38,2,7,plus,10,0.02,0.02,0.0021897365804761,0.0022339720744639,13828.0,3351038.75,7486.126987946627,79.99731552632461,2384.0,47.99076843261719,0.0003057307621929,0.0257897935807704,0.0325126685202121,0.0218789111822843,0.0452771298587322,0.017795966938138,8.833017349243164,8.9212064743042,2.157782077789306,0.5844389796257019
789,29801,39,2,1,plus,11,0.05,0.05,0.0166266057640314,0.0174790695309638,84634.0,234653792.0,4101529.94607234,219.48927888325892,6541.0,48.48685836791992,0.0011892077745869,0.044319562613964,0.0304092969745397,0.0451588854193687,0.0295377913862466,0.0365017279982566,3.901416301727295,9.86105251312256,3.3765461444854736,0.8627018332481384
789,29801,39,2,2,plus,11,0.05,0.05,0.0100537622347474,0.010569229722023,249114.0,233950720.0,2472678.903312683,308.4795812221066,9193.0,75.7269058227539,0.0007651544292457,0.0448898784816265,0.0217880867421627,0.0417401753365993,0.0252469163388013,0.0333943888545036,2.15057635307312,6.021400451660156,0.422410249710083,0.3041475713253021
789,29801,39,2,7,plus,11,0.05,0.05,0.0021897365804761,0.0023020068183541,14112.0,3819460.5,8792.424113434274,80.93688131270763,2412.0,47.99076843261719,0.0003057307621929,0.0257897935807704,0.0325126685202121,0.0218789111822843,0.0452771298587322,0.017795966938138,8.833017349243164,8.9212064743042,2.157782077789306,0.5844389796257019
789,29801,40,2,1,plus,12,0.1,0.1,0.0166266057640314,0.0183752421289682,85810.0,259624240.0,4770658.272549361,220.76440387906445,6579.0,48.48685836791992,0.0011892077745869,0.044319562613964,0.0304092969745397,0.0451588854193687,0.0295377913862466,0.0365017279982566,3.901416301727295,9.86105251312256,3.3765461444854736,0.8627018332481384
789,29801,40,2,2,plus,12,0.1,0.1,0.0100537622347474,0.011111126281321,256102.0,253424432.0,2815830.866724059,312.6740713398879,9318.0,75.7269058227539,0.0007651544292457,0.0448898784816265,0.0217880867421627,0.0417401753365993,0.0252469163388013,0.0333943888545036,2.15057635307312,6.021400451660156,0.422410249710083,0.3041475713253021
789,29801,40,2,7,plus,12,0.1,0.1,0.0021897365804761,0.0024200333282351,14521.0,3414865.25,8264.087716432055,82.31267407133988,2453.0,47.99076843261719,0.0003057307621929,0.0257897935807704,0.0325126685202121,0.0218789111822843,0.0452771298587322,0.017795966938138,8.833017349243164,8.9212064743042,2.157782077789306,0.5844389796257019
789,29801,41,2,1,center_duplicate,-1,0.0,0.0,0.0166266057640314,0.0166266057640314,83783.0,211674144.0,3519422.5427268147,218.4490453340492,6510.0,48.48685836791992,0.0011892077745869,0.044319562613964,0.0304092969745397,0.0451588854193687,0.0295377913862466,0.0365017279982566,3.901416301727295,9.86105251312256,3.3765461444854736,0.8627018332481384
789,29801,41,2,2,center_duplicate,-1,0.0,0.0,0.0100537622347474,0.0100537622347474,243178.0,212673760.0,2138171.4166097343,305.0568772859971,9091.0,75.7269058227539,0.0007651544292457,0.0448898784816265,0.0217880867421627,0.0417401753365993,0.0252469163388013,0.0333943888545036,2.15057635307312,6.021400451660156,0.422410249710083,0.3041475713253021
789,29801,41,2,7,center_duplicate,-1,0.0,0.0,0.0021897365804761,0.0021897365804761,13618.0,3511745.0,7689.796487804269,79.39330894936411,2366.0,47.99076843261719,0.0003057307621929,0.0257897935807704,0.0325126685202121,0.0218789111822843,0.0452771298587322,0.017795966938138,8.833017349243164,8.9212064743042,2.157782077789306,0.5844389796257019
789,29801,42,3,1,minus,0,-0.1,0.1,0.0030624063219875,0.0027709798887372,4163.0,1634154.625,4528.209600961884,58.18596691386195,1734.0,68.69004821777344,0.0025674765929579,0.0119783859699964,0.0491933897137641,0.0344496145844459,0.010044421069324,0.0135199222713708,6.216831684112549,3.313960075378418,6.278366088867188,0.7253406047821045
789,29801,42,3,2,minus,0,-0.1,0.1,0.0152102718129754,0.013762823306024,53558.0,60447268.0,831925.0688158832,153.92100936210193,4587.0,96.0049057006836,0.0020888946019113,0.0492519363760948,0.033308882266283,0.0218277648091316,0.0236985776573419,0.0186962261795997,5.5608625411987305,0.1537047326564788,5.821068286895752,0.7542546987533569
789,29801,42,3,7,minus,0,-0.1,0.1,0.0139875570312142,0.0126564651727676,146677.0,120806216.0,1528979.6654578447,237.60947619207408,7081.0,89.26822662353516,0.0008241399773396,0.0486867688596248,0.0172926541417837,0.0131852496415376,0.0318209826946258,0.0380514785647392,3.277904748916626,5.072831630706787,3.020468711853028,0.4343680143356323
789,29801,43,3,1,minus,1,-0.05,0.05,0.0030624063219875,0.002913051052019,4387.0,2428170.0,7073.383172980975,59.93087480285896,1786.0,68.69004821777344,0.0025674765929579,0.0119783859699964,0.0491933897137641,0.0344496145844459,0.010044421069324,0.0135199222713708,6.216831684112549,3.313960075378418,6.278366088867188,0.7253406047821045
789,29801,43,3,2,minus,1,-0.05,0.05,0.0152102718129754,0.0144684584811329,54458.0,64451032.0,932507.0805581734,154.9612429113117,4618.0,96.0049057006836,0.0020888946019113,0.0492519363760948,0.033308882266283,0.0218277648091316,0.0236985776573419,0.0186962261795997,5.5608625411987305,0.1537047326564788,5.821068286895752,0.7542546987533569
789,29801,43,3,7,minus,1,-0.05,0.05,0.0139875570312142,0.0133053762838244,149719.0,131971760.0,1755933.9256385714,240.0255024999161,7153.0,89.26822662353516,0.0008241399773396,0.0486867688596248,0.0172926541417837,0.0131852496415376,0.0318209826946258,0.0380514785647392,3.277904748916626,5.072831630706787,3.020468711853028,0.4343680143356323
789,29801,44,3,1,minus,2,-0.02,0.02,0.0030624063219875,0.003001766745001,4360.0,2048562.5,6149.30678755627,60.76977282641522,1811.0,68.69004821777344,0.0025674765929579,0.0119783859699964,0.0491933897137641,0.0344496145844459,0.010044421069324,0.0135199222713708,6.216831684112549,3.313960075378418,6.278366088867188,0.7253406047821045
789,29801,44,3,2,minus,2,-0.02,0.02,0.0152102718129754,0.0149090886116027,54880.0,69463960.0,1035644.3349528312,155.8336968558102,4644.0,96.0049057006836,0.0020888946019113,0.0492519363760948,0.033308882266283,0.0218277648091316,0.0236985776573419,0.0186962261795997,5.5608625411987305,0.1537047326564788,5.821068286895752,0.7542546987533569
789,29801,44,3,7,minus,2,-0.02,0.02,0.0139875570312142,0.0137105854228138,151308.0,133529040.0,1830761.309346333,241.40129525854837,7194.0,89.26822662353516,0.0008241399773396,0.0486867688596248,0.0172926541417837,0.0131852496415376,0.0318209826946258,0.0380514785647392,3.277904748916626,5.072831630706787,3.020468711853028,0.4343680143356323
789,29801,45,3,1,minus,3,-0.01,0.01,0.0030624063219875,0.0030319348443299,4439.0,2078188.625,6300.932505227655,60.93755243112647,1816.0,68.69004821777344,0.0025674765929579,0.0119783859699964,0.0491933897137641,0.0344496145844459,0.010044421069324,0.0135199222713708,6.216831684112549,3.313960075378418,6.278366088867188,0.7253406047821045
789,29801,45,3,2,minus,3,-0.01,0.01,0.0152102718129754,0.0150589272379875,55243.0,68661320.0,1033965.8219441772,156.26992382805946,4657.0,96.0049057006836,0.0020888946019113,0.0492519363760948,0.033308882266283,0.0218277648091316,0.0236985776573419,0.0186962261795997,5.5608625411987305,0.1537047326564788,5.821068286895752,0.7542546987533569
789,29801,45,3,7,minus,3,-0.01,0.01,0.0139875570312142,0.0138483783230185,151947.0,139633296.0,1933694.709498033,241.9046340726821,7209.0,89.26822662353516,0.0008241399773396,0.0486867688596248,0.0172926541417837,0.0131852496415376,0.0318209826946258,0.0380514785647392,3.277904748916626,5.072831630706787,3.020468711853028,0.4343680143356323
789,29801,46,3,1,minus,4,-0.005,0.005,0.0030624063219875,0.0030471323989331,4424.0,2143690.75,6532.109537618351,61.10533203583772,1821.0,68.69004821777344,0.0025674765929579,0.0119783859699964,0.0491933897137641,0.0344496145844459,0.010044421069324,0.0135199222713708,6.216831684112549,3.313960075378418,6.278366088867188,0.7253406047821045
789,29801,46,3,2,minus,4,-0.005,0.005,0.0152102718129754,0.0151344100013375,55396.0,69723160.0,1055218.8900288567,156.3034797490017,4658.0,96.0049057006836,0.0020888946019113,0.0492519363760948,0.033308882266283,0.0218277648091316,0.0236985776573419,0.0186962261795997,5.5608625411987305,0.1537047326564788,5.821068286895752,0.7542546987533569
789,29801,46,3,7,minus,4,-0.005,0.005,0.0139875570312142,0.0139177935197949,152227.0,139049248.0,1935258.72274676,242.0388577564511,7213.0,89.26822662353516,0.0008241399773396,0.0486867688596248,0.0172926541417837,0.0131852496415376,0.0318209826946258,0.0380514785647392,3.277904748916626,5.072831630706787,3.020468711853028,0.4343680143356323
789,29801,47,3,1,minus,5,-0.0025,0.0025,0.0030624063219875,0.0030547596979886,4415.0,2129473.75,6505.030589424714,61.20599979866447,1824.0,68.69004821777344,0.0025674765929579,0.0119783859699964,0.0491933897137641,0.0344496145844459,0.010044421069324,0.0135199222713708,6.216831684112549,3.313960075378418,6.278366088867188,0.7253406047821045
789,29801,47,3,2,minus,5,-0.0025,0.0025,0.0152102718129754,0.0151722934097051,55408.0,69810392.0,1059183.750470534,156.3705915908862,4660.0,96.0049057006836,0.0020888946019113,0.0492519363760948,0.033308882266283,0.0218277648091316,0.0236985776573419,0.0186962261795997,5.5608625411987305,0.1537047326564788,5.821068286895752,0.7542546987533569
789,29801,47,3,7,minus,5,-0.0025,0.0025,0.0139875570312142,0.0139526315033435,152541.0,140612432.0,1961913.4484849568,242.1730814402201,7217.0,89.26822662353516,0.0008241399773396,0.0486867688596248,0.0172926541417837,0.0131852496415376,0.0318209826946258,0.0380514785647392,3.277904748916626,5.072831630706787,3.020468711853028,0.4343680143356323
789,29801,48,3,1,center,6,0.0,0.0,0.0030624063219875,0.0030624063219875,4384.0,2113571.0,6472.613192369463,61.37377940337572,1829.0,68.69004821777344,0.0025674765929579,0.0119783859699964,0.0491933897137641,0.0344496145844459,0.010044421069324,0.0135199222713708,6.216831684112549,3.313960075378418,6.278366088867188,0.7253406047821045
789,29801,48,3,2,center,6,0.0,0.0,0.0152102718129754,0.0152102718129754,55381.0,70807944.0,1077008.074757941,156.40414751182846,4661.0,96.0049057006836,0.0020888946019113,0.0492519363760948,0.033308882266283,0.0218277648091316,0.0236985776573419,0.0186962261795997,5.5608625411987305,0.1537047326564788,5.821068286895752,0.7542546987533569
789,29801,48,3,7,center,6,0.0,0.0,0.0139875570312142,0.0139875570312142,152657.0,138673040.0,1939697.0556918527,242.30730512398912,7221.0,89.26822662353516,0.0008241399773396,0.0486867688596248,0.0172926541417837,0.0131852496415376,0.0318209826946258,0.0380514785647392,3.277904748916626,5.072831630706787,3.020468711853028,0.4343680143356323
789,29801,49,3,1,plus,7,0.0025,0.0025,0.0030624063219875,0.0030700720380991,4389.0,2085823.0,6403.6268687241245,61.54155900808697,1834.0,68.69004821777344,0.0025674765929579,0.0119783859699964,0.0491933897137641,0.0344496145844459,0.010044421069324,0.0135199222713708,6.216831684112549,3.313960075378418,6.278366088867188,0.7253406047821045
789,29801,49,3,2,plus,7,0.0025,0.0025,0.0152102718129754,0.0152483452111482,55326.0,72251464.0,1101715.265082851,156.4377034327707,4662.0,96.0049057006836,0.0020888946019113,0.0492519363760948,0.033308882266283,0.0218277648091316,0.0236985776573419,0.0186962261795997,5.5608625411987305,0.1537047326564788,5.821068286895752,0.7542546987533569
789,29801,49,3,7,plus,7,0.0025,0.0025,0.0139875570312142,0.0140225701034069,152749.0,139038688.0,1949679.7495657208,242.4415288077581,7225.0,89.26822662353516,0.0008241399773396,0.0486867688596248,0.0172926541417837,0.0131852496415376,0.0318209826946258,0.0380514785647392,3.277904748916626,5.072831630706787,3.020468711853028,0.4343680143356323
789,29801,50,3,1,plus,8,0.005,0.005,0.0030624063219875,0.0030777566134929,4397.0,2053736.75,6320.9018646860495,61.60867084997148,1836.0,68.69004821777344,0.0025674765929579,0.0119783859699964,0.0491933897137641,0.0344496145844459,0.010044421069324,0.0135199222713708,6.216831684112549,3.313960075378418,6.278366088867188,0.7253406047821045
789,29801,50,3,2,plus,8,0.005,0.005,0.0152102718129754,0.0152865136042237,55538.0,70353544.0,1075460.4074613526,156.6390389584242,4668.0,96.0049057006836,0.0020888946019113,0.0492519363760948,0.033308882266283,0.0218277648091316,0.0236985776573419,0.0186962261795997,5.5608625411987305,0.1537047326564788,5.821068286895752,0.7542546987533569
789,29801,50,3,7,plus,8,0.005,0.005,0.0139875570312142,0.014057669788599,152817.0,136606176.0,1920364.51329124,242.50864064964264,7227.0,89.26822662353516,0.0008241399773396,0.0486867688596248,0.0172926541417837,0.0131852496415376,0.0318209826946258,0.0380514785647392,3.277904748916626,5.072831630706787,3.020468711853028,0.4343680143356323
789,29801,51,3,1,plus,9,0.01,0.01,0.0030624063219875,0.0030931839719414,4321.0,2105275.75,6512.00520641706,61.60867084997148,1836.0,68.69004821777344,0.0025674765929579,0.0119783859699964,0.0491933897137641,0.0344496145844459,0.010044421069324,0.0135199222713708,6.216831684112549,3.313960075378418,6.278366088867188,0.7253406047821045
789,29801,51,3,2,plus,9,0.01,0.01,0.0152102718129754,0.0153631381690502,55625.0,70018656.0,1075706.286539197,156.73970672125097,4671.0,96.0049057006836,0.0020888946019113,0.0492519363760948,0.033308882266283,0.0218277648091316,0.0236985776573419,0.0186962261795997,5.5608625411987305,0.1537047326564788,5.821068286895752,0.7542546987533569
789,29801,51,3,7,plus,9,0.01,0.01,0.0139875570312142,0.0141281345859169,153513.0,137671696.0,1945044.2497594503,242.9113117009496,7239.0,89.26822662353516,0.0008241399773396,0.0486867688596248,0.0172926541417837,0.0131852496415376,0.0318209826946258,0.0380514785647392,3.277904748916626,5.072831630706787,3.020468711853028,0.4343680143356323
789,29801,52,3,1,plus,10,0.02,0.02,0.0030624063219875,0.0031242710538208,4355.0,1982784.75,6194.757000382408,62.078453743162974,1850.0,68.69004821777344,0.0025674765929579,0.0119783859699964,0.0491933897137641,0.0344496145844459,0.010044421069324,0.0135199222713708,6.216831684112549,3.313960075378418,6.278366088867188,0.7253406047821045
789,29801,52,3,2,plus,10,0.02,0.02,0.0152102718129754,0.0155175393447279,55746.0,70605784.0,1095628.0311853662,156.9745981678467,4678.0,96.0049057006836,0.0020888946019113,0.0492519363760948,0.033308882266283,0.0218277648091316,0.0236985776573419,0.0186962261795997,5.5608625411987305,0.1537047326564788,5.821068286895752,0.7542546987533569
789,29801,52,3,7,plus,10,0.02,0.02,0.0139875570312142,0.0142701240256428,153843.0,142340896.0,2031222.2398411331,243.04553538471865,7243.0,89.26822662353516,0.0008241399773396,0.0486867688596248,0.0172926541417837,0.0131852496415376,0.0318209826946258,0.0380514785647392,3.277904748916626,5.072831630706787,3.020468711853028,0.4343680143356323
789,29801,53,3,1,plus,11,0.05,0.05,0.0030624063219875,0.0032194191589951,4521.0,2182626.5,7026.789571030531,62.95090768766149,1876.0,68.69004821777344,0.0025674765929579,0.0119783859699964,0.0491933897137641,0.0344496145844459,0.010044421069324,0.0135199222713708,6.216831684112549,3.313960075378418,6.278366088867188,0.7253406047821045
789,29801,53,3,2,plus,11,0.05,0.05,0.0152102718129754,0.0159901194274425,56218.0,76290896.0,1219900.5382665992,157.5114929029227,4694.0,96.0049057006836,0.0020888946019113,0.0492519363760948,0.033308882266283,0.0218277648091316,0.0236985776573419,0.0186962261795997,5.5608625411987305,0.1537047326564788,5.821068286895752,0.7542546987533569
789,29801,53,3,7,plus,11,0.05,0.05,0.0139875570312142,0.0147047145292162,155323.0,148283984.0,2180473.653974876,244.42132814335088,7284.0,89.26822662353516,0.0008241399773396,0.0486867688596248,0.0172926541417837,0.0131852496415376,0.0318209826946258,0.0380514785647392,3.277904748916626,5.072831630706787,3.020468711853028,0.4343680143356323
789,29801,54,3,1,plus,12,0.1,0.1,0.0030624063219875,0.0033844825811684,4604.0,2491904.0,8433.805681943893,64.19247676252475,1913.0,68.69004821777344,0.0025674765929579,0.0119783859699964,0.0491933897137641,0.0344496145844459,0.010044421069324,0.0135199222713708,6.216831684112549,3.313960075378418,6.278366088867188,0.7253406047821045
789,29801,54,3,2,plus,12,0.1,0.1,0.0152102718129754,0.0168099515140056,57039.0,79204832.0,1331429.385594964,158.3839468474212,4720.0,96.0049057006836,0.0020888946019113,0.0492519363760948,0.033308882266283,0.0218277648091316,0.0236985776573419,0.0186962261795997,5.5608625411987305,0.1537047326564788,5.821068286895752,0.7542546987533569
789,29801,54,3,7,plus,12,0.1,0.1,0.0139875570312142,0.0154586415737867,158171.0,159996576.0,2473329.721417129,246.53535116271263,7347.0,89.26822662353516,0.0008241399773396,0.0486867688596248,0.0172926541417837,0.0131852496415376,0.0318209826946258,0.0380514785647392,3.277904748916626,5.072831630706787,3.020468711853028,0.4343680143356323
789,29801,55,3,1,center_duplicate,-1,0.0,0.0,0.0030624063219875,0.0030624063219875,4384.0,2113571.0,6472.613192369463,61.37377940337572,1829.0,68.69004821777344,0.0025674765929579,0.0119783859699964,0.0491933897137641,0.0344496145844459,0.010044421069324,0.0135199222713708,6.216831684112549,3.313960075378418,6.278366088867188,0.7253406047821045
789,29801,55,3,2,center_duplicate,-1,0.0,0.0,0.0152102718129754,0.0152102718129754,55381.0,70807944.0,1077008.074757941,156.40414751182846,4661.0,96.0049057006836,0.0020888946019113,0.0492519363760948,0.033308882266283,0.0218277648091316,0.0236985776573419,0.0186962261795997,5.5608625411987305,0.1537047326564788,5.821068286895752,0.7542546987533569
789,29801,55,3,7,center_duplicate,-1,0.0,0.0,0.0139875570312142,0.0139875570312142,152657.0,138673040.0,1939697.0556918527,242.30730512398912,7221.0,89.26822662353516,0.0008241399773396,0.0486867688596248,0.0172926541417837,0.0131852496415376,0.0318209826946258,0.0380514785647392,3.277904748916626,5.072831630706787,3.020468711853028,0.4343680143356323
789,29801,56,4,1,minus,0,-0.1,0.1,0.0108905816450715,0.0098542058840394,114875.0,34849444.0,343413.59612030163,247.6426965538069,7380.0,33.49873733520508,0.0002443856210447,0.0386488735675811,0.0286058206111192,0.017027685418725,0.0424789972603321,0.0291590932756662,3.127815723419189,7.227877616882324,7.630624294281006,0.9706724286079408
789,29801,56,4,2,minus,0,-0.1,0.1,0.0116654084995388,0.0105552980676293,126293.0,133663160.0,1410854.494461231,208.9191637864501,6226.0,38.7281608581543,0.0025844236370176,0.0295098964124918,0.0405808053910732,0.046412743628025,0.0416797697544097,0.0448324494063854,0.7273001670837402,9.898069381713867,9.137249946594238,0.9603471159934998
789,29801,56,4,7,minus,0,-0.1,0.1,0.0098292483016848,0.008893871679902,4147.0,3923.23681640625,34.89276481498473,24.529378208784937,731.0,4.61674165725708,0.0038823534268885,0.0212451666593551,0.0269096083939075,0.0197803676128387,0.0193378403782844,0.0118202436715364,1.170051097869873,1.0662606954574585,7.525685787200928,0.8699729442596436
789,29801,57,4,1,minus,1,-0.05,0.05,0.0108905816450715,0.0103594418615102,117720.0,36731064.0,380513.3220194131,250.0922787825912,7453.0,33.49873733520508,0.0002443856210447,0.0386488735675811,0.0286058206111192,0.017027685418725,0.0424789972603321,0.0291590932756662,3.127815723419189,7.227877616882324,7.630624294281006,0.9706724286079408
789,29801,57,4,2,minus,1,-0.05,0.05,0.0116654084995388,0.0110964803025126,130239.0,136599968.0,1515778.8542358575,211.73786114559917,6310.0,38.7281608581543,0.0025844236370176,0.0295098964124918,0.0405808053910732,0.046412743628025,0.0416797697544097,0.0448324494063854,0.7273001670837402,9.898069381713867,9.137249946594238,0.9603471159934998
789,29801,57,4,7,minus,1,-0.05,0.05,0.0098292483016848,0.0093498704954981,4331.0,13819.08203125,129.20662735885344,25.60316767893695,763.0,4.61674165725708,0.0038823534268885,0.0212451666593551,0.0269096083939075,0.0197803676128387,0.0193378403782844,0.0118202436715364,1.170051097869873,1.0662606954574585,7.525685787200928,0.8699729442596436
789,29801,58,4,1,minus,2,-0.02,0.02,0.0108905816450715,0.0106749339029192,119590.0,40940088.0,437032.7333796993,251.60229522499245,7498.0,33.49873733520508,0.0002443856210447,0.0386488735675811,0.0286058206111192,0.017027685418725,0.0424789972603321,0.0291590932756662,3.127815723419189,7.227877616882324,7.630624294281006,0.9706724286079408
789,29801,58,4,2,minus,2,-0.02,0.02,0.0116654084995388,0.0114344181492924,132735.0,144785584.0,1655538.9094455093,213.41565719271165,6360.0,38.7281608581543,0.0025844236370176,0.0295098964124918,0.0405808053910732,0.046412743628025,0.0416797697544097,0.0448324494063854,0.7273001670837402,9.898069381713867,9.137249946594238,0.9603471159934998
789,29801,58,4,7,minus,2,-0.02,0.02,0.0098292483016848,0.0096346158534288,4284.0,14602.189453125,140.68648599984954,26.1065064930707,778.0,4.61674165725708,0.0038823534268885,0.0212451666593551,0.0269096083939075,0.0197803676128387,0.0193378403782844,0.0118202436715364,1.170051097869873,1.0662606954574585,7.525685787200928,0.8699729442596436
789,29801,59,4,1,minus,3,-0.01,0.01,0.0108905816450715,0.0107822185382246,120135.0,41569704.0,448213.6330973133,252.00496627629943,7510.0,33.49873733520508,0.0002443856210447,0.0386488735675811,0.0286058206111192,0.017027685418725,0.0424789972603321,0.0291590932756662,3.127815723419189,7.227877616882324,7.630624294281006,0.9706724286079408
789,29801,59,4,2,minus,3,-0.01,0.01,0.0116654084995388,0.0115493359044194,133856.0,147345888.0,1701747.1546469629,214.1203315324989,6381.0,38.7281608581543,0.0025844236370176,0.0295098964124918,0.0405808053910732,0.046412743628025,0.0416797697544097,0.0448324494063854,0.7273001670837402,9.898069381713867,9.137249946594238,0.9603471159934998
789,29801,59,4,7,minus,3,-0.01,0.01,0.0098292483016848,0.0097314454615116,4308.0,16085.3505859375,156.53371195634463,26.2407301768397,782.0,4.61674165725708,0.0038823534268885,0.0212451666593551,0.0269096083939075,0.0197803676128387,0.0193378403782844,0.0118202436715364,1.170051097869873,1.0662606954574585,7.525685787200928,0.8699729442596436
789,29801,60,4,1,minus,4,-0.005,0.005,0.0108905816450715,0.0108362641185522,120667.0,41874720.0,453765.5258104205,252.54186101137543,7526.0,33.49873733520508,0.0002443856210447,0.0386488735675811,0.0286058206111192,0.017027685418725,0.0424789972603321,0.0291590932756662,3.127815723419189,7.227877616882324,7.630624294281006,0.9706724286079408
789,29801,60,4,2,minus,4,-0.005,0.005,0.0116654084995388,0.0116072269156575,133851.0,148336032.0,1721769.9831922352,214.22099929532564,6384.0,38.7281608581543,0.0025844236370176,0.0295098964124918,0.0405808053910732,0.046412743628025,0.0416797697544097,0.0448324494063854,0.7273001670837402,9.898069381713867,9.137249946594238,0.9603471159934998
789,29801,60,4,7,minus,4,-0.005,0.005,0.0098292483016848,0.0097802244126796,4349.0,12200.2685546875,119.32136435980284,26.408509781550958,787.0,4.61674165725708,0.0038823534268885,0.0212451666593551,0.0269096083939075,0.0197803676128387,0.0193378403782844,0.0118202436715364,1.170051097869873,1.0662606954574585,7.525685787200928,0.8699729442596436
789,29801,61,4,1,minus,5,-0.0025,0.0025,0.0108905816450715,0.0108633888885378,120919.0,42216916.0,458618.7761827372,252.74319653702892,7532.0,33.49873733520508,0.0002443856210447,0.0386488735675811,0.0286058206111192,0.017027685418725,0.0424789972603321,0.0291590932756662,3.127815723419189,7.227877616882324,7.630624294281006,0.9706724286079408
789,29801,61,4,2,minus,5,-0.0025,0.0025,0.0116654084995388,0.0116362813860178,133909.0,150156928.0,1747268.266268015,214.2881111372101,6386.0,38.7281608581543,0.0025844236370176,0.0295098964124918,0.0405808053910732,0.046412743628025,0.0416797697544097,0.0448324494063854,0.7273001670837402,9.898069381713867,9.137249946594238,0.9603471159934998
789,29801,61,4,7,minus,5,-0.0025,0.0025,0.0098292483016848,0.0098047060891985,4369.0,12152.345703125,119.150177913476,26.47562162343545,789.0,4.61674165725708,0.0038823534268885,0.0212451666593551,0.0269096083939075,0.0197803676128387,0.0193378403782844,0.0118202436715364,1.170051097869873,1.0662606954574585,7.525685787200928,0.8699729442596436
789,29801,62,4,1,center,6,0.0,0.0,0.0108905816450715,0.0108905816450715,120877.0,42723620.0,465285.0717830099,252.74319653702892,7532.0,33.49873733520508,0.0002443856210447,0.0386488735675811,0.0286058206111192,0.017027685418725,0.0424789972603321,0.0291590932756662,3.127815723419189,7.227877616882324,7.630624294281006,0.9706724286079408
789,29801,62,4,2,center,6,0.0,0.0,0.0116654084995388,0.0116654084995388,134042.0,151501328.0,1767324.8793426305,214.5230025838059,6393.0,38.7281608581543,0.0025844236370176,0.0295098964124918,0.0405808053910732,0.046412743628025,0.0416797697544097,0.0448324494063854,0.7273001670837402,9.898069381713867,9.137249946594238,0.9603471159934998
789,29801,62,4,7,center,6,0.0,0.0,0.0098292483016848,0.0098292483016848,4364.0,12749.8896484375,125.32183117357364,26.509177544377703,790.0,4.61674165725708,0.0038823534268885,0.0212451666593551,0.0269096083939075,0.0197803676128387,0.0193378403782844,0.0118202436715364,1.170051097869873,1.0662606954574585,7.525685787200928,0.8699729442596436
789,29801,63,4,1,plus,7,0.0025,0.0025,0.0108905816450715,0.010917842388153,120833.0,43521128.0,475156.8160586357,252.74319653702892,7532.0,33.49873733520508,0.0002443856210447,0.0386488735675811,0.0286058206111192,0.017027685418725,0.0424789972603321,0.0291590932756662,3.127815723419189,7.227877616882324,7.630624294281006,0.9706724286079408
789,29801,63,4,2,plus,7,0.0025,0.0025,0.0116654084995388,0.0116946091875433,134530.0,151885696.0,1776243.855898023,214.7243381094594,6399.0,38.7281608581543,0.0025844236370176,0.0295098964124918,0.0405808053910732,0.046412743628025,0.0416797697544097,0.0448324494063854,0.7273001670837402,9.898069381713867,9.137249946594238,0.9603471159934998
789,29801,63,4,7,plus,7,0.0025,0.0025,0.0098292483016848,0.0098538529127836,4377.0,12383.130859375,122.02155008803312,26.542733465319955,791.0,4.61674165725708,0.0038823534268885,0.0212451666593551,0.0269096083939075,0.0197803676128387,0.0193378403782844,0.0118202436715364,1.170051097869873,1.0662606954574585,7.525685787200928,0.8699729442596436
789,29801,64,4,1,plus,8,0.005,0.005,0.0108905816450715,0.0109451711177825,120788.0,43170896.0,472512.84402799606,252.7096406160867,7531.0,33.49873733520508,0.0002443856210447,0.0386488735675811,0.0286058206111192,0.017027685418725,0.0424789972603321,0.0291590932756662,3.127815723419189,7.227877616882324,7.630624294281006,0.9706724286079408
789,29801,64,4,2,plus,8,0.005,0.005,0.0116654084995388,0.0117238815873861,135468.0,151361728.0,1774546.9759341478,215.0598973188819,6409.0,38.7281608581543,0.0025844236370176,0.0295098964124918,0.0405808053910732,0.046412743628025,0.0416797697544097,0.0448324494063854,0.7273001670837402,9.898069381713867,9.137249946594238,0.9603471159934998
789,29801,64,4,7,plus,8,0.005,0.005,0.0098292483016848,0.0098785171285271,4372.0,11956.93359375,118.11677331052124,26.643401228146704,794.0,4.61674165725708,0.0038823534268885,0.0212451666593551,0.0269096083939075,0.0197803676128387,0.0193378403782844,0.0118202436715364,1.170051097869873,1.0662606954574585,7.525685787200928,0.8699729442596436
789,29801,65,4,1,plus,9,0.01,0.01,0.0108905816450715,0.011000033468008,120955.0,43444884.0,477895.1780137271,252.9780879836247,7539.0,33.49873733520508,0.0002443856210447,0.0386488735675811,0.0286058206111192,0.017027685418725,0.0424789972603321,0.0291590932756662,3.127815723419189,7.227877616882324,7.630624294281006,0.9706724286079408
789,29801,65,4,2,plus,9,0.01,0.01,0.0116654084995388,0.0117826480418443,135743.0,152432464.0,1796058.073463112,215.29478876547765,6416.0,38.7281608581543,0.0025844236370176,0.0295098964124918,0.0405808053910732,0.046412743628025,0.0416797697544097,0.0448324494063854,0.7273001670837402,9.898069381713867,9.137249946594238,0.9603471159934998
789,29801,65,4,7,plus,9,0.01,0.01,0.0098292483016848,0.0099280336871743,4332.0,13408.2275390625,133.11733469311093,26.710513070031205,796.0,4.61674165725708,0.0038823534268885,0.0212451666593551,0.0269096083939075,0.0197803676128387,0.0193378403782844,0.0118202436715364,1.170051097869873,1.0662606954574585,7.525685787200928,0.8699729442596436
789,29801,66,4,1,plus,10,0.02,0.02,0.0108905816450715,0.0111105861142277,121834.0,43394220.0,482135.21816974506,253.61565048152744,7558.0,33.49873733520508,0.0002443856210447,0.0386488735675811,0.0286058206111192,0.017027685418725,0.0424789972603321,0.0291590932756662,3.127815723419189,7.227877616882324,7.630624294281006,0.9706724286079408
789,29801,66,4,2,plus,10,0.02,0.02,0.0116654084995388,0.0119010647758841,136026.0,157434896.0,1873642.8952805847,215.5296802120734,6423.0,38.7281608581543,0.0025844236370176,0.0295098964124918,0.0405808053910732,0.046412743628025,0.0416797697544097,0.0448324494063854,0.7273001670837402,9.898069381713867,9.137249946594238,0.9603471159934998
789,29801,66,4,7,plus,10,0.02,0.02,0.0098292483016848,0.0100278118625283,4339.0,11519.7138671875,115.51752337031483,26.878292674742458,801.0,4.61674165725708,0.0038823534268885,0.0212451666593551,0.0269096083939075,0.0197803676128387,0.0193378403782844,0.0118202436715364,1.170051097869873,1.0662606954574585,7.525685787200928,0.8699729442596436
789,29801,67,4,1,plus,11,0.05,0.05,0.0108905816450715,0.0114489533007144,123977.0,43860296.0,502154.48065951467,255.22633468675545,7606.0,33.49873733520508,0.0002443856210447,0.0386488735675811,0.0286058206111192,0.017027685418725,0.0424789972603321,0.0291590932756662,3.127815723419189,7.227877616882324,7.630624294281006,0.9706724286079408
789,29801,67,4,2,plus,11,0.05,0.05,0.0116654084995388,0.0122635066509246,138025.0,167296672.0,2051643.849749565,217.03969665447468,6468.0,38.7281608581543,0.0025844236370176,0.0295098964124918,0.0405808053910732,0.046412743628025,0.0416797697544097,0.0448324494063854,0.7273001670837402,9.898069381713867,9.137249946594238,0.9603471159934998
789,29801,67,4,7,plus,11,0.05,0.05,0.0098292483016848,0.0103332046419382,4378.0,11532.720703125,119.16996310370814,27.31451964699171,814.0,4.61674165725708,0.0038823534268885,0.0212451666593551,0.0269096083939075,0.0197803676128387,0.0193378403782844,0.0118202436715364,1.170051097869873,1.0662606954574585,7.525685787200928,0.8699729442596436
789,29801,68,4,1,plus,12,0.1,0.1,0.0108905816450715,0.0120359547436237,126134.0,47476972.0,571430.6863562912,257.30680178517497,7668.0,33.49873733520508,0.0002443856210447,0.0386488735675811,0.0286058206111192,0.017027685418725,0.0424789972603321,0.0291590932756662,3.127815723419189,7.227877616882324,7.630624294281006,0.9706724286079408
789,29801,68,4,2,plus,12,0.1,0.1,0.0116654084995388,0.0128922704607248,142267.0,180161360.0,2322688.979692012,220.12684138116168,6560.0,38.7281608581543,0.0025844236370176,0.0295098964124918,0.0405808053910732,0.046412743628025,0.0416797697544097,0.0448324494063854,0.7273001670837402,9.898069381713867,9.137249946594238,0.9603471159934998
789,29801,68,4,7,plus,12,0.1,0.1,0.0098292483016848,0.0108629995957016,4539.0,19682.845703125,213.8147449153057,28.55608872185497,851.0,4.61674165725708,0.0038823534268885,0.0212451666593551,0.0269096083939075,0.0197803676128387,0.0193378403782844,0.0118202436715364,1.170051097869873,1.0662606954574585,7.525685787200928,0.8699729442596436
789,29801,69,4,1,center_duplicate,-1,0.0,0.0,0.0108905816450715,0.0108905816450715,120877.0,42723620.0,465285.0717830099,252.74319653702892,7532.0,33.49873733520508,0.0002443856210447,0.0386488735675811,0.0286058206111192,0.017027685418725,0.0424789972603321,0.0291590932756662,3.127815723419189,7.227877616882324,7.630624294281006,0.9706724286079408
789,29801,69,4,2,center_duplicate,-1,0.0,0.0,0.0116654084995388,0.0116654084995388,134042.0,151501328.0,1767324.8793426305,214.5230025838059,6393.0,38.7281608581543,0.0025844236370176,0.0295098964124918,0.0405808053910732,0.046412743628025,0.0416797697544097,0.0448324494063854,0.7273001670837402,9.898069381713867,9.137249946594238,0.9603471159934998
789,29801,69,4,7,center_duplicate,-1,0.0,0.0,0.0098292483016848,0.0098292483016848,4364.0,12749.8896484375,125.32183117357364,26.509177544377703,790.0,4.61674165725708,0.0038823534268885,0.0212451666593551,0.0269096083939075,0.0197803676128387,0.0193378403782844,0.0118202436715364,1.170051097869873,1.0662606954574585,7.525685787200928,0.8699729442596436
789,29801,70,5,1,minus,0,-0.1,0.1,0.0129776550456881,0.0117426682263612,7055.0,1231109.875,14456.5148123221,88.88963457602094,2649.0,24.337238311767575,0.0024092399980872,0.0323095433413982,0.0223913118243217,0.0126002123579382,0.0246993713080883,0.0182983670383691,7.951542377471924,8.247520446777344,4.818588733673096,0.2670776546001434
789,29801,70,5,2,minus,0,-0.1,0.1,0.0048190923407673,0.0043604951351881,5739.0,966021.9375,4212.333958953735,58.25307875574645,1736.0,31.63585090637207,0.0015944018959999,0.017833586782217,0.0103708188980817,0.0133877424523234,0.0142292836681008,0.0478997603058815,6.824490547180176,1.2873531579971311,2.1796975135803223,0.67423015832901
789,29801,70,5,7,minus,0,-0.1,0.1,0.0127071822062134,0.0114979343488812,67960.0,12854676.0,147802.22072413936,163.82000604006575,4882.0,26.436113357543945,0.0015469755744561,0.037771038711071,0.0138946194201707,0.0293865650892257,0.0210106670856475,0.0406164526939392,2.290356397628784,4.109940528869629,6.244213104248047,0.661459743976593
789,29801,71,5,1,minus,1,-0.05,0.05,0.0129776550456881,0.0123447272926568,7309.0,1267826.875,15650.977026176406,90.23187141371096,2689.0,24.337238311767575,0.0024092399980872,0.0323095433413982,0.0223913118243217,0.0126002123579382,0.0246993713080883,0.0182983670383691,7.951542377471924,8.247520446777344,4.818588733673096,0.2670776546001434
789,29801,71,5,2,minus,1,-0.05,0.05,0.0048190923407673,0.0045840623788535,6152.0,1212256.375,5557.058842162893,59.89731888191671,1785.0,31.63585090637207,0.0015944018959999,0.017833586782217,0.0103708188980817,0.0133877424523234,0.0142292836681008,0.0478997603058815,6.824490547180176,1.2873531579971311,2.1796975135803223,0.67423015832901
789,29801,71,5,7,minus,1,-0.05,0.05,0.0127071822062134,0.012087445706129,70666.0,13718741.0,165824.53699394688,167.1084862924063,4980.0,26.436113357543945,0.0015469755744561,0.037771038711071,0.0138946194201707,0.0293865650892257,0.0210106670856475,0.0406164526939392,2.290356397628784,4.109940528869629,6.244213104248047,0.661459743976593
789,29801,72,5,1,minus,2,-0.02,0.02,0.0129776550456881,0.0127206807956099,7349.0,1377762.875,17526.081744916853,90.50031878124896,2697.0,24.337238311767575,0.0024092399980872,0.0323095433413982,0.0223913118243217,0.0126002123579382,0.0246993713080883,0.0182983670383691,7.951542377471924,8.247520446777344,4.818588733673096,0.2670776546001434
789,29801,72,5,2,minus,2,-0.02,0.02,0.0048190923407673,0.0047236680984497,6253.0,1143970.25,5403.735775500536,60.60199322170397,1806.0,31.63585090637207,0.0015944018959999,0.017833586782217,0.0103708188980817,0.0133877424523234,0.0142292836681008,0.0478997603058815,6.824490547180176,1.2873531579971311,2.1796975135803223,0.67423015832901
789,29801,72,5,7,minus,2,-0.02,0.02,0.0127071822062134,0.0124555630609393,72400.0,14911104.0,185726.1961802244,169.1218415489413,5040.0,26.436113357543945,0.0015469755744561,0.037771038711071,0.0138946194201707,0.0293865650892257,0.0210106670856475,0.0406164526939392,2.290356397628784,4.109940528869629,6.244213104248047,0.661459743976593
789,29801,73,5,1,minus,3,-0.01,0.01,0.0129776550456881,0.0128485253080725,7366.0,1426388.375,18326.987135328003,90.7352102278447,2704.0,24.337238311767575,0.0024092399980872,0.0323095433413982,0.0223913118243217,0.0126002123579382,0.0246993713080883,0.0182983670383691,7.951542377471924,8.247520446777344,4.818588733673096,0.2670776546001434
789,29801,73,5,2,minus,3,-0.01,0.01,0.0048190923407673,0.0047711418010294,6324.0,1227660.875,5857.344118200883,60.83688466829972,1813.0,31.63585090637207,0.0015944018959999,0.017833586782217,0.0103708188980817,0.0133877424523234,0.0142292836681008,0.0478997603058815,6.824490547180176,1.2873531579971311,2.1796975135803223,0.67423015832901
789,29801,73,5,7,minus,3,-0.01,0.01,0.0127071822062134,0.0125807439908385,72830.0,14935688.0,187902.0670550391,169.6587362840173,5056.0,26.436113357543945,0.0015469755744561,0.037771038711071,0.0138946194201707,0.0293865650892257,0.0210106670856475,0.0406164526939392,2.290356397628784,4.109940528869629,6.244213104248047,0.661459743976593
789,29801,74,5,1,minus,4,-0.005,0.005,0.0129776550456881,0.0129129281267523,7335.0,1419315.875,18327.52388303366,91.0036575953827,2712.0,24.337238311767575,0.0024092399980872,0.0323095433413982,0.0223913118243217,0.0126002123579382,0.0246993713080883,0.0182983670383691,7.951542377471924,8.247520446777344,4.818588733673096,0.2670776546001434
789,29801,74,5,2,minus,4,-0.005,0.005,0.0048190923407673,0.0047950567677617,6419.0,1230684.125,5901.200242558145,61.00466427301097,1818.0,31.63585090637207,0.0015944018959999,0.017833586782217,0.0103708188980817,0.0133877424523234,0.0142292836681008,0.0478997603058815,6.824490547180176,1.2873531579971311,2.1796975135803223,0.67423015832901
789,29801,74,5,7,minus,4,-0.005,0.005,0.0127071822062134,0.0126438047736883,73115.0,15579636.0,196985.87602912635,169.89362773061305,5063.0,26.436113357543945,0.0015469755744561,0.037771038711071,0.0138946194201707,0.0293865650892257,0.0210106670856475,0.0406164526939392,2.290356397628784,4.109940528869629,6.244213104248047,0.661459743976593
789,29801,75,5,1,minus,5,-0.0025,0.0025,0.0129776550456881,0.0129452515393495,7350.0,1434276.5,18567.070069477893,91.03721351632495,2713.0,24.337238311767575,0.0024092399980872,0.0323095433413982,0.0223913118243217,0.0126002123579382,0.0246993713080883,0.0182983670383691,7.951542377471924,8.247520446777344,4.818588733673096,0.2670776546001434
789,29801,75,5,2,minus,5,-0.0025,0.0025,0.0048190923407673,0.0048070596531033,6415.0,1214127.375,5836.382718090783,61.13888795677997,1822.0,31.63585090637207,0.0015944018959999,0.017833586782217,0.0103708188980817,0.0133877424523234,0.0142292836681008,0.0478997603058815,6.824490547180176,1.2873531579971311,2.1796975135803223,0.67423015832901
789,29801,75,5,7,minus,5,-0.0025,0.0025,0.0127071822062134,0.0126754539087414,73475.0,15789204.0,200135.3275577165,170.22918694003556,5073.0,26.436113357543945,0.0015469755744561,0.037771038711071,0.0138946194201707,0.0293865650892257,0.0210106670856475,0.0406164526939392,2.290356397628784,4.109940528869629,6.244213104248047,0.661459743976593
789,29801,76,5,1,center,6,0.0,0.0,0.0129776550456881,0.0129776550456881,7363.0,1460766.375,18957.32211709034,90.97010167444044,2711.0,24.337238311767575,0.0024092399980872,0.0323095433413982,0.0223913118243217,0.0126002123579382,0.0246993713080883,0.0182983670383691,7.951542377471924,8.247520446777344,4.818588733673096,0.2670776546001434
789,29801,76,5,2,center,6,0.0,0.0,0.0048190923407673,0.0048190923407673,6391.0,1183563.0,5703.699388115667,61.20599979866447,1824.0,31.63585090637207,0.0015944018959999,0.017833586782217,0.0103708188980817,0.0133877424523234,0.0142292836681008,0.0478997603058815,6.824490547180176,1.2873531579971311,2.1796975135803223,0.67423015832901
789,29801,76,5,7,center,6,0.0,0.0,0.0127071822062134,0.0127071822062134,73880.0,15789291.0,200637.39764392652,170.5311902285158,5082.0,26.436113357543945,0.0015469755744561,0.037771038711071,0.0138946194201707,0.0293865650892257,0.0210106670856475,0.0406164526939392,2.290356397628784,4.109940528869629,6.244213104248047,0.661459743976593
789,29801,77,5,1,plus,7,0.0025,0.0025,0.0129776550456881,0.0130101405084133,7372.0,1485774.0,19330.128503747284,91.0707694372672,2714.0,24.337238311767575,0.0024092399980872,0.0323095433413982,0.0223913118243217,0.0126002123579382,0.0246993713080883,0.0182983670383691,7.951542377471924,8.247520446777344,4.818588733673096,0.2670776546001434
789,29801,77,5,2,plus,7,0.0025,0.0025,0.0048190923407673,0.004831155296415,6439.0,1189413.125,5746.239518469374,61.27311164054897,1826.0,31.63585090637207,0.0015944018959999,0.017833586782217,0.0103708188980817,0.0133877424523234,0.0142292836681008,0.0478997603058815,6.824490547180176,1.2873531579971311,2.1796975135803223,0.67423015832901
789,29801,77,5,7,plus,7,0.0025,0.0025,0.0127071822062134,0.0127389905974268,74113.0,16128341.0,205458.78435109463,170.83319351699606,5091.0,26.436113357543945,0.0015469755744561,0.037771038711071,0.0138946194201707,0.0293865650892257,0.0210106670856475,0.0406164526939392,2.290356397628784,4.109940528869629,6.244213104248047,0.661459743976593
789,29801,78,5,1,plus,8,0.005,0.005,0.0129776550456881,0.0130427060648798,7391.0,1522112.5,19852.465935179494,91.03721351632495,2713.0,24.337238311767575,0.0024092399980872,0.0323095433413982,0.0223913118243217,0.0126002123579382,0.0246993713080883,0.0182983670383691,7.951542377471924,8.247520446777344,4.818588733673096,0.2670776546001434
789,29801,78,5,2,plus,8,0.005,0.005,0.0048190923407673,0.0048432480543851,6444.0,1195914.5,5792.110575336032,61.30666756149122,1827.0,31.63585090637207,0.0015944018959999,0.017833586782217,0.0103708188980817,0.0133877424523234,0.0142292836681008,0.0478997603058815,6.824490547180176,1.2873531579971311,2.1796975135803223,0.67423015832901
789,29801,78,5,7,plus,8,0.005,0.005,0.0127071822062134,0.0127708772197365,74057.0,15878844.0,202786.7671153508,170.90030535888056,5093.0,26.436113357543945,0.0015469755744561,0.037771038711071,0.0138946194201707,0.0293865650892257,0.0210106670856475,0.0406164526939392,2.290356397628784,4.109940528869629,6.244213104248047,0.661459743976593
789,29801,79,5,1,plus,9,0.01,0.01,0.0129776550456881,0.0131080830469727,7348.0,1506313.125,19744.877537245047,91.0036575953827,2712.0,24.337238311767575,0.0024092399980872,0.0323095433413982,0.0223913118243217,0.0126002123579382,0.0246993713080883,0.0182983670383691,7.951542377471924,8.247520446777344,4.818588733673096,0.2670776546001434
789,29801,79,5,2,plus,9,0.01,0.01,0.0048190923407673,0.0048675253055989,6452.0,1225125.25,5963.32815690327,61.17244387772222,1823.0,31.63585090637207,0.0015944018959999,0.017833586782217,0.0103708188980817,0.0133877424523234,0.0142292836681008,0.0478997603058815,6.824490547180176,1.2873531579971311,2.1796975135803223,0.67423015832901
789,29801,79,5,7,plus,9,0.01,0.01,0.0127071822062134,0.0128348916769027,74292.0,15939695.0,204584.2586878687,171.2694204892453,5104.0,26.436113357543945,0.0015469755744561,0.037771038711071,0.0138946194201707,0.0293865650892257,0.0210106670856475,0.0406164526939392,2.290356397628784,4.109940528869629,6.244213104248047,0.661459743976593
789,29801,80,5,1,plus,10,0.02,0.02,0.0129776550456881,0.0132398204877972,7524.0,1441332.875,19082.988528160728,91.57410825140096,2729.0,24.337238311767575,0.0024092399980872,0.0323095433413982,0.0223913118243217,0.0126002123579382,0.0246993713080883,0.0182983670383691,7.951542377471924,8.247520446777344,4.818588733673096,0.2670776546001434
789,29801,80,5,2,plus,10,0.02,0.02,0.0048190923407673,0.0049164444208145,6685.0,1188748.875,5844.41777424328,61.60867084997148,1836.0,31.63585090637207,0.0015944018959999,0.017833586782217,0.0103708188980817,0.0133877424523234,0.0142292836681008,0.0478997603058815,6.824490547180176,1.2873531579971311,2.1796975135803223,0.67423015832901
789,29801,80,5,7,plus,10,0.02,0.02,0.0127071822062134,0.0129638845100998,74847.0,16091822.0,208612.5219650846,171.63853561961008,5115.0,26.436113357543945,0.0015469755744561,0.037771038711071,0.0138946194201707,0.0293865650892257,0.0210106670856475,0.0406164526939392,2.290356397628784,4.109940528869629,6.244213104248047,0.661459743976593
789,29801,81,5,1,plus,11,0.05,0.05,0.0129776550456881,0.0136430338025093,7576.0,1413556.625,19285.200816635974,92.17811482836146,2747.0,24.337238311767575,0.0024092399980872,0.0323095433413982,0.0223913118243217,0.0126002123579382,0.0246993713080883,0.0182983670383691,7.951542377471924,8.247520446777344,4.818588733673096,0.2670776546001434
789,29801,81,5,2,plus,11,0.05,0.05,0.0048190923407673,0.0050661722198128,6712.0,1168985.0,5922.279332377948,62.31334518975873,1857.0,31.63585090637207,0.0015944018959999,0.017833586782217,0.0103708188980817,0.0133877424523234,0.0142292836681008,0.0478997603058815,6.824490547180176,1.2873531579971311,2.1796975135803223,0.67423015832901
789,29801,81,5,7,plus,11,0.05,0.05,0.0127071822062134,0.0133586935698986,77028.0,17256828.0,230528.6772404462,174.08811784839435,5188.0,26.436113357543945,0.0015469755744561,0.037771038711071,0.0138946194201707,0.0293865650892257,0.0210106670856475,0.0406164526939392,2.290356397628784,4.109940528869629,6.244213104248047,0.661459743976593
789,29801,82,5,1,plus,12,0.1,0.1,0.0129776550456881,0.0143425278365612,7960.0,1532848.625,21984.924073297065,93.25190429851348,2779.0,24.337238311767575,0.0024092399980872,0.0323095433413982,0.0223913118243217,0.0126002123579382,0.0246993713080883,0.0182983670383691,7.951542377471924,8.247520446777344,4.818588733673096,0.2670776546001434
789,29801,82,5,2,plus,12,0.1,0.1,0.0048190923407673,0.0053259208798408,6908.0,1388587.25,7395.5058282557875,63.45424650179524,1891.0,31.63585090637207,0.0015944018959999,0.017833586782217,0.0103708188980817,0.0133877424523234,0.0142292836681008,0.0478997603058815,6.824490547180176,1.2873531579971311,2.1796975135803223,0.67423015832901
789,29801,82,5,7,plus,12,0.1,0.1,0.0127071822062134,0.0140436086803674,79855.0,18206890.0,255690.43844649568,177.3430421797926,5285.0,26.436113357543945,0.0015469755744561,0.037771038711071,0.0138946194201707,0.0293865650892257,0.0210106670856475,0.0406164526939392,2.290356397628784,4.109940528869629,6.244213104248047,0.661459743976593
789,29801,83,5,1,center_duplicate,-1,0.0,0.0,0.0129776550456881,0.0129776550456881,7363.0,1460766.375,18957.32211709034,90.97010167444044,2711.0,24.337238311767575,0.0024092399980872,0.0323095433413982,0.0223913118243217,0.0126002123579382,0.0246993713080883,0.0182983670383691,7.951542377471924,8.247520446777344,4.818588733673096,0.2670776546001434
789,29801,83,5,2,center_duplicate,-1,0.0,0.0,0.0048190923407673,0.0048190923407673,6391.0,1183563.0,5703.699388115667,61.20599979866447,1824.0,31.63585090637207,0.0015944018959999,0.017833586782217,0.0103708188980817,0.0133877424523234,0.0142292836681008,0.0478997603058815,6.824490547180176,1.2873531579971311,2.1796975135803223,0.67423015832901
789,29801,83,5,7,center_duplicate,-1,0.0,0.0,0.0127071822062134,0.0127071822062134,73880.0,15789291.0,200637.39764392652,170.5311902285158,5082.0,26.436113357543945,0.0015469755744561,0.037771038711071,0.0138946194201707,0.0293865650892257,0.0210106670856475,0.0406164526939392,2.290356397628784,4.109940528869629,6.244213104248047,0.661459743976593
789,29801,84,6,1,minus,0,-0.1,0.1,0.0181871354579925,0.0164564009755849,8716.0,16765091.0,275893.05988817103,83.72202275091439,2495.0,96.47991180419922,0.0048798769712448,0.024111283943057,0.0158774796873331,0.0440637469291687,0.0474523864686489,0.024348696693778,1.714741349220276,2.418577194213867,1.9084950685501096,0.6177399754524231
789,29801,84,6,2,minus,0,-0.1,0.1,0.0160542204976081,0.0145264593884348,19377.0,57024908.0,828370.0101912357,99.92953256602128,2978.0,71.22661590576172,0.0039985030889511,0.0333226099610328,0.0489875711500644,0.01973164267838,0.01786351762712,0.0135439438745379,8.574448585510254,3.511550188064575,4.462161540985107,0.4764463901519775
789,29801,84,6,7,minus,0,-0.1,0.1,0.0183411631733179,0.016595771536231,29305.0,7740970.5,128467.37788670415,108.2849568806416,3227.0,18.03076934814453,0.0031880333553999,0.013988914899528,0.0495886579155921,0.0488165244460105,0.0375402271747589,0.029685191810131,5.470731735229492,2.148503541946411,4.848639011383057,0.7454955577850342
789,29801,85,6,1,minus,1,-0.05,0.05,0.0181871354579925,0.0173001382499933,9224.0,19725128.0,341247.4413988143,84.42669709070165,2516.0,96.47991180419922,0.0048798769712448,0.024111283943057,0.0158774796873331,0.0440637469291687,0.0474523864686489,0.024348696693778,1.714741349220276,2.418577194213867,1.9084950685501096,0.6177399754524231
789,29801,85,6,2,minus,1,-0.05,0.05,0.0160542204976081,0.0152712473645806,19471.0,61635224.0,941246.7520753368,100.46642730109728,2994.0,71.22661590576172,0.0039985030889511,0.0333226099610328,0.0489875711500644,0.01973164267838,0.01786351762712,0.0135439438745379,8.574448585510254,3.511550188064575,4.462161540985107,0.4764463901519775
789,29801,85,6,7,minus,1,-0.05,0.05,0.0183411631733179,0.0174466539174318,29766.0,8680318.0,151442.50403925404,109.39230227173584,3260.0,18.03076934814453,0.0031880333553999,0.013988914899528,0.0495886579155921,0.0488165244460105,0.0375402271747589,0.029685191810131,5.470731735229492,2.148503541946411,4.848639011383057,0.7454955577850342
789,29801,86,6,1,minus,2,-0.02,0.02,0.0181871354579925,0.0178270060569047,9418.0,21871728.0,389907.42753097415,84.9971477467199,2533.0,96.47991180419922,0.0048798769712448,0.024111283943057,0.0158774796873331,0.0440637469291687,0.0474523864686489,0.024348696693778,1.714741349220276,2.418577194213867,1.9084950685501096,0.6177399754524231
789,29801,86,6,2,minus,2,-0.02,0.02,0.0160542204976081,0.0157363265752792,19589.0,65741660.0,1034532.231360972,100.80198651051975,3004.0,71.22661590576172,0.0039985030889511,0.0333226099610328,0.0489875711500644,0.01973164267838,0.01786351762712,0.0135439438745379,8.574448585510254,3.511550188064575,4.462161540985107,0.4764463901519775
789,29801,86,6,7,minus,2,-0.02,0.02,0.0183411631733179,0.0179779846221208,30424.0,9155250.0,164592.94371167198,110.19764437434984,3284.0,18.03076934814453,0.0031880333553999,0.013988914899528,0.0495886579155921,0.0488165244460105,0.0375402271747589,0.029685191810131,5.470731735229492,2.148503541946411,4.848639011383057,0.7454955577850342
789,29801,87,6,1,minus,3,-0.01,0.01,0.0181871354579925,0.018006170168519,9409.0,20812532.0,374753.9928297475,85.16492735143116,2538.0,96.47991180419922,0.0048798769712448,0.024111283943057,0.0158774796873331,0.0440637469291687,0.0474523864686489,0.024348696693778,1.714741349220276,2.418577194213867,1.9084950685501096,0.6177399754524231
789,29801,87,6,2,minus,3,-0.01,0.01,0.0160542204976081,0.0158944781869649,19692.0,65602652.0,1042719.9212210552,101.03687795711552,3011.0,71.22661590576172,0.0039985030889511,0.0333226099610328,0.0489875711500644,0.01973164267838,0.01786351762712,0.0135439438745379,8.574448585510254,3.511550188064575,4.462161540985107,0.4764463901519775
789,29801,87,6,7,minus,3,-0.01,0.01,0.0183411631733179,0.0181586649268865,30842.0,9370922.0,170163.43265398964,110.80165095131036,3302.0,18.03076934814453,0.0031880333553999,0.013988914899528,0.0495886579155921,0.0488165244460105,0.0375402271747589,0.029685191810131,5.470731735229492,2.148503541946411,4.848639011383057,0.7454955577850342
789,29801,88,6,1,minus,4,-0.005,0.005,0.0181871354579925,0.0180964265018701,9176.0,21351016.0,386377.0917842537,84.9971477467199,2533.0,96.47991180419922,0.0048798769712448,0.024111283943057,0.0158774796873331,0.0440637469291687,0.0474523864686489,0.024348696693778,1.714741349220276,2.418577194213867,1.9084950685501096,0.6177399754524231
789,29801,88,6,2,minus,4,-0.005,0.005,0.0160542204976081,0.015974149107933,19733.0,67206728.0,1073570.2941282988,101.13754571994228,3014.0,71.22661590576172,0.0039985030889511,0.0333226099610328,0.0489875711500644,0.01973164267838,0.01786351762712,0.0135439438745379,8.574448585510254,3.511550188064575,4.462161540985107,0.4764463901519775
789,29801,88,6,7,minus,4,-0.005,0.005,0.0183411631733179,0.018249686807394,30964.0,9386223.0,171295.6300543584,111.07009831884837,3310.0,18.03076934814453,0.0031880333553999,0.013988914899528,0.0495886579155921,0.0488165244460105,0.0375402271747589,0.029685191810131,5.470731735229492,2.148503541946411,4.848639011383057,0.7454955577850342
789,29801,89,6,1,minus,5,-0.0025,0.0025,0.0181871354579925,0.0181417241692543,9303.0,21873208.0,396817.7062327266,85.16492735143116,2538.0,96.47991180419922,0.0048798769712448,0.024111283943057,0.0158774796873331,0.0440637469291687,0.0474523864686489,0.024348696693778,1.714741349220276,2.418577194213867,1.9084950685501096,0.6177399754524231
789,29801,89,6,2,minus,5,-0.0025,0.0025,0.0160542204976081,0.0160141345113515,19794.0,68555152.0,1097851.4255741537,101.17110164088452,3015.0,71.22661590576172,0.0039985030889511,0.0333226099610328,0.0489875711500644,0.01973164267838,0.01786351762712,0.0135439438745379,8.574448585510254,3.511550188064575,4.462161540985107,0.4764463901519775
789,29801,89,6,7,minus,5,-0.0025,0.0025,0.0183411631733179,0.0182953663170337,30904.0,9460879.0,173090.24698613212,111.00298647696386,3308.0,18.03076934814453,0.0031880333553999,0.013988914899528,0.0495886579155921,0.0488165244460105,0.0375402271747589,0.029685191810131,5.470731735229492,2.148503541946411,4.848639011383057,0.7454955577850342
789,29801,90,6,1,center,6,0.0,0.0,0.0181871354579925,0.0181871354579925,9190.0,22347588.0,406438.6101154089,84.9300359048354,2531.0,96.47991180419922,0.0048798769712448,0.024111283943057,0.0158774796873331,0.0440637469291687,0.0474523864686489,0.024348696693778,1.714741349220276,2.418577194213867,1.9084950685501096,0.6177399754524231
789,29801,90,6,2,center,6,0.0,0.0,0.0160542204976081,0.0160542204976081,19868.0,69006064.0,1107838.5671280622,101.23821348276904,3017.0,71.22661590576172,0.0039985030889511,0.0333226099610328,0.0489875711500644,0.01973164267838,0.01786351762712,0.0135439438745379,8.574448585510254,3.511550188064575,4.462161540985107,0.4764463901519775
789,29801,90,6,7,center,6,0.0,0.0,0.0183411631733179,0.0183411631733179,30957.0,9648765.0,176969.57328599878,111.0365423979061,3309.0,18.03076934814453,0.0031880333553999,0.013988914899528,0.0495886579155921,0.0488165244460105,0.0375402271747589,0.029685191810131,5.470731735229492,2.148503541946411,4.848639011383057,0.7454955577850342
789,29801,91,6,1,plus,7,0.0025,0.0025,0.0181871354579925,0.0182326603680849,9369.0,22350426.0,407507.7263400145,84.96359182577766,2532.0,96.47991180419922,0.0048798769712448,0.024111283943057,0.0158774796873331,0.0440637469291687,0.0474523864686489,0.024348696693778,1.714741349220276,2.418577194213867,1.9084950685501096,0.6177399754524231
789,29801,91,6,2,plus,7,0.0025,0.0025,0.0160542204976081,0.0160944070667028,19749.0,69528392.0,1119018.2435412854,101.07043387805776,3012.0,71.22661590576172,0.0039985030889511,0.0333226099610328,0.0489875711500644,0.01973164267838,0.01786351762712,0.0135439438745379,8.574448585510254,3.511550188064575,4.462161540985107,0.4764463901519775
789,29801,91,6,7,plus,7,0.0025,0.0025,0.0183411631733179,0.0183870736509561,30857.0,9588059.0,176296.347002713,110.9023187141371,3305.0,18.03076934814453,0.0031880333553999,0.013988914899528,0.0495886579155921,0.0488165244460105,0.0375402271747589,0.029685191810131,5.470731735229492,2.148503541946411,4.848639011383057,0.7454955577850342
789,29801,92,6,1,plus,8,0.005,0.005,0.0181871354579925,0.0182782988995313,9483.0,22777654.0,416336.7680421062,85.09781550954665,2536.0,96.47991180419922,0.0048798769712448,0.024111283943057,0.0158774796873331,0.0440637469291687,0.0474523864686489,0.024348696693778,1.714741349220276,2.418577194213867,1.9084950685501096,0.6177399754524231
789,29801,92,6,2,plus,8,0.005,0.005,0.0160542204976081,0.0161346923559904,19786.0,68343264.0,1102697.5392442346,101.10398979900005,3013.0,71.22661590576172,0.0039985030889511,0.0333226099610328,0.0489875711500644,0.01973164267838,0.01786351762712,0.0135439438745379,8.574448585510254,3.511550188064575,4.462161540985107,0.4764463901519775
789,29801,92,6,7,plus,8,0.005,0.005,0.0183411631733179,0.0184330977499485,31011.0,9722103.0,179208.47493406758,111.1036542397906,3311.0,18.03076934814453,0.0031880333553999,0.013988914899528,0.0495886579155921,0.0488165244460105,0.0375402271747589,0.029685191810131,5.470731735229492,2.148503541946411,4.848639011383057,0.7454955577850342
789,29801,93,6,1,plus,9,0.01,0.01,0.0181871354579925,0.0183699186891317,9441.0,22207824.0,407955.9211425483,85.16492735143116,2538.0,96.47991180419922,0.0048798769712448,0.024111283943057,0.0158774796873331,0.0440637469291687,0.0474523864686489,0.024348696693778,1.714741349220276,2.418577194213867,1.9084950685501096,0.6177399754524231
789,29801,93,6,2,plus,9,0.01,0.01,0.0160542204976081,0.01621556840837,19843.0,69677136.0,1129854.3653073013,101.07043387805776,3012.0,71.22661590576172,0.0039985030889511,0.0333226099610328,0.0489875711500644,0.01973164267838,0.01786351762712,0.0135439438745379,8.574448585510254,3.511550188064575,4.462161540985107,0.4764463901519775
789,29801,93,6,7,plus,9,0.01,0.01,0.0183411631733179,0.0185254942625761,31032.0,9697172.0,179644.90424921364,111.07009831884837,3310.0,18.03076934814453,0.0031880333553999,0.013988914899528,0.0495886579155921,0.0488165244460105,0.0375402271747589,0.029685191810131,5.470731735229492,2.148503541946411,4.848639011383057,0.7454955577850342
789,29801,94,6,1,plus,10,0.02,0.02,0.0181871354579925,0.0185545403510332,9236.0,22239272.0,412639.4697016031,85.19848327237341,2539.0,96.47991180419922,0.0048798769712448,0.024111283943057,0.0158774796873331,0.0440637469291687,0.0474523864686489,0.024348696693778,1.714741349220276,2.418577194213867,1.9084950685501096,0.6177399754524231
789,29801,94,6,2,plus,10,0.02,0.02,0.0160542204976081,0.0163785368204116,19972.0,71323104.0,1168168.0850100515,101.37243716653803,3021.0,71.22661590576172,0.0039985030889511,0.0333226099610328,0.0489875711500644,0.01973164267838,0.01786351762712,0.0135439438745379,8.574448585510254,3.511550188064575,4.462161540985107,0.4764463901519775
789,29801,94,6,7,plus,10,0.02,0.02,0.0183411631733179,0.0187116786837577,31159.0,9727670.0,182021.0353816301,111.57343713298212,3325.0,18.03076934814453,0.0031880333553999,0.013988914899528,0.0495886579155921,0.0488165244460105,0.0375402271747589,0.029685191810131,5.470731735229492,2.148503541946411,4.848639011383057,0.7454955577850342
789,29801,95,6,1,plus,11,0.05,0.05,0.0181871354579925,0.0191196091473102,9246.0,24745624.0,473126.6589863002,85.3327069561424,2543.0,96.47991180419922,0.0048798769712448,0.024111283943057,0.0158774796873331,0.0440637469291687,0.0474523864686489,0.024348696693778,1.714741349220276,2.418577194213867,1.9084950685501096,0.6177399754524231
789,29801,95,6,2,plus,11,0.05,0.05,0.0160542204976081,0.0168773382902145,20079.0,74979648.0,1265456.884177208,101.67444045501828,3030.0,71.22661590576172,0.0039985030889511,0.0333226099610328,0.0489875711500644,0.01973164267838,0.01786351762712,0.0135439438745379,8.574448585510254,3.511550188064575,4.462161540985107,0.4764463901519775
789,29801,95,6,7,plus,11,0.05,0.05,0.0183411631733179,0.0192815344780683,31501.0,9944258.0,191740.55348580703,112.31166739371162,3347.0,18.03076934814453,0.0031880333553999,0.013988914899528,0.0495886579155921,0.0488165244460105,0.0375402271747589,0.029685191810131,5.470731735229492,2.148503541946411,4.848639011383057,0.7454955577850342
789,29801,96,6,1,plus,12,0.1,0.1,0.0181871354579925,0.0200998932123184,9216.0,26082704.0,524259.5650885105,85.80248984933391,2557.0,96.47991180419922,0.0048798769712448,0.024111283943057,0.0158774796873331,0.0440637469291687,0.0474523864686489,0.024348696693778,1.714741349220276,2.418577194213867,1.9084950685501096,0.6177399754524231
789,29801,96,6,2,plus,12,0.1,0.1,0.0160542204976081,0.017742658033967,20226.0,85021144.0,1508501.0836486667,102.04355558538305,3041.0,71.22661590576172,0.0039985030889511,0.0333226099610328,0.0489875711500644,0.01973164267838,0.01786351762712,0.0135439438745379,8.574448585510254,3.511550188064575,4.462161540985107,0.4764463901519775
789,29801,96,6,7,plus,12,0.1,0.1,0.0183411631733179,0.0202701203525066,32793.0,10538058.0,213607.7039416954,114.39213449213112,3409.0,18.03076934814453,0.0031880333553999,0.013988914899528,0.0495886579155921,0.0488165244460105,0.0375402271747589,0.029685191810131,5.470731735229492,2.148503541946411,4.848639011383057,0.7454955577850342
789,29801,97,6,1,center_duplicate,-1,0.0,0.0,0.0181871354579925,0.0181871354579925,9190.0,22347588.0,406438.6101154089,84.9300359048354,2531.0,96.47991180419922,0.0048798769712448,0.024111283943057,0.0158774796873331,0.0440637469291687,0.0474523864686489,0.024348696693778,1.714741349220276,2.418577194213867,1.9084950685501096,0.6177399754524231
789,29801,97,6,2,center_duplicate,-1,0.0,0.0,0.0160542204976081,0.0160542204976081,19868.0,69006064.0,1107838.5671280622,101.23821348276904,3017.0,71.22661590576172,0.0039985030889511,0.0333226099610328,0.0489875711500644,0.01973164267838,0.01786351762712,0.0135439438745379,8.574448585510254,3.511550188064575,4.462161540985107,0.4764463901519775
789,29801,97,6,7,center_duplicate,-1,0.0,0.0,0.0183411631733179,0.0183411631733179,30957.0,9648765.0,176969.57328599878,111.0365423979061,3309.0,18.03076934814453,0.0031880333553999,0.013988914899528,0.0495886579155921,0.0488165244460105,0.0375402271747589,0.029685191810131,5.470731735229492,2.148503541946411,4.848639011383057,0.7454955577850342
789,29801,98,7,1,minus,0,-0.1,0.1,0.0056448862887918,0.0051077045500278,8613.0,6128011.5,31300.072221172974,92.51367403778396,2757.0,52.32191848754883,0.0019076890312135,0.0286573003977537,0.013177522458136,0.0204609222710132,0.0310771446675062,0.0496706366539001,6.481612205505371,0.2743898928165436,1.009099006652832,0.3861621022224426
789,29801,98,7,2,minus,0,-0.1,0.1,0.0184797272086143,0.0167211480438709,1361.0,167.8201446533203,2.8061454834920028,20.133552565350158,600.0,1.9274224042892456,0.0006420366116799,0.0207902882248163,0.027660297229886,0.0267481282353401,0.0303755011409521,0.0369464717805385,4.407487869262695,6.496186256408691,3.348017930984497,0.552773118019104
789,29801,98,7,7,minus,0,-0.1,0.1,0.0064959600567817,0.0058777877129614,11934.0,5824662.5,34236.12967464724,72.88346028656755,2172.0,81.40618896484375,0.00259933876805,0.0167889948934316,0.0406710132956504,0.0367401391267776,0.0125564150512218,0.0494534410536289,7.482505321502685,6.37372636795044,0.6165230870246887,0.23225137591362
789,29801,99,7,1,minus,1,-0.05,0.05,0.0056448862887918,0.0053695822134613,8802.0,6590971.0,35390.76065103989,93.45323982416696,2785.0,52.32191848754883,0.0019076890312135,0.0286573003977537,0.013177522458136,0.0204609222710132,0.0310771446675062,0.0496706366539001,6.481612205505371,0.2743898928165436,1.009099006652832,0.3861621022224426
789,29801,99,7,2,minus,1,-0.05,0.05,0.0184797272086143,0.0175784602761268,1331.0,242.3973388671875,4.260971992315717,21.07311835173316,628.0,1.9274224042892456,0.0006420366116799,0.0207902882248163,0.027660297229886,0.0267481282353401,0.0303755011409521,0.0369464717805385,4.407487869262695,6.496186256408691,3.348017930984497,0.552773118019104
789,29801,99,7,7,minus,1,-0.05,0.05,0.0064959600567817,0.0061791483312845,12022.0,6361721.0,39310.01770124771,73.68880238918156,2196.0,81.40618896484375,0.00259933876805,0.0167889948934316,0.0406710132956504,0.0367401391267776,0.0125564150512218,0.0494534410536289,7.482505321502685,6.37372636795044,0.6165230870246887,0.23225137591362
789,29801,100,7,1,minus,2,-0.02,0.02,0.0056448862887918,0.0055331098847091,8717.0,6754319.0,37372.38922337862,94.15791416395422,2806.0,52.32191848754883,0.0019076890312135,0.0286573003977537,0.013177522458136,0.0204609222710132,0.0310771446675062,0.0496706366539001,6.481612205505371,0.2743898928165436,1.009099006652832,0.3861621022224426
789,29801,100,7,2,minus,2,-0.02,0.02,0.0184797272086143,0.0181138049811124,1353.0,238.24734497070312,4.315565944067146,21.677124928693665,646.0,1.9274224042892456,0.0006420366116799,0.0207902882248163,0.027660297229886,0.0267481282353401,0.0303755011409521,0.0369464717805385,4.407487869262695,6.496186256408691,3.348017930984497,0.552773118019104
789,29801,100,7,7,minus,2,-0.02,0.02,0.0064959600567817,0.0063673313707113,12226.0,6270782.5,39928.1501311576,74.49414449179557,2220.0,81.40618896484375,0.00259933876805,0.0167889948934316,0.0406710132956504,0.0367401391267776,0.0125564150512218,0.0494534410536289,7.482505321502685,6.37372636795044,0.6165230870246887,0.23225137591362
789,29801,101,7,1,minus,3,-0.01,0.01,0.0056448862887918,0.0055887186899781,8789.0,7183980.0,40149.24329442904,94.42636153149222,2814.0,52.32191848754883,0.0019076890312135,0.0286573003977537,0.013177522458136,0.0204609222710132,0.0310771446675062,0.0496706366539001,6.481612205505371,0.2743898928165436,1.009099006652832,0.3861621022224426
789,29801,101,7,2,minus,3,-0.01,0.01,0.0184797272086143,0.0182958506047725,1367.0,238.2732696533203,4.3594121446878376,21.74423677057817,648.0,1.9274224042892456,0.0006420366116799,0.0207902882248163,0.027660297229886,0.0267481282353401,0.0303755011409521,0.0369464717805385,4.407487869262695,6.496186256408691,3.348017930984497,0.552773118019104
789,29801,101,7,7,minus,3,-0.01,0.01,0.0064959600567817,0.0064313244074583,12330.0,6787254.5,43651.03552548122,74.62836817556457,2224.0,81.40618896484375,0.00259933876805,0.0167889948934316,0.0406710132956504,0.0367401391267776,0.0125564150512218,0.0494534410536289,7.482505321502685,6.37372636795044,0.6165230870246887,0.23225137591362
789,29801,102,7,1,minus,4,-0.005,0.005,0.0056448862887918,0.0056167324073612,8875.0,6875169.0,38615.98452838557,94.62769705714572,2820.0,52.32191848754883,0.0019076890312135,0.0286573003977537,0.013177522458136,0.0204609222710132,0.0310771446675062,0.0496706366539001,6.481612205505371,0.2743898928165436,1.009099006652832,0.3861621022224426
789,29801,102,7,2,minus,4,-0.005,0.005,0.0184797272086143,0.0183875579386949,1381.0,237.0804901123047,4.359331248074199,21.878460454347167,652.0,1.9274224042892456,0.0006420366116799,0.0207902882248163,0.027660297229886,0.0267481282353401,0.0303755011409521,0.0369464717805385,4.407487869262695,6.496186256408691,3.348017930984497,0.552773118019104
789,29801,102,7,7,minus,4,-0.005,0.005,0.0064959600567817,0.006463561207056,12395.0,6706932.0,43350.66549356282,74.86325962216033,2231.0,81.40618896484375,0.00259933876805,0.0167889948934316,0.0406710132956504,0.0367401391267776,0.0125564150512218,0.0494534410536289,7.482505321502685,6.37372636795044,0.6165230870246887,0.23225137591362
789,29801,103,7,1,minus,5,-0.0025,0.0025,0.0056448862887918,0.0056307916529476,8910.0,7211983.5,40609.17649299628,94.66125297808796,2821.0,52.32191848754883,0.0019076890312135,0.0286573003977537,0.013177522458136,0.0204609222710132,0.0310771446675062,0.0496706366539001,6.481612205505371,0.2743898928165436,1.009099006652832,0.3861621022224426
789,29801,103,7,2,minus,5,-0.0025,0.0025,0.0184797272086143,0.0184335857629776,1389.0,237.1414337158203,4.3713669563560416,21.945572296231667,654.0,1.9274224042892456,0.0006420366116799,0.0207902882248163,0.027660297229886,0.0267481282353401,0.0303755011409521,0.0369464717805385,4.407487869262695,6.496186256408691,3.348017930984497,0.552773118019104
789,29801,103,7,7,minus,5,-0.0025,0.0025,0.0064959600567817,0.0064797401428222,12491.0,6599111.0,42760.524453639984,74.93037146404482,2233.0,81.40618896484375,0.00259933876805,0.0167889948934316,0.0406710132956504,0.0367401391267776,0.0125564150512218,0.0494534410536289,7.482505321502685,6.37372636795044,0.6165230870246887,0.23225137591362
789,29801,104,7,1,center,6,0.0,0.0,0.0056448862887918,0.0056448862887918,9005.0,7438264.0,41988.15446601436,94.89614442468373,2828.0,52.32191848754883,0.0019076890312135,0.0286573003977537,0.013177522458136,0.0204609222710132,0.0310771446675062,0.0496706366539001,6.481612205505371,0.2743898928165436,1.009099006652832,0.3861621022224426
789,29801,104,7,2,center,6,0.0,0.0,0.0184797272086143,0.0184797272086143,1385.0,277.9400939941406,5.13625711734835,22.14690782188517,660.0,1.9274224042892456,0.0006420366116799,0.0207902882248163,0.027660297229886,0.0267481282353401,0.0303755011409521,0.0369464717805385,4.407487869262695,6.496186256408691,3.348017930984497,0.552773118019104
789,29801,104,7,7,center,6,0.0,0.0,0.0064959600567817,0.0064959600567817,12548.0,6527290.0,42401.01511903107,74.96392738498707,2234.0,81.40618896484375,0.00259933876805,0.0167889948934316,0.0406710132956504,0.0367401391267776,0.0125564150512218,0.0494534410536289,7.482505321502685,6.37372636795044,0.6165230870246887,0.23225137591362
789,29801,105,7,1,plus,7,0.0025,0.0025,0.0056448862887918,0.0056590163148939,8968.0,7423852.5,42011.70241686632,94.99681218751049,2831.0,52.32191848754883,0.0019076890312135,0.0286573003977537,0.013177522458136,0.0204609222710132,0.0310771446675062,0.0496706366539001,6.481612205505371,0.2743898928165436,1.009099006652832,0.3861621022224426
789,29801,105,7,2,plus,7,0.0025,0.0025,0.0184797272086143,0.0185259841382503,1373.0,278.10528564453125,5.152174110614169,22.21401966376967,662.0,1.9274224042892456,0.0006420366116799,0.0207902882248163,0.027660297229886,0.0267481282353401,0.0303755011409521,0.0369464717805385,4.407487869262695,6.496186256408691,3.348017930984497,0.552773118019104
789,29801,105,7,7,plus,7,0.0025,0.0025,0.0064959600567817,0.0065122204832732,12607.0,6471757.5,42145.5117542774,74.93037146404482,2233.0,81.40618896484375,0.00259933876805,0.0167889948934316,0.0406710132956504,0.0367401391267776,0.0125564150512218,0.0494534410536289,7.482505321502685,6.37372636795044,0.6165230870246887,0.23225137591362
789,29801,106,7,1,plus,8,0.005,0.005,0.0056448862887918,0.0056731812655925,9019.0,7591194.5,43066.2224208694,95.09747995033725,2834.0,52.32191848754883,0.0019076890312135,0.0286573003977537,0.013177522458136,0.0204609222710132,0.0310771446675062,0.0496706366539001,6.481612205505371,0.2743898928165436,1.009099006652832,0.3861621022224426
789,29801,106,7,2,plus,8,0.005,0.005,0.0184797272086143,0.0185723565518856,1373.0,254.18931579589844,4.720894604641273,22.21401966376967,662.0,1.9274224042892456,0.0006420366116799,0.0207902882248163,0.027660297229886,0.0267481282353401,0.0303755011409521,0.0369464717805385,4.407487869262695,6.496186256408691,3.348017930984497,0.552773118019104
789,29801,106,7,7,plus,8,0.005,0.005,0.0064959600567817,0.0065285209566354,12682.0,6666686.5,43523.60252656881,75.03103922687157,2236.0,81.40618896484375,0.00259933876805,0.0167889948934316,0.0406710132956504,0.0367401391267776,0.0125564150512218,0.0494534410536289,7.482505321502685,6.37372636795044,0.6165230870246887,0.23225137591362
789,29801,107,7,1,plus,9,0.01,0.01,0.0056448862887918,0.0057016182690858,8934.0,7360960.0,41969.38401401043,95.53370692258648,2847.0,52.32191848754883,0.0019076890312135,0.0286573003977537,0.013177522458136,0.0204609222710132,0.0310771446675062,0.0496706366539001,6.481612205505371,0.2743898928165436,1.009099006652832,0.3861621022224426
789,29801,107,7,2,plus,9,0.01,0.01,0.0184797272086143,0.0186654515564441,1337.0,419.0787658691406,7.822294402664852,22.482467031307674,670.0,1.9274224042892456,0.0006420366116799,0.0207902882248163,0.027660297229886,0.0267481282353401,0.0303755011409521,0.0369464717805385,4.407487869262695,6.496186256408691,3.348017930984497,0.552773118019104
789,29801,107,7,7,plus,9,0.01,0.01,0.0064959600567817,0.0065612457692623,12701.0,7097644.5,46569.38994735293,75.13170698969833,2239.0,81.40618896484375,0.00259933876805,0.0167889948934316,0.0406710132956504,0.0367401391267776,0.0125564150512218,0.0494534410536289,7.482505321502685,6.37372636795044,0.6165230870246887,0.23225137591362
789,29801,108,7,1,plus,10,0.02,0.02,0.0056448862887918,0.0057589206844568,9142.0,7164010.0,41256.96537265554,95.80215429012448,2855.0,52.32191848754883,0.0019076890312135,0.0286573003977537,0.013177522458136,0.0204609222710132,0.0310771446675062,0.0496706366539001,6.481612205505371,0.2743898928165436,1.009099006652832,0.3861621022224426
789,29801,108,7,2,plus,10,0.02,0.02,0.0184797272086143,0.0188530422747135,1353.0,435.0016479492188,8.201104458356667,22.818026240730177,680.0,1.9274224042892456,0.0006420366116799,0.0207902882248163,0.027660297229886,0.0267481282353401,0.0303755011409521,0.0369464717805385,4.407487869262695,6.496186256408691,3.348017930984497,0.552773118019104
789,29801,108,7,7,plus,10,0.02,0.02,0.0064959600567817,0.0066271871328353,12704.0,6929950.5,45926.078784786165,75.50082212006308,2250.0,81.40618896484375,0.00259933876805,0.0167889948934316,0.0406710132956504,0.0367401391267776,0.0125564150512218,0.0494534410536289,7.482505321502685,6.37372636795044,0.6165230870246887,0.23225137591362
789,29801,109,7,1,plus,11,0.05,0.05,0.0056448862887918,0.0059343054890632,9269.0,8195433.0,48634.20303715021,96.30549310425825,2870.0,52.32191848754883,0.0019076890312135,0.0286573003977537,0.013177522458136,0.0204609222710132,0.0310771446675062,0.0496706366539001,6.481612205505371,0.2743898928165436,1.009099006652832,0.3861621022224426
789,29801,109,7,2,plus,11,0.05,0.05,0.0184797272086143,0.0194272026419639,1453.0,1023.7077026367188,19.88777698526292,23.28780913392168,694.0,1.9274224042892456,0.0006420366116799,0.0207902882248163,0.027660297229886,0.0267481282353401,0.0303755011409521,0.0369464717805385,4.407487869262695,6.496186256408691,3.348017930984497,0.552773118019104
789,29801,109,7,7,plus,11,0.05,0.05,0.0064959600567817,0.0068290149793028,13107.0,8006175.0,54674.28900192026,76.60816751115733,2283.0,81.40618896484375,0.00259933876805,0.0167889948934316,0.0406710132956504,0.0367401391267776,0.0125564150512218,0.0494534410536289,7.482505321502685,6.37372636795044,0.6165230870246887,0.23225137591362
789,29801,110,7,1,plus,12,0.1,0.1,0.0056448862887918,0.0062385643832385,9684.0,8933501.0,55732.221156226005,98.016845072313,2921.0,52.32191848754883,0.0019076890312135,0.0286573003977537,0.013177522458136,0.0204609222710132,0.0310771446675062,0.0496706366539001,6.481612205505371,0.2743898928165436,1.009099006652832,0.3861621022224426
789,29801,110,7,2,plus,12,0.1,0.1,0.0184797272086143,0.0204232577234506,1464.0,1608.7952880859375,32.856840792852154,24.93204926009194,743.0,1.9274224042892456,0.0006420366116799,0.0207902882248163,0.027660297229886,0.0267481282353401,0.0303755011409521,0.0369464717805385,4.407487869262695,6.496186256408691,3.348017930984497,0.552773118019104
789,29801,110,7,7,plus,12,0.1,0.1,0.0064959600567817,0.0071791466325521,13686.0,8476476.0,60853.86413130909,78.0510721116741,2326.0,81.40618896484375,0.00259933876805,0.0167889948934316,0.0406710132956504,0.0367401391267776,0.0125564150512218,0.0494534410536289,7.482505321502685,6.37372636795044,0.6165230870246887,0.23225137591362
789,29801,111,7,1,center_duplicate,-1,0.0,0.0,0.0056448862887918,0.0056448862887918,9005.0,7438264.0,41988.15446601436,94.89614442468373,2828.0,52.32191848754883,0.0019076890312135,0.0286573003977537,0.013177522458136,0.0204609222710132,0.0310771446675062,0.0496706366539001,6.481612205505371,0.2743898928165436,1.009099006652832,0.3861621022224426
789,29801,111,7,2,center_duplicate,-1,0.0,0.0,0.0184797272086143,0.0184797272086143,1385.0,277.9400939941406,5.13625711734835,22.14690782188517,660.0,1.9274224042892456,0.0006420366116799,0.0207902882248163,0.027660297229886,0.0267481282353401,0.0303755011409521,0.0369464717805385,4.407487869262695,6.496186256408691,3.348017930984497,0.552773118019104
789,29801,111,7,7,center_duplicate,-1,0.0,0.0,0.0064959600567817,0.0064959600567817,12548.0,6527290.0,42401.01511903107,74.96392738498707,2234.0,81.40618896484375,0.00259933876805,0.0167889948934316,0.0406710132956504,0.0367401391267776,0.0125564150512218,0.0494534410536289,7.482505321502685,6.37372636795044,0.6165230870246887,0.23225137591362
1011,29801,0,0,1,minus,0,-0.1,0.1,0.0103693585842847,0.0093825841322541,5609.0,-11949.77734375,-112.11979128943858,35.09949330559377,1046.0,6.626354694366455,0.003570606932044,0.0175860133022069,0.0440235361456871,0.0364164188504219,0.0158203486353158,0.030755054205656,9.734742164611816,4.234930515289307,6.025596618652344,0.5770443677902222
1011,29801,0,0,2,minus,0,-0.1,0.1,0.0017865144181996,0.0016165050910785,8619.0,4716952.0,7624.976922373287,68.11851951276802,2030.0,59.34796905517578,0.0034778178669512,0.0381186567246913,0.0198897905647754,0.0397816374897956,0.0450029522180557,0.0243914071470499,3.5100626945495605,4.31492280960083,8.399785995483398,0.2598817050457001
1011,29801,0,0,7,minus,0,-0.1,0.1,0.0159809570759534,0.0144601678475737,41887.0,175291488.0,2534744.338730961,132.98211469413778,3963.0,59.11423873901367,0.0048035467043519,0.042230125516653,0.0380196794867515,0.0416055098176002,0.0447861440479755,0.020792031660676,4.51259708404541,8.273573875427246,6.738358020782471,0.3464617729187011
1011,29801,1,0,1,minus,1,-0.05,0.05,0.0103693585842847,0.0098636392503976,5590.0,-14009.4619140625,-138.18427841249832,36.34106238045703,1083.0,6.626354694366455,0.003570606932044,0.0175860133022069,0.0440235361456871,0.0364164188504219,0.0158203486353158,0.030755054205656,9.734742164611816,4.234930515289307,6.025596618652344,0.5770443677902222
1011,29801,1,0,2,minus,1,-0.05,0.05,0.0017865144181996,0.0016993851168081,9482.0,5204194.0,8843.929828582099,70.5681017415523,2103.0,59.34796905517578,0.0034778178669512,0.0381186567246913,0.0198897905647754,0.0397816374897956,0.0450029522180557,0.0243914071470499,3.5100626945495605,4.31492280960083,8.399785995483398,0.2598817050457001
1011,29801,1,0,7,minus,1,-0.05,0.05,0.0159809570759534,0.0152015574276447,42808.0,192205696.0,2921825.925664425,134.15657192711654,3998.0,59.11423873901367,0.0048035467043519,0.042230125516653,0.0380196794867515,0.0416055098176002,0.0447861440479755,0.020792031660676,4.51259708404541,8.273573875427246,6.738358020782471,0.3464617729187011
1011,29801,2,0,1,minus,2,-0.02,0.02,0.0103693585842847,0.0101640317589044,5710.0,-18583.32421875,-188.88149754539336,37.347740008724536,1113.0,6.626354694366455,0.003570606932044,0.0175860133022069,0.0440235361456871,0.0364164188504219,0.0158203486353158,0.030755054205656,9.734742164611816,4.234930515289307,6.025596618652344,0.5770443677902222
1011,29801,2,0,2,minus,2,-0.02,0.02,0.0017865144181996,0.0017511390615254,9762.0,5788192.5,10135.92998237873,71.5747793698198,2133.0,59.34796905517578,0.0034778178669512,0.0381186567246913,0.0198897905647754,0.0397816374897956,0.0450029522180557,0.0243914071470499,3.5100626945495605,4.31492280960083,8.399785995483398,0.2598817050457001
1011,29801,2,0,7,minus,2,-0.02,0.02,0.0159809570759534,0.0156645122915506,43123.0,202425968.0,3170904.063865036,134.79413442501928,4017.0,59.11423873901367,0.0048035467043519,0.042230125516653,0.0380196794867515,0.0416055098176002,0.0447861440479755,0.020792031660676,4.51259708404541,8.273573875427246,6.738358020782471,0.3464617729187011
1011,29801,3,0,1,minus,3,-0.01,0.01,0.0103693585842847,0.010266182012856,5663.0,-16120.078125,-165.49165609270858,37.58263145532029,1120.0,6.626354694366455,0.003570606932044,0.0175860133022069,0.0440235361456871,0.0364164188504219,0.0158203486353158,0.030755054205656,9.734742164611816,4.234930515289307,6.025596618652344,0.5770443677902222
1011,29801,3,0,2,minus,3,-0.01,0.01,0.0017865144181996,0.0017687382642179,9784.0,5509518.5,9744.896188366807,71.6418912117043,2135.0,59.34796905517578,0.0034778178669512,0.0381186567246913,0.0198897905647754,0.0397816374897956,0.0450029522180557,0.0243914071470499,3.5100626945495605,4.31492280960083,8.399785995483398,0.2598817050457001
1011,29801,3,0,7,minus,3,-0.01,0.01,0.0159809570759534,0.0158219430595636,43225.0,209109264.0,3308514.86823526,135.1296936344418,4027.0,59.11423873901367,0.0048035467043519,0.042230125516653,0.0380196794867515,0.0416055098176002,0.0447861440479755,0.020792031660676,4.51259708404541,8.273573875427246,6.738358020782471,0.3464617729187011
1011,29801,4,0,1,minus,4,-0.005,0.005,0.0103693585842847,0.0103176413103938,5615.0,-11627.86328125,-119.97212254223632,37.71685513908929,1124.0,6.626354694366455,0.003570606932044,0.0175860133022069,0.0440235361456871,0.0364164188504219,0.0158203486353158,0.030755054205656,9.734742164611816,4.234930515289307,6.025596618652344,0.5770443677902222
1011,29801,4,0,2,minus,4,-0.005,0.005,0.0017865144181996,0.0017776041058823,9836.0,5488592.5,9756.544563515054,71.7761148954733,2139.0,59.34796905517578,0.0034778178669512,0.0381186567246913,0.0198897905647754,0.0397816374897956,0.0450029522180557,0.0243914071470499,3.5100626945495605,4.31492280960083,8.399785995483398,0.2598817050457001
1011,29801,4,0,7,minus,4,-0.005,0.005,0.0159809570759534,0.0159012507647275,43551.0,214384784.0,3408986.21052596,135.46525284386428,4037.0,59.11423873901367,0.0048035467043519,0.042230125516653,0.0380196794867515,0.0416055098176002,0.0447861440479755,0.020792031660676,4.51259708404541,8.273573875427246,6.738358020782471,0.3464617729187011
1011,29801,5,0,1,minus,5,-0.0025,0.0025,0.0103693585842847,0.0103434678167104,5630.0,-13149.556640625,-136.01201591631616,37.75041106003154,1125.0,6.626354694366455,0.003570606932044,0.0175860133022069,0.0440235361456871,0.0364164188504219,0.0158203486353158,0.030755054205656,9.734742164611816,4.234930515289307,6.025596618652344,0.5770443677902222
1011,29801,5,0,2,minus,5,-0.0025,0.0025,0.0017865144181996,0.0017820536158978,9906.0,5467121.0,9742.70274660131,71.9774504211268,2145.0,59.34796905517578,0.0034778178669512,0.0381186567246913,0.0198897905647754,0.0397816374897956,0.0450029522180557,0.0243914071470499,3.5100626945495605,4.31492280960083,8.399785995483398,0.2598817050457001
1011,29801,5,0,7,minus,5,-0.0025,0.0025,0.0159809570759534,0.0159410536289215,43473.0,217477840.0,3466825.9105420117,135.39814100197978,4035.0,59.11423873901367,0.0048035467043519,0.042230125516653,0.0380196794867515,0.0416055098176002,0.0447861440479755,0.020792031660676,4.51259708404541,8.273573875427246,6.738358020782471,0.3464617729187011
1011,29801,6,0,1,center,6,0.0,0.0,0.0103693585842847,0.0103693585842847,5588.0,-12727.1552734375,-131.97243678814448,37.88463474380054,1129.0,6.626354694366455,0.003570606932044,0.0175860133022069,0.0440235361456871,0.0364164188504219,0.0158203486353158,0.030755054205656,9.734742164611816,4.234930515289307,6.025596618652344,0.5770443677902222
1011,29801,6,0,2,center,6,0.0,0.0,0.0017865144181996,0.0017865144181996,9998.0,5438856.0,9716.59466251172,72.17878594678031,2151.0,59.34796905517578,0.0034778178669512,0.0381186567246913,0.0198897905647754,0.0397816374897956,0.0450029522180557,0.0243914071470499,3.5100626945495605,4.31492280960083,8.399785995483398,0.2598817050457001
1011,29801,6,0,7,center,6,0.0,0.0,0.0159809570759534,0.0159809570759534,43648.0,220541744.0,3524468.1443199217,135.56592060669104,4040.0,59.11423873901367,0.0048035467043519,0.042230125516653,0.0380196794867515,0.0416055098176002,0.0447861440479755,0.020792031660676,4.51259708404541,8.273573875427246,6.738358020782471,0.3464617729187011
1011,29801,7,0,1,plus,7,0.0025,0.0025,0.0103693585842847,0.0103953145444393,5574.0,-14623.775390625,-152.0187450127778,37.95174658568504,1131.0,6.626354694366455,0.003570606932044,0.0175860133022069,0.0440235361456871,0.0364164188504219,0.0158203486353158,0.030755054205656,9.734742164611816,4.234930515289307,6.025596618652344,0.5770443677902222
1011,29801,7,0,2,plus,7,0.0025,0.0025,0.0017865144181996,0.0017909863963723,10032.0,5465343.0,9788.354964508677,72.2458977886648,2153.0,59.34796905517578,0.0034778178669512,0.0381186567246913,0.0198897905647754,0.0397816374897956,0.0450029522180557,0.0243914071470499,3.5100626945495605,4.31492280960083,8.399785995483398,0.2598817050457001
1011,29801,7,0,7,plus,7,0.0025,0.0025,0.0159809570759534,0.0160209592431783,43525.0,225095648.0,3606248.202424824,135.5323646857488,4039.0,59.11423873901367,0.0048035467043519,0.042230125516653,0.0380196794867515,0.0416055098176002,0.0447861440479755,0.020792031660676,4.51259708404541,8.273573875427246,6.738358020782471,0.3464617729187011
1011,29801,8,0,1,plus,8,0.005,0.005,0.0103693585842847,0.0104213347658514,5599.0,-15914.93359375,-165.8548507567648,38.05241434851179,1134.0,6.626354694366455,0.003570606932044,0.0175860133022069,0.0440235361456871,0.0364164188504219,0.0158203486353158,0.030755054205656,9.734742164611816,4.234930515289307,6.025596618652344,0.5770443677902222
1011,29801,8,0,2,plus,8,0.005,0.005,0.0017865144181996,0.0017954693175852,10127.0,5719292.5,10268.814202045323,72.34656555149155,2156.0,59.34796905517578,0.0034778178669512,0.0381186567246913,0.0198897905647754,0.0397816374897956,0.0450029522180557,0.0243914071470499,3.5100626945495605,4.31492280960083,8.399785995483398,0.2598817050457001
1011,29801,8,0,7,plus,8,0.005,0.005,0.0159809570759534,0.0160610619932413,43656.0,230311296.0,3699044.002799749,135.56592060669104,4040.0,59.11423873901367,0.0048035467043519,0.042230125516653,0.0380196794867515,0.0416055098176002,0.0447861440479755,0.020792031660676,4.51259708404541,8.273573875427246,6.738358020782471,0.3464617729187011
1011,29801,9,0,1,plus,9,0.01,0.01,0.0103693585842847,0.0104735726490616,5565.0,-12719.54296875,-133.2190573460648,38.11952619039629,1136.0,6.626354694366455,0.003570606932044,0.0175860133022069,0.0440235361456871,0.0364164188504219,0.0158203486353158,0.030755054205656,9.734742164611816,4.234930515289307,6.025596618652344,0.5770443677902222
1011,29801,9,0,2,plus,9,0.01,0.01,0.0017865144181996,0.001804469153285,10230.0,5844781.5,10546.727924440987,72.6485688399718,2165.0,59.34796905517578,0.0034778178669512,0.0381186567246913,0.0198897905647754,0.0397816374897956,0.0450029522180557,0.0243914071470499,3.5100626945495605,4.31492280960083,8.399785995483398,0.2598817050457001
1011,29801,9,0,7,plus,9,0.01,0.01,0.0159809570759534,0.0161415692418813,43831.0,229335216.0,3701830.268665821,135.76725613234456,4046.0,59.11423873901367,0.0048035467043519,0.042230125516653,0.0380196794867515,0.0416055098176002,0.0447861440479755,0.020792031660676,4.51259708404541,8.273573875427246,6.738358020782471,0.3464617729187011
1011,29801,10,0,1,plus,10,0.02,0.02,0.0103693585842847,0.0105788335204124,5604.0,-9180.060546875,-97.11433223269704,38.48864132076105,1147.0,6.626354694366455,0.003570606932044,0.0175860133022069,0.0440235361456871,0.0364164188504219,0.0158203486353158,0.030755054205656,9.734742164611816,4.234930515289307,6.025596618652344,0.5770443677902222
1011,29801,10,0,2,plus,10,0.02,0.02,0.0017865144181996,0.0018226043321192,10463.0,5991486.5,10920.109250733862,73.48746686352807,2190.0,59.34796905517578,0.0034778178669512,0.0381186567246913,0.0198897905647754,0.0397816374897956,0.0450029522180557,0.0243914071470499,3.5100626945495605,4.31492280960083,8.399785995483398,0.2598817050457001
1011,29801,10,0,7,plus,10,0.02,0.02,0.0159809570759534,0.0163037944585084,43859.0,238547056.0,3889222.169706315,135.8679238951713,4049.0,59.11423873901367,0.0048035467043519,0.042230125516653,0.0380196794867515,0.0416055098176002,0.0447861440479755,0.020792031660676,4.51259708404541,8.273573875427246,6.738358020782471,0.3464617729187011
1011,29801,11,0,1,plus,11,0.05,0.05,0.0103693585842847,0.0109010068699717,5520.0,165.65061950683594,1.8057585412590955,39.09264789772155,1165.0,6.626354694366455,0.003570606932044,0.0175860133022069,0.0440235361456871,0.0364164188504219,0.0158203486353158,0.030755054205656,9.734742164611816,4.234930515289307,6.025596618652344,0.5770443677902222
1011,29801,11,0,2,plus,11,0.05,0.05,0.0017865144181996,0.0018781109247356,10663.0,5885868.0,11054.31299235206,74.49414449179557,2220.0,59.34796905517578,0.0034778178669512,0.0381186567246913,0.0198897905647754,0.0397816374897956,0.0450029522180557,0.0243914071470499,3.5100626945495605,4.31492280960083,8.399785995483398,0.2598817050457001
1011,29801,11,0,7,plus,11,0.05,0.05,0.0159809570759534,0.0168003179132938,44414.0,256115392.0,4302820.008087873,136.4719304721318,4067.0,59.11423873901367,0.0048035467043519,0.042230125516653,0.0380196794867515,0.0416055098176002,0.0447861440479755,0.020792031660676,4.51259708404541,8.273573875427246,6.738358020782471,0.3464617729187011
1011,29801,12,0,1,plus,12,0.1,0.1,0.0103693585842847,0.0114599140360951,5439.0,-611.8475341796875,-7.011720144896003,39.93154592127781,1190.0,6.626354694366455,0.003570606932044,0.0175860133022069,0.0440235361456871,0.0364164188504219,0.0158203486353158,0.030755054205656,9.734742164611816,4.234930515289307,6.025596618652344,0.5770443677902222
1011,29801,12,0,2,plus,12,0.1,0.1,0.0017865144181996,0.0019744038581848,11381.0,6434103.0,12703.51778715849,76.77594711586859,2288.0,59.34796905517578,0.0034778178669512,0.0381186567246913,0.0198897905647754,0.0397816374897956,0.0450029522180557,0.0243914071470499,3.5100626945495605,4.31492280960083,8.399785995483398,0.2598817050457001
1011,29801,12,0,7,plus,12,0.1,0.1,0.0159809570759534,0.0176616888493299,44948.0,277926432.0,4908650.164988458,137.24371665380357,4090.0,59.11423873901367,0.0048035467043519,0.042230125516653,0.0380196794867515,0.0416055098176002,0.0447861440479755,0.020792031660676,4.51259708404541,8.273573875427246,6.738358020782471,0.3464617729187011
1011,29801,13,0,1,center_duplicate,-1,0.0,0.0,0.0103693585842847,0.0103693585842847,5588.0,-12727.1552734375,-131.97243678814448,37.88463474380054,1129.0,6.626354694366455,0.003570606932044,0.0175860133022069,0.0440235361456871,0.0364164188504219,0.0158203486353158,0.030755054205656,9.734742164611816,4.234930515289307,6.025596618652344,0.5770443677902222
1011,29801,13,0,2,center_duplicate,-1,0.0,0.0,0.0017865144181996,0.0017865144181996,9998.0,5438856.0,9716.59466251172,72.17878594678031,2151.0,59.34796905517578,0.0034778178669512,0.0381186567246913,0.0198897905647754,0.0397816374897956,0.0450029522180557,0.0243914071470499,3.5100626945495605,4.31492280960083,8.399785995483398,0.2598817050457001
1011,29801,13,0,7,center_duplicate,-1,0.0,0.0,0.0159809570759534,0.0159809570759534,43648.0,220541744.0,3524468.1443199217,135.56592060669104,4040.0,59.11423873901367,0.0048035467043519,0.042230125516653,0.0380196794867515,0.0416055098176002,0.0447861440479755,0.020792031660676,4.51259708404541,8.273573875427246,6.738358020782471,0.3464617729187011
1011,29801,14,1,1,minus,0,-0.1,0.1,0.0065463040955364,0.0059233410283923,40448.0,40322188.0,238842.07053494823,156.26992382805946,4657.0,82.565185546875,0.0040601445361971,0.0467863455414772,0.037327691912651,0.0252654738724231,0.0362723432481288,0.0408878438174724,1.3129640817642212,5.302206039428711,8.969371795654297,0.4284742176532745
1011,29801,14,1,2,minus,0,-0.1,0.1,0.0059406426735222,0.005375315900892,4188.0,708628.25,3809.100700046285,49.42787154793463,1473.0,22.052663803100582,0.0047632143832743,0.0122588193044066,0.038533229380846,0.0326894856989383,0.0357518084347248,0.025060711428523,9.433023452758787,8.444083213806152,6.955045700073242,0.8759985566139221
1011,29801,14,1,7,minus,0,-0.1,0.1,0.0054341284558176,0.0049170027486979,16019.0,6695906.5,32923.79066552478,85.76893392839166,2556.0,74.29742431640625,0.0021332968026399,0.0331338346004486,0.024333057925105,0.0315007902681827,0.0290384367108345,0.0302209127694368,8.710350036621094,3.6867733001708975,8.966926574707031,0.9366800785064696
1011,29801,15,1,1,minus,1,-0.05,0.05,0.0065463040955364,0.0062270374037325,40937.0,50294240.0,313184.1136723012,158.0483876379987,4710.0,82.565185546875,0.0040601445361971,0.0467863455414772,0.037327691912651,0.0252654738724231,0.0362723432481288,0.0408878438174724,1.3129640817642212,5.302206039428711,8.969371795654297,0.4284742176532745
1011,29801,15,1,2,minus,1,-0.05,0.05,0.0059406426735222,0.005650914274156,4300.0,664791.0625,3756.6773044126458,50.56877285997114,1507.0,22.052663803100582,0.0047632143832743,0.0122588193044066,0.038533229380846,0.0326894856989383,0.0357518084347248,0.025060711428523,9.433023452758787,8.444083213806152,6.955045700073242,0.8759985566139221
1011,29801,15,1,7,minus,1,-0.05,0.05,0.0054341284558176,0.0051691029220819,16383.0,7298082.5,37724.53957634512,86.87627931948592,2589.0,74.29742431640625,0.0021332968026399,0.0331338346004486,0.024333057925105,0.0315007902681827,0.0290384367108345,0.0302209127694368,8.710350036621094,3.6867733001708975,8.966926574707031,0.9366800785064696
1011,29801,16,1,1,minus,2,-0.02,0.02,0.0065463040955364,0.0064166784286499,42030.0,52724116.0,338313.6978068352,159.424180396631,4751.0,82.565185546875,0.0040601445361971,0.0467863455414772,0.037327691912651,0.0252654738724231,0.0362723432481288,0.0408878438174724,1.3129640817642212,5.302206039428711,8.969371795654297,0.4284742176532745
1011,29801,16,1,2,minus,2,-0.02,0.02,0.0059406426735222,0.0058230101130902,4345.0,834120.4375,4857.091743097786,51.3405590416429,1530.0,22.052663803100582,0.0047632143832743,0.0122588193044066,0.038533229380846,0.0326894856989383,0.0357518084347248,0.025060711428523,9.433023452758787,8.444083213806152,6.955045700073242,0.8759985566139221
1011,29801,16,1,7,minus,2,-0.02,0.02,0.0054341284558176,0.005326525773853,16486.0,7325291.5,39018.35397573677,87.24539444985066,2600.0,74.29742431640625,0.0021332968026399,0.0331338346004486,0.024333057925105,0.0315007902681827,0.0290384367108345,0.0302209127694368,8.710350036621094,3.6867733001708975,8.966926574707031,0.9366800785064696
1011,29801,17,1,1,minus,3,-0.01,0.01,0.0065463040955364,0.0064811673946678,42349.0,52569504.0,340711.75527866185,159.7932955269957,4762.0,82.565185546875,0.0040601445361971,0.0467863455414772,0.037327691912651,0.0252654738724231,0.0362723432481288,0.0408878438174724,1.3129640817642212,5.302206039428711,8.969371795654297,0.4284742176532745
1011,29801,17,1,2,minus,3,-0.01,0.01,0.0059406426735222,0.0058815320953726,4444.0,782381.5,4601.601903075818,51.44122680446964,1533.0,22.052663803100582,0.0047632143832743,0.0122588193044066,0.038533229380846,0.0326894856989383,0.0357518084347248,0.025060711428523,9.433023452758787,8.444083213806152,6.955045700073242,0.8759985566139221
1011,29801,17,1,7,minus,3,-0.01,0.01,0.0054341284558176,0.0053800581954419,16554.0,7522043.0,40469.02908861684,87.37961813361967,2604.0,74.29742431640625,0.0021332968026399,0.0331338346004486,0.024333057925105,0.0315007902681827,0.0290384367108345,0.0302209127694368,8.710350036621094,3.6867733001708975,8.966926574707031,0.9366800785064696
1011,29801,18,1,1,minus,4,-0.005,0.005,0.0065463040955364,0.0065136542543768,42194.0,53749236.0,350103.9397409074,159.82685144793797,4763.0,82.565185546875,0.0040601445361971,0.0467863455414772,0.037327691912651,0.0252654738724231,0.0362723432481288,0.0408878438174724,1.3129640817642212,5.302206039428711,8.969371795654297,0.4284742176532745
1011,29801,18,1,2,minus,4,-0.005,0.005,0.0059406426735222,0.0059110135771334,4520.0,773956.5625,4574.867749049008,51.709674172007645,1541.0,22.052663803100582,0.0047632143832743,0.0122588193044066,0.038533229380846,0.0326894856989383,0.0357518084347248,0.025060711428523,9.433023452758787,8.444083213806152,6.955045700073242,0.8759985566139221
1011,29801,18,1,7,minus,4,-0.005,0.005,0.0054341284558176,0.0054070255719125,16625.0,7371587.0,39858.35941457795,87.61450958021543,2611.0,74.29742431640625,0.0021332968026399,0.0331338346004486,0.024333057925105,0.0315007902681827,0.0290384367108345,0.0302209127694368,8.710350036621094,3.6867733001708975,8.966926574707031,0.9366800785064696
1011,29801,19,1,1,minus,5,-0.0025,0.0025,0.0065463040955364,0.0065299584530293,42314.0,53670672.0,350467.258306168,160.0281869735915,4769.0,82.565185546875,0.0040601445361971,0.0467863455414772,0.037327691912651,0.0252654738724231,0.0362723432481288,0.0408878438174724,1.3129640817642212,5.302206039428711,8.969371795654297,0.4284742176532745
1011,29801,19,1,2,minus,5,-0.0025,0.0025,0.0059406426735222,0.0059258094988763,4547.0,776431.0,4600.98219502205,51.8774537767189,1546.0,22.052663803100582,0.0047632143832743,0.0122588193044066,0.038533229380846,0.0326894856989383,0.0357518084347248,0.025060711428523,9.433023452758787,8.444083213806152,6.955045700073242,0.8759985566139221
1011,29801,19,1,7,minus,5,-0.0025,0.0025,0.0054341284558176,0.0054205600172281,16678.0,7260324.5,39355.02469680179,87.71517734304217,2614.0,74.29742431640625,0.0021332968026399,0.0331338346004486,0.024333057925105,0.0315007902681827,0.0290384367108345,0.0302209127694368,8.710350036621094,3.6867733001708975,8.966926574707031,0.9366800785064696
1011,29801,20,1,1,center,6,0.0,0.0,0.0065463040955364,0.0065463040955364,42348.0,52813404.0,345732.6029044222,160.16241065736048,4773.0,82.565185546875,0.0040601445361971,0.0467863455414772,0.037327691912651,0.0252654738724231,0.0362723432481288,0.0408878438174724,1.3129640817642212,5.302206039428711,8.969371795654297,0.4284742176532745
1011,29801,20,1,2,center,6,0.0,0.0,0.0059406426735222,0.0059406426735222,4564.0,825511.375,4904.068101803015,51.843897855776646,1545.0,22.052663803100582,0.0047632143832743,0.0122588193044066,0.038533229380846,0.0326894856989383,0.0357518084347248,0.025060711428523,9.433023452758787,8.444083213806152,6.955045700073242,0.8759985566139221
1011,29801,20,1,7,center,6,0.0,0.0,0.0054341284558176,0.0054341284558176,16563.0,7490682.0,40705.32820968144,87.54739773833093,2609.0,74.29742431640625,0.0021332968026399,0.0331338346004486,0.024333057925105,0.0315007902681827,0.0290384367108345,0.0302209127694368,8.710350036621094,3.6867733001708975,8.966926574707031,0.9366800785064696
1011,29801,21,1,1,plus,7,0.0025,0.0025,0.0065463040955364,0.0065626907162368,42485.0,52058736.0,341645.38344622403,160.39730210395624,4780.0,82.565185546875,0.0040601445361971,0.0467863455414772,0.037327691912651,0.0252654738724231,0.0362723432481288,0.0408878438174724,1.3129640817642212,5.302206039428711,8.969371795654297,0.4284742176532745
1011,29801,21,1,2,plus,7,0.0025,0.0025,0.0059406426735222,0.0059555131010711,4566.0,795460.5,4737.375429134583,51.843897855776646,1545.0,22.052663803100582,0.0047632143832743,0.0122588193044066,0.038533229380846,0.0326894856989383,0.0357518084347248,0.025060711428523,9.433023452758787,8.444083213806152,6.955045700073242,0.8759985566139221
1011,29801,21,1,7,plus,7,0.0025,0.0025,0.0054341284558176,0.0054477308876812,16578.0,7645439.0,41650.294190182816,87.64806550115767,2612.0,74.29742431640625,0.0021332968026399,0.0331338346004486,0.024333057925105,0.0315007902681827,0.0290384367108345,0.0302209127694368,8.710350036621094,3.6867733001708975,8.966926574707031,0.9366800785064696
1011,29801,22,1,1,plus,8,0.005,0.005,0.0065463040955364,0.0065791173838078,42560.0,52997796.0,348678.72096710466,160.497969866783,4783.0,82.565185546875,0.0040601445361971,0.0467863455414772,0.037327691912651,0.0252654738724231,0.0362723432481288,0.0408878438174724,1.3129640817642212,5.302206039428711,8.969371795654297,0.4284742176532745
1011,29801,22,1,2,plus,8,0.005,0.005,0.0059406426735222,0.0059704203158617,4582.0,796435.5,4755.0546894734725,51.843897855776646,1545.0,22.052663803100582,0.0047632143832743,0.0122588193044066,0.038533229380846,0.0326894856989383,0.0357518084347248,0.025060711428523,9.433023452758787,8.444083213806152,6.955045700073242,0.8759985566139221
1011,29801,22,1,7,plus,8,0.005,0.005,0.0054341284558176,0.0054613673128187,16587.0,7585453.5,41426.9477978067,87.74873326398442,2615.0,74.29742431640625,0.0021332968026399,0.0331338346004486,0.024333057925105,0.0315007902681827,0.0290384367108345,0.0302209127694368,8.710350036621094,3.6867733001708975,8.966926574707031,0.9366800785064696
1011,29801,23,1,1,plus,9,0.01,0.01,0.0065463040955364,0.006612095516175,42888.0,53130044.0,351300.92570658214,160.76641723432098,4791.0,82.565185546875,0.0040601445361971,0.0467863455414772,0.037327691912651,0.0252654738724231,0.0362723432481288,0.0408878438174724,1.3129640817642212,5.302206039428711,8.969371795654297,0.4284742176532745
1011,29801,23,1,2,plus,9,0.01,0.01,0.0059406426735222,0.0060003469698131,4632.0,719037.125,4314.472234176879,51.91100969766115,1547.0,22.052663803100582,0.0047632143832743,0.0122588193044066,0.038533229380846,0.0326894856989383,0.0357518084347248,0.025060711428523,9.433023452758787,8.444083213806152,6.955045700073242,0.8759985566139221
1011,29801,23,1,7,plus,9,0.01,0.01,0.0054341284558176,0.005488742608577,16608.0,7546756.0,41422.201213734224,87.78228918492667,2616.0,74.29742431640625,0.0021332968026399,0.0331338346004486,0.024333057925105,0.0315007902681827,0.0290384367108345,0.0302209127694368,8.710350036621094,3.6867733001708975,8.966926574707031,0.9366800785064696
1011,29801,24,1,1,plus,10,0.02,0.02,0.0065463040955364,0.0066785481758415,43258.0,55366064.0,369764.9257307276,161.37042381128148,4809.0,82.565185546875,0.0040601445361971,0.0467863455414772,0.037327691912651,0.0252654738724231,0.0362723432481288,0.0408878438174724,1.3129640817642212,5.302206039428711,8.969371795654297,0.4284742176532745
1011,29801,24,1,2,plus,10,0.02,0.02,0.0059406426735222,0.0060606515035033,4657.0,848117.1875,5140.142707568884,52.0787893023724,1552.0,22.052663803100582,0.0047632143832743,0.0122588193044066,0.038533229380846,0.0326894856989383,0.0357518084347248,0.025060711428523,9.433023452758787,8.444083213806152,6.955045700073242,0.8759985566139221
1011,29801,24,1,7,plus,10,0.02,0.02,0.0054341284558176,0.0055439048446714,16754.0,7361100.5,40809.24072406371,88.05073655246467,2624.0,74.29742431640625,0.0021332968026399,0.0331338346004486,0.024333057925105,0.0315007902681827,0.0290384367108345,0.0302209127694368,8.710350036621094,3.6867733001708975,8.966926574707031,0.9366800785064696
1011,29801,25,1,1,plus,11,0.05,0.05,0.0065463040955364,0.0068819401785731,44555.0,56603148.0,389539.4784549214,162.88044025368276,4854.0,82.565185546875,0.0040601445361971,0.0467863455414772,0.037327691912651,0.0252654738724231,0.0362723432481288,0.0408878438174724,1.3129640817642212,5.302206039428711,8.969371795654297,0.4284742176532745
1011,29801,25,1,2,plus,11,0.05,0.05,0.0059406426735222,0.0062452256679534,4754.0,843777.4375,5269.580510715023,52.51501627462165,1565.0,22.052663803100582,0.0047632143832743,0.0122588193044066,0.038533229380846,0.0326894856989383,0.0357518084347248,0.025060711428523,9.433023452758787,8.444083213806152,6.955045700073242,0.8759985566139221
1011,29801,25,1,7,plus,11,0.05,0.05,0.0054341284558176,0.005712741985917,17007.0,8456785.0,48311.43073537387,88.75541089225193,2645.0,74.29742431640625,0.0021332968026399,0.0331338346004486,0.024333057925105,0.0315007902681827,0.0290384367108345,0.0302209127694368,8.710350036621094,3.6867733001708975,8.966926574707031,0.9366800785064696
1011,29801,26,1,1,plus,12,0.1,0.1,0.0065463040955364,0.0072347852401435,45468.0,64697584.0,468073.1257961467,164.658904063622,4907.0,82.565185546875,0.0040601445361971,0.0467863455414772,0.037327691912651,0.0252654738724231,0.0362723432481288,0.0408878438174724,1.3129640817642212,5.302206039428711,8.969371795654297,0.4284742176532745
1011,29801,26,1,2,plus,12,0.1,0.1,0.0059406426735222,0.0065654260106384,4851.0,831115.5,5456.627321544802,53.42102614006241,1592.0,22.052663803100582,0.0047632143832743,0.0122588193044066,0.038533229380846,0.0326894856989383,0.0357518084347248,0.025060711428523,9.433023452758787,8.444083213806152,6.955045700073242,0.8759985566139221
1011,29801,26,1,7,plus,12,0.1,0.1,0.0054341284558176,0.0060056410729885,17378.0,8394352.0,50413.465152323246,89.46008523203919,2666.0,74.29742431640625,0.0021332968026399,0.0331338346004486,0.024333057925105,0.0315007902681827,0.0290384367108345,0.0302209127694368,8.710350036621094,3.6867733001708975,8.966926574707031,0.9366800785064696
1011,29801,27,1,1,center_duplicate,-1,0.0,0.0,0.0065463040955364,0.0065463040955364,42348.0,52813404.0,345732.6029044222,160.16241065736048,4773.0,82.565185546875,0.0040601445361971,0.0467863455414772,0.037327691912651,0.0252654738724231,0.0362723432481288,0.0408878438174724,1.3129640817642212,5.302206039428711,8.969371795654297,0.4284742176532745
1011,29801,27,1,2,center_duplicate,-1,0.0,0.0,0.0059406426735222,0.0059406426735222,4564.0,825511.375,4904.068101803015,51.843897855776646,1545.0,22.052663803100582,0.0047632143832743,0.0122588193044066,0.038533229380846,0.0326894856989383,0.0357518084347248,0.025060711428523,9.433023452758787,8.444083213806152,6.955045700073242,0.8759985566139221
1011,29801,27,1,7,center_duplicate,-1,0.0,0.0,0.0054341284558176,0.0054341284558176,16563.0,7490682.0,40705.32820968144,87.54739773833093,2609.0,74.29742431640625,0.0021332968026399,0.0331338346004486,0.024333057925105,0.0315007902681827,0.0290384367108345,0.0302209127694368,8.710350036621094,3.6867733001708975,8.966926574707031,0.9366800785064696
1011,29801,28,2,1,minus,0,-0.1,0.1,0.0166266057640314,0.0150443753227591,81114.0,172734288.0,2598679.459781572,215.9323512633804,6435.0,48.48685836791992,0.0011892077745869,0.044319562613964,0.0304092969745397,0.0451588854193687,0.0295377913862466,0.0365017279982566,3.901416301727295,9.86105251312256,3.3765461444854736,0.8627018332481384
1011,29801,28,2,2,minus,0,-0.1,0.1,0.0100537622347474,0.0090970201417803,231832.0,180037056.0,1637800.7246988416,297.674574678702,8871.0,75.7269058227539,0.0007651544292457,0.0448898784816265,0.0217880867421627,0.0417401753365993,0.0252469163388013,0.0333943888545036,2.15057635307312,6.021400451660156,0.422410249710083,0.3041475713253021
1011,29801,28,2,7,minus,0,-0.1,0.1,0.0021897365804761,0.001981355715543,12796.0,2662330.75,5275.024248178466,77.2457300090601,2302.0,47.99076843261719,0.0003057307621929,0.0257897935807704,0.0325126685202121,0.0218789111822843,0.0452771298587322,0.017795966938138,8.833017349243164,8.9212064743042,2.157782077789306,0.5844389796257019
1011,29801,29,2,1,minus,1,-0.05,0.05,0.0166266057640314,0.0158157162368297,82503.0,183493424.0,2902079.925308287,217.30814402201267,6476.0,48.48685836791992,0.0011892077745869,0.044319562613964,0.0304092969745397,0.0451588854193687,0.0295377913862466,0.0365017279982566,3.901416301727295,9.86105251312256,3.3765461444854736,0.8627018332481384
1011,29801,29,2,2,minus,1,-0.05,0.05,0.0100537622347474,0.0095634348690509,237436.0,194161712.0,1856852.886775434,301.1643904566961,8975.0,75.7269058227539,0.0007651544292457,0.0448898784816265,0.0217880867421627,0.0417401753365993,0.0252469163388013,0.0333943888545036,2.15057635307312,6.021400451660156,0.422410249710083,0.3041475713253021
1011,29801,29,2,7,minus,1,-0.05,0.05,0.0021897365804761,0.002082941820845,13149.0,3141312.5,6543.171178593184,78.21885171638534,2331.0,47.99076843261719,0.0003057307621929,0.0257897935807704,0.0325126685202121,0.0218789111822843,0.0452771298587322,0.017795966938138,8.833017349243164,8.9212064743042,2.157782077789306,0.5844389796257019
1011,29801,30,2,1,minus,2,-0.02,0.02,0.0166266057640314,0.0162973776459693,83149.0,187344784.0,3053228.694850564,218.04637428274216,6498.0,48.48685836791992,0.0011892077745869,0.044319562613964,0.0304092969745397,0.0451588854193687,0.0295377913862466,0.0365017279982566,3.901416301727295,9.86105251312256,3.3765461444854736,0.8627018332481384
1011,29801,30,2,2,minus,2,-0.02,0.02,0.0100537622347474,0.0098546845838427,240873.0,208438688.0,2054097.5253100095,303.1777457132311,9035.0,75.7269058227539,0.0007651544292457,0.0448898784816265,0.0217880867421627,0.0417401753365993,0.0252469163388013,0.0333943888545036,2.15057635307312,6.021400451660156,0.422410249710083,0.3041475713253021
1011,29801,30,2,7,minus,2,-0.02,0.02,0.0021897365804761,0.0021463769953697,13333.0,3206650.0,6882.679792202544,78.75574645146135,2347.0,47.99076843261719,0.0003057307621929,0.0257897935807704,0.0325126685202121,0.0218789111822843,0.0452771298587322,0.017795966938138,8.833017349243164,8.9212064743042,2.157782077789306,0.5844389796257019
1011,29801,31,2,1,minus,3,-0.01,0.01,0.0166266057640314,0.0164611674845218,83274.0,203081376.0,3342956.543323159,218.28126572933792,6505.0,48.48685836791992,0.0011892077745869,0.044319562613964,0.0304092969745397,0.0451588854193687,0.0295377913862466,0.0365017279982566,3.901416301727295,9.86105251312256,3.3765461444854736,0.8627018332481384
1011,29801,31,2,2,minus,3,-0.01,0.01,0.0100537622347474,0.0099537260830402,242733.0,209048816.0,2080814.6524478795,304.3186470252676,9069.0,75.7269058227539,0.0007651544292457,0.0448898784816265,0.0217880867421627,0.0417401753365993,0.0252469163388013,0.0333943888545036,2.15057635307312,6.021400451660156,0.422410249710083,0.3041475713253021
1011,29801,31,2,7,minus,3,-0.01,0.01,0.0021897365804761,0.002167948288843,13474.0,3395979.25,7362.307403983956,79.1919734237106,2360.0,47.99076843261719,0.0003057307621929,0.0257897935807704,0.0325126685202121,0.0218789111822843,0.0452771298587322,0.017795966938138,8.833017349243164,8.9212064743042,2.157782077789306,0.5844389796257019
1011,29801,32,2,1,minus,4,-0.005,0.005,0.0166266057640314,0.0165436808019876,83583.0,204578032.0,3384473.6605068147,218.4490453340492,6510.0,48.48685836791992,0.0011892077745869,0.044319562613964,0.0304092969745397,0.0451588854193687,0.0295377913862466,0.0365017279982566,3.901416301727295,9.86105251312256,3.3765461444854736,0.8627018332481384
1011,29801,32,2,2,minus,4,-0.005,0.005,0.0100537622347474,0.0100036188960075,243158.0,209788608.0,2098645.283155918,304.62065031374783,9078.0,75.7269058227539,0.0007651544292457,0.0448898784816265,0.0217880867421627,0.0417401753365993,0.0252469163388013,0.0333943888545036,2.15057635307312,6.021400451660156,0.422410249710083,0.3041475713253021
1011,29801,32,2,7,minus,4,-0.005,0.005,0.0021897365804761,0.0021788151934742,13522.0,3294584.5,7178.290764784906,79.2590852655951,2362.0,47.99076843261719,0.0003057307621929,0.0257897935807704,0.0325126685202121,0.0218789111822843,0.0452771298587322,0.017795966938138,8.833017349243164,8.9212064743042,2.157782077789306,0.5844389796257019
1011,29801,33,2,1,minus,5,-0.0025,0.0025,0.0166266057640314,0.0165850911289453,83693.0,205748208.0,3412352.779297203,218.58326901781817,6514.0,48.48685836791992,0.0011892077745869,0.044319562613964,0.0304092969745397,0.0451588854193687,0.0295377913862466,0.0365017279982566,3.901416301727295,9.86105251312256,3.3765461444854736,0.8627018332481384
1011,29801,33,2,2,minus,5,-0.0025,0.0025,0.0100537622347474,0.0100286593660712,243484.0,208879168.0,2094778.0245403647,304.8219858394013,9084.0,75.7269058227539,0.0007651544292457,0.0448898784816265,0.0217880867421627,0.0417401753365993,0.0252469163388013,0.0333943888545036,2.15057635307312,6.021400451660156,0.422410249710083,0.3041475713253021
1011,29801,33,2,7,minus,5,-0.0025,0.0025,0.0021897365804761,0.0021842690184712,13534.0,3189278.0,6966.241126691923,79.2590852655951,2362.0,47.99076843261719,0.0003057307621929,0.0257897935807704,0.0325126685202121,0.0218789111822843,0.0452771298587322,0.017795966938138,8.833017349243164,8.9212064743042,2.157782077789306,0.5844389796257019
1011,29801,34,2,1,center,6,0.0,0.0,0.0166266057640314,0.0166266057640314,83729.0,206358208.0,3431036.5705879927,218.6503808597027,6516.0,48.48685836791992,0.0011892077745869,0.044319562613964,0.0304092969745397,0.0451588854193687,0.0295377913862466,0.0365017279982566,3.901416301727295,9.86105251312256,3.3765461444854736,0.8627018332481384
1011,29801,34,2,2,center,6,0.0,0.0,0.0100537622347474,0.0100537622347474,244247.0,206961216.0,2080738.8574782012,305.2246568907084,9096.0,75.7269058227539,0.0007651544292457,0.0448898784816265,0.0217880867421627,0.0417401753365993,0.0252469163388013,0.0333943888545036,2.15057635307312,6.021400451660156,0.422410249710083,0.3041475713253021
1011,29801,34,2,7,center,6,0.0,0.0,0.0021897365804761,0.0021897365804761,13569.0,3194621.0,6995.378464457346,79.35975302842186,2365.0,47.99076843261719,0.0003057307621929,0.0257897935807704,0.0325126685202121,0.0218789111822843,0.0452771298587322,0.017795966938138,8.833017349243164,8.9212064743042,2.157782077789306,0.5844389796257019
1011,29801,35,2,1,plus,7,0.0025,0.0025,0.0166266057640314,0.0166682247072458,83909.0,211734864.0,3529244.291510135,218.7174927015872,6518.0,48.48685836791992,0.0011892077745869,0.044319562613964,0.0304092969745397,0.0451588854193687,0.0295377913862466,0.0365017279982566,3.901416301727295,9.86105251312256,3.3765461444854736,0.8627018332481384
1011,29801,35,2,2,plus,7,0.0025,0.0025,0.0100537622347474,0.0100789284333586,244491.0,210143712.0,2118023.4339683354,305.42599241636185,9102.0,75.7269058227539,0.0007651544292457,0.0448898784816265,0.0217880867421627,0.0417401753365993,0.0252469163388013,0.0333943888545036,2.15057635307312,6.021400451660156,0.422410249710083,0.3041475713253021
1011,29801,35,2,7,plus,7,0.0025,0.0025,0.0021897365804761,0.002195217879489,13538.0,3249214.5,7132.73376469512,79.2590852655951,2362.0,47.99076843261719,0.0003057307621929,0.0257897935807704,0.0325126685202121,0.0218789111822843,0.0452771298587322,0.017795966938138,8.833017349243164,8.9212064743042,2.157782077789306,0.5844389796257019
1011,29801,36,2,1,plus,8,0.005,0.005,0.0166266057640314,0.0167099460959434,84051.0,208401904.0,3482384.582131982,218.85171638535616,6522.0,48.48685836791992,0.0011892077745869,0.044319562613964,0.0304092969745397,0.0451588854193687,0.0295377913862466,0.0365017279982566,3.901416301727295,9.86105251312256,3.3765461444854736,0.8627018332481384
1011,29801,36,2,2,plus,8,0.005,0.005,0.0100537622347474,0.0101041570305824,244771.0,213106160.0,2153258.104824424,305.56021610013084,9106.0,75.7269058227539,0.0007651544292457,0.0448898784816265,0.0217880867421627,0.0417401753365993,0.0252469163388013,0.0333943888545036,2.15057635307312,6.021400451660156,0.422410249710083,0.3041475713253021
1011,29801,36,2,7,plus,8,0.005,0.005,0.0021897365804761,0.0022007126826792,13549.0,3394229.5,7469.723908574204,79.35975302842186,2365.0,47.99076843261719,0.0003057307621929,0.0257897935807704,0.0325126685202121,0.0218789111822843,0.0452771298587322,0.017795966938138,8.833017349243164,8.9212064743042,2.157782077789306,0.5844389796257019
1011,29801,37,2,1,plus,9,0.01,0.01,0.0166266057640314,0.016793705523014,84009.0,211626240.0,3553988.755502701,218.85171638535616,6522.0,48.48685836791992,0.0011892077745869,0.044319562613964,0.0304092969745397,0.0451588854193687,0.0295377913862466,0.0365017279982566,3.901416301727295,9.86105251312256,3.3765461444854736,0.8627018332481384
1011,29801,37,2,2,plus,9,0.01,0.01,0.0100537622347474,0.0101548042148351,245344.0,218968016.0,2223577.3317908943,306.0635549142646,9121.0,75.7269058227539,0.0007651544292457,0.0448898784816265,0.0217880867421627,0.0417401753365993,0.0252469163388013,0.0333943888545036,2.15057635307312,6.021400451660156,0.422410249710083,0.3041475713253021
1011,29801,37,2,7,plus,9,0.01,0.01,0.0021897365804761,0.0022117437329143,13646.0,3373541.5,7461.409270351403,79.59464447501762,2372.0,47.99076843261719,0.0003057307621929,0.0257897935807704,0.0325126685202121,0.0218789111822843,0.0452771298587322,0.017795966938138,8.833017349243164,8.9212064743042,2.157782077789306,0.5844389796257019
1011,29801,38,2,1,plus,10,0.02,0.02,0.0166266057640314,0.0169624853879213,84212.0,210166608.0,3564948.017228991,218.95238414818292,6525.0,48.48685836791992,0.0011892077745869,0.044319562613964,0.0304092969745397,0.0451588854193687,0.0295377913862466,0.0365017279982566,3.901416301727295,9.86105251312256,3.3765461444854736,0.8627018332481384
1011,29801,38,2,2,plus,10,0.02,0.02,0.0100537622347474,0.0102568613365292,246491.0,223998880.0,2297525.451697856,306.8017851749941,9143.0,75.7269058227539,0.0007651544292457,0.0448898784816265,0.0217880867421627,0.0417401753365993,0.0252469163388013,0.0333943888545036,2.15057635307312,6.021400451660156,0.422410249710083,0.3041475713253021
1011,29801,38,2,7,plus,10,0.02,0.02,0.0021897365804761,0.0022339720744639,13827.0,3192818.75,7132.667926324939,79.96375960538236,2383.0,47.99076843261719,0.0003057307621929,0.0257897935807704,0.0325126685202121,0.0218789111822843,0.0452771298587322,0.017795966938138,8.833017349243164,8.9212064743042,2.157782077789306,0.5844389796257019
1011,29801,39,2,1,plus,11,0.05,0.05,0.0166266057640314,0.0174790695309638,84924.0,230372176.0,4026691.282303453,219.7241703298547,6548.0,48.48685836791992,0.0011892077745869,0.044319562613964,0.0304092969745397,0.0451588854193687,0.0295377913862466,0.0365017279982566,3.901416301727295,9.86105251312256,3.3765461444854736,0.8627018332481384
1011,29801,39,2,2,plus,11,0.05,0.05,0.0100537622347474,0.010569229722023,250154.0,241576400.0,2553276.4670193195,308.8486963524714,9204.0,75.7269058227539,0.0007651544292457,0.0448898784816265,0.0217880867421627,0.0417401753365993,0.0252469163388013,0.0333943888545036,2.15057635307312,6.021400451660156,0.422410249710083,0.3041475713253021
1011,29801,39,2,7,plus,11,0.05,0.05,0.0021897365804761,0.0023020068183541,14080.0,3234850.75,7446.64848285797,80.73554578705412,2406.0,47.99076843261719,0.0003057307621929,0.0257897935807704,0.0325126685202121,0.0218789111822843,0.0452771298587322,0.017795966938138,8.833017349243164,8.9212064743042,2.157782077789306,0.5844389796257019
1011,29801,40,2,1,plus,12,0.1,0.1,0.0166266057640314,0.0183752421289682,85528.0,249586704.0,4586216.118171126,220.4959565115265,6571.0,48.48685836791992,0.0011892077745869,0.044319562613964,0.0304092969745397,0.0451588854193687,0.0295377913862466,0.0365017279982566,3.901416301727295,9.86105251312256,3.3765461444854736,0.8627018332481384
1011,29801,40,2,2,plus,12,0.1,0.1,0.0100537622347474,0.011111126281321,256272.0,253803280.0,2820040.294693485,312.43917989329213,9311.0,75.7269058227539,0.0007651544292457,0.0448898784816265,0.0217880867421627,0.0417401753365993,0.0252469163388013,0.0333943888545036,2.15057635307312,6.021400451660156,0.422410249710083,0.3041475713253021
1011,29801,40,2,7,plus,12,0.1,0.1,0.0021897365804761,0.0024200333282351,14591.0,3205028.75,7756.27639295184,82.04422670380188,2445.0,47.99076843261719,0.0003057307621929,0.0257897935807704,0.0325126685202121,0.0218789111822843,0.0452771298587322,0.017795966938138,8.833017349243164,8.9212064743042,2.157782077789306,0.5844389796257019
1011,29801,41,2,1,center_duplicate,-1,0.0,0.0,0.0166266057640314,0.0166266057640314,83729.0,206358208.0,3431036.5705879927,218.6503808597027,6516.0,48.48685836791992,0.0011892077745869,0.044319562613964,0.0304092969745397,0.0451588854193687,0.0295377913862466,0.0365017279982566,3.901416301727295,9.86105251312256,3.3765461444854736,0.8627018332481384
1011,29801,41,2,2,center_duplicate,-1,0.0,0.0,0.0100537622347474,0.0100537622347474,244247.0,206961216.0,2080738.8574782012,305.2246568907084,9096.0,75.7269058227539,0.0007651544292457,0.0448898784816265,0.0217880867421627,0.0417401753365993,0.0252469163388013,0.0333943888545036,2.15057635307312,6.021400451660156,0.422410249710083,0.3041475713253021
1011,29801,41,2,7,center_duplicate,-1,0.0,0.0,0.0021897365804761,0.0021897365804761,13569.0,3194621.0,6995.378464457346,79.35975302842186,2365.0,47.99076843261719,0.0003057307621929,0.0257897935807704,0.0325126685202121,0.0218789111822843,0.0452771298587322,0.017795966938138,8.833017349243164,8.9212064743042,2.157782077789306,0.5844389796257019
1011,29801,42,3,1,minus,0,-0.1,0.1,0.0030624063219875,0.0027709798887372,4207.0,2118804.5,5871.164657665882,58.38730243951545,1740.0,68.69004821777344,0.0025674765929579,0.0119783859699964,0.0491933897137641,0.0344496145844459,0.010044421069324,0.0135199222713708,6.216831684112549,3.313960075378418,6.278366088867188,0.7253406047821045
1011,29801,42,3,2,minus,0,-0.1,0.1,0.0152102718129754,0.013762823306024,53698.0,60333304.0,830356.6024206355,154.0216771249287,4590.0,96.0049057006836,0.0020888946019113,0.0492519363760948,0.033308882266283,0.0218277648091316,0.0236985776573419,0.0186962261795997,5.5608625411987305,0.1537047326564788,5.821068286895752,0.7542546987533569
1011,29801,42,3,7,minus,0,-0.1,0.1,0.0139875570312142,0.0126564651727676,147824.0,117914400.0,1492379.4969677925,238.91815710882184,7120.0,89.26822662353516,0.0008241399773396,0.0486867688596248,0.0172926541417837,0.0131852496415376,0.0318209826946258,0.0380514785647392,3.277904748916626,5.072831630706787,3.020468711853028,0.4343680143356323
1011,29801,43,3,1,minus,1,-0.05,0.05,0.0030624063219875,0.002913051052019,4317.0,1934669.25,5635.79029402131,59.72953927720546,1780.0,68.69004821777344,0.0025674765929579,0.0119783859699964,0.0491933897137641,0.0344496145844459,0.010044421069324,0.0135199222713708,6.216831684112549,3.313960075378418,6.278366088867188,0.7253406047821045
1011,29801,43,3,2,minus,1,-0.05,0.05,0.0152102718129754,0.0144684584811329,54610.0,66607468.0,963707.3852913938,155.33035804167645,4629.0,96.0049057006836,0.0020888946019113,0.0492519363760948,0.033308882266283,0.0218277648091316,0.0236985776573419,0.0186962261795997,5.5608625411987305,0.1537047326564788,5.821068286895752,0.7542546987533569
1011,29801,43,3,7,minus,1,-0.05,0.05,0.0139875570312142,0.0133053762838244,150982.0,130710536.0,1739152.8657403812,241.0992919700681,7185.0,89.26822662353516,0.0008241399773396,0.0486867688596248,0.0172926541417837,0.0131852496415376,0.0318209826946258,0.0380514785647392,3.277904748916626,5.072831630706787,3.020468711853028,0.4343680143356323
1011,29801,44,3,1,minus,2,-0.02,0.02,0.0030624063219875,0.003001766745001,4210.0,2069633.0,6212.555513756815,60.83688466829972,1813.0,68.69004821777344,0.0025674765929579,0.0119783859699964,0.0491933897137641,0.0344496145844459,0.010044421069324,0.0135199222713708,6.216831684112549,3.313960075378418,6.278366088867188,0.7253406047821045
1011,29801,44,3,2,minus,2,-0.02,0.02,0.0152102718129754,0.0149090886116027,55200.0,69567160.0,1037182.9528975488,156.06858830240594,4651.0,96.0049057006836,0.0020888946019113,0.0492519363760948,0.033308882266283,0.0218277648091316,0.0236985776573419,0.0186962261795997,5.5608625411987305,0.1537047326564788,5.821068286895752,0.7542546987533569
1011,29801,44,3,7,minus,2,-0.02,0.02,0.0139875570312142,0.0137105854228138,152427.0,137381392.0,1883579.310521081,242.2401932821046,7219.0,89.26822662353516,0.0008241399773396,0.0486867688596248,0.0172926541417837,0.0131852496415376,0.0318209826946258,0.0380514785647392,3.277904748916626,5.072831630706787,3.020468711853028,0.4343680143356323
1011,29801,45,3,1,minus,3,-0.01,0.01,0.0030624063219875,0.0030319348443299,4130.0,2168945.0,6576.09992093523,61.37377940337572,1829.0,68.69004821777344,0.0025674765929579,0.0119783859699964,0.0491933897137641,0.0344496145844459,0.010044421069324,0.0135199222713708,6.216831684112549,3.313960075378418,6.278366088867188,0.7253406047821045
1011,29801,45,3,2,minus,3,-0.01,0.01,0.0152102718129754,0.0150589272379875,55286.0,71183320.0,1071944.4364383817,156.26992382805946,4657.0,96.0049057006836,0.0020888946019113,0.0492519363760948,0.033308882266283,0.0218277648091316,0.0236985776573419,0.0186962261795997,5.5608625411987305,0.1537047326564788,5.821068286895752,0.7542546987533569
1011,29801,45,3,7,minus,3,-0.01,0.01,0.0139875570312142,0.0138483783230185,153069.0,137726768.0,1907292.388470605,242.7099761752961,7233.0,89.26822662353516,0.0008241399773396,0.0486867688596248,0.0172926541417837,0.0131852496415376,0.0318209826946258,0.0380514785647392,3.277904748916626,5.072831630706787,3.020468711853028,0.4343680143356323
1011,29801,46,3,1,minus,4,-0.005,0.005,0.0030624063219875,0.0030471323989331,4177.0,2290997.75,6980.973469908,61.47444716620248,1832.0,68.69004821777344,0.0025674765929579,0.0119783859699964,0.0491933897137641,0.0344496145844459,0.010044421069324,0.0135199222713708,6.216831684112549,3.313960075378418,6.278366088867188,0.7253406047821045
1011,29801,46,3,2,minus,4,-0.005,0.005,0.0152102718129754,0.0151344100013375,55392.0,72443304.0,1096386.664587535,156.40414751182846,4661.0,96.0049057006836,0.0020888946019113,0.0492519363760948,0.033308882266283,0.0218277648091316,0.0236985776573419,0.0186962261795997,5.5608625411987305,0.1537047326564788,5.821068286895752,0.7542546987533569
1011,29801,46,3,7,minus,4,-0.005,0.005,0.0139875570312142,0.0139177935197949,153375.0,137583392.0,1914857.2416090071,242.9113117009496,7239.0,89.26822662353516,0.0008241399773396,0.0486867688596248,0.0172926541417837,0.0131852496415376,0.0318209826946258,0.0380514785647392,3.277904748916626,5.072831630706787,3.020468711853028,0.4343680143356323
1011,29801,47,3,1,minus,5,-0.0025,0.0025,0.0030624063219875,0.0030547596979886,4137.0,2345392.0,7164.608957584947,61.47444716620248,1832.0,68.69004821777344,0.0025674765929579,0.0119783859699964,0.0491933897137641,0.0344496145844459,0.010044421069324,0.0135199222713708,6.216831684112549,3.313960075378418,6.278366088867188,0.7253406047821045
1011,29801,47,3,2,minus,5,-0.0025,0.0025,0.0152102718129754,0.0151722934097051,55447.0,71283152.0,1081528.897312611,156.40414751182846,4661.0,96.0049057006836,0.0020888946019113,0.0492519363760948,0.033308882266283,0.0218277648091316,0.0236985776573419,0.0186962261795997,5.5608625411987305,0.1537047326564788,5.821068286895752,0.7542546987533569
1011,29801,47,3,7,minus,5,-0.0025,0.0025,0.0139875570312142,0.0139526315033435,153508.0,140153152.0,1955505.2838881016,243.1797590684876,7247.0,89.26822662353516,0.0008241399773396,0.0486867688596248,0.0172926541417837,0.0131852496415376,0.0318209826946258,0.0380514785647392,3.277904748916626,5.072831630706787,3.020468711853028,0.4343680143356323
1011,29801,48,3,1,center,6,0.0,0.0,0.0030624063219875,0.0030624063219875,4180.0,2359638.75,7226.172625606705,61.44089124526023,1831.0,68.69004821777344,0.0025674765929579,0.0119783859699964,0.0491933897137641,0.0344496145844459,0.010044421069324,0.0135199222713708,6.216831684112549,3.313960075378418,6.278366088867188,0.7253406047821045
1011,29801,48,3,2,center,6,0.0,0.0,0.0152102718129754,0.0152102718129754,55634.0,70319616.0,1069580.4731440544,156.6390389584242,4668.0,96.0049057006836,0.0020888946019113,0.0492519363760948,0.033308882266283,0.0218277648091316,0.0236985776573419,0.0186962261795997,5.5608625411987305,0.1537047326564788,5.821068286895752,0.7542546987533569
1011,29801,48,3,7,center,6,0.0,0.0,0.0139875570312142,0.0139875570312142,153824.0,139657232.0,1953463.497421518,243.38109459414116,7253.0,89.26822662353516,0.0008241399773396,0.0486867688596248,0.0172926541417837,0.0131852496415376,0.0318209826946258,0.0380514785647392,3.277904748916626,5.072831630706787,3.020468711853028,0.4343680143356323
1011,29801,49,3,1,plus,7,0.0025,0.0025,0.0030624063219875,0.0030700720380991,4202.0,2649678.25,8134.703105284541,61.37377940337572,1829.0,68.69004821777344,0.0025674765929579,0.0119783859699964,0.0491933897137641,0.0344496145844459,0.010044421069324,0.0135199222713708,6.216831684112549,3.313960075378418,6.278366088867188,0.7253406047821045
1011,29801,49,3,2,plus,7,0.0025,0.0025,0.0152102718129754,0.0152483452111482,55747.0,71232520.0,1086178.0552200228,156.8068185631355,4673.0,96.0049057006836,0.0020888946019113,0.0492519363760948,0.033308882266283,0.0218277648091316,0.0236985776573419,0.0186962261795997,5.5608625411987305,0.1537047326564788,5.821068286895752,0.7542546987533569
1011,29801,49,3,7,plus,7,0.0025,0.0025,0.0139875570312142,0.0140225701034069,154311.0,140891776.0,1975664.805953503,243.61598604073689,7260.0,89.26822662353516,0.0008241399773396,0.0486867688596248,0.0172926541417837,0.0131852496415376,0.0318209826946258,0.0380514785647392,3.277904748916626,5.072831630706787,3.020468711853028,0.4343680143356323
1011,29801,50,3,1,plus,8,0.005,0.005,0.0030624063219875,0.0030777566134929,4262.0,2699174.5,8307.402168346569,61.30666756149122,1827.0,68.69004821777344,0.0025674765929579,0.0119783859699964,0.0491933897137641,0.0344496145844459,0.010044421069324,0.0135199222713708,6.216831684112549,3.313960075378418,6.278366088867188,0.7253406047821045
1011,29801,50,3,2,plus,8,0.005,0.005,0.0152102718129754,0.0152865136042237,55600.0,71361976.0,1090875.8169482872,156.6390389584242,4668.0,96.0049057006836,0.0020888946019113,0.0492519363760948,0.033308882266283,0.0218277648091316,0.0236985776573419,0.0186962261795997,5.5608625411987305,0.1537047326564788,5.821068286895752,0.7542546987533569
1011,29801,50,3,7,plus,8,0.005,0.005,0.0139875570312142,0.014057669788599,154416.0,141349824.0,1987049.150468588,243.7837656454481,7265.0,89.26822662353516,0.0008241399773396,0.0486867688596248,0.0172926541417837,0.0131852496415376,0.0318209826946258,0.0380514785647392,3.277904748916626,5.072831630706787,3.020468711853028,0.4343680143356323
1011,29801,51,3,1,plus,9,0.01,0.01,0.0030624063219875,0.0030931839719414,4212.0,2814036.5,8704.332598258276,61.30666756149122,1827.0,68.69004821777344,0.0025674765929579,0.0119783859699964,0.0491933897137641,0.0344496145844459,0.010044421069324,0.0135199222713708,6.216831684112549,3.313960075378418,6.278366088867188,0.7253406047821045
1011,29801,51,3,2,plus,9,0.01,0.01,0.0152102718129754,0.0153631381690502,55825.0,70932304.0,1089742.7870010734,156.8068185631355,4673.0,96.0049057006836,0.0020888946019113,0.0492519363760948,0.033308882266283,0.0218277648091316,0.0236985776573419,0.0186962261795997,5.5608625411987305,0.1537047326564788,5.821068286895752,0.7542546987533569
1011,29801,51,3,7,plus,9,0.01,0.01,0.0139875570312142,0.0141281345859169,154867.0,140955040.0,1991431.7756833136,244.01865709204387,7272.0,89.26822662353516,0.0008241399773396,0.0486867688596248,0.0172926541417837,0.0131852496415376,0.0318209826946258,0.0380514785647392,3.277904748916626,5.072831630706787,3.020468711853028,0.4343680143356323
1011,29801,52,3,1,plus,10,0.02,0.02,0.0030624063219875,0.0031242710538208,4342.0,2770323.0,8655.239958634134,61.37377940337572,1829.0,68.69004821777344,0.0025674765929579,0.0119783859699964,0.0491933897137641,0.0344496145844459,0.010044421069324,0.0135199222713708,6.216831684112549,3.313960075378418,6.278366088867188,0.7253406047821045
1011,29801,52,3,2,plus,10,0.02,0.02,0.0152102718129754,0.0155175393447279,55890.0,71077720.0,1102951.3166335598,156.87393040501996,4675.0,96.0049057006836,0.0020888946019113,0.0492519363760948,0.033308882266283,0.0218277648091316,0.0236985776573419,0.0186962261795997,5.5608625411987305,0.1537047326564788,5.821068286895752,0.7542546987533569
1011,29801,52,3,7,plus,10,0.02,0.02,0.0139875570312142,0.0142701240256428,155425.0,142815408.0,2037993.5849327887,244.6226636690044,7290.0,89.26822662353516,0.0008241399773396,0.0486867688596248,0.0172926541417837,0.0131852496415376,0.0318209826946258,0.0380514785647392,3.277904748916626,5.072831630706787,3.020468711853028,0.4343680143356323
1011,29801,53,3,1,plus,11,0.05,0.05,0.0030624063219875,0.0032194191589951,4512.0,2891784.0,9309.864813275635,61.97778598033623,1847.0,68.69004821777344,0.0025674765929579,0.0119783859699964,0.0491933897137641,0.0344496145844459,0.010044421069324,0.0135199222713708,6.216831684112549,3.313960075378418,6.278366088867188,0.7253406047821045
1011,29801,53,3,2,plus,11,0.05,0.05,0.0152102718129754,0.0159901194274425,56455.0,76150080.0,1217648.8736093044,157.71282842857622,4700.0,96.0049057006836,0.0020888946019113,0.0492519363760948,0.033308882266283,0.0218277648091316,0.0236985776573419,0.0186962261795997,5.5608625411987305,0.1537047326564788,5.821068286895752,0.7542546987533569
1011,29801,53,3,7,plus,11,0.05,0.05,0.0139875570312142,0.0147047145292162,156595.0,147341392.0,2166613.1076973528,245.39444985067607,7313.0,89.26822662353516,0.0008241399773396,0.0486867688596248,0.0172926541417837,0.0131852496415376,0.0318209826946258,0.0380514785647392,3.277904748916626,5.072831630706787,3.020468711853028,0.4343680143356323
1011,29801,54,3,1,plus,12,0.1,0.1,0.0030624063219875,0.0033844825811684,4463.0,3023231.5,10232.074350589652,63.42069058085298,1890.0,68.69004821777344,0.0025674765929579,0.0119783859699964,0.0491933897137641,0.0344496145844459,0.010044421069324,0.0135199222713708,6.216831684112549,3.313960075378418,6.278366088867188,0.7253406047821045
1011,29801,54,3,2,plus,12,0.1,0.1,0.0152102718129754,0.0168099515140056,57109.0,80412096.0,1351723.4348995686,158.5852823730747,4726.0,96.0049057006836,0.0020888946019113,0.0492519363760948,0.033308882266283,0.0218277648091316,0.0236985776573419,0.0186962261795997,5.5608625411987305,0.1537047326564788,5.821068286895752,0.7542546987533569
1011,29801,54,3,7,plus,12,0.1,0.1,0.0139875570312142,0.0154586415737867,159689.0,160876768.0,2486936.2940612435,247.6762524747492,7381.0,89.26822662353516,0.0008241399773396,0.0486867688596248,0.0172926541417837,0.0131852496415376,0.0318209826946258,0.0380514785647392,3.277904748916626,5.072831630706787,3.020468711853028,0.4343680143356323
1011,29801,55,3,1,center_duplicate,-1,0.0,0.0,0.0030624063219875,0.0030624063219875,4180.0,2359638.75,7226.172625606705,61.44089124526023,1831.0,68.69004821777344,0.0025674765929579,0.0119783859699964,0.0491933897137641,0.0344496145844459,0.010044421069324,0.0135199222713708,6.216831684112549,3.313960075378418,6.278366088867188,0.7253406047821045
1011,29801,55,3,2,center_duplicate,-1,0.0,0.0,0.0152102718129754,0.0152102718129754,55634.0,70319616.0,1069580.4731440544,156.6390389584242,4668.0,96.0049057006836,0.0020888946019113,0.0492519363760948,0.033308882266283,0.0218277648091316,0.0236985776573419,0.0186962261795997,5.5608625411987305,0.1537047326564788,5.821068286895752,0.7542546987533569
1011,29801,55,3,7,center_duplicate,-1,0.0,0.0,0.0139875570312142,0.0139875570312142,153824.0,139657232.0,1953463.497421518,243.38109459414116,7253.0,89.26822662353516,0.0008241399773396,0.0486867688596248,0.0172926541417837,0.0131852496415376,0.0318209826946258,0.0380514785647392,3.277904748916626,5.072831630706787,3.020468711853028,0.4343680143356323
1011,29801,56,4,1,minus,0,-0.1,0.1,0.0108905816450715,0.0098542058840394,114396.0,35201892.0,346886.69127571955,247.0051340559041,7361.0,33.49873733520508,0.0002443856210447,0.0386488735675811,0.0286058206111192,0.017027685418725,0.0424789972603321,0.0291590932756662,3.127815723419189,7.227877616882324,7.630624294281006,0.9706724286079408
1011,29801,56,4,2,minus,0,-0.1,0.1,0.0116654084995388,0.0105552980676293,127342.0,122022672.0,1287985.6739685684,209.1204993121036,6232.0,38.7281608581543,0.0025844236370176,0.0295098964124918,0.0405808053910732,0.046412743628025,0.0416797697544097,0.0448324494063854,0.7273001670837402,9.898069381713867,9.137249946594238,0.9603471159934998
1011,29801,56,4,7,minus,0,-0.1,0.1,0.0098292483016848,0.008893871679902,4259.0,15648.4609375,139.17540356608515,24.529378208784937,731.0,4.61674165725708,0.0038823534268885,0.0212451666593551,0.0269096083939075,0.0197803676128387,0.0193378403782844,0.0118202436715364,1.170051097869873,1.0662606954574585,7.525685787200928,0.8699729442596436
1011,29801,57,4,1,minus,1,-0.05,0.05,0.0108905816450715,0.0103594418615102,117864.0,36563800.0,378780.5603358895,250.0922787825912,7453.0,33.49873733520508,0.0002443856210447,0.0386488735675811,0.0286058206111192,0.017027685418725,0.0424789972603321,0.0291590932756662,3.127815723419189,7.227877616882324,7.630624294281006,0.9706724286079408
1011,29801,57,4,2,minus,1,-0.05,0.05,0.0116654084995388,0.0110964803025126,131049.0,139698864.0,1550165.692659393,212.00630851313716,6318.0,38.7281608581543,0.0025844236370176,0.0295098964124918,0.0405808053910732,0.046412743628025,0.0416797697544097,0.0448324494063854,0.7273001670837402,9.898069381713867,9.137249946594238,0.9603471159934998
1011,29801,57,4,7,minus,1,-0.05,0.05,0.0098292483016848,0.0093498704954981,4346.0,20981.8984375,196.17803314032065,25.30116439045669,754.0,4.61674165725708,0.0038823534268885,0.0212451666593551,0.0269096083939075,0.0197803676128387,0.0193378403782844,0.0118202436715364,1.170051097869873,1.0662606954574585,7.525685787200928,0.8699729442596436
1011,29801,58,4,1,minus,2,-0.02,0.02,0.0108905816450715,0.0106749339029192,119542.0,38697064.0,413088.6004370377,251.73651890876144,7502.0,33.49873733520508,0.0002443856210447,0.0386488735675811,0.0286058206111192,0.017027685418725,0.0424789972603321,0.0291590932756662,3.127815723419189,7.227877616882324,7.630624294281006,0.9706724286079408
1011,29801,58,4,2,minus,2,-0.02,0.02,0.0116654084995388,0.0114344181492924,132658.0,145394208.0,1662498.1707572043,213.2478775880004,6355.0,38.7281608581543,0.0025844236370176,0.0295098964124918,0.0405808053910732,0.046412743628025,0.0416797697544097,0.0448324494063854,0.7273001670837402,9.898069381713867,9.137249946594238,0.9603471159934998
1011,29801,58,4,7,minus,2,-0.02,0.02,0.0098292483016848,0.0096346158534288,4383.0,22903.0,220.66160689108077,25.87161504647495,771.0,4.61674165725708,0.0038823534268885,0.0212451666593551,0.0269096083939075,0.0197803676128387,0.0193378403782844,0.0118202436715364,1.170051097869873,1.0662606954574585,7.525685787200928,0.8699729442596436
1011,29801,59,4,1,minus,3,-0.01,0.01,0.0108905816450715,0.0107822185382246,119649.0,38683980.0,417099.1262883134,251.93785443441493,7508.0,33.49873733520508,0.0002443856210447,0.0386488735675811,0.0286058206111192,0.017027685418725,0.0424789972603321,0.0291590932756662,3.127815723419189,7.227877616882324,7.630624294281006,0.9706724286079408
1011,29801,59,4,2,minus,3,-0.01,0.01,0.0116654084995388,0.0115493359044194,133724.0,146052416.0,1686808.4120360017,213.9189960068454,6375.0,38.7281608581543,0.0025844236370176,0.0295098964124918,0.0405808053910732,0.046412743628025,0.0416797697544097,0.0448324494063854,0.7273001670837402,9.898069381713867,9.137249946594238,0.9603471159934998
1011,29801,59,4,7,minus,3,-0.01,0.01,0.0098292483016848,0.0097314454615116,4383.0,22241.3203125,216.44019561310412,26.00583873024395,775.0,4.61674165725708,0.0038823534268885,0.0212451666593551,0.0269096083939075,0.0197803676128387,0.0193378403782844,0.0118202436715364,1.170051097869873,1.0662606954574585,7.525685787200928,0.8699729442596436
1011,29801,60,4,1,minus,4,-0.005,0.005,0.0108905816450715,0.0108362641185522,120017.0,39389412.0,426834.07190646976,252.20630180195292,7516.0,33.49873733520508,0.0002443856210447,0.0386488735675811,0.0286058206111192,0.017027685418725,0.0424789972603321,0.0291590932756662,3.127815723419189,7.227877616882324,7.630624294281006,0.9706724286079408
1011,29801,60,4,2,minus,4,-0.005,0.005,0.0116654084995388,0.0116072269156575,134030.0,149135296.0,1731047.221805751,214.0532196906144,6379.0,38.7281608581543,0.0025844236370176,0.0295098964124918,0.0405808053910732,0.046412743628025,0.0416797697544097,0.0448324494063854,0.7273001670837402,9.898069381713867,9.137249946594238,0.9603471159934998
1011,29801,60,4,7,minus,4,-0.005,0.005,0.0098292483016848,0.0097802244126796,4429.0,22228.1015625,217.39582154908567,26.07295057212845,777.0,4.61674165725708,0.0038823534268885,0.0212451666593551,0.0269096083939075,0.0197803676128387,0.0193378403782844,0.0118202436715364,1.170051097869873,1.0662606954574585,7.525685787200928,0.8699729442596436
1011,29801,61,4,1,minus,5,-0.0025,0.0025,0.0108905816450715,0.0108633888885378,120460.0,39408380.0,428108.55740727857,252.5083050904332,7525.0,33.49873733520508,0.0002443856210447,0.0386488735675811,0.0286058206111192,0.017027685418725,0.0424789972603321,0.0291590932756662,3.127815723419189,7.227877616882324,7.630624294281006,0.9706724286079408
1011,29801,61,4,2,minus,5,-0.0025,0.0025,0.0116654084995388,0.0116362813860178,134156.0,149566160.0,1740393.92358616,214.1203315324989,6381.0,38.7281608581543,0.0025844236370176,0.0295098964124918,0.0405808053910732,0.046412743628025,0.0416797697544097,0.0448324494063854,0.7273001670837402,9.898069381713867,9.137249946594238,0.9603471159934998
1011,29801,61,4,7,minus,5,-0.0025,0.0025,0.0098292483016848,0.0098047060891985,4432.0,24835.509765625,243.50487382737447,26.1736183349552,780.0,4.61674165725708,0.0038823534268885,0.0212451666593551,0.0269096083939075,0.0197803676128387,0.0193378403782844,0.0118202436715364,1.170051097869873,1.0662606954574585,7.525685787200928,0.8699729442596436
1011,29801,62,4,1,center,6,0.0,0.0,0.0108905816450715,0.0108905816450715,120594.0,39226680.0,427201.3612050936,252.6425287742022,7529.0,33.49873733520508,0.0002443856210447,0.0386488735675811,0.0286058206111192,0.017027685418725,0.0424789972603321,0.0291590932756662,3.127815723419189,7.227877616882324,7.630624294281006,0.9706724286079408
1011,29801,62,4,2,center,6,0.0,0.0,0.0116654084995388,0.0116654084995388,134255.0,149982176.0,1749603.350689739,214.2881111372101,6386.0,38.7281608581543,0.0025844236370176,0.0295098964124918,0.0405808053910732,0.046412743628025,0.0416797697544097,0.0448324494063854,0.7273001670837402,9.898069381713867,9.137249946594238,0.9603471159934998
1011,29801,62,4,7,center,6,0.0,0.0,0.0098292483016848,0.0098292483016848,4455.0,23976.416015625,235.6701464020716,26.274286097781957,783.0,4.61674165725708,0.0038823534268885,0.0212451666593551,0.0269096083939075,0.0197803676128387,0.0193378403782844,0.0118202436715364,1.170051097869873,1.0662606954574585,7.525685787200928,0.8699729442596436
1011,29801,63,4,1,plus,7,0.0025,0.0025,0.0108905816450715,0.010917842388153,120587.0,39711944.0,433568.7455191612,252.67608469514445,7530.0,33.49873733520508,0.0002443856210447,0.0386488735675811,0.0286058206111192,0.017027685418725,0.0424789972603321,0.0291590932756662,3.127815723419189,7.227877616882324,7.630624294281006,0.9706724286079408
1011,29801,63,4,2,plus,7,0.0025,0.0025,0.0116654084995388,0.0116946091875433,134294.0,149680704.0,1750457.336196363,214.3216670581524,6387.0,38.7281608581543,0.0025844236370176,0.0295098964124918,0.0405808053910732,0.046412743628025,0.0416797697544097,0.0448324494063854,0.7273001670837402,9.898069381713867,9.137249946594238,0.9603471159934998
1011,29801,63,4,7,plus,7,0.0025,0.0025,0.0098292483016848,0.0098538529127836,4441.0,23942.29296875,235.92383330883604,26.341397939666454,785.0,4.61674165725708,0.0038823534268885,0.0212451666593551,0.0269096083939075,0.0197803676128387,0.0193378403782844,0.0118202436715364,1.170051097869873,1.0662606954574585,7.525685787200928,0.8699729442596436
1011,29801,64,4,1,plus,8,0.005,0.005,0.0108905816450715,0.0109451711177825,120641.0,40518064.0,443477.1438412666,252.74319653702892,7532.0,33.49873733520508,0.0002443856210447,0.0386488735675811,0.0286058206111192,0.017027685418725,0.0424789972603321,0.0291590932756662,3.127815723419189,7.227877616882324,7.630624294281006,0.9706724286079408
1011,29801,64,4,2,plus,8,0.005,0.005,0.0116654084995388,0.0117238815873861,134743.0,151238736.0,1773105.032289952,214.62367034663265,6396.0,38.7281608581543,0.0025844236370176,0.0295098964124918,0.0405808053910732,0.046412743628025,0.0416797697544097,0.0448324494063854,0.7273001670837402,9.898069381713867,9.137249946594238,0.9603471159934998
1011,29801,64,4,7,plus,8,0.005,0.005,0.0098292483016848,0.0098785171285271,4456.0,21310.609375,210.51721973028907,26.374953860608706,786.0,4.61674165725708,0.0038823534268885,0.0212451666593551,0.0269096083939075,0.0197803676128387,0.0193378403782844,0.0118202436715364,1.170051097869873,1.0662606954574585,7.525685787200928,0.8699729442596436
1011,29801,65,4,1,plus,9,0.01,0.01,0.0108905816450715,0.011000033468008,121195.0,41304248.0,454348.1103709042,253.14586758833596,7544.0,33.49873733520508,0.0002443856210447,0.0386488735675811,0.0286058206111192,0.017027685418725,0.0424789972603321,0.0291590932756662,3.127815723419189,7.227877616882324,7.630624294281006,0.9706724286079408
1011,29801,65,4,2,plus,9,0.01,0.01,0.0116654084995388,0.0117826480418443,135339.0,151391312.0,1783790.5458890498,215.16056508170865,6412.0,38.7281608581543,0.0025844236370176,0.0295098964124918,0.0405808053910732,0.046412743628025,0.0416797697544097,0.0448324494063854,0.7273001670837402,9.898069381713867,9.137249946594238,0.9603471159934998
1011,29801,65,4,7,plus,9,0.01,0.01,0.0098292483016848,0.0099280336871743,4472.0,22056.44140625,218.9770933004365,26.576289386262204,792.0,4.61674165725708,0.0038823534268885,0.0212451666593551,0.0269096083939075,0.0197803676128387,0.0193378403782844,0.0118202436715364,1.170051097869873,1.0662606954574585,7.525685787200928,0.8699729442596436
1011,29801,66,4,1,plus,10,0.02,0.02,0.0108905816450715,0.0111105861142277,121300.0,41391620.0,459885.1584173925,253.1794235092782,7545.0,33.49873733520508,0.0002443856210447,0.0386488735675811,0.0286058206111192,0.017027685418725,0.0424789972603321,0.0291590932756662,3.127815723419189,7.227877616882324,7.630624294281006,0.9706724286079408
1011,29801,66,4,2,plus,10,0.02,0.02,0.0116654084995388,0.0119010647758841,135816.0,156938368.0,1867733.6833895445,215.3954565283044,6419.0,38.7281608581543,0.0025844236370176,0.0295098964124918,0.0405808053910732,0.046412743628025,0.0416797697544097,0.0448324494063854,0.7273001670837402,9.898069381713867,9.137249946594238,0.9603471159934998
1011,29801,66,4,7,plus,10,0.02,0.02,0.0098292483016848,0.0100278118625283,4449.0,24626.994140625,246.9548639817749,26.744068990973457,797.0,4.61674165725708,0.0038823534268885,0.0212451666593551,0.0269096083939075,0.0197803676128387,0.0193378403782844,0.0118202436715364,1.170051097869873,1.0662606954574585,7.525685787200928,0.8699729442596436
1011,29801,67,4,1,plus,11,0.05,0.05,0.0108905816450715,0.0114489533007144,122479.0,41811596.0,478699.0100323409,254.1189892956612,7573.0,33.49873733520508,0.0002443856210447,0.0386488735675811,0.0286058206111192,0.017027685418725,0.0424789972603321,0.0291590932756662,3.127815723419189,7.227877616882324,7.630624294281006,0.9706724286079408
1011,29801,67,4,2,plus,11,0.05,0.05,0.0116654084995388,0.0122635066509246,139016.0,167424624.0,2053212.989952564,217.34169994295493,6477.0,38.7281608581543,0.0025844236370176,0.0295098964124918,0.0405808053910732,0.046412743628025,0.0416797697544097,0.0448324494063854,0.7273001670837402,9.898069381713867,9.137249946594238,0.9603471159934998
1011,29801,67,4,7,plus,11,0.05,0.05,0.0098292483016848,0.0103332046419382,4439.0,25622.78515625,264.76548251594795,27.41518740981846,817.0,4.61674165725708,0.0038823534268885,0.0212451666593551,0.0269096083939075,0.0197803676128387,0.0193378403782844,0.0118202436715364,1.170051097869873,1.0662606954574585,7.525685787200928,0.8699729442596436
1011,29801,68,4,1,plus,12,0.1,0.1,0.0108905816450715,0.0120359547436237,125707.0,45290988.0,545120.2818620056,256.904130733868,7656.0,33.49873733520508,0.0002443856210447,0.0386488735675811,0.0286058206111192,0.017027685418725,0.0424789972603321,0.0291590932756662,3.127815723419189,7.227877616882324,7.630624294281006,0.9706724286079408
1011,29801,68,4,2,plus,12,0.1,0.1,0.0116654084995388,0.0128922704607248,142311.0,189805440.0,2447023.067396879,219.2543874366632,6534.0,38.7281608581543,0.0025844236370176,0.0295098964124918,0.0405808053910732,0.046412743628025,0.0416797697544097,0.0448324494063854,0.7273001670837402,9.898069381713867,9.137249946594238,0.9603471159934998
1011,29801,68,4,7,plus,12,0.1,0.1,0.0098292483016848,0.0108629995957016,4592.0,32941.30859375,357.841421935791,28.38830911714372,846.0,4.61674165725708,0.0038823534268885,0.0212451666593551,0.0269096083939075,0.0197803676128387,0.0193378403782844,0.0118202436715364,1.170051097869873,1.0662606954574585,7.525685787200928,0.8699729442596436
1011,29801,69,4,1,center_duplicate,-1,0.0,0.0,0.0108905816450715,0.0108905816450715,120594.0,39226680.0,427201.3612050936,252.6425287742022,7529.0,33.49873733520508,0.0002443856210447,0.0386488735675811,0.0286058206111192,0.017027685418725,0.0424789972603321,0.0291590932756662,3.127815723419189,7.227877616882324,7.630624294281006,0.9706724286079408
1011,29801,69,4,2,center_duplicate,-1,0.0,0.0,0.0116654084995388,0.0116654084995388,134255.0,149982176.0,1749603.350689739,214.2881111372101,6386.0,38.7281608581543,0.0025844236370176,0.0295098964124918,0.0405808053910732,0.046412743628025,0.0416797697544097,0.0448324494063854,0.7273001670837402,9.898069381713867,9.137249946594238,0.9603471159934998
1011,29801,69,4,7,center_duplicate,-1,0.0,0.0,0.0098292483016848,0.0098292483016848,4455.0,23976.416015625,235.6701464020716,26.274286097781957,783.0,4.61674165725708,0.0038823534268885,0.0212451666593551,0.0269096083939075,0.0197803676128387,0.0193378403782844,0.0118202436715364,1.170051097869873,1.0662606954574585,7.525685787200928,0.8699729442596436
1011,29801,70,5,1,minus,0,-0.1,0.1,0.0129776550456881,0.0117426682263612,6887.0,1257328.375,14764.389959214954,88.55407536659843,2639.0,24.337238311767575,0.0024092399980872,0.0323095433413982,0.0223913118243217,0.0126002123579382,0.0246993713080883,0.0182983670383691,7.951542377471924,8.247520446777344,4.818588733673096,0.2670776546001434
1011,29801,70,5,2,minus,0,-0.1,0.1,0.0048190923407673,0.0043604951351881,5476.0,1080188.5,4710.156699336134,57.95107546726619,1727.0,31.63585090637207,0.0015944018959999,0.017833586782217,0.0103708188980817,0.0133877424523234,0.0142292836681008,0.0478997603058815,6.824490547180176,1.2873531579971311,2.1796975135803223,0.67423015832901
1011,29801,70,5,7,minus,0,-0.1,0.1,0.0127071822062134,0.0114979343488812,68480.0,12433343.0,142957.76155112218,164.524680379853,4903.0,26.436113357543945,0.0015469755744561,0.037771038711071,0.0138946194201707,0.0293865650892257,0.0210106670856475,0.0406164526939392,2.290356397628784,4.109940528869629,6.244213104248047,0.661459743976593
1011,29801,71,5,1,minus,1,-0.05,0.05,0.0129776550456881,0.0123447272926568,7206.0,1325417.25,16361.914500233252,89.52719707392369,2668.0,24.337238311767575,0.0024092399980872,0.0323095433413982,0.0223913118243217,0.0126002123579382,0.0246993713080883,0.0182983670383691,7.951542377471924,8.247520446777344,4.818588733673096,0.2670776546001434
1011,29801,71,5,2,minus,1,-0.05,0.05,0.0048190923407673,0.0045840623788535,5749.0,1233454.375,5654.23179646983,59.058420858360456,1760.0,31.63585090637207,0.0015944018959999,0.017833586782217,0.0103708188980817,0.0133877424523234,0.0142292836681008,0.0478997603058815,6.824490547180176,1.2873531579971311,2.1796975135803223,0.67423015832901
1011,29801,71,5,7,minus,1,-0.05,0.05,0.0127071822062134,0.012087445706129,71058.0,14098245.0,170411.7709892057,167.44404550182878,4990.0,26.436113357543945,0.0015469755744561,0.037771038711071,0.0138946194201707,0.0293865650892257,0.0210106670856475,0.0406164526939392,2.290356397628784,4.109940528869629,6.244213104248047,0.661459743976593
1011,29801,72,5,1,minus,2,-0.02,0.02,0.0129776550456881,0.0127206807956099,7401.0,1459372.375,18564.210144306184,90.2654273346532,2690.0,24.337238311767575,0.0024092399980872,0.0323095433413982,0.0223913118243217,0.0126002123579382,0.0246993713080883,0.0182983670383691,7.951542377471924,8.247520446777344,4.818588733673096,0.2670776546001434
1011,29801,72,5,2,minus,2,-0.02,0.02,0.0048190923407673,0.0047236680984497,6002.0,1263508.375,5968.394203111529,59.96443072380121,1787.0,31.63585090637207,0.0015944018959999,0.017833586782217,0.0103708188980817,0.0133877424523234,0.0142292836681008,0.0478997603058815,6.824490547180176,1.2873531579971311,2.1796975135803223,0.67423015832901
1011,29801,72,5,7,minus,2,-0.02,0.02,0.0127071822062134,0.0124555630609393,73151.0,13744418.0,171194.46513490938,169.69229220495956,5057.0,26.436113357543945,0.0015469755744561,0.037771038711071,0.0138946194201707,0.0293865650892257,0.0210106670856475,0.0406164526939392,2.290356397628784,4.109940528869629,6.244213104248047,0.661459743976593
1011,29801,73,5,1,minus,3,-0.01,0.01,0.0129776550456881,0.0128485253080725,7633.0,1517645.625,19499.50822149811,90.7352102278447,2704.0,24.337238311767575,0.0024092399980872,0.0323095433413982,0.0223913118243217,0.0126002123579382,0.0246993713080883,0.0182983670383691,7.951542377471924,8.247520446777344,4.818588733673096,0.2670776546001434
1011,29801,73,5,2,minus,3,-0.01,0.01,0.0048190923407673,0.0047711418010294,6048.0,1216684.125,5804.972487436433,60.16576624945471,1793.0,31.63585090637207,0.0015944018959999,0.017833586782217,0.0103708188980817,0.0133877424523234,0.0142292836681008,0.0478997603058815,6.824490547180176,1.2873531579971311,2.1796975135803223,0.67423015832901
1011,29801,73,5,7,minus,3,-0.01,0.01,0.0127071822062134,0.0125807439908385,73606.0,14151425.0,178035.4550305521,170.2627428609778,5074.0,26.436113357543945,0.0015469755744561,0.037771038711071,0.0138946194201707,0.0293865650892257,0.0210106670856475,0.0406164526939392,2.290356397628784,4.109940528869629,6.244213104248047,0.661459743976593
1011,29801,74,5,1,minus,4,-0.005,0.005,0.0129776550456881,0.0129129281267523,7628.0,1450500.625,18730.2103184344,90.76876614878697,2705.0,24.337238311767575,0.0024092399980872,0.0323095433413982,0.0223913118243217,0.0126002123579382,0.0246993713080883,0.0182983670383691,7.951542377471924,8.247520446777344,4.818588733673096,0.2670776546001434
1011,29801,74,5,2,minus,4,-0.005,0.005,0.0048190923407673,0.0047950567677617,6153.0,1261023.5,6046.679267981555,60.266434012281465,1796.0,31.63585090637207,0.0015944018959999,0.017833586782217,0.0103708188980817,0.0133877424523234,0.0142292836681008,0.0478997603058815,6.824490547180176,1.2873531579971311,2.1796975135803223,0.67423015832901
1011,29801,74,5,7,minus,4,-0.005,0.005,0.0127071822062134,0.0126438047736883,74005.0,13937127.0,176218.31289410032,170.76608167511156,5089.0,26.436113357543945,0.0015469755744561,0.037771038711071,0.0138946194201707,0.0293865650892257,0.0210106670856475,0.0406164526939392,2.290356397628784,4.109940528869629,6.244213104248047,0.661459743976593
1011,29801,75,5,1,minus,5,-0.0025,0.0025,0.0129776550456881,0.0129452515393495,7636.0,1412600.875,18286.47365158028,90.90298983255596,2709.0,24.337238311767575,0.0024092399980872,0.0323095433413982,0.0223913118243217,0.0126002123579382,0.0246993713080883,0.0182983670383691,7.951542377471924,8.247520446777344,4.818588733673096,0.2670776546001434
1011,29801,75,5,2,minus,5,-0.0025,0.0025,0.0048190923407673,0.0048070596531033,6158.0,1211233.25,5822.470486572245,60.23287809133921,1795.0,31.63585090637207,0.0015944018959999,0.017833586782217,0.0103708188980817,0.0133877424523234,0.0142292836681008,0.0478997603058815,6.824490547180176,1.2873531579971311,2.1796975135803223,0.67423015832901
1011,29801,75,5,7,minus,5,-0.0025,0.0025,0.0127071822062134,0.0126754539087414,74409.0,14272209.0,180906.72735542525,171.10164088453408,5099.0,26.436113357543945,0.0015469755744561,0.037771038711071,0.0138946194201707,0.0293865650892257,0.0210106670856475,0.0406164526939392,2.290356397628784,4.109940528869629,6.244213104248047,0.661459743976593
1011,29801,76,5,1,center,6,0.0,0.0,0.0129776550456881,0.0129776550456881,7724.0,1325508.5,17201.992073127534,90.97010167444044,2711.0,24.337238311767575,0.0024092399980872,0.0323095433413982,0.0223913118243217,0.0126002123579382,0.0246993713080883,0.0182983670383691,7.951542377471924,8.247520446777344,4.818588733673096,0.2670776546001434
1011,29801,76,5,2,center,6,0.0,0.0,0.0048190923407673,0.0048190923407673,6168.0,1282236.0,6179.213686656207,60.16576624945471,1793.0,31.63585090637207,0.0015944018959999,0.017833586782217,0.0103708188980817,0.0133877424523234,0.0142292836681008,0.0478997603058815,6.824490547180176,1.2873531579971311,2.1796975135803223,0.67423015832901
1011,29801,76,5,7,center,6,0.0,0.0,0.0127071822062134,0.0127071822062134,74415.0,14330033.0,182094.3403520519,171.16875272641855,5101.0,26.436113357543945,0.0015469755744561,0.037771038711071,0.0138946194201707,0.0293865650892257,0.0210106670856475,0.0406164526939392,2.290356397628784,4.109940528869629,6.244213104248047,0.661459743976593
1011,29801,77,5,1,plus,7,0.0025,0.0025,0.0129776550456881,0.0130101405084133,7763.0,1366268.0,17775.338652148843,91.0707694372672,2714.0,24.337238311767575,0.0024092399980872,0.0323095433413982,0.0223913118243217,0.0126002123579382,0.0246993713080883,0.0182983670383691,7.951542377471924,8.247520446777344,4.818588733673096,0.2670776546001434
1011,29801,77,5,2,plus,7,0.0025,0.0025,0.0048190923407673,0.004831155296415,6172.0,1274894.625,6159.213919939881,60.23287809133921,1795.0,31.63585090637207,0.0015944018959999,0.017833586782217,0.0103708188980817,0.0133877424523234,0.0142292836681008,0.0478997603058815,6.824490547180176,1.2873531579971311,2.1796975135803223,0.67423015832901
1011,29801,77,5,7,plus,7,0.0025,0.0025,0.0127071822062134,0.0127389905974268,74659.0,14340121.0,182678.6665849639,171.3700882520721,5107.0,26.436113357543945,0.0015469755744561,0.037771038711071,0.0138946194201707,0.0293865650892257,0.0210106670856475,0.0406164526939392,2.290356397628784,4.109940528869629,6.244213104248047,0.661459743976593
1011,29801,78,5,1,plus,8,0.005,0.005,0.0129776550456881,0.0130427060648798,7757.0,1382616.375,18033.058979614754,91.0036575953827,2712.0,24.337238311767575,0.0024092399980872,0.0323095433413982,0.0223913118243217,0.0126002123579382,0.0246993713080883,0.0182983670383691,7.951542377471924,8.247520446777344,4.818588733673096,0.2670776546001434
1011,29801,78,5,2,plus,8,0.005,0.005,0.0048190923407673,0.0048432480543851,6191.0,1280990.5,6204.154746810906,60.40065769605047,1800.0,31.63585090637207,0.0015944018959999,0.017833586782217,0.0103708188980817,0.0133877424523234,0.0142292836681008,0.0478997603058815,6.824490547180176,1.2873531579971311,2.1796975135803223,0.67423015832901
1011,29801,78,5,7,plus,8,0.005,0.005,0.0127071822062134,0.0127708772197365,74902.0,14616211.0,186661.8360987632,171.60497969866782,5114.0,26.436113357543945,0.0015469755744561,0.037771038711071,0.0138946194201707,0.0293865650892257,0.0210106670856475,0.0406164526939392,2.290356397628784,4.109940528869629,6.244213104248047,0.661459743976593
1011,29801,79,5,1,plus,9,0.01,0.01,0.0129776550456881,0.0131080830469727,7709.0,1404162.375,18405.877022934492,91.2049931210362,2718.0,24.337238311767575,0.0024092399980872,0.0323095433413982,0.0223913118243217,0.0126002123579382,0.0246993713080883,0.0182983670383691,7.951542377471924,8.247520446777344,4.818588733673096,0.2670776546001434
1011,29801,79,5,2,plus,9,0.01,0.01,0.0048190923407673,0.0048675253055989,6264.0,1259649.125,6131.3739921131055,60.90399651018422,1815.0,31.63585090637207,0.0015944018959999,0.017833586782217,0.0103708188980817,0.0133877424523234,0.0142292836681008,0.0478997603058815,6.824490547180176,1.2873531579971311,2.1796975135803223,0.67423015832901
1011,29801,79,5,7,plus,9,0.01,0.01,0.0127071822062134,0.0128348916769027,74978.0,14859388.0,190718.6353650689,171.7392033824368,5118.0,26.436113357543945,0.0015469755744561,0.037771038711071,0.0138946194201707,0.0293865650892257,0.0210106670856475,0.0406164526939392,2.290356397628784,4.109940528869629,6.244213104248047,0.661459743976593
1011,29801,80,5,1,plus,10,0.02,0.02,0.0129776550456881,0.0132398204877972,7895.0,1315393.125,17415.568845882663,91.4734404885742,2726.0,24.337238311767575,0.0024092399980872,0.0323095433413982,0.0223913118243217,0.0126002123579382,0.0246993713080883,0.0182983670383691,7.951542377471924,8.247520446777344,4.818588733673096,0.2670776546001434
1011,29801,80,5,2,plus,10,0.02,0.02,0.0048190923407673,0.0049164444208145,6290.0,1247203.875,6131.808532861993,61.03822019395322,1819.0,31.63585090637207,0.0015944018959999,0.017833586782217,0.0103708188980817,0.0133877424523234,0.0142292836681008,0.0478997603058815,6.824490547180176,1.2873531579971311,2.1796975135803223,0.67423015832901
1011,29801,80,5,7,plus,10,0.02,0.02,0.0127071822062134,0.0129638845100998,75442.0,15673858.0,203194.0849397052,172.41032180128184,5138.0,26.436113357543945,0.0015469755744561,0.037771038711071,0.0138946194201707,0.0293865650892257,0.0210106670856475,0.0406164526939392,2.290356397628784,4.109940528869629,6.244213104248047,0.661459743976593
1011,29801,81,5,1,plus,11,0.05,0.05,0.0129776550456881,0.0136430338025093,7968.0,1556444.375,21234.623219850477,92.1445589074192,2746.0,24.337238311767575,0.0024092399980872,0.0323095433413982,0.0223913118243217,0.0126002123579382,0.0246993713080883,0.0182983670383691,7.951542377471924,8.247520446777344,4.818588733673096,0.2670776546001434
1011,29801,81,5,2,plus,11,0.05,0.05,0.0048190923407673,0.0050661722198128,6492.0,1194225.375,6050.151419020607,61.64222677091372,1837.0,31.63585090637207,0.0015944018959999,0.017833586782217,0.0103708188980817,0.0133877424523234,0.0142292836681008,0.0478997603058815,6.824490547180176,1.2873531579971311,2.1796975135803223,0.67423015832901
1011,29801,81,5,7,plus,11,0.05,0.05,0.0127071822062134,0.0133586935698986,77223.0,16421248.0,219366.42006731036,174.18878561122108,5191.0,26.436113357543945,0.0015469755744561,0.037771038711071,0.0138946194201707,0.0293865650892257,0.0210106670856475,0.0406164526939392,2.290356397628784,4.109940528869629,6.244213104248047,0.661459743976593
1011,29801,82,5,1,plus,12,0.1,0.1,0.0129776550456881,0.0143425278365612,8083.0,1535930.625,22029.127744089343,92.88278916814872,2768.0,24.337238311767575,0.0024092399980872,0.0323095433413982,0.0223913118243217,0.0126002123579382,0.0246993713080883,0.0182983670383691,7.951542377471924,8.247520446777344,4.818588733673096,0.2670776546001434
1011,29801,82,5,2,plus,12,0.1,0.1,0.0048190923407673,0.0053259208798408,6785.0,1414429.5,7533.139607112855,63.085131371430485,1880.0,31.63585090637207,0.0015944018959999,0.017833586782217,0.0103708188980817,0.0133877424523234,0.0142292836681008,0.0478997603058815,6.824490547180176,1.2873531579971311,2.1796975135803223,0.67423015832901
1011,29801,82,5,7,plus,12,0.1,0.1,0.0127071822062134,0.0140436086803674,80286.0,17636618.0,247681.7616371252,177.84638099392637,5300.0,26.436113357543945,0.0015469755744561,0.037771038711071,0.0138946194201707,0.0293865650892257,0.0210106670856475,0.0406164526939392,2.290356397628784,4.109940528869629,6.244213104248047,0.661459743976593
1011,29801,83,5,1,center_duplicate,-1,0.0,0.0,0.0129776550456881,0.0129776550456881,7724.0,1325508.5,17201.992073127534,90.97010167444044,2711.0,24.337238311767575,0.0024092399980872,0.0323095433413982,0.0223913118243217,0.0126002123579382,0.0246993713080883,0.0182983670383691,7.951542377471924,8.247520446777344,4.818588733673096,0.2670776546001434
1011,29801,83,5,2,center_duplicate,-1,0.0,0.0,0.0048190923407673,0.0048190923407673,6168.0,1282236.0,6179.213686656207,60.16576624945471,1793.0,31.63585090637207,0.0015944018959999,0.017833586782217,0.0103708188980817,0.0133877424523234,0.0142292836681008,0.0478997603058815,6.824490547180176,1.2873531579971311,2.1796975135803223,0.67423015832901
1011,29801,83,5,7,center_duplicate,-1,0.0,0.0,0.0127071822062134,0.0127071822062134,74415.0,14330033.0,182094.3403520519,171.16875272641855,5101.0,26.436113357543945,0.0015469755744561,0.037771038711071,0.0138946194201707,0.0293865650892257,0.0210106670856475,0.0406164526939392,2.290356397628784,4.109940528869629,6.244213104248047,0.661459743976593
1011,29801,84,6,1,minus,0,-0.1,0.1,0.0181871354579925,0.0164564009755849,7886.0,17525298.0,288403.3311046176,83.9233582765679,2501.0,96.47991180419922,0.0048798769712448,0.024111283943057,0.0158774796873331,0.0440637469291687,0.0474523864686489,0.024348696693778,1.714741349220276,2.418577194213867,1.9084950685501096,0.6177399754524231
1011,29801,84,6,2,minus,0,-0.1,0.1,0.0160542204976081,0.0145264593884348,19230.0,56395196.0,819222.5243968256,100.16442401261702,2985.0,71.22661590576172,0.0039985030889511,0.0333226099610328,0.0489875711500644,0.01973164267838,0.01786351762712,0.0135439438745379,8.574448585510254,3.511550188064575,4.462161540985107,0.4764463901519775
1011,29801,84,6,7,minus,0,-0.1,0.1,0.0183411631733179,0.016595771536231,28652.0,6927485.5,114966.96667855326,107.51317069896984,3204.0,18.03076934814453,0.0031880333553999,0.013988914899528,0.0495886579155921,0.0488165244460105,0.0375402271747589,0.029685191810131,5.470731735229492,2.148503541946411,4.848639011383057,0.7454955577850342
1011,29801,85,6,1,minus,1,-0.05,0.05,0.0181871354579925,0.0173001382499933,7931.0,18562226.0,321129.0760276206,84.76225630012415,2526.0,96.47991180419922,0.0048798769712448,0.024111283943057,0.0158774796873331,0.0440637469291687,0.0474523864686489,0.024348696693778,1.714741349220276,2.418577194213867,1.9084950685501096,0.6177399754524231
1011,29801,85,6,2,minus,1,-0.05,0.05,0.0160542204976081,0.0152712473645806,19521.0,62169012.0,949398.3606635816,100.86909835240428,3006.0,71.22661590576172,0.0039985030889511,0.0333226099610328,0.0489875711500644,0.01973164267838,0.01786351762712,0.0135439438745379,8.574448585510254,3.511550188064575,4.462161540985107,0.4764463901519775
1011,29801,85,6,7,minus,1,-0.05,0.05,0.0183411631733179,0.0174466539174318,29355.0,7579063.5,132229.2979027396,109.29163450890908,3257.0,18.03076934814453,0.0031880333553999,0.013988914899528,0.0495886579155921,0.0488165244460105,0.0375402271747589,0.029685191810131,5.470731735229492,2.148503541946411,4.848639011383057,0.7454955577850342
1011,29801,86,6,1,minus,2,-0.02,0.02,0.0181871354579925,0.0178270060569047,7944.0,19306718.0,344180.9787249528,84.7958122210664,2527.0,96.47991180419922,0.0048798769712448,0.024111283943057,0.0158774796873331,0.0440637469291687,0.0474523864686489,0.024348696693778,1.714741349220276,2.418577194213867,1.9084950685501096,0.6177399754524231
1011,29801,86,6,2,minus,2,-0.02,0.02,0.0160542204976081,0.0157363265752792,19904.0,66450884.0,1045692.8118399978,101.23821348276904,3017.0,71.22661590576172,0.0039985030889511,0.0333226099610328,0.0489875711500644,0.01973164267838,0.01786351762712,0.0135439438745379,8.574448585510254,3.511550188064575,4.462161540985107,0.4764463901519775
1011,29801,86,6,7,minus,2,-0.02,0.02,0.0183411631733179,0.0179779846221208,29834.0,8174961.0,146969.32314443777,109.99630884869634,3278.0,18.03076934814453,0.0031880333553999,0.013988914899528,0.0495886579155921,0.0488165244460105,0.0375402271747589,0.029685191810131,5.470731735229492,2.148503541946411,4.848639011383057,0.7454955577850342
1011,29801,87,6,1,minus,3,-0.01,0.01,0.0181871354579925,0.018006170168519,7895.0,19905760.0,358426.5018936992,85.03070366766215,2534.0,96.47991180419922,0.0048798769712448,0.024111283943057,0.0158774796873331,0.0440637469291687,0.0474523864686489,0.024348696693778,1.714741349220276,2.418577194213867,1.9084950685501096,0.6177399754524231
1011,29801,87,6,2,minus,3,-0.01,0.01,0.0160542204976081,0.0158944781869649,20000.0,65372252.0,1039057.8334467784,101.43954900842252,3023.0,71.22661590576172,0.0039985030889511,0.0333226099610328,0.0489875711500644,0.01973164267838,0.01786351762712,0.0135439438745379,8.574448585510254,3.511550188064575,4.462161540985107,0.4764463901519775
1011,29801,87,6,7,minus,3,-0.01,0.01,0.0183411631733179,0.0181586649268865,30032.0,8306482.0,150834.6233592145,110.26475621623436,3286.0,18.03076934814453,0.0031880333553999,0.013988914899528,0.0495886579155921,0.0488165244460105,0.0375402271747589,0.029685191810131,5.470731735229492,2.148503541946411,4.848639011383057,0.7454955577850342
1011,29801,88,6,1,minus,4,-0.005,0.005,0.0181871354579925,0.0180964265018701,7904.0,20351428.0,368288.12101010233,84.9971477467199,2533.0,96.47991180419922,0.0048798769712448,0.024111283943057,0.0158774796873331,0.0440637469291687,0.0474523864686489,0.024348696693778,1.714741349220276,2.418577194213867,1.9084950685501096,0.6177399754524231
1011,29801,88,6,2,minus,4,-0.005,0.005,0.0160542204976081,0.015974149107933,19928.0,66867400.0,1068149.818059802,101.43954900842252,3023.0,71.22661590576172,0.0039985030889511,0.0333226099610328,0.0489875711500644,0.01973164267838,0.01786351762712,0.0135439438745379,8.574448585510254,3.511550188064575,4.462161540985107,0.4764463901519775
1011,29801,88,6,7,minus,4,-0.005,0.005,0.0183411631733179,0.018249686807394,30110.0,8306076.5,151583.29472325556,110.53320358377236,3294.0,18.03076934814453,0.0031880333553999,0.013988914899528,0.0495886579155921,0.0488165244460105,0.0375402271747589,0.029685191810131,5.470731735229492,2.148503541946411,4.848639011383057,0.7454955577850342
1011,29801,89,6,1,minus,5,-0.0025,0.0025,0.0181871354579925,0.0181417241692543,8004.0,21402866.0,388284.8914035112,84.9971477467199,2533.0,96.47991180419922,0.0048798769712448,0.024111283943057,0.0158774796873331,0.0440637469291687,0.0474523864686489,0.024348696693778,1.714741349220276,2.418577194213867,1.9084950685501096,0.6177399754524231
1011,29801,89,6,2,minus,5,-0.0025,0.0025,0.0160542204976081,0.0160141345113515,20006.0,66469476.0,1064451.129563056,101.50666085030704,3025.0,71.22661590576172,0.0039985030889511,0.0333226099610328,0.0489875711500644,0.01973164267838,0.01786351762712,0.0135439438745379,8.574448585510254,3.511550188064575,4.462161540985107,0.4764463901519775
1011,29801,89,6,7,minus,5,-0.0025,0.0025,0.0183411631733179,0.0182953663170337,30173.0,8627162.0,157837.08906639367,110.7009831884836,3299.0,18.03076934814453,0.0031880333553999,0.013988914899528,0.0495886579155921,0.0488165244460105,0.0375402271747589,0.029685191810131,5.470731735229492,2.148503541946411,4.848639011383057,0.7454955577850342
1011,29801,90,6,1,center,6,0.0,0.0,0.0181871354579925,0.0181871354579925,7981.0,21571390.0,392321.791947186,85.09781550954665,2536.0,96.47991180419922,0.0048798769712448,0.024111283943057,0.0158774796873331,0.0440637469291687,0.0474523864686489,0.024348696693778,1.714741349220276,2.418577194213867,1.9084950685501096,0.6177399754524231
1011,29801,90,6,2,center,6,0.0,0.0,0.0160542204976081,0.0160542204976081,19972.0,67425496.0,1082463.779944599,101.50666085030704,3025.0,71.22661590576172,0.0039985030889511,0.0333226099610328,0.0489875711500644,0.01973164267838,0.01786351762712,0.0135439438745379,8.574448585510254,3.511550188064575,4.462161540985107,0.4764463901519775
1011,29801,90,6,7,center,6,0.0,0.0,0.0183411631733179,0.0183411631733179,30048.0,8718638.0,159909.9622070901,110.53320358377236,3294.0,18.03076934814453,0.0031880333553999,0.013988914899528,0.0495886579155921,0.0488165244460105,0.0375402271747589,0.029685191810131,5.470731735229492,2.148503541946411,4.848639011383057,0.7454955577850342
1011,29801,91,6,1,plus,7,0.0025,0.0025,0.0181871354579925,0.0182326603680849,7990.0,21714954.0,395921.3811905869,85.1313714304889,2537.0,96.47991180419922,0.0048798769712448,0.024111283943057,0.0158774796873331,0.0440637469291687,0.0474523864686489,0.024348696693778,1.714741349220276,2.418577194213867,1.9084950685501096,0.6177399754524231
1011,29801,91,6,2,plus,7,0.0025,0.0025,0.0160542204976081,0.0160944070667028,19942.0,69742248.0,1122460.1290589422,101.43954900842252,3023.0,71.22661590576172,0.0039985030889511,0.0333226099610328,0.0489875711500644,0.01973164267838,0.01786351762712,0.0135439438745379,8.574448585510254,3.511550188064575,4.462161540985107,0.4764463901519775
1011,29801,91,6,7,plus,7,0.0025,0.0025,0.0183411631733179,0.0183870736509561,30226.0,8746609.0,160824.54387911595,110.86876279319485,3304.0,18.03076934814453,0.0031880333553999,0.013988914899528,0.0495886579155921,0.0488165244460105,0.0375402271747589,0.029685191810131,5.470731735229492,2.148503541946411,4.848639011383057,0.7454955577850342
1011,29801,92,6,1,plus,8,0.005,0.005,0.0181871354579925,0.0182782988995313,7981.0,21589352.0,394616.62890319526,85.09781550954665,2536.0,96.47991180419922,0.0048798769712448,0.024111283943057,0.0158774796873331,0.0440637469291687,0.0474523864686489,0.024348696693778,1.714741349220276,2.418577194213867,1.9084950685501096,0.6177399754524231
1011,29801,92,6,2,plus,8,0.005,0.005,0.0160542204976081,0.0161346923559904,19952.0,70734096.0,1141272.8780390918,101.50666085030704,3025.0,71.22661590576172,0.0039985030889511,0.0333226099610328,0.0489875711500644,0.01973164267838,0.01786351762712,0.0135439438745379,8.574448585510254,3.511550188064575,4.462161540985107,0.4764463901519775
1011,29801,92,6,7,plus,8,0.005,0.005,0.0183411631733179,0.0184330977499485,30269.0,8807019.0,162340.6421126537,110.8352068722526,3303.0,18.03076934814453,0.0031880333553999,0.013988914899528,0.0495886579155921,0.0488165244460105,0.0375402271747589,0.029685191810131,5.470731735229492,2.148503541946411,4.848639011383057,0.7454955577850342
1011,29801,93,6,1,plus,9,0.01,0.01,0.0181871354579925,0.0183699186891317,8113.0,21008028.0,385915.7661790028,85.23203919331566,2540.0,96.47991180419922,0.0048798769712448,0.024111283943057,0.0158774796873331,0.0440637469291687,0.0474523864686489,0.024348696693778,1.714741349220276,2.418577194213867,1.9084950685501096,0.6177399754524231
1011,29801,93,6,2,plus,9,0.01,0.01,0.0160542204976081,0.01621556840837,19949.0,71282024.0,1155878.5364590734,101.47310492936478,3024.0,71.22661590576172,0.0039985030889511,0.0333226099610328,0.0489875711500644,0.01973164267838,0.01786351762712,0.0135439438745379,8.574448585510254,3.511550188064575,4.462161540985107,0.4764463901519775
1011,29801,93,6,7,plus,9,0.01,0.01,0.0183411631733179,0.0185254942625761,30319.0,8611673.0,159535.49875268154,111.0365423979061,3309.0,18.03076934814453,0.0031880333553999,0.013988914899528,0.0495886579155921,0.0488165244460105,0.0375402271747589,0.029685191810131,5.470731735229492,2.148503541946411,4.848639011383057,0.7454955577850342
1011,29801,94,6,1,plus,10,0.02,0.02,0.0181871354579925,0.0185545403510332,8171.0,22654504.0,420343.9086006433,85.16492735143116,2538.0,96.47991180419922,0.0048798769712448,0.024111283943057,0.0158774796873331,0.0440637469291687,0.0474523864686489,0.024348696693778,1.714741349220276,2.418577194213867,1.9084950685501096,0.6177399754524231
1011,29801,94,6,2,plus,10,0.02,0.02,0.0160542204976081,0.0163785368204116,19947.0,73991024.0,1211864.7109639645,101.67444045501828,3030.0,71.22661590576172,0.0039985030889511,0.0333226099610328,0.0489875711500644,0.01973164267838,0.01786351762712,0.0135439438745379,8.574448585510254,3.511550188064575,4.462161540985107,0.4764463901519775
1011,29801,94,6,7,plus,10,0.02,0.02,0.0183411631733179,0.0187116786837577,30488.0,9063950.0,169601.72000564635,111.13721016073283,3312.0,18.03076934814453,0.0031880333553999,0.013988914899528,0.0495886579155921,0.0488165244460105,0.0375402271747589,0.029685191810131,5.470731735229492,2.148503541946411,4.848639011383057,0.7454955577850342
1011,29801,95,6,1,plus,11,0.05,0.05,0.0181871354579925,0.0191196091473102,8416.0,23656408.0,452301.27478930354,85.6682661655649,2553.0,96.47991180419922,0.0048798769712448,0.024111283943057,0.0158774796873331,0.0440637469291687,0.0474523864686489,0.024348696693778,1.714741349220276,2.418577194213867,1.9084950685501096,0.6177399754524231
1011,29801,95,6,2,plus,11,0.05,0.05,0.0160542204976081,0.0168773382902145,20261.0,74544352.0,1258110.2463288307,102.34555887386328,3050.0,71.22661590576172,0.0039985030889511,0.0333226099610328,0.0489875711500644,0.01973164267838,0.01786351762712,0.0135439438745379,8.574448585510254,3.511550188064575,4.462161540985107,0.4764463901519775
1011,29801,95,6,7,plus,11,0.05,0.05,0.0183411631733179,0.0192815344780683,31199.0,9198589.0,177362.91095308028,112.58011476124962,3355.0,18.03076934814453,0.0031880333553999,0.013988914899528,0.0495886579155921,0.0488165244460105,0.0375402271747589,0.029685191810131,5.470731735229492,2.148503541946411,4.848639011383057,0.7454955577850342
1011,29801,96,6,1,plus,12,0.1,0.1,0.0181871354579925,0.0200998932123184,8369.0,26581494.0,534285.1908238828,86.10449313781416,2566.0,96.47991180419922,0.0048798769712448,0.024111283943057,0.0158774796873331,0.0440637469291687,0.0474523864686489,0.024348696693778,1.714741349220276,2.418577194213867,1.9084950685501096,0.6177399754524231
1011,29801,96,6,2,plus,12,0.1,0.1,0.0160542204976081,0.017742658033967,20436.0,85956512.0,1525096.9982085824,102.58045032045904,3057.0,71.22661590576172,0.0039985030889511,0.0333226099610328,0.0489875711500644,0.01973164267838,0.01786351762712,0.0135439438745379,8.574448585510254,3.511550188064575,4.462161540985107,0.4764463901519775
1011,29801,96,6,7,plus,12,0.1,0.1,0.0183411631733179,0.0202701203525066,31995.0,10045739.0,203628.33855986968,113.72101607328612,3389.0,18.03076934814453,0.0031880333553999,0.013988914899528,0.0495886579155921,0.0488165244460105,0.0375402271747589,0.029685191810131,5.470731735229492,2.148503541946411,4.848639011383057,0.7454955577850342
1011,29801,97,6,1,center_duplicate,-1,0.0,0.0,0.0181871354579925,0.0181871354579925,7981.0,21571390.0,392321.791947186,85.09781550954665,2536.0,96.47991180419922,0.0048798769712448,0.024111283943057,0.0158774796873331,0.0440637469291687,0.0474523864686489,0.024348696693778,1.714741349220276,2.418577194213867,1.9084950685501096,0.6177399754524231
1011,29801,97,6,2,center_duplicate,-1,0.0,0.0,0.0160542204976081,0.0160542204976081,19972.0,67425496.0,1082463.779944599,101.50666085030704,3025.0,71.22661590576172,0.0039985030889511,0.0333226099610328,0.0489875711500644,0.01973164267838,0.01786351762712,0.0135439438745379,8.574448585510254,3.511550188064575,4.462161540985107,0.4764463901519775
1011,29801,97,6,7,center_duplicate,-1,0.0,0.0,0.0183411631733179,0.0183411631733179,30048.0,8718638.0,159909.9622070901,110.53320358377236,3294.0,18.03076934814453,0.0031880333553999,0.013988914899528,0.0495886579155921,0.0488165244460105,0.0375402271747589,0.029685191810131,5.470731735229492,2.148503541946411,4.848639011383057,0.7454955577850342
1011,29801,98,7,1,minus,0,-0.1,0.1,0.0056448862887918,0.0051077045500278,8474.0,5809172.0,29671.53425629437,92.04389114459244,2743.0,52.32191848754883,0.0019076890312135,0.0286573003977537,0.013177522458136,0.0204609222710132,0.0310771446675062,0.0496706366539001,6.481612205505371,0.2743898928165436,1.009099006652832,0.3861621022224426
1011,29801,98,7,2,minus,0,-0.1,0.1,0.0184797272086143,0.0167211480438709,1317.0,320.2806396484375,5.3554599911472,21.341565719271163,636.0,1.9274224042892456,0.0006420366116799,0.0207902882248163,0.027660297229886,0.0267481282353401,0.0303755011409521,0.0369464717805385,4.407487869262695,6.496186256408691,3.348017930984497,0.552773118019104
1011,29801,98,7,7,minus,0,-0.1,0.1,0.0064959600567817,0.0058777877129614,12040.0,6829193.5,40140.5496437361,73.95724975671956,2204.0,81.40618896484375,0.00259933876805,0.0167889948934316,0.0406710132956504,0.0367401391267776,0.0125564150512218,0.0494534410536289,7.482505321502685,6.37372636795044,0.6165230870246887,0.23225137591362
1011,29801,99,7,1,minus,1,-0.05,0.05,0.0056448862887918,0.0053695822134613,8717.0,6532649.0,35077.595877186395,93.6210194288782,2790.0,52.32191848754883,0.0019076890312135,0.0286573003977537,0.013177522458136,0.0204609222710132,0.0310771446675062,0.0496706366539001,6.481612205505371,0.2743898928165436,1.009099006652832,0.3861621022224426
1011,29801,99,7,2,minus,1,-0.05,0.05,0.0184797272086143,0.0175784602761268,1313.0,-122.5017547607422,-2.153392229817541,22.683802556961176,676.0,1.9274224042892456,0.0006420366116799,0.0207902882248163,0.027660297229886,0.0267481282353401,0.0303755011409521,0.0369464717805385,4.407487869262695,6.496186256408691,3.348017930984497,0.552773118019104
1011,29801,99,7,7,minus,1,-0.05,0.05,0.0064959600567817,0.0061791483312845,12371.0,7192535.5,44443.74373252969,74.59481225462233,2223.0,81.40618896484375,0.00259933876805,0.0167889948934316,0.0406710132956504,0.0367401391267776,0.0125564150512218,0.0494534410536289,7.482505321502685,6.37372636795044,0.6165230870246887,0.23225137591362
1011,29801,100,7,1,minus,2,-0.02,0.02,0.0056448862887918,0.0055331098847091,8929.0,6829328.5,37787.425029275706,94.02369048018522,2802.0,52.32191848754883,0.0019076890312135,0.0286573003977537,0.013177522458136,0.0204609222710132,0.0310771446675062,0.0496706366539001,6.481612205505371,0.2743898928165436,1.009099006652832,0.3861621022224426
1011,29801,100,7,2,minus,2,-0.02,0.02,0.0184797272086143,0.0181138049811124,1388.0,281.7383728027344,5.103353940644695,23.38847689674843,697.0,1.9274224042892456,0.0006420366116799,0.0207902882248163,0.027660297229886,0.0267481282353401,0.0303755011409521,0.0369464717805385,4.407487869262695,6.496186256408691,3.348017930984497,0.552773118019104
1011,29801,100,7,7,minus,2,-0.02,0.02,0.0064959600567817,0.0063673313707113,12472.0,7578787.5,48256.65140070487,75.03103922687157,2236.0,81.40618896484375,0.00259933876805,0.0167889948934316,0.0406710132956504,0.0367401391267776,0.0125564150512218,0.0494534410536289,7.482505321502685,6.37372636795044,0.6165230870246887,0.23225137591362
1011,29801,101,7,1,minus,3,-0.01,0.01,0.0056448862887918,0.0055887186899781,9049.0,7199674.0,40236.95264554955,94.62769705714572,2820.0,52.32191848754883,0.0019076890312135,0.0286573003977537,0.013177522458136,0.0204609222710132,0.0310771446675062,0.0496706366539001,6.481612205505371,0.2743898928165436,1.009099006652832,0.3861621022224426
1011,29801,101,7,2,minus,3,-0.01,0.01,0.0184797272086143,0.0182958506047725,1400.0,432.22076416015625,7.907846529354856,23.791147948055432,709.0,1.9274224042892456,0.0006420366116799,0.0207902882248163,0.027660297229886,0.0267481282353401,0.0303755011409521,0.0369464717805385,4.407487869262695,6.496186256408691,3.348017930984497,0.552773118019104
1011,29801,101,7,7,minus,3,-0.01,0.01,0.0064959600567817,0.0064313244074583,12764.0,7647016.0,49180.44064502418,75.76926948760108,2258.0,81.40618896484375,0.00259933876805,0.0167889948934316,0.0406710132956504,0.0367401391267776,0.0125564150512218,0.0494534410536289,7.482505321502685,6.37372636795044,0.6165230870246887,0.23225137591362
1011,29801,102,7,1,minus,4,-0.005,0.005,0.0056448862887918,0.0056167324073612,9056.0,7516697.5,42219.27844458143,94.66125297808796,2821.0,52.32191848754883,0.0019076890312135,0.0286573003977537,0.013177522458136,0.0204609222710132,0.0310771446675062,0.0496706366539001,6.481612205505371,0.2743898928165436,1.009099006652832,0.3861621022224426
1011,29801,102,7,2,minus,4,-0.005,0.005,0.0184797272086143,0.0183875579386949,1400.0,413.72467041015625,7.607386347834222,23.925371631824436,713.0,1.9274224042892456,0.0006420366116799,0.0207902882248163,0.027660297229886,0.0267481282353401,0.0303755011409521,0.0369464717805385,4.407487869262695,6.496186256408691,3.348017930984497,0.552773118019104
1011,29801,102,7,7,minus,4,-0.005,0.005,0.0064959600567817,0.006463561207056,12855.0,7668301.5,49564.536099409685,75.86993725042784,2261.0,81.40618896484375,0.00259933876805,0.0167889948934316,0.0406710132956504,0.0367401391267776,0.0125564150512218,0.0494534410536289,7.482505321502685,6.37372636795044,0.6165230870246887,0.23225137591362
1011,29801,103,7,1,minus,5,-0.0025,0.0025,0.0056448862887918,0.0056307916529476,9023.0,7546893.5,42494.98492548498,94.56058521526124,2818.0,52.32191848754883,0.0019076890312135,0.0286573003977537,0.013177522458136,0.0204609222710132,0.0310771446675062,0.0496706366539001,6.481612205505371,0.2743898928165436,1.009099006652832,0.3861621022224426
1011,29801,103,7,2,minus,5,-0.0025,0.0025,0.0184797272086143,0.0184335857629776,1395.0,411.46728515625,7.584817489587294,23.958927552766685,714.0,1.9274224042892456,0.0006420366116799,0.0207902882248163,0.027660297229886,0.0267481282353401,0.0303755011409521,0.0369464717805385,4.407487869262695,6.496186256408691,3.348017930984497,0.552773118019104
1011,29801,103,7,7,minus,5,-0.0025,0.0025,0.0064959600567817,0.0064797401428222,12845.0,7821974.5,50684.36216378212,75.80282540854333,2259.0,81.40618896484375,0.00259933876805,0.0167889948934316,0.0406710132956504,0.0367401391267776,0.0125564150512218,0.0494534410536289,7.482505321502685,6.37372636795044,0.6165230870246887,0.23225137591362
1011,29801,104,7,1,center,6,0.0,0.0,0.0056448862887918,0.0056448862887918,8979.0,7527876.5,42494.00683856872,94.56058521526124,2818.0,52.32191848754883,0.0019076890312135,0.0286573003977537,0.013177522458136,0.0204609222710132,0.0310771446675062,0.0496706366539001,6.481612205505371,0.2743898928165436,1.009099006652832,0.3861621022224426
1011,29801,104,7,2,center,6,0.0,0.0,0.0184797272086143,0.0184797272086143,1405.0,355.10772705078125,6.56229392556952,24.026039394651185,716.0,1.9274224042892456,0.0006420366116799,0.0207902882248163,0.027660297229886,0.0267481282353401,0.0303755011409521,0.0369464717805385,4.407487869262695,6.496186256408691,3.348017930984497,0.552773118019104
1011,29801,104,7,7,center,6,0.0,0.0,0.0064959600567817,0.0064959600567817,12898.0,7819461.5,50794.909569542855,75.90349317137009,2262.0,81.40618896484375,0.00259933876805,0.0167889948934316,0.0406710132956504,0.0367401391267776,0.0125564150512218,0.0494534410536289,7.482505321502685,6.37372636795044,0.6165230870246887,0.23225137591362
1011,29801,105,7,1,plus,7,0.0025,0.0025,0.0056448862887918,0.0056590163148939,8995.0,7714577.0,43656.91710550571,94.69480889903022,2822.0,52.32191848754883,0.0019076890312135,0.0286573003977537,0.013177522458136,0.0204609222710132,0.0310771446675062,0.0496706366539001,6.481612205505371,0.2743898928165436,1.009099006652832,0.3861621022224426
1011,29801,105,7,2,plus,7,0.0025,0.0025,0.0184797272086143,0.0185259841382503,1407.0,297.623046875,5.513759845583991,24.09315123653569,718.0,1.9274224042892456,0.0006420366116799,0.0207902882248163,0.027660297229886,0.0267481282353401,0.0303755011409521,0.0369464717805385,4.407487869262695,6.496186256408691,3.348017930984497,0.552773118019104
1011,29801,105,7,7,plus,7,0.0025,0.0025,0.0064959600567817,0.0065122204832732,12910.0,7969141.0,51896.80325429281,76.03771685513908,2266.0,81.40618896484375,0.00259933876805,0.0167889948934316,0.0406710132956504,0.0367401391267776,0.0125564150512218,0.0494534410536289,7.482505321502685,6.37372636795044,0.6165230870246887,0.23225137591362
1011,29801,106,7,1,plus,8,0.005,0.005,0.0056448862887918,0.0056731812655925,9016.0,7547376.5,42817.63496417366,94.72836481997248,2823.0,52.32191848754883,0.0019076890312135,0.0286573003977537,0.013177522458136,0.0204609222710132,0.0310771446675062,0.0496706366539001,6.481612205505371,0.2743898928165436,1.009099006652832,0.3861621022224426
1011,29801,106,7,2,plus,8,0.005,0.005,0.0184797272086143,0.0185723565518856,1413.0,387.3990478515625,7.194913244560212,24.160263078420183,720.0,1.9274224042892456,0.0006420366116799,0.0207902882248163,0.027660297229886,0.0267481282353401,0.0303755011409521,0.0369464717805385,4.407487869262695,6.496186256408691,3.348017930984497,0.552773118019104
1011,29801,106,7,7,plus,8,0.005,0.005,0.0064959600567817,0.0065285209566354,12901.0,7876262.0,51420.34152695164,76.13838461796584,2269.0,81.40618896484375,0.00259933876805,0.0167889948934316,0.0406710132956504,0.0367401391267776,0.0125564150512218,0.0494534410536289,7.482505321502685,6.37372636795044,0.6165230870246887,0.23225137591362
1011,29801,107,7,1,plus,9,0.01,0.01,0.0056448862887918,0.0057016182690858,9033.0,7199439.5,41048.45578037854,95.09747995033725,2834.0,52.32191848754883,0.0019076890312135,0.0286573003977537,0.013177522458136,0.0204609222710132,0.0310771446675062,0.0496706366539001,6.481612205505371,0.2743898928165436,1.009099006652832,0.3861621022224426
1011,29801,107,7,2,plus,9,0.01,0.01,0.0184797272086143,0.0186654515564441,1416.0,388.181640625,7.245585608186957,24.12670715747793,719.0,1.9274224042892456,0.0006420366116799,0.0207902882248163,0.027660297229886,0.0267481282353401,0.0303755011409521,0.0369464717805385,4.407487869262695,6.496186256408691,3.348017930984497,0.552773118019104
1011,29801,107,7,7,plus,9,0.01,0.01,0.0064959600567817,0.0065612457692623,12881.0,8052511.0,52834.50373068824,76.07127277608133,2267.0,81.40618896484375,0.00259933876805,0.0167889948934316,0.0406710132956504,0.0367401391267776,0.0125564150512218,0.0494534410536289,7.482505321502685,6.37372636795044,0.6165230870246887,0.23225137591362
1011,29801,108,7,1,plus,10,0.02,0.02,0.0056448862887918,0.0057589206844568,9237.0,7527664.0,43351.219915241,95.90282205295124,2858.0,52.32191848754883,0.0019076890312135,0.0286573003977537,0.013177522458136,0.0204609222710132,0.0310771446675062,0.0496706366539001,6.481612205505371,0.2743898928165436,1.009099006652832,0.3861621022224426
1011,29801,108,7,2,plus,10,0.02,0.02,0.0184797272086143,0.0188530422747135,1426.0,313.3952331542969,5.908453579351658,24.46226636690044,729.0,1.9274224042892456,0.0006420366116799,0.0207902882248163,0.027660297229886,0.0267481282353401,0.0303755011409521,0.0369464717805385,4.407487869262695,6.496186256408691,3.348017930984497,0.552773118019104
1011,29801,108,7,7,plus,10,0.02,0.02,0.0064959600567817,0.0066271871328353,12903.0,8326995.0,55184.55411918461,76.13838461796584,2269.0,81.40618896484375,0.00259933876805,0.0167889948934316,0.0406710132956504,0.0367401391267776,0.0125564150512218,0.0494534410536289,7.482505321502685,6.37372636795044,0.6165230870246887,0.23225137591362
1011,29801,109,7,1,plus,11,0.05,0.05,0.0056448862887918,0.0059343054890632,9399.0,8550691.0,50742.41253658384,96.10415757860474,2864.0,52.32191848754883,0.0019076890312135,0.0286573003977537,0.013177522458136,0.0204609222710132,0.0310771446675062,0.0496706366539001,6.481612205505371,0.2743898928165436,1.009099006652832,0.3861621022224426
1011,29801,109,7,2,plus,11,0.05,0.05,0.0184797272086143,0.0194272026419639,1402.0,259.7452697753906,5.04612399121811,25.267608469514443,753.0,1.9274224042892456,0.0006420366116799,0.0207902882248163,0.027660297229886,0.0267481282353401,0.0303755011409521,0.0369464717805385,4.407487869262695,6.496186256408691,3.348017930984497,0.552773118019104
1011,29801,109,7,7,plus,11,0.05,0.05,0.0064959600567817,0.0068290149793028,13294.0,8407940.0,57417.94820507988,77.2457300090601,2302.0,81.40618896484375,0.00259933876805,0.0167889948934316,0.0406710132956504,0.0367401391267776,0.0125564150512218,0.0494534410536289,7.482505321502685,6.37372636795044,0.6165230870246887,0.23225137591362
1011,29801,110,7,1,plus,12,0.1,0.1,0.0056448862887918,0.0062385643832385,9788.0,9022345.0,56286.48017029045,97.6812858628905,2911.0,52.32191848754883,0.0019076890312135,0.0286573003977537,0.013177522458136,0.0204609222710132,0.0310771446675062,0.0496706366539001,6.481612205505371,0.2743898928165436,1.009099006652832,0.3861621022224426
1011,29801,110,7,2,plus,12,0.1,0.1,0.0184797272086143,0.0204232577234506,1454.0,356.1077575683594,7.272880510138691,26.408509781550958,787.0,1.9274224042892456,0.0006420366116799,0.0207902882248163,0.027660297229886,0.0267481282353401,0.0303755011409521,0.0369464717805385,4.407487869262695,6.496186256408691,3.348017930984497,0.552773118019104
1011,29801,110,7,7,plus,12,0.1,0.1,0.0064959600567817,0.0071791466325521,13809.0,9023886.0,64783.80078943446,78.82285829334586,2349.0,81.40618896484375,0.00259933876805,0.0167889948934316,0.0406710132956504,0.0367401391267776,0.0125564150512218,0.0494534410536289,7.482505321502685,6.37372636795044,0.6165230870246887,0.23225137591362
1011,29801,111,7,1,center_duplicate,-1,0.0,0.0,0.0056448862887918,0.0056448862887918,8979.0,7527876.5,42494.00683856872,94.56058521526124,2818.0,52.32191848754883,0.0019076890312135,0.0286573003977537,0.013177522458136,0.0204609222710132,0.0310771446675062,0.0496706366539001,6.481612205505371,0.2743898928165436,1.009099006652832,0.3861621022224426
1011,29801,111,7,2,center_duplicate,-1,0.0,0.0,0.0184797272086143,0.0184797272086143,1405.0,355.10772705078125,6.56229392556952,24.026039394651185,716.0,1.9274224042892456,0.0006420366116799,0.0207902882248163,0.027660297229886,0.0267481282353401,0.0303755011409521,0.0369464717805385,4.407487869262695,6.496186256408691,3.348017930984497,0.552773118019104
1011,29801,111,7,7,center_duplicate,-1,0.0,0.0,0.0064959600567817,0.0064959600567817,12898.0,7819461.5,50794.909569542855,75.90349317137009,2262.0,81.40618896484375,0.00259933876805,0.0167889948934316,0.0406710132956504,0.0367401391267776,0.0125564150512218,0.0494534410536289,7.482505321502685,6.37372636795044,0.6165230870246887,0.23225137591362
1213,29801,0,0,1,minus,0,-0.1,0.1,0.0103693585842847,0.0093825841322541,5547.0,-1115.026611328125,-10.461830990488352,34.562598570517764,1030.0,6.626354694366455,0.003570606932044,0.0175860133022069,0.0440235361456871,0.0364164188504219,0.0158203486353158,0.030755054205656,9.734742164611816,4.234930515289307,6.025596618652344,0.5770443677902222
1213,29801,0,0,2,minus,0,-0.1,0.1,0.0017865144181996,0.0016165050910785,8693.0,5899333.5,9536.302636720417,67.91718398711453,2024.0,59.34796905517578,0.0034778178669512,0.0381186567246913,0.0198897905647754,0.0397816374897956,0.0450029522180557,0.0243914071470499,3.5100626945495605,4.31492280960083,8.399785995483398,0.2598817050457001
1213,29801,0,0,7,minus,0,-0.1,0.1,0.0159809570759534,0.0144601678475737,42124.0,178211568.0,2576969.1856593043,132.94855877319551,3962.0,59.11423873901367,0.0048035467043519,0.042230125516653,0.0380196794867515,0.0416055098176002,0.0447861440479755,0.020792031660676,4.51259708404541,8.273573875427246,6.738358020782471,0.3464617729187011
1213,29801,1,0,1,minus,1,-0.05,0.05,0.0103693585842847,0.0098636392503976,5396.0,-8488.2333984375,-83.72487211536463,35.80416764538103,1067.0,6.626354694366455,0.003570606932044,0.0175860133022069,0.0440235361456871,0.0364164188504219,0.0158203486353158,0.030755054205656,9.734742164611816,4.234930515289307,6.025596618652344,0.5770443677902222
1213,29801,1,0,2,minus,1,-0.05,0.05,0.0017865144181996,0.0016993851168081,9419.0,6305407.5,10715.315660910272,69.93053924364953,2084.0,59.34796905517578,0.0034778178669512,0.0381186567246913,0.0198897905647754,0.0397816374897956,0.0450029522180557,0.0243914071470499,3.5100626945495605,4.31492280960083,8.399785995483398,0.2598817050457001
1213,29801,1,0,7,minus,1,-0.05,0.05,0.0159809570759534,0.0152015574276447,42842.0,196511392.0,2987279.210674405,134.15657192711654,3998.0,59.11423873901367,0.0048035467043519,0.042230125516653,0.0380196794867515,0.0416055098176002,0.0447861440479755,0.020792031660676,4.51259708404541,8.273573875427246,6.738358020782471,0.3464617729187011
1213,29801,2,0,1,minus,2,-0.02,0.02,0.0103693585842847,0.0101640317589044,5433.0,-7245.42578125,-73.64273774741014,36.30750645951478,1082.0,6.626354694366455,0.003570606932044,0.0175860133022069,0.0440235361456871,0.0364164188504219,0.0158203486353158,0.030755054205656,9.734742164611816,4.234930515289307,6.025596618652344,0.5770443677902222
1213,29801,2,0,2,minus,2,-0.02,0.02,0.0017865144181996,0.0017511390615254,9634.0,5773252.5,10109.76796479954,71.1721083185128,2121.0,59.34796905517578,0.0034778178669512,0.0381186567246913,0.0198897905647754,0.0397816374897956,0.0450029522180557,0.0243914071470499,3.5100626945495605,4.31492280960083,8.399785995483398,0.2598817050457001
1213,29801,2,0,7,minus,2,-0.02,0.02,0.0159809570759534,0.0156645122915506,43707.0,212089456.0,3322277.890420288,135.0625817925573,4025.0,59.11423873901367,0.0048035467043519,0.042230125516653,0.0380196794867515,0.0416055098176002,0.0447861440479755,0.020792031660676,4.51259708404541,8.273573875427246,6.738358020782471,0.3464617729187011
1213,29801,3,0,1,minus,3,-0.01,0.01,0.0103693585842847,0.010266182012856,5420.0,-6251.65625,-64.18064094430883,36.54239790611053,1089.0,6.626354694366455,0.003570606932044,0.0175860133022069,0.0440235361456871,0.0364164188504219,0.0158203486353158,0.030755054205656,9.734742164611816,4.234930515289307,6.025596618652344,0.5770443677902222
1213,29801,3,0,2,minus,3,-0.01,0.01,0.0017865144181996,0.0017687382642179,9800.0,6023280.0,10653.605812098833,71.4405556860508,2129.0,59.34796905517578,0.0034778178669512,0.0381186567246913,0.0198897905647754,0.0397816374897956,0.0450029522180557,0.0243914071470499,3.5100626945495605,4.31492280960083,8.399785995483398,0.2598817050457001
1213,29801,3,0,7,minus,3,-0.01,0.01,0.0159809570759534,0.0158219430595636,43874.0,214738464.0,3397579.750106156,135.23036139726855,4030.0,59.11423873901367,0.0048035467043519,0.042230125516653,0.0380196794867515,0.0416055098176002,0.0447861440479755,0.020792031660676,4.51259708404541,8.273573875427246,6.738358020782471,0.3464617729187011
1213,29801,4,0,1,minus,4,-0.005,0.005,0.0103693585842847,0.0103176413103938,5422.0,-4377.0732421875,-45.16107170221312,36.67662158987953,1093.0,6.626354694366455,0.003570606932044,0.0175860133022069,0.0440235361456871,0.0364164188504219,0.0158203486353158,0.030755054205656,9.734742164611816,4.234930515289307,6.025596618652344,0.5770443677902222
1213,29801,4,0,2,minus,4,-0.005,0.005,0.0017865144181996,0.0017776041058823,9884.0,6247969.5,11106.416236627672,71.5747793698198,2133.0,59.34796905517578,0.0034778178669512,0.0381186567246913,0.0198897905647754,0.0397816374897956,0.0450029522180557,0.0243914071470499,3.5100626945495605,4.31492280960083,8.399785995483398,0.2598817050457001
1213,29801,4,0,7,minus,4,-0.005,0.005,0.0159809570759534,0.0159012507647275,43987.0,224744288.0,3573715.2814281583,135.46525284386428,4037.0,59.11423873901367,0.0048035467043519,0.042230125516653,0.0380196794867515,0.0416055098176002,0.0447861440479755,0.020792031660676,4.51259708404541,8.273573875427246,6.738358020782471,0.3464617729187011
1213,29801,5,0,1,minus,5,-0.0025,0.0025,0.0103693585842847,0.0103434678167104,5459.0,-3432.78125,-35.506862381182145,36.77728935270628,1096.0,6.626354694366455,0.003570606932044,0.0175860133022069,0.0440235361456871,0.0364164188504219,0.0158203486353158,0.030755054205656,9.734742164611816,4.234930515289307,6.025596618652344,0.5770443677902222
1213,29801,5,0,2,minus,5,-0.0025,0.0025,0.0017865144181996,0.0017820536158978,9961.0,6346039.0,11308.981746579057,71.67544713264655,2136.0,59.34796905517578,0.0034778178669512,0.0381186567246913,0.0198897905647754,0.0397816374897956,0.0450029522180557,0.0243914071470499,3.5100626945495605,4.31492280960083,8.399785995483398,0.2598817050457001
1213,29801,5,0,7,minus,5,-0.0025,0.0025,0.0159809570759534,0.0159410536289215,43886.0,222071744.0,3540057.5805721283,135.36458508103755,4034.0,59.11423873901367,0.0048035467043519,0.042230125516653,0.0380196794867515,0.0416055098176002,0.0447861440479755,0.020792031660676,4.51259708404541,8.273573875427246,6.738358020782471,0.3464617729187011
1213,29801,6,0,1,center,6,0.0,0.0,0.0103693585842847,0.0103693585842847,5406.0,-5366.25439453125,-55.64461607138856,36.94506895741753,1101.0,6.626354694366455,0.003570606932044,0.0175860133022069,0.0440235361456871,0.0364164188504219,0.0158203486353158,0.030755054205656,9.734742164611816,4.234930515289307,6.025596618652344,0.5770443677902222
1213,29801,6,0,2,center,6,0.0,0.0,0.0017865144181996,0.0017865144181996,9983.0,6414688.0,11459.93260025233,71.87678265830006,2142.0,59.34796905517578,0.0034778178669512,0.0381186567246913,0.0198897905647754,0.0397816374897956,0.0450029522180557,0.0243914071470499,3.5100626945495605,4.31492280960083,8.399785995483398,0.2598817050457001
1213,29801,6,0,7,center,6,0.0,0.0,0.0159809570759534,0.0159809570759534,43911.0,222467776.0,3555247.9790388346,135.46525284386428,4037.0,59.11423873901367,0.0048035467043519,0.042230125516653,0.0380196794867515,0.0416055098176002,0.0447861440479755,0.020792031660676,4.51259708404541,8.273573875427246,6.738358020782471,0.3464617729187011
1213,29801,7,0,1,plus,7,0.0025,0.0025,0.0103693585842847,0.0103953145444393,5424.0,-4662.017578125,-48.46313913631457,37.01218079930204,1103.0,6.626354694366455,0.003570606932044,0.0175860133022069,0.0440235361456871,0.0364164188504219,0.0158203486353158,0.030755054205656,9.734742164611816,4.234930515289307,6.025596618652344,0.5770443677902222
1213,29801,7,0,2,plus,7,0.0025,0.0025,0.0017865144181996,0.0017909863963723,10089.0,6272095.0,11233.236821754836,72.07811818395355,2148.0,59.34796905517578,0.0034778178669512,0.0381186567246913,0.0198897905647754,0.0397816374897956,0.0450029522180557,0.0243914071470499,3.5100626945495605,4.31492280960083,8.399785995483398,0.2598817050457001
1213,29801,7,0,7,plus,7,0.0025,0.0025,0.0159809570759534,0.0160209592431783,43969.0,222767376.0,3568947.051605791,135.5323646857488,4039.0,59.11423873901367,0.0048035467043519,0.042230125516653,0.0380196794867515,0.0416055098176002,0.0447861440479755,0.020792031660676,4.51259708404541,8.273573875427246,6.738358020782471,0.3464617729187011
1213,29801,8,0,1,plus,8,0.005,0.005,0.0103693585842847,0.0104213347658514,5427.0,-6490.11376953125,-67.63564826074753,37.11284856212878,1106.0,6.626354694366455,0.003570606932044,0.0175860133022069,0.0440235361456871,0.0364164188504219,0.0158203486353158,0.030755054205656,9.734742164611816,4.234930515289307,6.025596618652344,0.5770443677902222
1213,29801,8,0,2,plus,8,0.005,0.005,0.0017865144181996,0.0017954693175852,10222.0,6252519.0,11226.206022118684,72.3130096305493,2155.0,59.34796905517578,0.0034778178669512,0.0381186567246913,0.0198897905647754,0.0397816374897956,0.0450029522180557,0.0243914071470499,3.5100626945495605,4.31492280960083,8.399785995483398,0.2598817050457001
1213,29801,8,0,7,plus,8,0.005,0.005,0.0159809570759534,0.0160610619932413,43896.0,224627536.0,3607756.781085044,135.49880876480654,4038.0,59.11423873901367,0.0048035467043519,0.042230125516653,0.0380196794867515,0.0416055098176002,0.0447861440479755,0.020792031660676,4.51259708404541,8.273573875427246,6.738358020782471,0.3464617729187011
1213,29801,9,0,1,plus,9,0.01,0.01,0.0103693585842847,0.0104735726490616,5397.0,-7186.203125,-75.26522050060157,37.24707224589778,1110.0,6.626354694366455,0.003570606932044,0.0175860133022069,0.0440235361456871,0.0364164188504219,0.0158203486353158,0.030755054205656,9.734742164611816,4.234930515289307,6.025596618652344,0.5770443677902222
1213,29801,9,0,2,plus,9,0.01,0.01,0.0017865144181996,0.001804469153285,10336.0,6025848.0,10873.45683838427,72.71568068185631,2167.0,59.34796905517578,0.0034778178669512,0.0381186567246913,0.0198897905647754,0.0397816374897956,0.0450029522180557,0.0243914071470499,3.5100626945495605,4.31492280960083,8.399785995483398,0.2598817050457001
1213,29801,9,0,7,plus,9,0.01,0.01,0.0159809570759534,0.0161415692418813,44071.0,229852208.0,3710175.330831319,135.5994765276333,4041.0,59.11423873901367,0.0048035467043519,0.042230125516653,0.0380196794867515,0.0416055098176002,0.0447861440479755,0.020792031660676,4.51259708404541,8.273573875427246,6.738358020782471,0.3464617729187011
1213,29801,10,0,1,plus,10,0.02,0.02,0.0103693585842847,0.0105788335204124,5429.0,-4018.383544921875,-42.50981054289332,37.179960404013286,1108.0,6.626354694366455,0.003570606932044,0.0175860133022069,0.0440235361456871,0.0364164188504219,0.0158203486353158,0.030755054205656,9.734742164611816,4.234930515289307,6.025596618652344,0.5770443677902222
1213,29801,10,0,2,plus,10,0.02,0.02,0.0017865144181996,0.0018226043321192,10334.0,5757105.5,10492.925424767423,72.71568068185631,2167.0,59.34796905517578,0.0034778178669512,0.0381186567246913,0.0198897905647754,0.0397816374897956,0.0450029522180557,0.0243914071470499,3.5100626945495605,4.31492280960083,8.399785995483398,0.2598817050457001
1213,29801,10,0,7,plus,10,0.02,0.02,0.0159809570759534,0.0163037944585084,44188.0,237297056.0,3868842.426633179,135.76725613234456,4046.0,59.11423873901367,0.0048035467043519,0.042230125516653,0.0380196794867515,0.0416055098176002,0.0447861440479755,0.020792031660676,4.51259708404541,8.273573875427246,6.738358020782471,0.3464617729187011
1213,29801,11,0,1,plus,11,0.05,0.05,0.0103693585842847,0.0109010068699717,5410.0,-1947.5386962890625,-21.2301327077829,38.15308211133854,1137.0,6.626354694366455,0.003570606932044,0.0175860133022069,0.0440235361456871,0.0364164188504219,0.0158203486353158,0.030755054205656,9.734742164611816,4.234930515289307,6.025596618652344,0.5770443677902222
1213,29801,11,0,2,plus,11,0.05,0.05,0.0017865144181996,0.0018781109247356,10709.0,6352070.5,11929.89300074114,74.09147344048857,2208.0,59.34796905517578,0.0034778178669512,0.0381186567246913,0.0198897905647754,0.0397816374897956,0.0450029522180557,0.0243914071470499,3.5100626945495605,4.31492280960083,8.399785995483398,0.2598817050457001
1213,29801,11,0,7,plus,11,0.05,0.05,0.0159809570759534,0.0168003179132938,44767.0,255423760.0,4291200.370608866,136.2034831045938,4059.0,59.11423873901367,0.0048035467043519,0.042230125516653,0.0380196794867515,0.0416055098176002,0.0447861440479755,0.020792031660676,4.51259708404541,8.273573875427246,6.738358020782471,0.3464617729187011
1213,29801,12,0,1,plus,12,0.1,0.1,0.0103693585842847,0.0114599140360951,5261.0,-3661.60107421875,-41.9616335450205,39.3275393443173,1172.0,6.626354694366455,0.003570606932044,0.0175860133022069,0.0440235361456871,0.0364164188504219,0.0158203486353158,0.030755054205656,9.734742164611816,4.234930515289307,6.025596618652344,0.5770443677902222
1213,29801,12,0,2,plus,12,0.1,0.1,0.0017865144181996,0.0019744038581848,11307.0,6733425.0,13294.500298798084,75.90349317137009,2262.0,59.34796905517578,0.0034778178669512,0.0381186567246913,0.0198897905647754,0.0397816374897956,0.0450029522180557,0.0243914071470499,3.5100626945495605,4.31492280960083,8.399785995483398,0.2598817050457001
1213,29801,12,0,7,plus,12,0.1,0.1,0.0159809570759534,0.0176616888493299,45660.0,283805632.0,5012486.766071439,137.51216402134156,4098.0,59.11423873901367,0.0048035467043519,0.042230125516653,0.0380196794867515,0.0416055098176002,0.0447861440479755,0.020792031660676,4.51259708404541,8.273573875427246,6.738358020782471,0.3464617729187011
1213,29801,13,0,1,center_duplicate,-1,0.0,0.0,0.0103693585842847,0.0103693585842847,5406.0,-5366.25439453125,-55.64461607138856,36.94506895741753,1101.0,6.626354694366455,0.003570606932044,0.0175860133022069,0.0440235361456871,0.0364164188504219,0.0158203486353158,0.030755054205656,9.734742164611816,4.234930515289307,6.025596618652344,0.5770443677902222
1213,29801,13,0,2,center_duplicate,-1,0.0,0.0,0.0017865144181996,0.0017865144181996,9983.0,6414688.0,11459.93260025233,71.87678265830006,2142.0,59.34796905517578,0.0034778178669512,0.0381186567246913,0.0198897905647754,0.0397816374897956,0.0450029522180557,0.0243914071470499,3.5100626945495605,4.31492280960083,8.399785995483398,0.2598817050457001
1213,29801,13,0,7,center_duplicate,-1,0.0,0.0,0.0159809570759534,0.0159809570759534,43911.0,222467776.0,3555247.9790388346,135.46525284386428,4037.0,59.11423873901367,0.0048035467043519,0.042230125516653,0.0380196794867515,0.0416055098176002,0.0447861440479755,0.020792031660676,4.51259708404541,8.273573875427246,6.738358020782471,0.3464617729187011
1213,29801,14,1,1,minus,0,-0.1,0.1,0.0065463040955364,0.0059233410283923,39613.0,40469812.0,239716.49783092365,155.4981376463877,4634.0,82.565185546875,0.0040601445361971,0.0467863455414772,0.037327691912651,0.0252654738724231,0.0362723432481288,0.0408878438174724,1.3129640817642212,5.302206039428711,8.969371795654297,0.4284742176532745
1213,29801,14,1,2,minus,0,-0.1,0.1,0.0059406426735222,0.005375315900892,4002.0,796045.6875,4278.997041855269,49.36075970605013,1471.0,22.052663803100582,0.0047632143832743,0.0122588193044066,0.038533229380846,0.0326894856989383,0.0357518084347248,0.025060711428523,9.433023452758787,8.444083213806152,6.955045700073242,0.8759985566139221
1213,29801,14,1,7,minus,0,-0.1,0.1,0.0054341284558176,0.0049170027486979,15819.0,6540965.5,32161.945342638763,85.3998187980269,2545.0,74.29742431640625,0.0021332968026399,0.0331338346004486,0.024333057925105,0.0315007902681827,0.0290384367108345,0.0302209127694368,8.710350036621094,3.6867733001708975,8.966926574707031,0.9366800785064696
1213,29801,15,1,1,minus,1,-0.05,0.05,0.0065463040955364,0.0062270374037325,41464.0,45265268.0,281868.51692597754,158.35039092647898,4719.0,82.565185546875,0.0040601445361971,0.0467863455414772,0.037327691912651,0.0252654738724231,0.0362723432481288,0.0408878438174724,1.3129640817642212,5.302206039428711,8.969371795654297,0.4284742176532745
1213,29801,15,1,2,minus,1,-0.05,0.05,0.0059406426735222,0.005650914274156,4136.0,813117.8125,4594.859053226828,49.96476628301063,1489.0,22.052663803100582,0.0047632143832743,0.0122588193044066,0.038533229380846,0.0326894856989383,0.0357518084347248,0.025060711428523,9.433023452758787,8.444083213806152,6.955045700073242,0.8759985566139221
1213,29801,15,1,7,minus,1,-0.05,0.05,0.0054341284558176,0.0051691029220819,16195.0,6714945.0,34710.24182111956,86.54072011006342,2579.0,74.29742431640625,0.0021332968026399,0.0331338346004486,0.024333057925105,0.0315007902681827,0.0290384367108345,0.0302209127694368,8.710350036621094,3.6867733001708975,8.966926574707031,0.9366800785064696
1213,29801,16,1,1,minus,2,-0.02,0.02,0.0065463040955364,0.0064166784286499,42253.0,48024268.0,308156.2845273018,159.59196000134222,4756.0,82.565185546875,0.0040601445361971,0.0467863455414772,0.037327691912651,0.0252654738724231,0.0362723432481288,0.0408878438174724,1.3129640817642212,5.302206039428711,8.969371795654297,0.4284742176532745
1213,29801,16,1,2,minus,2,-0.02,0.02,0.0059406426735222,0.0058230101130902,4360.0,867326.25,5050.449525098666,50.77010838562464,1513.0,22.052663803100582,0.0047632143832743,0.0122588193044066,0.038533229380846,0.0326894856989383,0.0357518084347248,0.025060711428523,9.433023452758787,8.444083213806152,6.955045700073242,0.8759985566139221
1213,29801,16,1,7,minus,2,-0.02,0.02,0.0054341284558176,0.005326525773853,16402.0,7444207.0,39651.76045139739,87.17828260796617,2598.0,74.29742431640625,0.0021332968026399,0.0331338346004486,0.024333057925105,0.0315007902681827,0.0290384367108345,0.0302209127694368,8.710350036621094,3.6867733001708975,8.966926574707031,0.9366800785064696
1213,29801,17,1,1,minus,3,-0.01,0.01,0.0065463040955364,0.0064811673946678,42602.0,49171884.0,318691.2113151904,160.22952249924498,4775.0,82.565185546875,0.0040601445361971,0.0467863455414772,0.037327691912651,0.0252654738724231,0.0362723432481288,0.0408878438174724,1.3129640817642212,5.302206039428711,8.969371795654297,0.4284742176532745
1213,29801,17,1,2,minus,3,-0.01,0.01,0.0059406426735222,0.0058815320953726,4238.0,821543.6875,4831.935565782071,50.83722022750914,1515.0,22.052663803100582,0.0047632143832743,0.0122588193044066,0.038533229380846,0.0326894856989383,0.0357518084347248,0.025060711428523,9.433023452758787,8.444083213806152,6.955045700073242,0.8759985566139221
1213,29801,17,1,7,minus,3,-0.01,0.01,0.0054341284558176,0.0053800581954419,16508.0,7328379.0,39427.105498254765,87.51384181738867,2608.0,74.29742431640625,0.0021332968026399,0.0331338346004486,0.024333057925105,0.0315007902681827,0.0290384367108345,0.0302209127694368,8.710350036621094,3.6867733001708975,8.966926574707031,0.9366800785064696
1213,29801,18,1,1,minus,4,-0.005,0.005,0.0065463040955364,0.0065136542543768,42756.0,48937252.0,318760.3396873139,160.29663434112948,4777.0,82.565185546875,0.0040601445361971,0.0467863455414772,0.037327691912651,0.0252654738724231,0.0362723432481288,0.0408878438174724,1.3129640817642212,5.302206039428711,8.969371795654297,0.4284742176532745
1213,29801,18,1,2,minus,4,-0.005,0.005,0.0059406426735222,0.0059110135771334,4276.0,848374.9375,5014.755774062214,50.90433206939364,1517.0,22.052663803100582,0.0047632143832743,0.0122588193044066,0.038533229380846,0.0326894856989383,0.0357518084347248,0.025060711428523,9.433023452758787,8.444083213806152,6.955045700073242,0.8759985566139221
1213,29801,18,1,7,minus,4,-0.005,0.005,0.0054341284558176,0.0054070255719125,16477.0,7357269.5,39780.94432595209,87.48028589644642,2607.0,74.29742431640625,0.0021332968026399,0.0331338346004486,0.024333057925105,0.0315007902681827,0.0290384367108345,0.0302209127694368,8.710350036621094,3.6867733001708975,8.966926574707031,0.9366800785064696
1213,29801,19,1,1,minus,5,-0.0025,0.0025,0.0065463040955364,0.0065299584530293,42685.0,48757316.0,318383.2477612253,160.33019026207174,4778.0,82.565185546875,0.0040601445361971,0.0467863455414772,0.037327691912651,0.0252654738724231,0.0362723432481288,0.0408878438174724,1.3129640817642212,5.302206039428711,8.969371795654297,0.4284742176532745
1213,29801,19,1,2,minus,5,-0.0025,0.0025,0.0059406426735222,0.0059258094988763,4279.0,832364.625,4932.434201353637,51.072111674104896,1522.0,22.052663803100582,0.0047632143832743,0.0122588193044066,0.038533229380846,0.0326894856989383,0.0357518084347248,0.025060711428523,9.433023452758787,8.444083213806152,6.955045700073242,0.8759985566139221
1213,29801,19,1,7,minus,5,-0.0025,0.0025,0.0054341284558176,0.0054205600172281,16491.0,7488804.0,40593.51153925806,87.54739773833093,2609.0,74.29742431640625,0.0021332968026399,0.0331338346004486,0.024333057925105,0.0315007902681827,0.0290384367108345,0.0302209127694368,8.710350036621094,3.6867733001708975,8.966926574707031,0.9366800785064696
1213,29801,20,1,1,center,6,0.0,0.0,0.0065463040955364,0.0065463040955364,42774.0,49532644.0,324255.75027995,160.16241065736048,4773.0,82.565185546875,0.0040601445361971,0.0467863455414772,0.037327691912651,0.0252654738724231,0.0362723432481288,0.0408878438174724,1.3129640817642212,5.302206039428711,8.969371795654297,0.4284742176532745
1213,29801,20,1,2,center,6,0.0,0.0,0.0059406426735222,0.0059406426735222,4317.0,847545.25,5034.96347989107,51.2063353578739,1526.0,22.052663803100582,0.0047632143832743,0.0122588193044066,0.038533229380846,0.0326894856989383,0.0357518084347248,0.025060711428523,9.433023452758787,8.444083213806152,6.955045700073242,0.8759985566139221
1213,29801,20,1,7,center,6,0.0,0.0,0.0054341284558176,0.0054341284558176,16524.0,7629158.0,41457.82458172925,87.58095365927318,2610.0,74.29742431640625,0.0021332968026399,0.0331338346004486,0.024333057925105,0.0315007902681827,0.0290384367108345,0.0302209127694368,8.710350036621094,3.6867733001708975,8.966926574707031,0.9366800785064696
1213,29801,21,1,1,plus,7,0.0025,0.0025,0.0065463040955364,0.0065626907162368,42790.0,48536704.0,318531.376737535,160.095298815476,4771.0,82.565185546875,0.0040601445361971,0.0467863455414772,0.037327691912651,0.0252654738724231,0.0362723432481288,0.0408878438174724,1.3129640817642212,5.302206039428711,8.969371795654297,0.4284742176532745
1213,29801,21,1,2,plus,7,0.0025,0.0025,0.0059406426735222,0.0059555131010711,4311.0,837486.625,4987.662567159336,51.072111674104896,1522.0,22.052663803100582,0.0047632143832743,0.0122588193044066,0.038533229380846,0.0326894856989383,0.0357518084347248,0.025060711428523,9.433023452758787,8.444083213806152,6.955045700073242,0.8759985566139221
1213,29801,21,1,7,plus,7,0.0025,0.0025,0.0054341284558176,0.0054477308876812,16586.0,7848500.5,42756.5185958317,87.71517734304217,2614.0,74.29742431640625,0.0021332968026399,0.0331338346004486,0.024333057925105,0.0315007902681827,0.0290384367108345,0.0302209127694368,8.710350036621094,3.6867733001708975,8.966926574707031,0.9366800785064696
1213,29801,22,1,1,plus,8,0.005,0.005,0.0065463040955364,0.0065791173838078,42928.0,48009692.0,315861.3992284629,160.095298815476,4771.0,82.565185546875,0.0040601445361971,0.0467863455414772,0.037327691912651,0.0252654738724231,0.0362723432481288,0.0408878438174724,1.3129640817642212,5.302206039428711,8.969371795654297,0.4284742176532745
1213,29801,22,1,2,plus,8,0.005,0.005,0.0059406426735222,0.0059704203158617,4301.0,830533.6875,4958.635200857534,51.00499983222039,1520.0,22.052663803100582,0.0047632143832743,0.0122588193044066,0.038533229380846,0.0326894856989383,0.0357518084347248,0.025060711428523,9.433023452758787,8.444083213806152,6.955045700073242,0.8759985566139221
1213,29801,22,1,7,plus,8,0.005,0.005,0.0054341284558176,0.0054613673128187,16603.0,7847291.0,42856.93856157688,87.74873326398442,2615.0,74.29742431640625,0.0021332968026399,0.0331338346004486,0.024333057925105,0.0315007902681827,0.0290384367108345,0.0302209127694368,8.710350036621094,3.6867733001708975,8.966926574707031,0.9366800785064696
1213,29801,23,1,1,plus,9,0.01,0.01,0.0065463040955364,0.006612095516175,43068.0,48262164.0,319114.03818530403,160.16241065736048,4773.0,82.565185546875,0.0040601445361971,0.0467863455414772,0.037327691912651,0.0252654738724231,0.0362723432481288,0.0408878438174724,1.3129640817642212,5.302206039428711,8.969371795654297,0.4284742176532745
1213,29801,23,1,2,plus,9,0.01,0.01,0.0059406426735222,0.0060003469698131,4361.0,863831.1875,5183.286848345684,51.2734471997584,1528.0,22.052663803100582,0.0047632143832743,0.0122588193044066,0.038533229380846,0.0326894856989383,0.0357518084347248,0.025060711428523,9.433023452758787,8.444083213806152,6.955045700073242,0.8759985566139221
1213,29801,23,1,7,plus,9,0.01,0.01,0.0054341284558176,0.005488742608577,16590.0,7856511.5,43122.3694248253,87.78228918492667,2616.0,74.29742431640625,0.0021332968026399,0.0331338346004486,0.024333057925105,0.0315007902681827,0.0290384367108345,0.0302209127694368,8.710350036621094,3.6867733001708975,8.966926574707031,0.9366800785064696
1213,29801,24,1,1,plus,10,0.02,0.02,0.0065463040955364,0.0066785481758415,43243.0,50482624.0,337150.63642689586,160.59863762960973,4786.0,82.565185546875,0.0040601445361971,0.0467863455414772,0.037327691912651,0.0252654738724231,0.0362723432481288,0.0408878438174724,1.3129640817642212,5.302206039428711,8.969371795654297,0.4284742176532745
1213,29801,24,1,2,plus,10,0.02,0.02,0.0059406426735222,0.0060606515035033,4328.0,832271.0,5044.104487472214,51.374114962585146,1531.0,22.052663803100582,0.0047632143832743,0.0122588193044066,0.038533229380846,0.0326894856989383,0.0357518084347248,0.025060711428523,9.433023452758787,8.444083213806152,6.955045700073242,0.8759985566139221
1213,29801,24,1,7,plus,10,0.02,0.02,0.0054341284558176,0.0055439048446714,16762.0,8060141.0,44684.65473863529,88.11784839434918,2626.0,74.29742431640625,0.0021332968026399,0.0331338346004486,0.024333057925105,0.0315007902681827,0.0290384367108345,0.0302209127694368,8.710350036621094,3.6867733001708975,8.966926574707031,0.9366800785064696
1213,29801,25,1,1,plus,11,0.05,0.05,0.0065463040955364,0.0068819401785731,44848.0,53987124.0,371536.1577812098,162.511325123318,4843.0,82.565185546875,0.0040601445361971,0.0467863455414772,0.037327691912651,0.0252654738724231,0.0362723432481288,0.0408878438174724,1.3129640817642212,5.302206039428711,8.969371795654297,0.4284742176532745
1213,29801,25,1,2,plus,11,0.05,0.05,0.0059406426735222,0.0062452256679534,4513.0,872813.1875,5450.915321903303,52.0787893023724,1552.0,22.052663803100582,0.0047632143832743,0.0122588193044066,0.038533229380846,0.0326894856989383,0.0357518084347248,0.025060711428523,9.433023452758787,8.444083213806152,6.955045700073242,0.8759985566139221
1213,29801,25,1,7,plus,11,0.05,0.05,0.0054341284558176,0.005712741985917,17187.0,7428943.0,42439.63458708488,89.09097010167443,2655.0,74.29742431640625,0.0021332968026399,0.0331338346004486,0.024333057925105,0.0315007902681827,0.0290384367108345,0.0302209127694368,8.710350036621094,3.6867733001708975,8.966926574707031,0.9366800785064696
1213,29801,26,1,1,plus,12,0.1,0.1,0.0065463040955364,0.0072347852401435,46265.0,58073392.0,420148.5192866698,164.42401261702625,4900.0,82.565185546875,0.0040601445361971,0.0467863455414772,0.037327691912651,0.0252654738724231,0.0362723432481288,0.0408878438174724,1.3129640817642212,5.302206039428711,8.969371795654297,0.4284742176532745
1213,29801,26,1,2,plus,12,0.1,0.1,0.0059406426735222,0.0065654260106384,4759.0,909246.125,5969.588159147243,53.15257877252441,1584.0,22.052663803100582,0.0047632143832743,0.0122588193044066,0.038533229380846,0.0326894856989383,0.0357518084347248,0.025060711428523,9.433023452758787,8.444083213806152,6.955045700073242,0.8759985566139221
1213,29801,26,1,7,plus,12,0.1,0.1,0.0054341284558176,0.0060056410729885,17481.0,8258073.0,49595.022392537445,89.62786483675043,2671.0,74.29742431640625,0.0021332968026399,0.0331338346004486,0.024333057925105,0.0315007902681827,0.0290384367108345,0.0302209127694368,8.710350036621094,3.6867733001708975,8.966926574707031,0.9366800785064696
1213,29801,27,1,1,center_duplicate,-1,0.0,0.0,0.0065463040955364,0.0065463040955364,42774.0,49532644.0,324255.75027995,160.16241065736048,4773.0,82.565185546875,0.0040601445361971,0.0467863455414772,0.037327691912651,0.0252654738724231,0.0362723432481288,0.0408878438174724,1.3129640817642212,5.302206039428711,8.969371795654297,0.4284742176532745
1213,29801,27,1,2,center_duplicate,-1,0.0,0.0,0.0059406426735222,0.0059406426735222,4317.0,847545.25,5034.96347989107,51.2063353578739,1526.0,22.052663803100582,0.0047632143832743,0.0122588193044066,0.038533229380846,0.0326894856989383,0.0357518084347248,0.025060711428523,9.433023452758787,8.444083213806152,6.955045700073242,0.8759985566139221
1213,29801,27,1,7,center_duplicate,-1,0.0,0.0,0.0054341284558176,0.0054341284558176,16524.0,7629158.0,41457.82458172925,87.58095365927318,2610.0,74.29742431640625,0.0021332968026399,0.0331338346004486,0.024333057925105,0.0315007902681827,0.0290384367108345,0.0302209127694368,8.710350036621094,3.6867733001708975,8.966926574707031,0.9366800785064696
1213,29801,28,2,1,minus,0,-0.1,0.1,0.0166266057640314,0.0150443753227591,81909.0,167250352.0,2516177.0683515817,216.70413744505217,6458.0,48.48685836791992,0.0011892077745869,0.044319562613964,0.0304092969745397,0.0451588854193687,0.0295377913862466,0.0365017279982566,3.901416301727295,9.86105251312256,3.3765461444854736,0.8627018332481384
1213,29801,28,2,2,minus,0,-0.1,0.1,0.0100537622347474,0.0090970201417803,228633.0,178022224.0,1619471.757412538,296.198114157243,8827.0,75.7269058227539,0.0007651544292457,0.0448898784816265,0.0217880867421627,0.0417401753365993,0.0252469163388013,0.0333943888545036,2.15057635307312,6.021400451660156,0.422410249710083,0.3041475713253021
1213,29801,28,2,7,minus,0,-0.1,0.1,0.0021897365804761,0.001981355715543,12557.0,2930446.25,5806.256426529144,76.40683198550384,2277.0,47.99076843261719,0.0003057307621929,0.0257897935807704,0.0325126685202121,0.0218789111822843,0.0452771298587322,0.017795966938138,8.833017349243164,8.9212064743042,2.157782077789306,0.5844389796257019
1213,29801,29,2,1,minus,1,-0.05,0.05,0.0166266057640314,0.0158157162368297,82532.0,185110320.0,2927652.293628752,217.2745881010704,6475.0,48.48685836791992,0.0011892077745869,0.044319562613964,0.0304092969745397,0.0451588854193687,0.0295377913862466,0.0365017279982566,3.901416301727295,9.86105251312256,3.3765461444854736,0.8627018332481384
1213,29801,29,2,2,minus,1,-0.05,0.05,0.0100537622347474,0.0095634348690509,236455.0,192746560.0,1843319.1727936268,300.86238716821583,8966.0,75.7269058227539,0.0007651544292457,0.0448898784816265,0.0217880867421627,0.0417401753365993,0.0252469163388013,0.0333943888545036,2.15057635307312,6.021400451660156,0.422410249710083,0.3041475713253021
1213,29801,29,2,7,minus,1,-0.05,0.05,0.0021897365804761,0.002082941820845,13311.0,2978836.75,6204.743644045026,78.42018724203885,2337.0,47.99076843261719,0.0003057307621929,0.0257897935807704,0.0325126685202121,0.0218789111822843,0.0452771298587322,0.017795966938138,8.833017349243164,8.9212064743042,2.157782077789306,0.5844389796257019
1213,29801,30,2,1,minus,2,-0.02,0.02,0.0166266057640314,0.0162973776459693,83623.0,193559088.0,3154505.553945422,218.38193349216468,6508.0,48.48685836791992,0.0011892077745869,0.044319562613964,0.0304092969745397,0.0451588854193687,0.0295377913862466,0.0365017279982566,3.901416301727295,9.86105251312256,3.3765461444854736,0.8627018332481384
1213,29801,30,2,2,minus,2,-0.02,0.02,0.0100537622347474,0.0098546845838427,240624.0,204978848.0,2020001.8933994472,303.3119693970001,9039.0,75.7269058227539,0.0007651544292457,0.0448898784816265,0.0217880867421627,0.0417401753365993,0.0252469163388013,0.0333943888545036,2.15057635307312,6.021400451660156,0.422410249710083,0.3041475713253021
1213,29801,30,2,7,minus,2,-0.02,0.02,0.0021897365804761,0.0021463769953697,13441.0,3063317.0,6575.033138325205,79.02419381899935,2355.0,47.99076843261719,0.0003057307621929,0.0257897935807704,0.0325126685202121,0.0218789111822843,0.0452771298587322,0.017795966938138,8.833017349243164,8.9212064743042,2.157782077789306,0.5844389796257019
1213,29801,31,2,1,minus,3,-0.01,0.01,0.0166266057640314,0.0164611674845218,83780.0,197911152.0,3257848.6201266646,218.58326901781817,6514.0,48.48685836791992,0.0011892077745869,0.044319562613964,0.0304092969745397,0.0451588854193687,0.0295377913862466,0.0365017279982566,3.901416301727295,9.86105251312256,3.3765461444854736,0.8627018332481384
1213,29801,31,2,2,minus,3,-0.01,0.01,0.0100537622347474,0.0099537260830402,242069.0,206358480.0,2054035.7848325367,304.21797926244085,9066.0,75.7269058227539,0.0007651544292457,0.0448898784816265,0.0217880867421627,0.0417401753365993,0.0252469163388013,0.0333943888545036,2.15057635307312,6.021400451660156,0.422410249710083,0.3041475713253021
1213,29801,31,2,7,minus,3,-0.01,0.01,0.0021897365804761,0.002167948288843,13482.0,3073686.5,6663.593388114939,79.1919734237106,2360.0,47.99076843261719,0.0003057307621929,0.0257897935807704,0.0325126685202121,0.0218789111822843,0.0452771298587322,0.017795966938138,8.833017349243164,8.9212064743042,2.157782077789306,0.5844389796257019
1213,29801,32,2,1,minus,4,-0.005,0.005,0.0166266057640314,0.0165436808019876,84021.0,199561520.0,3301482.087239474,218.75104862252945,6519.0,48.48685836791992,0.0011892077745869,0.044319562613964,0.0304092969745397,0.0451588854193687,0.0295377913862466,0.0365017279982566,3.901416301727295,9.86105251312256,3.3765461444854736,0.8627018332481384
1213,29801,32,2,2,minus,4,-0.005,0.005,0.0100537622347474,0.0100036188960075,242755.0,209798208.0,2098741.31789732,304.48642662997884,9074.0,75.7269058227539,0.0007651544292457,0.0448898784816265,0.0217880867421627,0.0417401753365993,0.0252469163388013,0.0333943888545036,2.15057635307312,6.021400451660156,0.422410249710083,0.3041475713253021
1213,29801,32,2,7,minus,4,-0.005,0.005,0.0021897365804761,0.0021788151934742,13588.0,3135839.25,6832.414202193031,79.5275326331331,2370.0,47.99076843261719,0.0003057307621929,0.0257897935807704,0.0325126685202121,0.0218789111822843,0.0452771298587322,0.017795966938138,8.833017349243164,8.9212064743042,2.157782077789306,0.5844389796257019
1213,29801,33,2,1,minus,5,-0.0025,0.0025,0.0166266057640314,0.0165850911289453,84061.0,199143344.0,3302810.5079629123,218.81816046441392,6521.0,48.48685836791992,0.0011892077745869,0.044319562613964,0.0304092969745397,0.0451588854193687,0.0295377913862466,0.0365017279982566,3.901416301727295,9.86105251312256,3.3765461444854736,0.8627018332481384
1213,29801,33,2,2,minus,5,-0.0025,0.0025,0.0100537622347474,0.0100286593660712,242715.0,210416128.0,2110191.6728396416,304.5199825509211,9075.0,75.7269058227539,0.0007651544292457,0.0448898784816265,0.0217880867421627,0.0417401753365993,0.0252469163388013,0.0333943888545036,2.15057635307312,6.021400451660156,0.422410249710083,0.3041475713253021
1213,29801,33,2,7,minus,5,-0.0025,0.0025,0.0021897365804761,0.0021842690184712,13549.0,3206725.75,7004.351706458954,79.49397671219086,2369.0,47.99076843261719,0.0003057307621929,0.0257897935807704,0.0325126685202121,0.0218789111822843,0.0452771298587322,0.017795966938138,8.833017349243164,8.9212064743042,2.157782077789306,0.5844389796257019
1213,29801,34,2,1,center,6,0.0,0.0,0.0166266057640314,0.0166266057640314,83902.0,202544944.0,3367634.933385819,218.7846045434717,6520.0,48.48685836791992,0.0011892077745869,0.044319562613964,0.0304092969745397,0.0451588854193687,0.0295377913862466,0.0365017279982566,3.901416301727295,9.86105251312256,3.3765461444854736,0.8627018332481384
1213,29801,34,2,2,center,6,0.0,0.0,0.0100537622347474,0.0100537622347474,243269.0,211931408.0,2130707.986107245,304.9226536022281,9087.0,75.7269058227539,0.0007651544292457,0.0448898784816265,0.0217880867421627,0.0417401753365993,0.0252469163388013,0.0333943888545036,2.15057635307312,6.021400451660156,0.422410249710083,0.3041475713253021
1213,29801,34,2,7,center,6,0.0,0.0,0.0021897365804761,0.0021897365804761,13607.0,3092149.25,6770.992325016938,79.69531223784436,2375.0,47.99076843261719,0.0003057307621929,0.0257897935807704,0.0325126685202121,0.0218789111822843,0.0452771298587322,0.017795966938138,8.833017349243164,8.9212064743042,2.157782077789306,0.5844389796257019
1213,29801,35,2,1,plus,7,0.0025,0.0025,0.0166266057640314,0.0166682247072458,83916.0,201943280.0,3366035.969158262,218.85171638535616,6522.0,48.48685836791992,0.0011892077745869,0.044319562613964,0.0304092969745397,0.0451588854193687,0.0295377913862466,0.0365017279982566,3.901416301727295,9.86105251312256,3.3765461444854736,0.8627018332481384
1213,29801,35,2,2,plus,7,0.0025,0.0025,0.0100537622347474,0.0100789284333586,243801.0,211703808.0,2133747.5299015045,305.15754504882386,9094.0,75.7269058227539,0.0007651544292457,0.0448898784816265,0.0217880867421627,0.0417401753365993,0.0252469163388013,0.0333943888545036,2.15057635307312,6.021400451660156,0.422410249710083,0.3041475713253021
1213,29801,35,2,7,plus,7,0.0025,0.0025,0.0021897365804761,0.002195217879489,13607.0,3114627.0,6837.284878339386,79.69531223784436,2375.0,47.99076843261719,0.0003057307621929,0.0257897935807704,0.0325126685202121,0.0218789111822843,0.0452771298587322,0.017795966938138,8.833017349243164,8.9212064743042,2.157782077789306,0.5844389796257019
1213,29801,36,2,1,plus,8,0.005,0.005,0.0166266057640314,0.0167099460959434,84068.0,202079696.0,3376740.8272446394,218.9859400691252,6526.0,48.48685836791992,0.0011892077745869,0.044319562613964,0.0304092969745397,0.0451588854193687,0.0295377913862466,0.0365017279982566,3.901416301727295,9.86105251312256,3.3765461444854736,0.8627018332481384
1213,29801,36,2,2,plus,8,0.005,0.005,0.0100537622347474,0.0101041570305824,243204.0,212873840.0,2150910.707063079,304.7884299184591,9083.0,75.7269058227539,0.0007651544292457,0.0448898784816265,0.0217880867421627,0.0417401753365993,0.0252469163388013,0.0333943888545036,2.15057635307312,6.021400451660156,0.422410249710083,0.3041475713253021
1213,29801,36,2,7,plus,8,0.005,0.005,0.0021897365804761,0.0022007126826792,13631.0,3087141.0,6793.910351919243,79.69531223784436,2375.0,47.99076843261719,0.0003057307621929,0.0257897935807704,0.0325126685202121,0.0218789111822843,0.0452771298587322,0.017795966938138,8.833017349243164,8.9212064743042,2.157782077789306,0.5844389796257019
1213,29801,37,2,1,plus,9,0.01,0.01,0.0166266057640314,0.016793705523014,84074.0,200105808.0,3360518.012996793,218.9859400691252,6526.0,48.48685836791992,0.0011892077745869,0.044319562613964,0.0304092969745397,0.0451588854193687,0.0295377913862466,0.0365017279982566,3.901416301727295,9.86105251312256,3.3765461444854736,0.8627018332481384
1213,29801,37,2,2,plus,9,0.01,0.01,0.0100537622347474,0.0101548042148351,244952.0,216411104.0,2197612.391036332,305.82866346766883,9114.0,75.7269058227539,0.0007651544292457,0.0448898784816265,0.0217880867421627,0.0417401753365993,0.0252469163388013,0.0333943888545036,2.15057635307312,6.021400451660156,0.422410249710083,0.3041475713253021
1213,29801,37,2,7,plus,9,0.01,0.01,0.0021897365804761,0.0022117437329143,13604.0,2995521.0,6625.324798563262,79.66175631690211,2374.0,47.99076843261719,0.0003057307621929,0.0257897935807704,0.0325126685202121,0.0218789111822843,0.0452771298587322,0.017795966938138,8.833017349243164,8.9212064743042,2.157782077789306,0.5844389796257019
1213,29801,38,2,1,plus,10,0.02,0.02,0.0166266057640314,0.0169624853879213,84156.0,213105648.0,3614801.440283507,219.1872755947787,6532.0,48.48685836791992,0.0011892077745869,0.044319562613964,0.0304092969745397,0.0451588854193687,0.0295377913862466,0.0365017279982566,3.901416301727295,9.86105251312256,3.3765461444854736,0.8627018332481384
1213,29801,38,2,2,plus,10,0.02,0.02,0.0100537622347474,0.0102568613365292,246047.0,221208352.0,2268903.392946154,306.5333378074561,9135.0,75.7269058227539,0.0007651544292457,0.0448898784816265,0.0217880867421627,0.0417401753365993,0.0252469163388013,0.0333943888545036,2.15057635307312,6.021400451660156,0.422410249710083,0.3041475713253021
1213,29801,38,2,7,plus,10,0.02,0.02,0.0021897365804761,0.0022339720744639,13606.0,3061094.5,6838.399630295229,79.86309184255562,2380.0,47.99076843261719,0.0003057307621929,0.0257897935807704,0.0325126685202121,0.0218789111822843,0.0452771298587322,0.017795966938138,8.833017349243164,8.9212064743042,2.157782077789306,0.5844389796257019
1213,29801,39,2,1,plus,11,0.05,0.05,0.0166266057640314,0.0174790695309638,84576.0,232520224.0,4064237.162651301,219.48927888325892,6541.0,48.48685836791992,0.0011892077745869,0.044319562613964,0.0304092969745397,0.0451588854193687,0.0295377913862466,0.0365017279982566,3.901416301727295,9.86105251312256,3.3765461444854736,0.8627018332481384
1213,29801,39,2,2,plus,11,0.05,0.05,0.0100537622347474,0.010569229722023,249982.0,229138368.0,2421816.049521446,308.8151404315292,9203.0,75.7269058227539,0.0007651544292457,0.0448898784816265,0.0217880867421627,0.0417401753365993,0.0252469163388013,0.0333943888545036,2.15057635307312,6.021400451660156,0.422410249710083,0.3041475713253021
1213,29801,39,2,7,plus,11,0.05,0.05,0.0021897365804761,0.0023020068183541,13903.0,3167520.25,7291.653212774778,80.43354249857387,2397.0,47.99076843261719,0.0003057307621929,0.0257897935807704,0.0325126685202121,0.0218789111822843,0.0452771298587322,0.017795966938138,8.833017349243164,8.9212064743042,2.157782077789306,0.5844389796257019
1213,29801,40,2,1,plus,12,0.1,0.1,0.0166266057640314,0.0183752421289682,85519.0,255538608.0,4695583.7952995,220.3281769068152,6566.0,48.48685836791992,0.0011892077745869,0.044319562613964,0.0304092969745397,0.0451588854193687,0.0295377913862466,0.0365017279982566,3.901416301727295,9.86105251312256,3.3765461444854736,0.8627018332481384
1213,29801,40,2,2,plus,12,0.1,0.1,0.0100537622347474,0.011111126281321,256528.0,245819136.0,2731327.462461233,312.7411831817724,9320.0,75.7269058227539,0.0007651544292457,0.0448898784816265,0.0217880867421627,0.0417401753365993,0.0252469163388013,0.0333943888545036,2.15057635307312,6.021400451660156,0.422410249710083,0.3041475713253021
1213,29801,40,2,7,plus,12,0.1,0.1,0.0021897365804761,0.0024200333282351,14455.0,3096940.5,7494.699225561228,81.97711486191739,2443.0,47.99076843261719,0.0003057307621929,0.0257897935807704,0.0325126685202121,0.0218789111822843,0.0452771298587322,0.017795966938138,8.833017349243164,8.9212064743042,2.157782077789306,0.5844389796257019
1213,29801,41,2,1,center_duplicate,-1,0.0,0.0,0.0166266057640314,0.0166266057640314,83902.0,202544944.0,3367634.933385819,218.7846045434717,6520.0,48.48685836791992,0.0011892077745869,0.044319562613964,0.0304092969745397,0.0451588854193687,0.0295377913862466,0.0365017279982566,3.901416301727295,9.86105251312256,3.3765461444854736,0.8627018332481384
1213,29801,41,2,2,center_duplicate,-1,0.0,0.0,0.0100537622347474,0.0100537622347474,243269.0,211931408.0,2130707.986107245,304.9226536022281,9087.0,75.7269058227539,0.0007651544292457,0.0448898784816265,0.0217880867421627,0.0417401753365993,0.0252469163388013,0.0333943888545036,2.15057635307312,6.021400451660156,0.422410249710083,0.3041475713253021
1213,29801,41,2,7,center_duplicate,-1,0.0,0.0,0.0021897365804761,0.0021897365804761,13607.0,3092149.25,6770.992325016938,79.69531223784436,2375.0,47.99076843261719,0.0003057307621929,0.0257897935807704,0.0325126685202121,0.0218789111822843,0.0452771298587322,0.017795966938138,8.833017349243164,8.9212064743042,2.157782077789306,0.5844389796257019
1213,29801,42,3,1,minus,0,-0.1,0.1,0.0030624063219875,0.0027709798887372,4369.0,2008449.375,5565.372825671802,58.0181873091507,1729.0,68.69004821777344,0.0025674765929579,0.0119783859699964,0.0491933897137641,0.0344496145844459,0.010044421069324,0.0135199222713708,6.216831684112549,3.313960075378418,6.278366088867188,0.7253406047821045
1213,29801,42,3,2,minus,0,-0.1,0.1,0.0152102718129754,0.013762823306024,53611.0,62897868.0,865652.2436096258,154.0216771249287,4590.0,96.0049057006836,0.0020888946019113,0.0492519363760948,0.033308882266283,0.0218277648091316,0.0236985776573419,0.0186962261795997,5.5608625411987305,0.1537047326564788,5.821068286895752,0.7542546987533569
1213,29801,42,3,7,minus,0,-0.1,0.1,0.0139875570312142,0.0126564651727676,148143.0,111526296.0,1411528.6811717749,238.95171302976408,7121.0,89.26822662353516,0.0008241399773396,0.0486867688596248,0.0172926541417837,0.0131852496415376,0.0318209826946258,0.0380514785647392,3.277904748916626,5.072831630706787,3.020468711853028,0.4343680143356323
1213,29801,43,3,1,minus,1,-0.05,0.05,0.0030624063219875,0.002913051052019,4661.0,2141974.75,6239.681798885635,59.72953927720546,1780.0,68.69004821777344,0.0025674765929579,0.0119783859699964,0.0491933897137641,0.0344496145844459,0.010044421069324,0.0135199222713708,6.216831684112549,3.313960075378418,6.278366088867188,0.7253406047821045
1213,29801,43,3,2,minus,1,-0.05,0.05,0.0152102718129754,0.0144684584811329,54328.0,67873488.0,982024.7430976778,154.92768699036944,4617.0,96.0049057006836,0.0020888946019113,0.0492519363760948,0.033308882266283,0.0218277648091316,0.0236985776573419,0.0186962261795997,5.5608625411987305,0.1537047326564788,5.821068286895752,0.7542546987533569
1213,29801,43,3,7,minus,1,-0.05,0.05,0.0139875570312142,0.0133053762838244,151074.0,123190800.0,1639099.9487053603,241.26707157477932,7190.0,89.26822662353516,0.0008241399773396,0.0486867688596248,0.0172926541417837,0.0131852496415376,0.0318209826946258,0.0380514785647392,3.277904748916626,5.072831630706787,3.020468711853028,0.4343680143356323
1213,29801,44,3,1,minus,2,-0.02,0.02,0.0030624063219875,0.003001766745001,4612.0,2960568.0,8886.93456871435,60.29998993322371,1797.0,68.69004821777344,0.0025674765929579,0.0119783859699964,0.0491933897137641,0.0344496145844459,0.010044421069324,0.0135199222713708,6.216831684112549,3.313960075378418,6.278366088867188,0.7253406047821045
1213,29801,44,3,2,minus,2,-0.02,0.02,0.0152102718129754,0.0149090886116027,54851.0,69088328.0,1030044.0041794776,155.73302909298346,4641.0,96.0049057006836,0.0020888946019113,0.0492519363760948,0.033308882266283,0.0218277648091316,0.0236985776573419,0.0186962261795997,5.5608625411987305,0.1537047326564788,5.821068286895752,0.7542546987533569
1213,29801,44,3,7,minus,2,-0.02,0.02,0.0139875570312142,0.0137105854228138,152743.0,135006912.0,1851023.799646318,242.54219657058488,7228.0,89.26822662353516,0.0008241399773396,0.0486867688596248,0.0172926541417837,0.0131852496415376,0.0318209826946258,0.0380514785647392,3.277904748916626,5.072831630706787,3.020468711853028,0.4343680143356323
1213,29801,45,3,1,minus,3,-0.01,0.01,0.0030624063219875,0.0030319348443299,4447.0,2872699.75,8709.838469322945,60.53488137981947,1804.0,68.69004821777344,0.0025674765929579,0.0119783859699964,0.0491933897137641,0.0344496145844459,0.010044421069324,0.0135199222713708,6.216831684112549,3.313960075378418,6.278366088867188,0.7253406047821045
1213,29801,45,3,2,minus,3,-0.01,0.01,0.0152102718129754,0.0150589272379875,55219.0,68130112.0,1025966.3993239404,156.2363679071172,4656.0,96.0049057006836,0.0020888946019113,0.0492519363760948,0.033308882266283,0.0218277648091316,0.0236985776573419,0.0186962261795997,5.5608625411987305,0.1537047326564788,5.821068286895752,0.7542546987533569
1213,29801,45,3,7,minus,3,-0.01,0.01,0.0139875570312142,0.0138483783230185,153279.0,133866688.0,1853836.540273488,242.94486762189183,7240.0,89.26822662353516,0.0008241399773396,0.0486867688596248,0.0172926541417837,0.0131852496415376,0.0318209826946258,0.0380514785647392,3.277904748916626,5.072831630706787,3.020468711853028,0.4343680143356323
1213,29801,46,3,1,minus,4,-0.005,0.005,0.0030624063219875,0.0030471323989331,4468.0,2839114.25,8651.157015447854,60.70266098453072,1809.0,68.69004821777344,0.0025674765929579,0.0119783859699964,0.0491933897137641,0.0344496145844459,0.010044421069324,0.0135199222713708,6.216831684112549,3.313960075378418,6.278366088867188,0.7253406047821045
1213,29801,46,3,2,minus,4,-0.005,0.005,0.0152102718129754,0.0151344100013375,55310.0,68675760.0,1039367.1089934558,156.33703566994396,4659.0,96.0049057006836,0.0020888946019113,0.0492519363760948,0.033308882266283,0.0218277648091316,0.0236985776573419,0.0186962261795997,5.5608625411987305,0.1537047326564788,5.821068286895752,0.7542546987533569
1213,29801,46,3,7,minus,4,-0.005,0.005,0.0139875570312142,0.0139177935197949,153841.0,135950384.0,1892129.3734488336,243.48176235696783,7256.0,89.26822662353516,0.0008241399773396,0.0486867688596248,0.0172926541417837,0.0131852496415376,0.0318209826946258,0.0380514785647392,3.277904748916626,5.072831630706787,3.020468711853028,0.4343680143356323
1213,29801,47,3,1,minus,5,-0.0025,0.0025,0.0030624063219875,0.0030547596979886,4480.0,2718047.5,8302.981960218749,60.76977282641522,1811.0,68.69004821777344,0.0025674765929579,0.0119783859699964,0.0491933897137641,0.0344496145844459,0.010044421069324,0.0135199222713708,6.216831684112549,3.313960075378418,6.278366088867188,0.7253406047821045
1213,29801,47,3,2,minus,5,-0.0025,0.0025,0.0152102718129754,0.0151722934097051,55546.0,69715472.0,1057743.5963800848,156.53837119559745,4665.0,96.0049057006836,0.0020888946019113,0.0492519363760948,0.033308882266283,0.0218277648091316,0.0236985776573419,0.0186962261795997,5.5608625411987305,0.1537047326564788,5.821068286895752,0.7542546987533569
1213,29801,47,3,7,minus,5,-0.0025,0.0025,0.0139875570312142,0.0139526315033435,153927.0,135809984.0,1894906.661226988,243.48176235696783,7256.0,89.26822662353516,0.0008241399773396,0.0486867688596248,0.0172926541417837,0.0131852496415376,0.0318209826946258,0.0380514785647392,3.277904748916626,5.072831630706787,3.020468711853028,0.4343680143356323
1213,29801,48,3,1,center,6,0.0,0.0,0.0030624063219875,0.0030624063219875,4514.0,2808011.75,8599.27293541521,60.90399651018422,1815.0,68.69004821777344,0.0025674765929579,0.0119783859699964,0.0491933897137641,0.0344496145844459,0.010044421069324,0.0135199222713708,6.216831684112549,3.313960075378418,6.278366088867188,0.7253406047821045
1213,29801,48,3,2,center,6,0.0,0.0,0.0152102718129754,0.0152102718129754,55431.0,70377472.0,1070460.478630066,156.4377034327707,4662.0,96.0049057006836,0.0020888946019113,0.0492519363760948,0.033308882266283,0.0218277648091316,0.0236985776573419,0.0186962261795997,5.5608625411987305,0.1537047326564788,5.821068286895752,0.7542546987533569
1213,29801,48,3,7,center,6,0.0,0.0,0.0139875570312142,0.0139875570312142,154022.0,135639232.0,1897261.4932700992,243.58243011979465,7259.0,89.26822662353516,0.0008241399773396,0.0486867688596248,0.0172926541417837,0.0131852496415376,0.0318209826946258,0.0380514785647392,3.277904748916626,5.072831630706787,3.020468711853028,0.4343680143356323
1213,29801,49,3,1,plus,7,0.0025,0.0025,0.0030624063219875,0.0030700720380991,4522.0,2689219.5,8256.09759126103,60.76977282641522,1811.0,68.69004821777344,0.0025674765929579,0.0119783859699964,0.0491933897137641,0.0344496145844459,0.010044421069324,0.0135199222713708,6.216831684112549,3.313960075378418,6.278366088867188,0.7253406047821045
1213,29801,49,3,2,plus,7,0.0025,0.0025,0.0152102718129754,0.0152483452111482,55404.0,71576056.0,1091416.4107404798,156.33703566994396,4659.0,96.0049057006836,0.0020888946019113,0.0492519363760948,0.033308882266283,0.0218277648091316,0.0236985776573419,0.0186962261795997,5.5608625411987305,0.1537047326564788,5.821068286895752,0.7542546987533569
1213,29801,49,3,7,plus,7,0.0025,0.0025,0.0139875570312142,0.0140225701034069,154284.0,138391376.0,1940602.771666944,243.75020972450588,7264.0,89.26822662353516,0.0008241399773396,0.0486867688596248,0.0172926541417837,0.0131852496415376,0.0318209826946258,0.0380514785647392,3.277904748916626,5.072831630706787,3.020468711853028,0.4343680143356323
1213,29801,50,3,1,plus,8,0.005,0.005,0.0030624063219875,0.0030777566134929,4484.0,2781073.5,8559.46735723503,60.90399651018422,1815.0,68.69004821777344,0.0025674765929579,0.0119783859699964,0.0491933897137641,0.0344496145844459,0.010044421069324,0.0135199222713708,6.216831684112549,3.313960075378418,6.278366088867188,0.7253406047821045
1213,29801,50,3,2,plus,8,0.005,0.005,0.0152102718129754,0.0152865136042237,55544.0,71604832.0,1094588.2384961543,156.40414751182846,4661.0,96.0049057006836,0.0020888946019113,0.0492519363760948,0.033308882266283,0.0218277648091316,0.0236985776573419,0.0186962261795997,5.5608625411987305,0.1537047326564788,5.821068286895752,0.7542546987533569
1213,29801,50,3,7,plus,8,0.005,0.005,0.0139875570312142,0.014057669788599,154447.0,137988656.0,1939798.960620582,243.95154525015937,7270.0,89.26822662353516,0.0008241399773396,0.0486867688596248,0.0172926541417837,0.0131852496415376,0.0318209826946258,0.0380514785647392,3.277904748916626,5.072831630706787,3.020468711853028,0.4343680143356323
1213,29801,51,3,1,plus,9,0.01,0.01,0.0030624063219875,0.0030931839719414,4412.0,2652470.75,8204.580009943573,61.10533203583772,1821.0,68.69004821777344,0.0025674765929579,0.0119783859699964,0.0491933897137641,0.0344496145844459,0.010044421069324,0.0135199222713708,6.216831684112549,3.313960075378418,6.278366088867188,0.7253406047821045
1213,29801,51,3,2,plus,9,0.01,0.01,0.0152102718129754,0.0153631381690502,55615.0,73357432.0,1127000.3635427058,156.5719271165397,4666.0,96.0049057006836,0.0020888946019113,0.0492519363760948,0.033308882266283,0.0218277648091316,0.0236985776573419,0.0186962261795997,5.5608625411987305,0.1537047326564788,5.821068286895752,0.7542546987533569
1213,29801,51,3,7,plus,9,0.01,0.01,0.0139875570312142,0.0141281345859169,154922.0,136294000.0,1925579.975252971,244.2535485386396,7279.0,89.26822662353516,0.0008241399773396,0.0486867688596248,0.0172926541417837,0.0131852496415376,0.0318209826946258,0.0380514785647392,3.277904748916626,5.072831630706787,3.020468711853028,0.4343680143356323
1213,29801,52,3,1,plus,10,0.02,0.02,0.0030624063219875,0.0031242710538208,4544.0,2622052.75,8192.003508416354,61.44089124526023,1831.0,68.69004821777344,0.0025674765929579,0.0119783859699964,0.0491933897137641,0.0344496145844459,0.010044421069324,0.0135199222713708,6.216831684112549,3.313960075378418,6.278366088867188,0.7253406047821045
1213,29801,52,3,2,plus,10,0.02,0.02,0.0152102718129754,0.0155175393447279,55699.0,72506496.0,1125122.4044283628,156.7061508003087,4670.0,96.0049057006836,0.0020888946019113,0.0492519363760948,0.033308882266283,0.0218277648091316,0.0236985776573419,0.0186962261795997,5.5608625411987305,0.1537047326564788,5.821068286895752,0.7542546987533569
1213,29801,52,3,7,plus,10,0.02,0.02,0.0139875570312142,0.0142701240256428,155417.0,138571504.0,1977432.5484998676,244.6226636690044,7290.0,89.26822662353516,0.0008241399773396,0.0486867688596248,0.0172926541417837,0.0131852496415376,0.0318209826946258,0.0380514785647392,3.277904748916626,5.072831630706787,3.020468711853028,0.4343680143356323
1213,29801,53,3,1,plus,11,0.05,0.05,0.0030624063219875,0.0032194191589951,4553.0,2473890.0,7964.488863246515,62.81668400389248,1872.0,68.69004821777344,0.0025674765929579,0.0119783859699964,0.0491933897137641,0.0344496145844459,0.010044421069324,0.0135199222713708,6.216831684112549,3.313960075378418,6.278366088867188,0.7253406047821045
1213,29801,53,3,2,plus,11,0.05,0.05,0.0152102718129754,0.0159901194274425,56247.0,76511232.0,1223423.7372207642,157.4443810610382,4692.0,96.0049057006836,0.0020888946019113,0.0492519363760948,0.033308882266283,0.0218277648091316,0.0236985776573419,0.0186962261795997,5.5608625411987305,0.1537047326564788,5.821068286895752,0.7542546987533569
1213,29801,53,3,7,plus,11,0.05,0.05,0.0139875570312142,0.0147047145292162,157109.0,144897936.0,2130682.784752652,245.73000906009864,7323.0,89.26822662353516,0.0008241399773396,0.0486867688596248,0.0172926541417837,0.0131852496415376,0.0318209826946258,0.0380514785647392,3.277904748916626,5.072831630706787,3.020468711853028,0.4343680143356323
1213,29801,54,3,1,plus,12,0.1,0.1,0.0030624063219875,0.0033844825811684,4474.0,2232723.75,7556.614640436019,63.99114123687124,1907.0,68.69004821777344,0.0025674765929579,0.0119783859699964,0.0491933897137641,0.0344496145844459,0.010044421069324,0.0135199222713708,6.216831684112549,3.313960075378418,6.278366088867188,0.7253406047821045
1213,29801,54,3,2,plus,12,0.1,0.1,0.0152102718129754,0.0168099515140056,56854.0,84010400.0,1412210.7506722212,158.24972316365222,4716.0,96.0049057006836,0.0020888946019113,0.0492519363760948,0.033308882266283,0.0218277648091316,0.0236985776573419,0.0186962261795997,5.5608625411987305,0.1537047326564788,5.821068286895752,0.7542546987533569
1213,29801,54,3,7,plus,12,0.1,0.1,0.0139875570312142,0.0154586415737867,159596.0,157639744.0,2436896.300279498,247.5755847119224,7378.0,89.26822662353516,0.0008241399773396,0.0486867688596248,0.0172926541417837,0.0131852496415376,0.0318209826946258,0.0380514785647392,3.277904748916626,5.072831630706787,3.020468711853028,0.4343680143356323
1213,29801,55,3,1,center_duplicate,-1,0.0,0.0,0.0030624063219875,0.0030624063219875,4514.0,2808011.75,8599.27293541521,60.90399651018422,1815.0,68.69004821777344,0.0025674765929579,0.0119783859699964,0.0491933897137641,0.0344496145844459,0.010044421069324,0.0135199222713708,6.216831684112549,3.313960075378418,6.278366088867188,0.7253406047821045
1213,29801,55,3,2,center_duplicate,-1,0.0,0.0,0.0152102718129754,0.0152102718129754,55431.0,70377472.0,1070460.478630066,156.4377034327707,4662.0,96.0049057006836,0.0020888946019113,0.0492519363760948,0.033308882266283,0.0218277648091316,0.0236985776573419,0.0186962261795997,5.5608625411987305,0.1537047326564788,5.821068286895752,0.7542546987533569
1213,29801,55,3,7,center_duplicate,-1,0.0,0.0,0.0139875570312142,0.0139875570312142,154022.0,135639232.0,1897261.4932700992,243.58243011979465,7259.0,89.26822662353516,0.0008241399773396,0.0486867688596248,0.0172926541417837,0.0131852496415376,0.0318209826946258,0.0380514785647392,3.277904748916626,5.072831630706787,3.020468711853028,0.4343680143356323
1213,29801,56,4,1,minus,0,-0.1,0.1,0.0108905816450715,0.0098542058840394,114273.0,34150088.0,336521.9981100634,246.9715781349619,7360.0,33.49873733520508,0.0002443856210447,0.0386488735675811,0.0286058206111192,0.017027685418725,0.0424789972603321,0.0291590932756662,3.127815723419189,7.227877616882324,7.630624294281006,0.9706724286079408
1213,29801,56,4,2,minus,0,-0.1,0.1,0.0116654084995388,0.0105552980676293,125406.0,126093840.0,1330958.0656919628,208.01315392100932,6199.0,38.7281608581543,0.0025844236370176,0.0295098964124918,0.0405808053910732,0.046412743628025,0.0416797697544097,0.0448324494063854,0.7273001670837402,9.898069381713867,9.137249946594238,0.9603471159934998
1213,29801,56,4,7,minus,0,-0.1,0.1,0.0098292483016848,0.008893871679902,4225.0,10147.0380859375,90.2464546674073,24.79782557632294,739.0,4.61674165725708,0.0038823534268885,0.0212451666593551,0.0269096083939075,0.0197803676128387,0.0193378403782844,0.0118202436715364,1.170051097869873,1.0662606954574585,7.525685787200928,0.8699729442596436
1213,29801,57,4,1,minus,1,-0.05,0.05,0.0108905816450715,0.0103594418615102,117665.0,38345592.0,397238.9309691936,249.9244991778799,7448.0,33.49873733520508,0.0002443856210447,0.0386488735675811,0.0286058206111192,0.017027685418725,0.0424789972603321,0.0291590932756662,3.127815723419189,7.227877616882324,7.630624294281006,0.9706724286079408
1213,29801,57,4,2,minus,1,-0.05,0.05,0.0116654084995388,0.0110964803025126,129904.0,135571552.0,1504367.0563490689,211.23452233146537,6295.0,38.7281608581543,0.0025844236370176,0.0295098964124918,0.0405808053910732,0.046412743628025,0.0416797697544097,0.0448324494063854,0.7273001670837402,9.898069381713867,9.137249946594238,0.9603471159934998
1213,29801,57,4,7,minus,1,-0.05,0.05,0.0098292483016848,0.0093498704954981,4297.0,16078.3349609375,150.33034966800642,25.80450320459045,769.0,4.61674165725708,0.0038823534268885,0.0212451666593551,0.0269096083939075,0.0197803676128387,0.0193378403782844,0.0118202436715364,1.170051097869873,1.0662606954574585,7.525685787200928,0.8699729442596436
1213,29801,58,4,1,minus,2,-0.02,0.02,0.0108905816450715,0.0106749339029192,119892.0,40354228.0,430778.716603335,251.7029629878192,7501.0,33.49873733520508,0.0002443856210447,0.0386488735675811,0.0286058206111192,0.017027685418725,0.0424789972603321,0.0291590932756662,3.127815723419189,7.227877616882324,7.630624294281006,0.9706724286079408
1213,29801,58,4,2,minus,2,-0.02,0.02,0.0116654084995388,0.0114344181492924,131954.0,143436416.0,1640111.9583798647,212.91231837857788,6345.0,38.7281608581543,0.0025844236370176,0.0295098964124918,0.0405808053910732,0.046412743628025,0.0416797697544097,0.0448324494063854,0.7273001670837402,9.898069381713867,9.137249946594238,0.9603471159934998
1213,29801,58,4,7,minus,2,-0.02,0.02,0.0098292483016848,0.0096346158534288,4533.0,21893.033203125,210.9309647784721,26.542733465319955,791.0,4.61674165725708,0.0038823534268885,0.0212451666593551,0.0269096083939075,0.0197803676128387,0.0193378403782844,0.0118202436715364,1.170051097869873,1.0662606954574585,7.525685787200928,0.8699729442596436
1213,29801,59,4,1,minus,3,-0.01,0.01,0.0108905816450715,0.0107822185382246,120423.0,40367856.0,435255.04531158507,252.07207811818392,7512.0,33.49873733520508,0.0002443856210447,0.0386488735675811,0.0286058206111192,0.017027685418725,0.0424789972603321,0.0291590932756662,3.127815723419189,7.227877616882324,7.630624294281006,0.9706724286079408
1213,29801,59,4,2,minus,3,-0.01,0.01,0.0116654084995388,0.0115493359044194,133596.0,145608944.0,1681686.604943797,213.8518841649609,6373.0,38.7281608581543,0.0025844236370176,0.0295098964124918,0.0405808053910732,0.046412743628025,0.0416797697544097,0.0448324494063854,0.7273001670837402,9.898069381713867,9.137249946594238,0.9603471159934998
1213,29801,59,4,7,minus,3,-0.01,0.01,0.0098292483016848,0.0097314454615116,4517.0,24890.62109375,242.22172167697863,26.744068990973457,797.0,4.61674165725708,0.0038823534268885,0.0212451666593551,0.0269096083939075,0.0197803676128387,0.0193378403782844,0.0118202436715364,1.170051097869873,1.0662606954574585,7.525685787200928,0.8699729442596436
1213,29801,60,4,1,minus,4,-0.005,0.005,0.0108905816450715,0.0108362641185522,120503.0,40497400.0,438840.5225146562,252.30696956477968,7519.0,33.49873733520508,0.0002443856210447,0.0386488735675811,0.0286058206111192,0.017027685418725,0.0424789972603321,0.0291590932756662,3.127815723419189,7.227877616882324,7.630624294281006,0.9706724286079408
1213,29801,60,4,2,minus,4,-0.005,0.005,0.0116654084995388,0.0116072269156575,133677.0,147875056.0,1716419.330157563,214.01966376967212,6378.0,38.7281608581543,0.0025844236370176,0.0295098964124918,0.0405808053910732,0.046412743628025,0.0416797697544097,0.0448324494063854,0.7273001670837402,9.898069381713867,9.137249946594238,0.9603471159934998
1213,29801,60,4,7,minus,4,-0.005,0.005,0.0098292483016848,0.0097802244126796,4542.0,23339.43359375,228.2648982117098,26.84473675380021,800.0,4.61674165725708,0.0038823534268885,0.0212451666593551,0.0269096083939075,0.0197803676128387,0.0193378403782844,0.0118202436715364,1.170051097869873,1.0662606954574585,7.525685787200928,0.8699729442596436
1213,29801,61,4,1,minus,5,-0.0025,0.0025,0.0108905816450715,0.0108633888885378,120570.0,40772948.0,442932.3902561329,252.34052548572197,7520.0,33.49873733520508,0.0002443856210447,0.0386488735675811,0.0286058206111192,0.017027685418725,0.0424789972603321,0.0291590932756662,3.127815723419189,7.227877616882324,7.630624294281006,0.9706724286079408
1213,29801,61,4,2,minus,5,-0.0025,0.0025,0.0116654084995388,0.0116362813860178,133820.0,148373376.0,1726514.35332942,214.1874433743834,6383.0,38.7281608581543,0.0025844236370176,0.0295098964124918,0.0405808053910732,0.046412743628025,0.0416797697544097,0.0448324494063854,0.7273001670837402,9.898069381713867,9.137249946594238,0.9603471159934998
1213,29801,61,4,7,minus,5,-0.0025,0.0025,0.0098292483016848,0.0098047060891985,4509.0,24280.349609375,238.06169166290965,26.81118083285796,799.0,4.61674165725708,0.0038823534268885,0.0212451666593551,0.0269096083939075,0.0197803676128387,0.0193378403782844,0.0118202436715364,1.170051097869873,1.0662606954574585,7.525685787200928,0.8699729442596436
1213,29801,62,4,1,center,6,0.0,0.0,0.0108905816450715,0.0108905816450715,120820.0,41058340.0,447149.2039811053,252.54186101137543,7526.0,33.49873733520508,0.0002443856210447,0.0386488735675811,0.0286058206111192,0.017027685418725,0.0424789972603321,0.0291590932756662,3.127815723419189,7.227877616882324,7.630624294281006,0.9706724286079408
1213,29801,62,4,2,center,6,0.0,0.0,0.0116654084995388,0.0116654084995388,134027.0,148199616.0,1728809.060114801,214.35522297909463,6388.0,38.7281608581543,0.0025844236370176,0.0295098964124918,0.0405808053910732,0.046412743628025,0.0416797697544097,0.0448324494063854,0.7273001670837402,9.898069381713867,9.137249946594238,0.9603471159934998
1213,29801,62,4,7,center,6,0.0,0.0,0.0098292483016848,0.0098292483016848,4520.0,23811.013671875,234.04436569567224,26.777624911915705,798.0,4.61674165725708,0.0038823534268885,0.0212451666593551,0.0269096083939075,0.0197803676128387,0.0193378403782844,0.0118202436715364,1.170051097869873,1.0662606954574585,7.525685787200928,0.8699729442596436
1213,29801,63,4,1,plus,7,0.0025,0.0025,0.0108905816450715,0.010917842388153,121142.0,40833796.0,445816.94883799553,252.74319653702892,7532.0,33.49873733520508,0.0002443856210447,0.0386488735675811,0.0286058206111192,0.017027685418725,0.0424789972603321,0.0291590932756662,3.127815723419189,7.227877616882324,7.630624294281006,0.9706724286079408
1213,29801,63,4,2,plus,7,0.0025,0.0025,0.0116654084995388,0.0116946091875433,134133.0,148228896.0,1733479.009021014,214.4223348209792,6390.0,38.7281608581543,0.0025844236370176,0.0295098964124918,0.0405808053910732,0.046412743628025,0.0416797697544097,0.0448324494063854,0.7273001670837402,9.898069381713867,9.137249946594238,0.9603471159934998
1213,29801,63,4,7,plus,7,0.0025,0.0025,0.0098292483016848,0.0098538529127836,4488.0,23368.564453125,230.2703969039976,26.84473675380021,800.0,4.61674165725708,0.0038823534268885,0.0212451666593551,0.0269096083939075,0.0197803676128387,0.0193378403782844,0.0118202436715364,1.170051097869873,1.0662606954574585,7.525685787200928,0.8699729442596436
1213,29801,64,4,1,plus,8,0.005,0.005,0.0108905816450715,0.0109451711177825,121233.0,41063896.0,449451.36848282814,252.9109761417402,7537.0,33.49873733520508,0.0002443856210447,0.0386488735675811,0.0286058206111192,0.017027685418725,0.0424789972603321,0.0291590932756662,3.127815723419189,7.227877616882324,7.630624294281006,0.9706724286079408
1213,29801,64,4,2,plus,8,0.005,0.005,0.0116654084995388,0.0117238815873861,134738.0,148515184.0,1741174.4311448634,214.5901144256904,6395.0,38.7281608581543,0.0025844236370176,0.0295098964124918,0.0405808053910732,0.046412743628025,0.0416797697544097,0.0448324494063854,0.7273001670837402,9.898069381713867,9.137249946594238,0.9603471159934998
1213,29801,64,4,7,plus,8,0.005,0.005,0.0098292483016848,0.0098785171285271,4530.0,22191.642578125,219.2205213181605,26.911848595684702,802.0,4.61674165725708,0.0038823534268885,0.0212451666593551,0.0269096083939075,0.0197803676128387,0.0193378403782844,0.0118202436715364,1.170051097869873,1.0662606954574585,7.525685787200928,0.8699729442596436
1213,29801,65,4,1,plus,9,0.01,0.01,0.0108905816450715,0.011000033468008,121750.0,40610032.0,446711.7111368776,253.2465353511627,7547.0,33.49873733520508,0.0002443856210447,0.0386488735675811,0.0286058206111192,0.017027685418725,0.0424789972603321,0.0291590932756662,3.127815723419189,7.227877616882324,7.630624294281006,0.9706724286079408
1213,29801,65,4,2,plus,9,0.01,0.01,0.0116654084995388,0.0117826480418443,134798.0,149638480.0,1763137.5433565676,214.7914499513439,6401.0,38.7281608581543,0.0025844236370176,0.0295098964124918,0.0405808053910732,0.046412743628025,0.0416797697544097,0.0448324494063854,0.7273001670837402,9.898069381713867,9.137249946594238,0.9603471159934998
1213,29801,65,4,7,plus,9,0.01,0.01,0.0098292483016848,0.0099280336871743,4570.0,22319.44140625,221.58816616016335,27.046072279453707,806.0,4.61674165725708,0.0038823534268885,0.0212451666593551,0.0269096083939075,0.0197803676128387,0.0193378403782844,0.0118202436715364,1.170051097869873,1.0662606954574585,7.525685787200928,0.8699729442596436
1213,29801,66,4,1,plus,10,0.02,0.02,0.0108905816450715,0.0111105861142277,122297.0,41384252.0,459803.2956189029,253.7498741652965,7562.0,33.49873733520508,0.0002443856210447,0.0386488735675811,0.0286058206111192,0.017027685418725,0.0424789972603321,0.0291590932756662,3.127815723419189,7.227877616882324,7.630624294281006,0.9706724286079408
1213,29801,66,4,2,plus,10,0.02,0.02,0.0116654084995388,0.0119010647758841,135603.0,154046320.0,1833315.2328065785,215.42901244924664,6420.0,38.7281608581543,0.0025844236370176,0.0295098964124918,0.0405808053910732,0.046412743628025,0.0416797697544097,0.0448324494063854,0.7273001670837402,9.898069381713867,9.137249946594238,0.9603471159934998
1213,29801,66,4,7,plus,10,0.02,0.02,0.0098292483016848,0.0100278118625283,4584.0,24666.37890625,247.34980700171215,27.38163148887621,816.0,4.61674165725708,0.0038823534268885,0.0212451666593551,0.0269096083939075,0.0197803676128387,0.0193378403782844,0.0118202436715364,1.170051097869873,1.0662606954574585,7.525685787200928,0.8699729442596436
1213,29801,67,4,1,plus,11,0.05,0.05,0.0108905816450715,0.0114489533007144,123555.0,42575988.0,487450.49834378064,255.024999161102,7600.0,33.49873733520508,0.0002443856210447,0.0386488735675811,0.0286058206111192,0.017027685418725,0.0424789972603321,0.0291590932756662,3.127815723419189,7.227877616882324,7.630624294281006,0.9706724286079408
1213,29801,67,4,2,plus,11,0.05,0.05,0.0116654084995388,0.0122635066509246,137487.0,160385280.0,1966885.9479904172,216.70413744505217,6458.0,38.7281608581543,0.0025844236370176,0.0295098964124918,0.0405808053910732,0.046412743628025,0.0416797697544097,0.0448324494063854,0.7273001670837402,9.898069381713867,9.137249946594238,0.9603471159934998
1213,29801,67,4,7,plus,11,0.05,0.05,0.0098292483016848,0.0103332046419382,4525.0,26109.751953125,269.7974100818865,27.817858461125464,829.0,4.61674165725708,0.0038823534268885,0.0212451666593551,0.0269096083939075,0.0197803676128387,0.0193378403782844,0.0118202436715364,1.170051097869873,1.0662606954574585,7.525685787200928,0.8699729442596436
1213,29801,68,4,1,plus,12,0.1,0.1,0.0108905816450715,0.0120359547436237,126133.0,47347672.0,569874.4374079406,257.3739136270595,7670.0,33.49873733520508,0.0002443856210447,0.0386488735675811,0.0286058206111192,0.017027685418725,0.0424789972603321,0.0291590932756662,3.127815723419189,7.227877616882324,7.630624294281006,0.9706724286079408
1213,29801,68,4,2,plus,12,0.1,0.1,0.0116654084995388,0.0128922704607248,142695.0,177074112.0,2282887.3434966803,219.9926176973927,6556.0,38.7281608581543,0.0025844236370176,0.0295098964124918,0.0405808053910732,0.046412743628025,0.0416797697544097,0.0448324494063854,0.7273001670837402,9.898069381713867,9.137249946594238,0.9603471159934998
1213,29801,68,4,7,plus,12,0.1,0.1,0.0098292483016848,0.0108629995957016,4804.0,28906.185546875,314.0078819089813,28.925203852219724,862.0,4.61674165725708,0.0038823534268885,0.0212451666593551,0.0269096083939075,0.0197803676128387,0.0193378403782844,0.0118202436715364,1.170051097869873,1.0662606954574585,7.525685787200928,0.8699729442596436
1213,29801,69,4,1,center_duplicate,-1,0.0,0.0,0.0108905816450715,0.0108905816450715,120820.0,41058340.0,447149.2039811053,252.54186101137543,7526.0,33.49873733520508,0.0002443856210447,0.0386488735675811,0.0286058206111192,0.017027685418725,0.0424789972603321,0.0291590932756662,3.127815723419189,7.227877616882324,7.630624294281006,0.9706724286079408
1213,29801,69,4,2,center_duplicate,-1,0.0,0.0,0.0116654084995388,0.0116654084995388,134027.0,148199616.0,1728809.060114801,214.35522297909463,6388.0,38.7281608581543,0.0025844236370176,0.0295098964124918,0.0405808053910732,0.046412743628025,0.0416797697544097,0.0448324494063854,0.7273001670837402,9.898069381713867,9.137249946594238,0.9603471159934998
1213,29801,69,4,7,center_duplicate,-1,0.0,0.0,0.0098292483016848,0.0098292483016848,4520.0,23811.013671875,234.04436569567224,26.777624911915705,798.0,4.61674165725708,0.0038823534268885,0.0212451666593551,0.0269096083939075,0.0197803676128387,0.0193378403782844,0.0118202436715364,1.170051097869873,1.0662606954574585,7.525685787200928,0.8699729442596436
1213,29801,70,5,1,minus,0,-0.1,0.1,0.0129776550456881,0.0117426682263612,7167.0,1214467.125,14261.084520697828,88.92319049696319,2650.0,24.337238311767575,0.0024092399980872,0.0323095433413982,0.0223913118243217,0.0126002123579382,0.0246993713080883,0.0182983670383691,7.951542377471924,8.247520446777344,4.818588733673096,0.2670776546001434
1213,29801,70,5,2,minus,0,-0.1,0.1,0.0048190923407673,0.0043604951351881,5896.0,1095949.75,4778.883553285617,58.1524109929197,1733.0,31.63585090637207,0.0015944018959999,0.017833586782217,0.0103708188980817,0.0133877424523234,0.0142292836681008,0.0478997603058815,6.824490547180176,1.2873531579971311,2.1796975135803223,0.67423015832901
1213,29801,70,5,7,minus,0,-0.1,0.1,0.0127071822062134,0.0114979343488812,68934.0,12387786.0,142433.9501559902,165.22935471964027,4924.0,26.436113357543945,0.0015469755744561,0.037771038711071,0.0138946194201707,0.0293865650892257,0.0210106670856475,0.0406164526939392,2.290356397628784,4.109940528869629,6.244213104248047,0.661459743976593
1213,29801,71,5,1,minus,1,-0.05,0.05,0.0129776550456881,0.0123447272926568,7420.0,1286438.0,15880.726288910955,90.03053588805744,2683.0,24.337238311767575,0.0024092399980872,0.0323095433413982,0.0223913118243217,0.0126002123579382,0.0246993713080883,0.0182983670383691,7.951542377471924,8.247520446777344,4.818588733673096,0.2670776546001434
1213,29801,71,5,2,minus,1,-0.05,0.05,0.0048190923407673,0.0045840623788535,6123.0,1112524.75,5099.882852018462,59.058420858360456,1760.0,31.63585090637207,0.0015944018959999,0.017833586782217,0.0103708188980817,0.0133877424523234,0.0142292836681008,0.0478997603058815,6.824490547180176,1.2873531579971311,2.1796975135803223,0.67423015832901
1213,29801,71,5,7,minus,1,-0.05,0.05,0.0127071822062134,0.012087445706129,71224.0,13805702.0,166875.67335999757,167.8467165531358,5002.0,26.436113357543945,0.0015469755744561,0.037771038711071,0.0138946194201707,0.0293865650892257,0.0210106670856475,0.0406164526939392,2.290356397628784,4.109940528869629,6.244213104248047,0.661459743976593
1213,29801,72,5,1,minus,2,-0.02,0.02,0.0129776550456881,0.0127206807956099,7355.0,1423883.875,18112.77226389118,90.6009865440757,2700.0,24.337238311767575,0.0024092399980872,0.0323095433413982,0.0223913118243217,0.0126002123579382,0.0246993713080883,0.0182983670383691,7.951542377471924,8.247520446777344,4.818588733673096,0.2670776546001434
1213,29801,72,5,2,minus,2,-0.02,0.02,0.0048190923407673,0.0047236680984497,6328.0,1149659.375,5430.609313771129,59.96443072380121,1787.0,31.63585090637207,0.0015944018959999,0.017833586782217,0.0103708188980817,0.0133877424523234,0.0142292836681008,0.0478997603058815,6.824490547180176,1.2873531579971311,2.1796975135803223,0.67423015832901
1213,29801,72,5,7,minus,2,-0.02,0.02,0.0127071822062134,0.0124555630609393,72887.0,14339264.0,178603.60699945688,169.55806852119056,5053.0,26.436113357543945,0.0015469755744561,0.037771038711071,0.0138946194201707,0.0293865650892257,0.0210106670856475,0.0406164526939392,2.290356397628784,4.109940528869629,6.244213104248047,0.661459743976593
1213,29801,73,5,1,minus,3,-0.01,0.01,0.0129776550456881,0.0128485253080725,7528.0,1299336.75,16694.561116083758,90.83587799067143,2707.0,24.337238311767575,0.0024092399980872,0.0323095433413982,0.0223913118243217,0.0126002123579382,0.0246993713080883,0.0182983670383691,7.951542377471924,8.247520446777344,4.818588733673096,0.2670776546001434
1213,29801,73,5,2,minus,3,-0.01,0.01,0.0048190923407673,0.0047711418010294,6438.0,1233215.125,5883.844232549251,60.29998993322371,1797.0,31.63585090637207,0.0015944018959999,0.017833586782217,0.0103708188980817,0.0133877424523234,0.0142292836681008,0.0478997603058815,6.824490547180176,1.2873531579971311,2.1796975135803223,0.67423015832901
1213,29801,73,5,7,minus,3,-0.01,0.01,0.0127071822062134,0.0125807439908385,73533.0,14406977.0,181250.48931889888,170.32985470286232,5076.0,26.436113357543945,0.0015469755744561,0.037771038711071,0.0138946194201707,0.0293865650892257,0.0210106670856475,0.0406164526939392,2.290356397628784,4.109940528869629,6.244213104248047,0.661459743976593
1213,29801,74,5,1,minus,4,-0.005,0.005,0.0129776550456881,0.0129129281267523,7453.0,1276763.25,16486.752082128776,90.9365457534982,2710.0,24.337238311767575,0.0024092399980872,0.0323095433413982,0.0223913118243217,0.0126002123579382,0.0246993713080883,0.0182983670383691,7.951542377471924,8.247520446777344,4.818588733673096,0.2670776546001434
1213,29801,74,5,2,minus,4,-0.005,0.005,0.0048190923407673,0.0047950567677617,6487.0,1303213.125,6248.980914867134,60.40065769605047,1800.0,31.63585090637207,0.0015944018959999,0.017833586782217,0.0103708188980817,0.0133877424523234,0.0142292836681008,0.0478997603058815,6.824490547180176,1.2873531579971311,2.1796975135803223,0.67423015832901
1213,29801,74,5,7,minus,4,-0.005,0.005,0.0127071822062134,0.0126438047736883,73788.0,14843071.0,187672.8919659946,170.63185799134257,5085.0,26.436113357543945,0.0015469755744561,0.037771038711071,0.0138946194201707,0.0293865650892257,0.0210106670856475,0.0406164526939392,2.290356397628784,4.109940528869629,6.244213104248047,0.661459743976593
1213,29801,75,5,1,minus,5,-0.0025,0.0025,0.0129776550456881,0.0129452515393495,7471.0,1362915.125,17643.279119909042,90.9365457534982,2710.0,24.337238311767575,0.0024092399980872,0.0323095433413982,0.0223913118243217,0.0126002123579382,0.0246993713080883,0.0182983670383691,7.951542377471924,8.247520446777344,4.818588733673096,0.2670776546001434
1213,29801,75,5,2,minus,5,-0.0025,0.0025,0.0048190923407673,0.0048070596531033,6472.0,1277507.25,6141.053558022017,60.36710177510821,1799.0,31.63585090637207,0.0015944018959999,0.017833586782217,0.0103708188980817,0.0133877424523234,0.0142292836681008,0.0478997603058815,6.824490547180176,1.2873531579971311,2.1796975135803223,0.67423015832901
1213,29801,75,5,7,minus,5,-0.0025,0.0025,0.0127071822062134,0.0126754539087414,74183.0,14726915.0,186670.33230045345,171.00097312170732,5096.0,26.436113357543945,0.0015469755744561,0.037771038711071,0.0138946194201707,0.0293865650892257,0.0210106670856475,0.0406164526939392,2.290356397628784,4.109940528869629,6.244213104248047,0.661459743976593
1213,29801,76,5,1,center,6,0.0,0.0,0.0129776550456881,0.0129776550456881,7429.0,1331833.375,17284.07411908463,91.0707694372672,2714.0,24.337238311767575,0.0024092399980872,0.0323095433413982,0.0223913118243217,0.0126002123579382,0.0246993713080883,0.0182983670383691,7.951542377471924,8.247520446777344,4.818588733673096,0.2670776546001434
1213,29801,76,5,2,center,6,0.0,0.0,0.0048190923407673,0.0048190923407673,6445.0,1253608.375,6041.254518284346,60.53488137981947,1804.0,31.63585090637207,0.0015944018959999,0.017833586782217,0.0103708188980817,0.0133877424523234,0.0142292836681008,0.0478997603058815,6.824490547180176,1.2873531579971311,2.1796975135803223,0.67423015832901
1213,29801,76,5,7,center,6,0.0,0.0,0.0127071822062134,0.0127071822062134,74133.0,14699202.0,186785.4380999375,170.93386127982282,5094.0,26.436113357543945,0.0015469755744561,0.037771038711071,0.0138946194201707,0.0293865650892257,0.0210106670856475,0.0406164526939392,2.290356397628784,4.109940528869629,6.244213104248047,0.661459743976593
1213,29801,77,5,1,plus,7,0.0025,0.0025,0.0129776550456881,0.0130101405084133,7435.0,1395618.125,18157.187902338337,91.0707694372672,2714.0,24.337238311767575,0.0024092399980872,0.0323095433413982,0.0223913118243217,0.0126002123579382,0.0246993713080883,0.0182983670383691,7.951542377471924,8.247520446777344,4.818588733673096,0.2670776546001434
1213,29801,77,5,2,plus,7,0.0025,0.0025,0.0048190923407673,0.004831155296415,6484.0,1247356.625,6026.173565387202,60.56843730076172,1805.0,31.63585090637207,0.0015944018959999,0.017833586782217,0.0103708188980817,0.0133877424523234,0.0142292836681008,0.0478997603058815,6.824490547180176,1.2873531579971311,2.1796975135803223,0.67423015832901
1213,29801,77,5,7,plus,7,0.0025,0.0025,0.0127071822062134,0.0127389905974268,74435.0,14759263.0,188018.1125819506,171.23586456830307,5103.0,26.436113357543945,0.0015469755744561,0.037771038711071,0.0138946194201707,0.0293865650892257,0.0210106670856475,0.0406164526939392,2.290356397628784,4.109940528869629,6.244213104248047,0.661459743976593
1213,29801,78,5,1,plus,8,0.005,0.005,0.0129776550456881,0.0130427060648798,7486.0,1409810.875,18387.74884969613,91.37277272574744,2723.0,24.337238311767575,0.0024092399980872,0.0323095433413982,0.0223913118243217,0.0126002123579382,0.0246993713080883,0.0182983670383691,7.951542377471924,8.247520446777344,4.818588733673096,0.2670776546001434
1213,29801,78,5,2,plus,8,0.005,0.005,0.0048190923407673,0.0048432480543851,6490.0,1253570.375,6071.352279753657,60.56843730076172,1805.0,31.63585090637207,0.0015944018959999,0.017833586782217,0.0103708188980817,0.0133877424523234,0.0142292836681008,0.0478997603058815,6.824490547180176,1.2873531579971311,2.1796975135803223,0.67423015832901
1213,29801,78,5,7,plus,8,0.005,0.005,0.0127071822062134,0.0127708772197365,74622.0,14914142.0,190466.6763197165,171.40364417301433,5108.0,26.436113357543945,0.0015469755744561,0.037771038711071,0.0138946194201707,0.0293865650892257,0.0210106670856475,0.0406164526939392,2.290356397628784,4.109940528869629,6.244213104248047,0.661459743976593
1213,29801,79,5,1,plus,9,0.01,0.01,0.0129776550456881,0.0131080830469727,7530.0,1444583.125,18935.71557075542,91.37277272574744,2723.0,24.337238311767575,0.0024092399980872,0.0323095433413982,0.0223913118243217,0.0126002123579382,0.0246993713080883,0.0182983670383691,7.951542377471924,8.247520446777344,4.818588733673096,0.2670776546001434
1213,29801,79,5,2,plus,9,0.01,0.01,0.0048190923407673,0.0048675253055989,6556.0,1320381.5,6426.990364294732,60.63554914264622,1807.0,31.63585090637207,0.0015944018959999,0.017833586782217,0.0103708188980817,0.0133877424523234,0.0142292836681008,0.0478997603058815,6.824490547180176,1.2873531579971311,2.1796975135803223,0.67423015832901
1213,29801,79,5,7,plus,9,0.01,0.01,0.0127071822062134,0.0128348916769027,75088.0,15116415.0,194017.5490681082,171.87342706620583,5122.0,26.436113357543945,0.0015469755744561,0.037771038711071,0.0138946194201707,0.0293865650892257,0.0210106670856475,0.0406164526939392,2.290356397628784,4.109940528869629,6.244213104248047,0.661459743976593
1213,29801,80,5,1,plus,10,0.02,0.02,0.0129776550456881,0.0132398204877972,7631.0,1471607.5,19483.819128496107,91.6747760142277,2732.0,24.337238311767575,0.0024092399980872,0.0323095433413982,0.0223913118243217,0.0126002123579382,0.0246993713080883,0.0182983670383691,7.951542377471924,8.247520446777344,4.818588733673096,0.2670776546001434
1213,29801,80,5,2,plus,10,0.02,0.02,0.0048190923407673,0.0049164444208145,6641.0,1311674.75,6448.776006560773,60.83688466829972,1813.0,31.63585090637207,0.0015944018959999,0.017833586782217,0.0103708188980817,0.0133877424523234,0.0142292836681008,0.0478997603058815,6.824490547180176,1.2873531579971311,2.1796975135803223,0.67423015832901
1213,29801,80,5,7,plus,10,0.02,0.02,0.0127071822062134,0.0129638845100998,75632.0,15754716.0,204242.3187134229,172.47743364316634,5140.0,26.436113357543945,0.0015469755744561,0.037771038711071,0.0138946194201707,0.0293865650892257,0.0210106670856475,0.0406164526939392,2.290356397628784,4.109940528869629,6.244213104248047,0.661459743976593
1213,29801,81,5,1,plus,11,0.05,0.05,0.0129776550456881,0.0136430338025093,7840.0,1512810.25,20639.32137753256,92.51367403778396,2757.0,24.337238311767575,0.0024092399980872,0.0323095433413982,0.0223913118243217,0.0126002123579382,0.0246993713080883,0.0182983670383691,7.951542377471924,8.247520446777344,4.818588733673096,0.2670776546001434
1213,29801,81,5,2,plus,11,0.05,0.05,0.0048190923407673,0.0050661722198128,6883.0,1313897.375,6656.430380910053,61.97778598033623,1847.0,31.63585090637207,0.0015944018959999,0.017833586782217,0.0103708188980817,0.0133877424523234,0.0142292836681008,0.0478997603058815,6.824490547180176,1.2873531579971311,2.1796975135803223,0.67423015832901
1213,29801,81,5,7,plus,11,0.05,0.05,0.0127071822062134,0.0133586935698986,77014.0,17096114.0,228381.74816205355,173.95389416462532,5184.0,26.436113357543945,0.0015469755744561,0.037771038711071,0.0138946194201707,0.0293865650892257,0.0210106670856475,0.0406164526939392,2.290356397628784,4.109940528869629,6.244213104248047,0.661459743976593
1213,29801,82,5,1,plus,12,0.1,0.1,0.0129776550456881,0.0143425278365612,8093.0,1631000.0,23392.66290143132,93.6210194288782,2790.0,24.337238311767575,0.0024092399980872,0.0323095433413982,0.0223913118243217,0.0126002123579382,0.0246993713080883,0.0182983670383691,7.951542377471924,8.247520446777344,4.818588733673096,0.2670776546001434
1213,29801,82,5,2,plus,12,0.1,0.1,0.0048190923407673,0.0053259208798408,7047.0,1392458.875,7416.125796682201,63.085131371430485,1880.0,31.63585090637207,0.0015944018959999,0.017833586782217,0.0103708188980817,0.0133877424523234,0.0142292836681008,0.0478997603058815,6.824490547180176,1.2873531579971311,2.1796975135803223,0.67423015832901
1213,29801,82,5,7,plus,12,0.1,0.1,0.0127071822062134,0.0140436086803674,79617.0,17688800.0,248414.5852252841,177.3430421797926,5285.0,26.436113357543945,0.0015469755744561,0.037771038711071,0.0138946194201707,0.0293865650892257,0.0210106670856475,0.0406164526939392,2.290356397628784,4.109940528869629,6.244213104248047,0.661459743976593
1213,29801,83,5,1,center_duplicate,-1,0.0,0.0,0.0129776550456881,0.0129776550456881,7429.0,1331833.375,17284.07411908463,91.0707694372672,2714.0,24.337238311767575,0.0024092399980872,0.0323095433413982,0.0223913118243217,0.0126002123579382,0.0246993713080883,0.0182983670383691,7.951542377471924,8.247520446777344,4.818588733673096,0.2670776546001434
1213,29801,83,5,2,center_duplicate,-1,0.0,0.0,0.0048190923407673,0.0048190923407673,6445.0,1253608.375,6041.254518284346,60.53488137981947,1804.0,31.63585090637207,0.0015944018959999,0.017833586782217,0.0103708188980817,0.0133877424523234,0.0142292836681008,0.0478997603058815,6.824490547180176,1.2873531579971311,2.1796975135803223,0.67423015832901
1213,29801,83,5,7,center_duplicate,-1,0.0,0.0,0.0127071822062134,0.0127071822062134,74133.0,14699202.0,186785.4380999375,170.93386127982282,5094.0,26.436113357543945,0.0015469755744561,0.037771038711071,0.0138946194201707,0.0293865650892257,0.0210106670856475,0.0406164526939392,2.290356397628784,4.109940528869629,6.244213104248047,0.661459743976593
1213,29801,84,6,1,minus,0,-0.1,0.1,0.0181871354579925,0.0164564009755849,8296.0,18018598.0,296521.27370587364,83.72202275091439,2495.0,96.47991180419922,0.0048798769712448,0.024111283943057,0.0158774796873331,0.0440637469291687,0.0474523864686489,0.024348696693778,1.714741349220276,2.418577194213867,1.9084950685501096,0.6177399754524231
1213,29801,84,6,2,minus,0,-0.1,0.1,0.0160542204976081,0.0145264593884348,19290.0,52544540.0,763286.1263939925,99.89597664507902,2977.0,71.22661590576172,0.0039985030889511,0.0333226099610328,0.0489875711500644,0.01973164267838,0.01786351762712,0.0135439438745379,8.574448585510254,3.511550188064575,4.462161540985107,0.4764463901519775
1213,29801,84,6,7,minus,0,-0.1,0.1,0.0183411631733179,0.016595771536231,29722.0,7522441.5,124840.72052866314,108.05006543404583,3220.0,18.03076934814453,0.0031880333553999,0.013988914899528,0.0495886579155921,0.0488165244460105,0.0375402271747589,0.029685191810131,5.470731735229492,2.148503541946411,4.848639011383057,0.7454955577850342
1213,29801,85,6,1,minus,1,-0.05,0.05,0.0181871354579925,0.0173001382499933,8394.0,20398568.0,352898.0465018898,84.2589174859904,2511.0,96.47991180419922,0.0048798769712448,0.024111283943057,0.0158774796873331,0.0440637469291687,0.0474523864686489,0.024348696693778,1.714741349220276,2.418577194213867,1.9084950685501096,0.6177399754524231
1213,29801,85,6,2,minus,1,-0.05,0.05,0.0160542204976081,0.0152712473645806,19458.0,59183956.0,903812.832090456,100.36575953827052,2991.0,71.22661590576172,0.0039985030889511,0.0333226099610328,0.0489875711500644,0.01973164267838,0.01786351762712,0.0135439438745379,8.574448585510254,3.511550188064575,4.462161540985107,0.4764463901519775
1213,29801,85,6,7,minus,1,-0.05,0.05,0.0183411631733179,0.0174466539174318,30363.0,8270627.0,144294.76694916748,109.42585819267808,3261.0,18.03076934814453,0.0031880333553999,0.013988914899528,0.0495886579155921,0.0488165244460105,0.0375402271747589,0.029685191810131,5.470731735229492,2.148503541946411,4.848639011383057,0.7454955577850342
1213,29801,86,6,1,minus,2,-0.02,0.02,0.0181871354579925,0.0178270060569047,8830.0,21229242.0,378453.8257174976,84.4602530116439,2517.0,96.47991180419922,0.0048798769712448,0.024111283943057,0.0158774796873331,0.0440637469291687,0.0474523864686489,0.024348696693778,1.714741349220276,2.418577194213867,1.9084950685501096,0.6177399754524231
1213,29801,86,6,2,minus,2,-0.02,0.02,0.0160542204976081,0.0157363265752792,19489.0,65064712.0,1023879.5565584898,100.53353914298177,2996.0,71.22661590576172,0.0039985030889511,0.0333226099610328,0.0489875711500644,0.01973164267838,0.01786351762712,0.0135439438745379,8.574448585510254,3.511550188064575,4.462161540985107,0.4764463901519775
1213,29801,86,6,7,minus,2,-0.02,0.02,0.0183411631733179,0.0179779846221208,31120.0,8394059.0,150908.26361917518,110.73453910942584,3300.0,18.03076934814453,0.0031880333553999,0.013988914899528,0.0495886579155921,0.0488165244460105,0.0375402271747589,0.029685191810131,5.470731735229492,2.148503541946411,4.848639011383057,0.7454955577850342
1213,29801,87,6,1,minus,3,-0.01,0.01,0.0181871354579925,0.018006170168519,8982.0,21175396.0,381287.783761777,84.62803261635516,2522.0,96.47991180419922,0.0048798769712448,0.024111283943057,0.0158774796873331,0.0440637469291687,0.0474523864686489,0.024348696693778,1.714741349220276,2.418577194213867,1.9084950685501096,0.6177399754524231
1213,29801,87,6,2,minus,3,-0.01,0.01,0.0160542204976081,0.0158944781869649,19673.0,66998416.0,1064904.861673206,100.93621019428878,3008.0,71.22661590576172,0.0039985030889511,0.0333226099610328,0.0489875711500644,0.01973164267838,0.01786351762712,0.0135439438745379,8.574448585510254,3.511550188064575,4.462161540985107,0.4764463901519775
1213,29801,87,6,7,minus,3,-0.01,0.01,0.0183411631733179,0.0181586649268865,31237.0,8671094.0,157455.49049553648,110.9694305560216,3307.0,18.03076934814453,0.0031880333553999,0.013988914899528,0.0495886579155921,0.0488165244460105,0.0375402271747589,0.029685191810131,5.470731735229492,2.148503541946411,4.848639011383057,0.7454955577850342
1213,29801,88,6,1,minus,4,-0.005,0.005,0.0181871354579925,0.0180964265018701,8945.0,21316528.0,385752.9822270572,84.82936814200865,2528.0,96.47991180419922,0.0048798769712448,0.024111283943057,0.0158774796873331,0.0440637469291687,0.0474523864686489,0.024348696693778,1.714741349220276,2.418577194213867,1.9084950685501096,0.6177399754524231
1213,29801,88,6,2,minus,4,-0.005,0.005,0.0160542204976081,0.015974149107933,19624.0,68346680.0,1091780.0573521852,100.90265427334651,3007.0,71.22661590576172,0.0039985030889511,0.0333226099610328,0.0489875711500644,0.01973164267838,0.01786351762712,0.0135439438745379,8.574448585510254,3.511550188064575,4.462161540985107,0.4764463901519775
1213,29801,88,6,7,minus,4,-0.005,0.005,0.0183411631733179,0.018249686807394,31198.0,8765811.0,159973.30536280945,111.00298647696386,3308.0,18.03076934814453,0.0031880333553999,0.013988914899528,0.0495886579155921,0.0488165244460105,0.0375402271747589,0.029685191810131,5.470731735229492,2.148503541946411,4.848639011383057,0.7454955577850342
1213,29801,89,6,1,minus,5,-0.0025,0.0025,0.0181871354579925,0.0181417241692543,9045.0,21665004.0,393040.5266937912,84.7958122210664,2527.0,96.47991180419922,0.0048798769712448,0.024111283943057,0.0158774796873331,0.0440637469291687,0.0474523864686489,0.024348696693778,1.714741349220276,2.418577194213867,1.9084950685501096,0.6177399754524231
1213,29801,89,6,2,minus,5,-0.0025,0.0025,0.0160542204976081,0.0160141345113515,19687.0,69481848.0,1112691.6599692851,100.93621019428878,3008.0,71.22661590576172,0.0039985030889511,0.0333226099610328,0.0489875711500644,0.01973164267838,0.01786351762712,0.0135439438745379,8.574448585510254,3.511550188064575,4.462161540985107,0.4764463901519775
1213,29801,89,6,7,minus,5,-0.0025,0.0025,0.0183411631733179,0.0182953663170337,31186.0,8719979.0,159535.2100818418,111.13721016073283,3312.0,18.03076934814453,0.0031880333553999,0.013988914899528,0.0495886579155921,0.0488165244460105,0.0375402271747589,0.029685191810131,5.470731735229492,2.148503541946411,4.848639011383057,0.7454955577850342
1213,29801,90,6,1,center,6,0.0,0.0,0.0181871354579925,0.0181871354579925,9084.0,21487792.0,390801.38379716873,84.82936814200865,2528.0,96.47991180419922,0.0048798769712448,0.024111283943057,0.0158774796873331,0.0440637469291687,0.0474523864686489,0.024348696693778,1.714741349220276,2.418577194213867,1.9084950685501096,0.6177399754524231
1213,29801,90,6,2,center,6,0.0,0.0,0.0160542204976081,0.0160542204976081,19750.0,69546992.0,1116522.7445133924,101.10398979900005,3013.0,71.22661590576172,0.0039985030889511,0.0333226099610328,0.0489875711500644,0.01973164267838,0.01786351762712,0.0135439438745379,8.574448585510254,3.511550188064575,4.462161540985107,0.4764463901519775
1213,29801,90,6,7,center,6,0.0,0.0,0.0183411631733179,0.0183411631733179,31311.0,8548881.0,156796.42137027718,111.3049897654441,3317.0,18.03076934814453,0.0031880333553999,0.013988914899528,0.0495886579155921,0.0488165244460105,0.0375402271747589,0.029685191810131,5.470731735229492,2.148503541946411,4.848639011383057,0.7454955577850342
1213,29801,91,6,1,plus,7,0.0025,0.0025,0.0181871354579925,0.0182326603680849,9061.0,21018314.0,383219.78067176417,84.89647998389316,2530.0,96.47991180419922,0.0048798769712448,0.024111283943057,0.0158774796873331,0.0440637469291687,0.0474523864686489,0.024348696693778,1.714741349220276,2.418577194213867,1.9084950685501096,0.6177399754524231
1213,29801,91,6,2,plus,7,0.0025,0.0025,0.0160542204976081,0.0160944070667028,19676.0,69520016.0,1118883.4367876947,100.96976611523102,3009.0,71.22661590576172,0.0039985030889511,0.0333226099610328,0.0489875711500644,0.01973164267838,0.01786351762712,0.0135439438745379,8.574448585510254,3.511550188064575,4.462161540985107,0.4764463901519775
1213,29801,91,6,7,plus,7,0.0025,0.0025,0.0183411631733179,0.0183870736509561,31485.0,8363245.0,153775.6017759908,111.5063252910976,3323.0,18.03076934814453,0.0031880333553999,0.013988914899528,0.0495886579155921,0.0488165244460105,0.0375402271747589,0.029685191810131,5.470731735229492,2.148503541946411,4.848639011383057,0.7454955577850342
1213,29801,92,6,1,plus,8,0.005,0.005,0.0181871354579925,0.0182782988995313,8951.0,21866810.0,399688.08915926144,84.96359182577766,2532.0,96.47991180419922,0.0048798769712448,0.024111283943057,0.0158774796873331,0.0440637469291687,0.0474523864686489,0.024348696693778,1.714741349220276,2.418577194213867,1.9084950685501096,0.6177399754524231
1213,29801,92,6,2,plus,8,0.005,0.005,0.0160542204976081,0.0161346923559904,19716.0,70472568.0,1137053.2042166144,101.03687795711552,3011.0,71.22661590576172,0.0039985030889511,0.0333226099610328,0.0489875711500644,0.01973164267838,0.01786351762712,0.0135439438745379,8.574448585510254,3.511550188064575,4.462161540985107,0.4764463901519775
1213,29801,92,6,7,plus,8,0.005,0.005,0.0183411631733179,0.0184330977499485,31615.0,8534490.0,157317.088415958,111.70766081675112,3329.0,18.03076934814453,0.0031880333553999,0.013988914899528,0.0495886579155921,0.0488165244460105,0.0375402271747589,0.029685191810131,5.470731735229492,2.148503541946411,4.848639011383057,0.7454955577850342
1213,29801,93,6,1,plus,9,0.01,0.01,0.0181871354579925,0.0183699186891317,8869.0,23031292.0,423082.9613456503,84.76225630012415,2526.0,96.47991180419922,0.0048798769712448,0.024111283943057,0.0158774796873331,0.0440637469291687,0.0474523864686489,0.024348696693778,1.714741349220276,2.418577194213867,1.9084950685501096,0.6177399754524231
1213,29801,93,6,2,plus,9,0.01,0.01,0.0160542204976081,0.01621556840837,19743.0,70758808.0,1147394.2916187197,101.13754571994228,3014.0,71.22661590576172,0.0039985030889511,0.0333226099610328,0.0489875711500644,0.01973164267838,0.01786351762712,0.0135439438745379,8.574448585510254,3.511550188064575,4.462161540985107,0.4764463901519775
1213,29801,93,6,7,plus,9,0.01,0.01,0.0183411631733179,0.0185254942625761,31546.0,8686750.0,160926.33728543296,111.67410489580884,3328.0,18.03076934814453,0.0031880333553999,0.013988914899528,0.0495886579155921,0.0488165244460105,0.0375402271747589,0.029685191810131,5.470731735229492,2.148503541946411,4.848639011383057,0.7454955577850342
1213,29801,94,6,1,plus,10,0.02,0.02,0.0181871354579925,0.0185545403510332,8956.0,22630538.0,419899.2304865904,85.03070366766215,2534.0,96.47991180419922,0.0048798769712448,0.024111283943057,0.0158774796873331,0.0440637469291687,0.0474523864686489,0.024348696693778,1.714741349220276,2.418577194213867,1.9084950685501096,0.6177399754524231
1213,29801,94,6,2,plus,10,0.02,0.02,0.0160542204976081,0.0163785368204116,19831.0,71679264.0,1174001.4646840096,101.33888124559576,3020.0,71.22661590576172,0.0039985030889511,0.0333226099610328,0.0489875711500644,0.01973164267838,0.01786351762712,0.0135439438745379,8.574448585510254,3.511550188064575,4.462161540985107,0.4764463901519775
1213,29801,94,6,7,plus,10,0.02,0.02,0.0183411631733179,0.0187116786837577,31883.0,8957285.0,167605.83879884332,112.1774437099426,3343.0,18.03076934814453,0.0031880333553999,0.013988914899528,0.0495886579155921,0.0488165244460105,0.0375402271747589,0.029685191810131,5.470731735229492,2.148503541946411,4.848639011383057,0.7454955577850342
1213,29801,95,6,1,plus,11,0.05,0.05,0.0181871354579925,0.0191196091473102,8910.0,23862480.0,456241.29088550806,85.3327069561424,2543.0,96.47991180419922,0.0048798769712448,0.024111283943057,0.0158774796873331,0.0440637469291687,0.0474523864686489,0.024348696693778,1.714741349220276,2.418577194213867,1.9084950685501096,0.6177399754524231
1213,29801,95,6,2,plus,11,0.05,0.05,0.0160542204976081,0.0168773382902145,20045.0,76139504.0,1285032.166257143,101.67444045501828,3030.0,71.22661590576172,0.0039985030889511,0.0333226099610328,0.0489875711500644,0.01973164267838,0.01786351762712,0.0135439438745379,8.574448585510254,3.511550188064575,4.462161540985107,0.4764463901519775
1213,29801,95,6,7,plus,11,0.05,0.05,0.0183411631733179,0.0192815344780683,32204.0,9668177.0,186417.28816556744,113.15056541726788,3372.0,18.03076934814453,0.0031880333553999,0.013988914899528,0.0495886579155921,0.0488165244460105,0.0375402271747589,0.029685191810131,5.470731735229492,2.148503541946411,4.848639011383057,0.7454955577850342
1213,29801,96,6,1,plus,12,0.1,0.1,0.0181871354579925,0.0200998932123184,9223.0,28744230.0,577755.9534703195,85.76893392839166,2556.0,96.47991180419922,0.0048798769712448,0.024111283943057,0.0158774796873331,0.0440637469291687,0.0474523864686489,0.024348696693778,1.714741349220276,2.418577194213867,1.9084950685501096,0.6177399754524231
1213,29801,96,6,2,plus,12,0.1,0.1,0.0160542204976081,0.017742658033967,20274.0,85647208.0,1519609.1231080445,102.31200295292103,3049.0,71.22661590576172,0.0039985030889511,0.0333226099610328,0.0489875711500644,0.01973164267838,0.01786351762712,0.0135439438745379,8.574448585510254,3.511550188064575,4.462161540985107,0.4764463901519775
1213,29801,96,6,7,plus,12,0.1,0.1,0.0183411631733179,0.0202701203525066,32946.0,10383640.0,210477.632497102,114.35857857118889,3408.0,18.03076934814453,0.0031880333553999,0.013988914899528,0.0495886579155921,0.0488165244460105,0.0375402271747589,0.029685191810131,5.470731735229492,2.148503541946411,4.848639011383057,0.7454955577850342
1213,29801,97,6,1,center_duplicate,-1,0.0,0.0,0.0181871354579925,0.0181871354579925,9084.0,21487792.0,390801.38379716873,84.82936814200865,2528.0,96.47991180419922,0.0048798769712448,0.024111283943057,0.0158774796873331,0.0440637469291687,0.0474523864686489,0.024348696693778,1.714741349220276,2.418577194213867,1.9084950685501096,0.6177399754524231
1213,29801,97,6,2,center_duplicate,-1,0.0,0.0,0.0160542204976081,0.0160542204976081,19750.0,69546992.0,1116522.7445133924,101.10398979900005,3013.0,71.22661590576172,0.0039985030889511,0.0333226099610328,0.0489875711500644,0.01973164267838,0.01786351762712,0.0135439438745379,8.574448585510254,3.511550188064575,4.462161540985107,0.4764463901519775
1213,29801,97,6,7,center_duplicate,-1,0.0,0.0,0.0183411631733179,0.0183411631733179,31311.0,8548881.0,156796.42137027718,111.3049897654441,3317.0,18.03076934814453,0.0031880333553999,0.013988914899528,0.0495886579155921,0.0488165244460105,0.0375402271747589,0.029685191810131,5.470731735229492,2.148503541946411,4.848639011383057,0.7454955577850342
1213,29801,98,7,1,minus,0,-0.1,0.1,0.0056448862887918,0.0051077045500278,8262.0,6281378.0,32083.42299104482,91.10432535820944,2715.0,52.32191848754883,0.0019076890312135,0.0286573003977537,0.013177522458136,0.0204609222710132,0.0310771446675062,0.0496706366539001,6.481612205505371,0.2743898928165436,1.009099006652832,0.3861621022224426
1213,29801,98,7,2,minus,0,-0.1,0.1,0.0184797272086143,0.0167211480438709,1295.0,77.19742584228516,1.2908295861145973,21.945572296231667,654.0,1.9274224042892456,0.0006420366116799,0.0207902882248163,0.027660297229886,0.0267481282353401,0.0303755011409521,0.0369464717805385,4.407487869262695,6.496186256408691,3.348017930984497,0.552773118019104
1213,29801,98,7,7,minus,0,-0.1,0.1,0.0064959600567817,0.0058777877129614,12502.0,5914722.0,34765.48029718269,74.02436159860407,2206.0,81.40618896484375,0.00259933876805,0.0167889948934316,0.0406710132956504,0.0367401391267776,0.0125564150512218,0.0494534410536289,7.482505321502685,6.37372636795044,0.6165230870246887,0.23225137591362
1213,29801,99,7,1,minus,1,-0.05,0.05,0.0056448862887918,0.0053695822134613,8736.0,6639437.5,35651.00550738862,93.31901614039796,2781.0,52.32191848754883,0.0019076890312135,0.0286573003977537,0.013177522458136,0.0204609222710132,0.0310771446675062,0.0496706366539001,6.481612205505371,0.2743898928165436,1.009099006652832,0.3861621022224426
1213,29801,99,7,2,minus,1,-0.05,0.05,0.0184797272086143,0.0175784602761268,1275.0,-220.78868103027344,-3.881125058909106,23.08647360826818,688.0,1.9274224042892456,0.0006420366116799,0.0207902882248163,0.027660297229886,0.0267481282353401,0.0303755011409521,0.0369464717805385,4.407487869262695,6.496186256408691,3.348017930984497,0.552773118019104
1213,29801,99,7,7,minus,1,-0.05,0.05,0.0064959600567817,0.0061791483312845,12932.0,6650829.0,41096.45891700871,75.50082212006308,2250.0,81.40618896484375,0.00259933876805,0.0167889948934316,0.0406710132956504,0.0367401391267776,0.0125564150512218,0.0494534410536289,7.482505321502685,6.37372636795044,0.6165230870246887,0.23225137591362
1213,29801,100,7,1,minus,2,-0.02,0.02,0.0056448862887918,0.0055331098847091,8825.0,7872889.5,43561.56271367264,94.22502600583871,2808.0,52.32191848754883,0.0019076890312135,0.0286573003977537,0.013177522458136,0.0204609222710132,0.0310771446675062,0.0496706366539001,6.481612205505371,0.2743898928165436,1.009099006652832,0.3861621022224426
1213,29801,100,7,2,minus,2,-0.02,0.02,0.0184797272086143,0.0181138049811124,1302.0,77.13801574707031,1.3972629738724152,23.65692426428643,705.0,1.9274224042892456,0.0006420366116799,0.0207902882248163,0.027660297229886,0.0267481282353401,0.0303755011409521,0.0369464717805385,4.407487869262695,6.496186256408691,3.348017930984497,0.552773118019104
1213,29801,100,7,7,minus,2,-0.02,0.02,0.0064959600567817,0.0063673313707113,12889.0,6719623.5,42786.06951091904,75.66860172477433,2255.0,81.40618896484375,0.00259933876805,0.0167889948934316,0.0406710132956504,0.0367401391267776,0.0125564150512218,0.0494534410536289,7.482505321502685,6.37372636795044,0.6165230870246887,0.23225137591362
1213,29801,101,7,1,minus,3,-0.01,0.01,0.0056448862887918,0.0055887186899781,8992.0,7806157.0,43626.41552280355,94.59414113620348,2819.0,52.32191848754883,0.0019076890312135,0.0286573003977537,0.013177522458136,0.0204609222710132,0.0310771446675062,0.0496706366539001,6.481612205505371,0.2743898928165436,1.009099006652832,0.3861621022224426
1213,29801,101,7,2,minus,3,-0.01,0.01,0.0184797272086143,0.0182958506047725,1302.0,203.9931640625,3.73222845408236,23.85825978993993,711.0,1.9274224042892456,0.0006420366116799,0.0207902882248163,0.027660297229886,0.0267481282353401,0.0303755011409521,0.0369464717805385,4.407487869262695,6.496186256408691,3.348017930984497,0.552773118019104
1213,29801,101,7,7,minus,3,-0.01,0.01,0.0064959600567817,0.0064313244074583,12927.0,6678828.0,42953.70952961594,75.80282540854333,2259.0,81.40618896484375,0.00259933876805,0.0167889948934316,0.0406710132956504,0.0367401391267776,0.0125564150512218,0.0494534410536289,7.482505321502685,6.37372636795044,0.6165230870246887,0.23225137591362
1213,29801,102,7,1,minus,4,-0.005,0.005,0.0056448862887918,0.0056167324073612,9014.0,7733594.0,43437.528045174666,94.59414113620348,2819.0,52.32191848754883,0.0019076890312135,0.0286573003977537,0.013177522458136,0.0204609222710132,0.0310771446675062,0.0496706366539001,6.481612205505371,0.2743898928165436,1.009099006652832,0.3861621022224426
1213,29801,102,7,2,minus,4,-0.005,0.005,0.0184797272086143,0.0183875579386949,1307.0,197.75726318359372,3.6362731345860766,24.026039394651185,716.0,1.9274224042892456,0.0006420366116799,0.0207902882248163,0.027660297229886,0.0267481282353401,0.0303755011409521,0.0369464717805385,4.407487869262695,6.496186256408691,3.348017930984497,0.552773118019104
1213,29801,102,7,7,minus,4,-0.005,0.005,0.0064959600567817,0.006463561207056,13086.0,6902674.5,44615.859123134986,75.97060501325458,2264.0,81.40618896484375,0.00259933876805,0.0167889948934316,0.0406710132956504,0.0367401391267776,0.0125564150512218,0.0494534410536289,7.482505321502685,6.37372636795044,0.6165230870246887,0.23225137591362
1213,29801,103,7,1,minus,5,-0.0025,0.0025,0.0056448862887918,0.0056307916529476,8957.0,7987744.5,44977.32505647861,94.62769705714572,2820.0,52.32191848754883,0.0019076890312135,0.0286573003977537,0.013177522458136,0.0204609222710132,0.0310771446675062,0.0496706366539001,6.481612205505371,0.2743898928165436,1.009099006652832,0.3861621022224426
1213,29801,103,7,2,minus,5,-0.0025,0.0025,0.0184797272086143,0.0184335857629776,1306.0,142.09410095214844,2.6193037963146253,24.12670715747793,719.0,1.9274224042892456,0.0006420366116799,0.0207902882248163,0.027660297229886,0.0267481282353401,0.0303755011409521,0.0369464717805385,4.407487869262695,6.496186256408691,3.348017930984497,0.552773118019104
1213,29801,103,7,7,minus,5,-0.0025,0.0025,0.0064959600567817,0.0064797401428222,13179.0,7019093.0,45481.898678302765,76.27260830173483,2273.0,81.40618896484375,0.00259933876805,0.0167889948934316,0.0406710132956504,0.0367401391267776,0.0125564150512218,0.0494534410536289,7.482505321502685,6.37372636795044,0.6165230870246887,0.23225137591362
1213,29801,104,7,1,center,6,0.0,0.0,0.0056448862887918,0.0056448862887918,9023.0,7970055.0,44990.054190417286,94.96325626656822,2830.0,52.32191848754883,0.0019076890312135,0.0286573003977537,0.013177522458136,0.0204609222710132,0.0310771446675062,0.0496706366539001,6.481612205505371,0.2743898928165436,1.009099006652832,0.3861621022224426
1213,29801,104,7,2,center,6,0.0,0.0,0.0184797272086143,0.0184797272086143,1302.0,247.4032287597656,4.571944178010881,24.260930841246932,723.0,1.9274224042892456,0.0006420366116799,0.0207902882248163,0.027660297229886,0.0267481282353401,0.0303755011409521,0.0369464717805385,4.407487869262695,6.496186256408691,3.348017930984497,0.552773118019104
1213,29801,104,7,7,center,6,0.0,0.0,0.0064959600567817,0.0064959600567817,13182.0,7128934.5,46309.27375941351,76.23905238079259,2272.0,81.40618896484375,0.00259933876805,0.0167889948934316,0.0406710132956504,0.0367401391267776,0.0125564150512218,0.0494534410536289,7.482505321502685,6.37372636795044,0.6165230870246887,0.23225137591362
1213,29801,105,7,1,plus,7,0.0025,0.0025,0.0056448862887918,0.0056590163148939,9007.0,8075607.0,45699.99176567188,95.09747995033725,2834.0,52.32191848754883,0.0019076890312135,0.0286573003977537,0.013177522458136,0.0204609222710132,0.0310771446675062,0.0496706366539001,6.481612205505371,0.2743898928165436,1.009099006652832,0.3861621022224426
1213,29801,105,7,2,plus,7,0.0025,0.0025,0.0184797272086143,0.0185259841382503,1310.0,399.8209533691406,7.407076640256832,24.46226636690044,729.0,1.9274224042892456,0.0006420366116799,0.0207902882248163,0.027660297229886,0.0267481282353401,0.0303755011409521,0.0369464717805385,4.407487869262695,6.496186256408691,3.348017930984497,0.552773118019104
1213,29801,105,7,7,plus,7,0.0025,0.0025,0.0064959600567817,0.0065122204832732,13209.0,6932233.5,45144.232993533136,76.27260830173483,2273.0,81.40618896484375,0.00259933876805,0.0167889948934316,0.0406710132956504,0.0367401391267776,0.0125564150512218,0.0494534410536289,7.482505321502685,6.37372636795044,0.6165230870246887,0.23225137591362
1213,29801,106,7,1,plus,8,0.005,0.005,0.0056448862887918,0.0056731812655925,9006.0,8007587.5,45428.49538759328,95.16459179222171,2836.0,52.32191848754883,0.0019076890312135,0.0286573003977537,0.013177522458136,0.0204609222710132,0.0310771446675062,0.0496706366539001,6.481612205505371,0.2743898928165436,1.009099006652832,0.3861621022224426
1213,29801,106,7,2,plus,8,0.005,0.005,0.0184797272086143,0.0185723565518856,1323.0,399.859130859375,7.426326348847397,24.49582228784269,730.0,1.9274224042892456,0.0006420366116799,0.0207902882248163,0.027660297229886,0.0267481282353401,0.0303755011409521,0.0369464717805385,4.407487869262695,6.496186256408691,3.348017930984497,0.552773118019104
1213,29801,106,7,7,plus,8,0.005,0.005,0.0064959600567817,0.0065285209566354,13230.0,6854124.5,44747.29543763865,76.23905238079259,2272.0,81.40618896484375,0.00259933876805,0.0167889948934316,0.0406710132956504,0.0367401391267776,0.0125564150512218,0.0494534410536289,7.482505321502685,6.37372636795044,0.6165230870246887,0.23225137591362
1213,29801,107,7,1,plus,9,0.01,0.01,0.0056448862887918,0.0057016182690858,9012.0,7902440.5,45056.69912516419,95.16459179222171,2836.0,52.32191848754883,0.0019076890312135,0.0286573003977537,0.013177522458136,0.0204609222710132,0.0310771446675062,0.0496706366539001,6.481612205505371,0.2743898928165436,1.009099006652832,0.3861621022224426
1213,29801,107,7,2,plus,9,0.01,0.01,0.0184797272086143,0.0186654515564441,1321.0,397.9591674804688,7.428087562049541,24.63004597161169,734.0,1.9274224042892456,0.0006420366116799,0.0207902882248163,0.027660297229886,0.0267481282353401,0.0303755011409521,0.0369464717805385,4.407487869262695,6.496186256408691,3.348017930984497,0.552773118019104
1213,29801,107,7,7,plus,9,0.01,0.01,0.0064959600567817,0.0065612457692623,13123.0,7149100.5,46907.00540965609,76.20549645985034,2271.0,81.40618896484375,0.00259933876805,0.0167889948934316,0.0406710132956504,0.0367401391267776,0.0125564150512218,0.0494534410536289,7.482505321502685,6.37372636795044,0.6165230870246887,0.23225137591362
1213,29801,108,7,1,plus,10,0.02,0.02,0.0056448862887918,0.0057589206844568,9036.0,8393931.0,48339.98285980336,95.36592731787523,2842.0,52.32191848754883,0.0019076890312135,0.0286573003977537,0.013177522458136,0.0204609222710132,0.0310771446675062,0.0496706366539001,6.481612205505371,0.2743898928165436,1.009099006652832,0.3861621022224426
1213,29801,108,7,2,plus,10,0.02,0.02,0.0184797272086143,0.0188530422747135,1356.0,361.5475158691406,6.816270600998564,24.79782557632294,739.0,1.9274224042892456,0.0006420366116799,0.0207902882248163,0.027660297229886,0.0267481282353401,0.0303755011409521,0.0369464717805385,4.407487869262695,6.496186256408691,3.348017930984497,0.552773118019104
1213,29801,108,7,7,plus,10,0.02,0.02,0.0064959600567817,0.0066271871328353,13116.0,7105129.0,47087.01948593557,76.23905238079259,2272.0,81.40618896484375,0.00259933876805,0.0167889948934316,0.0406710132956504,0.0367401391267776,0.0125564150512218,0.0494534410536289,7.482505321502685,6.37372636795044,0.6165230870246887,0.23225137591362
1213,29801,109,7,1,plus,11,0.05,0.05,0.0056448862887918,0.0059343054890632,9231.0,8814118.0,52305.66882865131,95.90282205295124,2858.0,52.32191848754883,0.0019076890312135,0.0286573003977537,0.013177522458136,0.0204609222710132,0.0310771446675062,0.0496706366539001,6.481612205505371,0.2743898928165436,1.009099006652832,0.3861621022224426
1213,29801,109,7,2,plus,11,0.05,0.05,0.0184797272086143,0.0194272026419639,1403.0,1527.943115234375,29.68366052505189,25.703835441763697,766.0,1.9274224042892456,0.0006420366116799,0.0207902882248163,0.027660297229886,0.0267481282353401,0.0303755011409521,0.0369464717805385,4.407487869262695,6.496186256408691,3.348017930984497,0.552773118019104
1213,29801,109,7,7,plus,11,0.05,0.05,0.0064959600567817,0.0068290149793028,13581.0,7079851.5,48348.41194473999,77.41350961377134,2307.0,81.40618896484375,0.00259933876805,0.0167889948934316,0.0406710132956504,0.0367401391267776,0.0125564150512218,0.0494534410536289,7.482505321502685,6.37372636795044,0.6165230870246887,0.23225137591362
1213,29801,110,7,1,plus,12,0.1,0.1,0.0056448862887918,0.0062385643832385,9538.0,9447641.0,58939.71664822428,97.5470621791215,2907.0,52.32191848754883,0.0019076890312135,0.0286573003977537,0.013177522458136,0.0204609222710132,0.0310771446675062,0.0496706366539001,6.481612205505371,0.2743898928165436,1.009099006652832,0.3861621022224426
1213,29801,110,7,2,plus,12,0.1,0.1,0.0184797272086143,0.0204232577234506,1513.0,2125.626220703125,43.412212129144336,26.978960437569206,804.0,1.9274224042892456,0.0006420366116799,0.0207902882248163,0.027660297229886,0.0267481282353401,0.0303755011409521,0.0369464717805385,4.407487869262695,6.496186256408691,3.348017930984497,0.552773118019104
1213,29801,110,7,7,plus,12,0.1,0.1,0.0064959600567817,0.0071791466325521,13739.0,8058141.5,57850.579414353706,78.28596355826986,2333.0,81.40618896484375,0.00259933876805,0.0167889948934316,0.0406710132956504,0.0367401391267776,0.0125564150512218,0.0494534410536289,7.482505321502685,6.37372636795044,0.6165230870246887,0.23225137591362
1213,29801,111,7,1,center_duplicate,-1,0.0,0.0,0.0056448862887918,0.0056448862887918,9023.0,7970055.0,44990.054190417286,94.96325626656822,2830.0,52.32191848754883,0.0019076890312135,0.0286573003977537,0.013177522458136,0.0204609222710132,0.0310771446675062,0.0496706366539001,6.481612205505371,0.2743898928165436,1.009099006652832,0.3861621022224426
1213,29801,111,7,2,center_duplicate,-1,0.0,0.0,0.0184797272086143,0.0184797272086143,1302.0,247.4032287597656,4.571944178010881,24.260930841246932,723.0,1.9274224042892456,0.0006420366116799,0.0207902882248163,0.027660297229886,0.0267481282353401,0.0303755011409521,0.0369464717805385,4.407487869262695,6.496186256408691,3.348017930984497,0.552773118019104
1213,29801,111,7,7,center_duplicate,-1,0.0,0.0,0.0064959600567817,0.0064959600567817,13182.0,7128934.5,46309.27375941351,76.23905238079259,2272.0,81.40618896484375,0.00259933876805,0.0167889948934316,0.0406710132956504,0.0367401391267776,0.0125564150512218,0.0494534410536289,7.482505321502685,6.37372636795044,0.6165230870246887,0.23225137591362
1415,29801,0,0,1,minus,0,-0.1,0.1,0.0103693585842847,0.0093825841322541,5775.0,-13800.3037109375,-129.4825106185299,34.831045938055766,1038.0,6.626354694366455,0.003570606932044,0.0175860133022069,0.0440235361456871,0.0364164188504219,0.0158203486353158,0.030755054205656,9.734742164611816,4.234930515289307,6.025596618652344,0.5770443677902222
1415,29801,0,0,2,minus,0,-0.1,0.1,0.0017865144181996,0.0016165050910785,8886.0,5759299.0,9309.936154543771,69.02452937820878,2057.0,59.34796905517578,0.0034778178669512,0.0381186567246913,0.0198897905647754,0.0397816374897956,0.0450029522180557,0.0243914071470499,3.5100626945495605,4.31492280960083,8.399785995483398,0.2598817050457001
1415,29801,0,0,7,minus,0,-0.1,0.1,0.0159809570759534,0.0144601678475737,42257.0,177259264.0,2563198.7099773884,133.31767390356026,3973.0,59.11423873901367,0.0048035467043519,0.042230125516653,0.0380196794867515,0.0416055098176002,0.0447861440479755,0.020792031660676,4.51259708404541,8.273573875427246,6.738358020782471,0.3464617729187011
1415,29801,1,0,1,minus,1,-0.05,0.05,0.0103693585842847,0.0098636392503976,5540.0,-17518.796875,-172.79909247599426,36.27395053857253,1081.0,6.626354694366455,0.003570606932044,0.0175860133022069,0.0440235361456871,0.0364164188504219,0.0158203486353158,0.030755054205656,9.734742164611816,4.234930515289307,6.025596618652344,0.5770443677902222
1415,29801,1,0,2,minus,1,-0.05,0.05,0.0017865144181996,0.0016993851168081,9373.0,5809843.5,9873.161574884376,70.73588134626354,2108.0,59.34796905517578,0.0034778178669512,0.0381186567246913,0.0198897905647754,0.0397816374897956,0.0450029522180557,0.0243914071470499,3.5100626945495605,4.31492280960083,8.399785995483398,0.2598817050457001
1415,29801,1,0,7,minus,1,-0.05,0.05,0.0159809570759534,0.0152015574276447,43557.0,201041568.0,3056144.941295743,135.0625817925573,4025.0,59.11423873901367,0.0048035467043519,0.042230125516653,0.0380196794867515,0.0416055098176002,0.0447861440479755,0.020792031660676,4.51259708404541,8.273573875427246,6.738358020782471,0.3464617729187011
1415,29801,2,0,1,minus,2,-0.02,0.02,0.0103693585842847,0.0101640317589044,5430.0,-28346.033203125,-288.10998171552274,36.74373343176404,1095.0,6.626354694366455,0.003570606932044,0.0175860133022069,0.0440235361456871,0.0364164188504219,0.0158203486353158,0.030755054205656,9.734742164611816,4.234930515289307,6.025596618652344,0.5770443677902222
1415,29801,2,0,2,minus,2,-0.02,0.02,0.0017865144181996,0.0017511390615254,9870.0,6196895.5,10851.625770241371,71.9774504211268,2145.0,59.34796905517578,0.0034778178669512,0.0381186567246913,0.0198897905647754,0.0397816374897956,0.0450029522180557,0.0243914071470499,3.5100626945495605,4.31492280960083,8.399785995483398,0.2598817050457001
1415,29801,2,0,7,minus,2,-0.02,0.02,0.0159809570759534,0.0156645122915506,43965.0,213123040.0,3338468.479692638,135.39814100197978,4035.0,59.11423873901367,0.0048035467043519,0.042230125516653,0.0380196794867515,0.0416055098176002,0.0447861440479755,0.020792031660676,4.51259708404541,8.273573875427246,6.738358020782471,0.3464617729187011
1415,29801,3,0,1,minus,3,-0.01,0.01,0.0103693585842847,0.010266182012856,5444.0,-25390.2421875,-260.66084764737025,37.01218079930204,1103.0,6.626354694366455,0.003570606932044,0.0175860133022069,0.0440235361456871,0.0364164188504219,0.0158203486353158,0.030755054205656,9.734742164611816,4.234930515289307,6.025596618652344,0.5770443677902222
1415,29801,3,0,2,minus,3,-0.01,0.01,0.0017865144181996,0.0017687382642179,10021.0,6067401.0,10731.644313054392,72.34656555149155,2156.0,59.34796905517578,0.0034778178669512,0.0381186567246913,0.0198897905647754,0.0397816374897956,0.0450029522180557,0.0243914071470499,3.5100626945495605,4.31492280960083,8.399785995483398,0.2598817050457001
1415,29801,3,0,7,minus,3,-0.01,0.01,0.0159809570759534,0.0158219430595636,44232.0,218144160.0,3451464.4782963395,135.83436797422905,4048.0,59.11423873901367,0.0048035467043519,0.042230125516653,0.0380196794867515,0.0416055098176002,0.0447861440479755,0.020792031660676,4.51259708404541,8.273573875427246,6.738358020782471,0.3464617729187011
1415,29801,4,0,1,minus,4,-0.005,0.005,0.0103693585842847,0.0103176413103938,5440.0,-27586.48828125,-284.62749109931974,37.07929264118653,1105.0,6.626354694366455,0.003570606932044,0.0175860133022069,0.0440235361456871,0.0364164188504219,0.0158203486353158,0.030755054205656,9.734742164611816,4.234930515289307,6.025596618652344,0.5770443677902222
1415,29801,4,0,2,minus,4,-0.005,0.005,0.0017865144181996,0.0017776041058823,10101.0,6190442.0,11004.155116426526,72.61501291902955,2164.0,59.34796905517578,0.0034778178669512,0.0381186567246913,0.0198897905647754,0.0397816374897956,0.0450029522180557,0.0243914071470499,3.5100626945495605,4.31492280960083,8.399785995483398,0.2598817050457001
1415,29801,4,0,7,minus,4,-0.005,0.005,0.0159809570759534,0.0159012507647275,44148.0,223079024.0,3547235.500974685,135.70014429046003,4044.0,59.11423873901367,0.0048035467043519,0.042230125516653,0.0380196794867515,0.0416055098176002,0.0447861440479755,0.020792031660676,4.51259708404541,8.273573875427246,6.738358020782471,0.3464617729187011
1415,29801,5,0,1,minus,5,-0.0025,0.0025,0.0103693585842847,0.0103434678167104,5447.0,-26863.158203125,-277.8582123292253,37.045736720244285,1104.0,6.626354694366455,0.003570606932044,0.0175860133022069,0.0440235361456871,0.0364164188504219,0.0158203486353158,0.030755054205656,9.734742164611816,4.234930515289307,6.025596618652344,0.5770443677902222
1415,29801,5,0,2,minus,5,-0.0025,0.0025,0.0017865144181996,0.0017820536158978,10123.0,6014188.0,10717.605472089725,72.68212476091406,2166.0,59.34796905517578,0.0034778178669512,0.0381186567246913,0.0198897905647754,0.0397816374897956,0.0450029522180557,0.0243914071470499,3.5100626945495605,4.31492280960083,8.399785995483398,0.2598817050457001
1415,29801,5,0,7,minus,5,-0.0025,0.0025,0.0159809570759534,0.0159410536289215,44127.0,227189392.0,3621638.281794071,135.6665883695178,4043.0,59.11423873901367,0.0048035467043519,0.042230125516653,0.0380196794867515,0.0416055098176002,0.0447861440479755,0.020792031660676,4.51259708404541,8.273573875427246,6.738358020782471,0.3464617729187011
1415,29801,6,0,1,center,6,0.0,0.0,0.0103693585842847,0.0103693585842847,5437.0,-25607.2890625,-265.5311626604962,36.97862487835978,1102.0,6.626354694366455,0.003570606932044,0.0175860133022069,0.0440235361456871,0.0364164188504219,0.0158203486353158,0.030755054205656,9.734742164611816,4.234930515289307,6.025596618652344,0.5770443677902222
1415,29801,6,0,2,center,6,0.0,0.0,0.0017865144181996,0.0017865144181996,10187.0,5801506.0,10364.474116271827,72.68212476091406,2166.0,59.34796905517578,0.0034778178669512,0.0381186567246913,0.0198897905647754,0.0397816374897956,0.0450029522180557,0.0243914071470499,3.5100626945495605,4.31492280960083,8.399785995483398,0.2598817050457001
1415,29801,6,0,7,center,6,0.0,0.0,0.0159809570759534,0.0159809570759534,44037.0,225013120.0,3595925.0122463703,135.7337002114023,4045.0,59.11423873901367,0.0048035467043519,0.042230125516653,0.0380196794867515,0.0416055098176002,0.0447861440479755,0.020792031660676,4.51259708404541,8.273573875427246,6.738358020782471,0.3464617729187011
1415,29801,7,0,1,plus,7,0.0025,0.0025,0.0103693585842847,0.0103953145444393,5439.0,-25508.537109375,-265.169266820456,36.97862487835978,1102.0,6.626354694366455,0.003570606932044,0.0175860133022069,0.0440235361456871,0.0364164188504219,0.0158203486353158,0.030755054205656,9.734742164611816,4.234930515289307,6.025596618652344,0.5770443677902222
1415,29801,7,0,2,plus,7,0.0025,0.0025,0.0017865144181996,0.0017909863963723,10274.0,5825981.5,10434.253612016792,72.9170162075098,2173.0,59.34796905517578,0.0034778178669512,0.0381186567246913,0.0198897905647754,0.0397816374897956,0.0450029522180557,0.0243914071470499,3.5100626945495605,4.31492280960083,8.399785995483398,0.2598817050457001
1415,29801,7,0,7,plus,7,0.0025,0.0025,0.0159809570759534,0.0160209592431783,44103.0,227220496.0,3640290.305630773,135.7337002114023,4045.0,59.11423873901367,0.0048035467043519,0.042230125516653,0.0380196794867515,0.0416055098176002,0.0447861440479755,0.020792031660676,4.51259708404541,8.273573875427246,6.738358020782471,0.3464617729187011
1415,29801,8,0,1,plus,8,0.005,0.005,0.0103693585842847,0.0104213347658514,5420.0,-26277.3515625,-273.8450773927834,37.07929264118653,1105.0,6.626354694366455,0.003570606932044,0.0175860133022069,0.0440235361456871,0.0364164188504219,0.0158203486353158,0.030755054205656,9.734742164611816,4.234930515289307,6.025596618652344,0.5770443677902222
1415,29801,8,0,2,plus,8,0.005,0.005,0.0017865144181996,0.0017954693175852,10274.0,5780084.5,10377.964372799965,72.9170162075098,2173.0,59.34796905517578,0.0034778178669512,0.0381186567246913,0.0198897905647754,0.0397816374897956,0.0450029522180557,0.0243914071470499,3.5100626945495605,4.31492280960083,8.399785995483398,0.2598817050457001
1415,29801,8,0,7,plus,8,0.005,0.005,0.0159809570759534,0.0160610619932413,44128.0,232689024.0,3737232.839610815,135.83436797422905,4048.0,59.11423873901367,0.0048035467043519,0.042230125516653,0.0380196794867515,0.0416055098176002,0.0447861440479755,0.020792031660676,4.51259708404541,8.273573875427246,6.738358020782471,0.3464617729187011
1415,29801,9,0,1,plus,9,0.01,0.01,0.0103693585842847,0.0104735726490616,5375.0,-26287.728515625,-275.3264343872088,37.045736720244285,1104.0,6.626354694366455,0.003570606932044,0.0175860133022069,0.0440235361456871,0.0364164188504219,0.0158203486353158,0.030755054205656,9.734742164611816,4.234930515289307,6.025596618652344,0.5770443677902222
1415,29801,9,0,2,plus,9,0.01,0.01,0.0017865144181996,0.001804469153285,10241.0,5831715.5,10523.150730484163,72.88346028656755,2172.0,59.34796905517578,0.0034778178669512,0.0381186567246913,0.0198897905647754,0.0397816374897956,0.0450029522180557,0.0243914071470499,3.5100626945495605,4.31492280960083,8.399785995483398,0.2598817050457001
1415,29801,9,0,7,plus,9,0.01,0.01,0.0159809570759534,0.0161415692418813,44294.0,235295520.0,3798038.928384483,136.03570349988254,4054.0,59.11423873901367,0.0048035467043519,0.042230125516653,0.0380196794867515,0.0416055098176002,0.0447861440479755,0.020792031660676,4.51259708404541,8.273573875427246,6.738358020782471,0.3464617729187011
1415,29801,10,0,1,plus,10,0.02,0.02,0.0103693585842847,0.0105788335204124,5430.0,-25416.568359375,-268.8776453340106,37.213516324955535,1109.0,6.626354694366455,0.003570606932044,0.0175860133022069,0.0440235361456871,0.0364164188504219,0.0158203486353158,0.030755054205656,9.734742164611816,4.234930515289307,6.025596618652344,0.5770443677902222
1415,29801,10,0,2,plus,10,0.02,0.02,0.0017865144181996,0.0018226043321192,10497.0,6098526.5,11115.200818443904,73.62169054729706,2194.0,59.34796905517578,0.0034778178669512,0.0381186567246913,0.0198897905647754,0.0397816374897956,0.0450029522180557,0.0243914071470499,3.5100626945495605,4.31492280960083,8.399785995483398,0.2598817050457001
1415,29801,10,0,7,plus,10,0.02,0.02,0.0159809570759534,0.0163037944585084,44553.0,242655584.0,3956206.765745342,136.4048186302473,4065.0,59.11423873901367,0.0048035467043519,0.042230125516653,0.0380196794867515,0.0416055098176002,0.0447861440479755,0.020792031660676,4.51259708404541,8.273573875427246,6.738358020782471,0.3464617729187011
1415,29801,11,0,1,plus,11,0.05,0.05,0.0103693585842847,0.0109010068699717,5367.0,-23281.177734375,-253.78827842345527,37.78396698097379,1126.0,6.626354694366455,0.003570606932044,0.0175860133022069,0.0440235361456871,0.0364164188504219,0.0158203486353158,0.030755054205656,9.734742164611816,4.234930515289307,6.025596618652344,0.5770443677902222
1415,29801,11,0,2,plus,11,0.05,0.05,0.0017865144181996,0.0018781109247356,10700.0,6502022.0,12211.51855107164,74.32636488708432,2215.0,59.34796905517578,0.0034778178669512,0.0381186567246913,0.0198897905647754,0.0397816374897956,0.0450029522180557,0.0243914071470499,3.5100626945495605,4.31492280960083,8.399785995483398,0.2598817050457001
1415,29801,11,0,7,plus,11,0.05,0.05,0.0159809570759534,0.0168003179132938,44964.0,254686656.0,4278816.789073706,136.84104560249656,4078.0,59.11423873901367,0.0048035467043519,0.042230125516653,0.0380196794867515,0.0416055098176002,0.0447861440479755,0.020792031660676,4.51259708404541,8.273573875427246,6.738358020782471,0.3464617729187011
1415,29801,12,0,1,plus,12,0.1,0.1,0.0103693585842847,0.0114599140360951,5286.0,-6414.45068359375,-73.5090534227561,39.394651186201806,1174.0,6.626354694366455,0.003570606932044,0.0175860133022069,0.0440235361456871,0.0364164188504219,0.0158203486353158,0.030755054205656,9.734742164611816,4.234930515289307,6.025596618652344,0.5770443677902222
1415,29801,12,0,2,plus,12,0.1,0.1,0.0017865144181996,0.0019744038581848,11351.0,7162039.0,14140.75743407011,76.50749974833059,2280.0,59.34796905517578,0.0034778178669512,0.0381186567246913,0.0198897905647754,0.0397816374897956,0.0450029522180557,0.0243914071470499,3.5100626945495605,4.31492280960083,8.399785995483398,0.2598817050457001
1415,29801,12,0,7,plus,12,0.1,0.1,0.0159809570759534,0.0176616888493299,45375.0,290627232.0,5132967.742726028,137.5457199422838,4099.0,59.11423873901367,0.0048035467043519,0.042230125516653,0.0380196794867515,0.0416055098176002,0.0447861440479755,0.020792031660676,4.51259708404541,8.273573875427246,6.738358020782471,0.3464617729187011
1415,29801,13,0,1,center_duplicate,-1,0.0,0.0,0.0103693585842847,0.0103693585842847,5437.0,-25607.2890625,-265.5311626604962,36.97862487835978,1102.0,6.626354694366455,0.003570606932044,0.0175860133022069,0.0440235361456871,0.0364164188504219,0.0158203486353158,0.030755054205656,9.734742164611816,4.234930515289307,6.025596618652344,0.5770443677902222
1415,29801,13,0,2,center_duplicate,-1,0.0,0.0,0.0017865144181996,0.0017865144181996,10187.0,5801506.0,10364.474116271827,72.68212476091406,2166.0,59.34796905517578,0.0034778178669512,0.0381186567246913,0.0198897905647754,0.0397816374897956,0.0450029522180557,0.0243914071470499,3.5100626945495605,4.31492280960083,8.399785995483398,0.2598817050457001
1415,29801,13,0,7,center_duplicate,-1,0.0,0.0,0.0159809570759534,0.0159809570759534,44037.0,225013120.0,3595925.0122463703,135.7337002114023,4045.0,59.11423873901367,0.0048035467043519,0.042230125516653,0.0380196794867515,0.0416055098176002,0.0447861440479755,0.020792031660676,4.51259708404541,8.273573875427246,6.738358020782471,0.3464617729187011
1415,29801,14,1,1,minus,0,-0.1,0.1,0.0065463040955364,0.0059233410283923,40704.0,41659656.0,246764.34961351007,156.06858830240594,4651.0,82.565185546875,0.0040601445361971,0.0467863455414772,0.037327691912651,0.0252654738724231,0.0362723432481288,0.0408878438174724,1.3129640817642212,5.302206039428711,8.969371795654297,0.4284742176532745
1415,29801,14,1,2,minus,0,-0.1,0.1,0.0059406426735222,0.005375315900892,3970.0,835339.3125,4490.2126891214575,48.95808865474313,1459.0,22.052663803100582,0.0047632143832743,0.0122588193044066,0.038533229380846,0.0326894856989383,0.0357518084347248,0.025060711428523,9.433023452758787,8.444083213806152,6.955045700073242,0.8759985566139221
1415,29801,14,1,7,minus,0,-0.1,0.1,0.0054341284558176,0.0049170027486979,15827.0,6312984.0,31040.95968048647,85.6682661655649,2553.0,74.29742431640625,0.0021332968026399,0.0331338346004486,0.024333057925105,0.0315007902681827,0.0290384367108345,0.0302209127694368,8.710350036621094,3.6867733001708975,8.966926574707031,0.9366800785064696
1415,29801,15,1,1,minus,1,-0.05,0.05,0.0065463040955364,0.0062270374037325,41511.0,46131084.0,287259.98554272763,158.28327908459443,4717.0,82.565185546875,0.0040601445361971,0.0467863455414772,0.037327691912651,0.0252654738724231,0.0362723432481288,0.0408878438174724,1.3129640817642212,5.302206039428711,8.969371795654297,0.4284742176532745
1415,29801,15,1,2,minus,1,-0.05,0.05,0.0059406426735222,0.005650914274156,4181.0,806295.5,4556.306750137825,49.79698667829938,1484.0,22.052663803100582,0.0047632143832743,0.0122588193044066,0.038533229380846,0.0326894856989383,0.0357518084347248,0.025060711428523,9.433023452758787,8.444083213806152,6.955045700073242,0.8759985566139221
1415,29801,15,1,7,minus,1,-0.05,0.05,0.0054341284558176,0.0051691029220819,16250.0,6825583.0,35282.141030212864,86.70849971477466,2584.0,74.29742431640625,0.0021332968026399,0.0331338346004486,0.024333057925105,0.0315007902681827,0.0290384367108345,0.0302209127694368,8.710350036621094,3.6867733001708975,8.966926574707031,0.9366800785064696
1415,29801,16,1,1,minus,2,-0.02,0.02,0.0065463040955364,0.0064166784286499,42279.0,49755800.0,319266.9685602188,159.52484815945772,4754.0,82.565185546875,0.0040601445361971,0.0467863455414772,0.037327691912651,0.0252654738724231,0.0362723432481288,0.0408878438174724,1.3129640817642212,5.302206039428711,8.969371795654297,0.4284742176532745
1415,29801,16,1,2,minus,2,-0.02,0.02,0.0059406426735222,0.0058230101130902,4380.0,880680.625,5128.212185777666,50.70299654374014,1511.0,22.052663803100582,0.0047632143832743,0.0122588193044066,0.038533229380846,0.0326894856989383,0.0357518084347248,0.025060711428523,9.433023452758787,8.444083213806152,6.955045700073242,0.8759985566139221
1415,29801,16,1,7,minus,2,-0.02,0.02,0.0054341284558176,0.005326525773853,16323.0,6888170.5,36690.01770294434,86.80916747760142,2587.0,74.29742431640625,0.0021332968026399,0.0331338346004486,0.024333057925105,0.0315007902681827,0.0290384367108345,0.0302209127694368,8.710350036621094,3.6867733001708975,8.966926574707031,0.9366800785064696
1415,29801,17,1,1,minus,3,-0.01,0.01,0.0065463040955364,0.0064811673946678,42822.0,49818132.0,322879.65278165974,160.36374618301397,4779.0,82.565185546875,0.0040601445361971,0.0467863455414772,0.037327691912651,0.0252654738724231,0.0362723432481288,0.0408878438174724,1.3129640817642212,5.302206039428711,8.969371795654297,0.4284742176532745
1415,29801,17,1,2,minus,3,-0.01,0.01,0.0059406426735222,0.0058815320953726,4366.0,877066.375,5158.494034334668,50.50166101808664,1505.0,22.052663803100582,0.0047632143832743,0.0122588193044066,0.038533229380846,0.0326894856989383,0.0357518084347248,0.025060711428523,9.433023452758787,8.444083213806152,6.955045700073242,0.8759985566139221
1415,29801,17,1,7,minus,3,-0.01,0.01,0.0054341284558176,0.0053800581954419,16362.0,7280621.0,39170.16467895685,87.04405892419717,2594.0,74.29742431640625,0.0021332968026399,0.0331338346004486,0.024333057925105,0.0315007902681827,0.0290384367108345,0.0302209127694368,8.710350036621094,3.6867733001708975,8.966926574707031,0.9366800785064696
1415,29801,18,1,1,minus,4,-0.005,0.005,0.0065463040955364,0.0065136542543768,43181.0,48961400.0,318917.6314102486,160.79997315526325,4792.0,82.565185546875,0.0040601445361971,0.0467863455414772,0.037327691912651,0.0252654738724231,0.0362723432481288,0.0408878438174724,1.3129640817642212,5.302206039428711,8.969371795654297,0.4284742176532745
1415,29801,18,1,2,minus,4,-0.005,0.005,0.0059406426735222,0.0059110135771334,4402.0,850841.9375,5029.338244557002,50.70299654374014,1511.0,22.052663803100582,0.0047632143832743,0.0122588193044066,0.038533229380846,0.0326894856989383,0.0357518084347248,0.025060711428523,9.433023452758787,8.444083213806152,6.955045700073242,0.8759985566139221
1415,29801,18,1,7,minus,4,-0.005,0.005,0.0054341284558176,0.0054070255719125,16437.0,7482845.5,40459.93696917058,87.14472668702392,2597.0,74.29742431640625,0.0021332968026399,0.0331338346004486,0.024333057925105,0.0315007902681827,0.0290384367108345,0.0302209127694368,8.710350036621094,3.6867733001708975,8.966926574707031,0.9366800785064696
1415,29801,19,1,1,minus,5,-0.0025,0.0025,0.0065463040955364,0.0065299584530293,43082.0,49676216.0,324383.62658371404,160.6993053924365,4789.0,82.565185546875,0.0040601445361971,0.0467863455414772,0.037327691912651,0.0252654738724231,0.0362723432481288,0.0408878438174724,1.3129640817642212,5.302206039428711,8.969371795654297,0.4284742176532745
1415,29801,19,1,2,minus,5,-0.0025,0.0025,0.0059406426735222,0.0059258094988763,4401.0,842638.125,4993.313005240343,50.73655246468239,1512.0,22.052663803100582,0.0047632143832743,0.0122588193044066,0.038533229380846,0.0326894856989383,0.0357518084347248,0.025060711428523,9.433023452758787,8.444083213806152,6.955045700073242,0.8759985566139221
1415,29801,19,1,7,minus,5,-0.0025,0.0025,0.0054341284558176,0.0054205600172281,16563.0,7265215.0,39381.53394556604,87.34606221267742,2603.0,74.29742431640625,0.0021332968026399,0.0331338346004486,0.024333057925105,0.0315007902681827,0.0290384367108345,0.0302209127694368,8.710350036621094,3.6867733001708975,8.966926574707031,0.9366800785064696
1415,29801,20,1,1,center,6,0.0,0.0,0.0065463040955364,0.0065463040955364,43254.0,50371432.0,329746.7115996368,160.90064091808998,4795.0,82.565185546875,0.0040601445361971,0.0467863455414772,0.037327691912651,0.0252654738724231,0.0362723432481288,0.0408878438174724,1.3129640817642212,5.302206039428711,8.969371795654297,0.4284742176532745
1415,29801,20,1,2,center,6,0.0,0.0,0.0059406426735222,0.0059406426735222,4450.0,837290.375,4974.042931854434,50.90433206939364,1517.0,22.052663803100582,0.0047632143832743,0.0122588193044066,0.038533229380846,0.0326894856989383,0.0357518084347248,0.025060711428523,9.433023452758787,8.444083213806152,6.955045700073242,0.8759985566139221
1415,29801,20,1,7,center,6,0.0,0.0,0.0054341284558176,0.0054341284558176,16631.0,7039601.0,38254.09611170273,87.48028589644642,2607.0,74.29742431640625,0.0021332968026399,0.0331338346004486,0.024333057925105,0.0315007902681827,0.0290384367108345,0.0302209127694368,8.710350036621094,3.6867733001708975,8.966926574707031,0.9366800785064696
1415,29801,21,1,1,plus,7,0.0025,0.0025,0.0065463040955364,0.0065626907162368,43360.0,50129112.0,328981.85793559626,161.1019764437435,4801.0,82.565185546875,0.0040601445361971,0.0467863455414772,0.037327691912651,0.0252654738724231,0.0362723432481288,0.0408878438174724,1.3129640817642212,5.302206039428711,8.969371795654297,0.4284742176532745
1415,29801,21,1,2,plus,7,0.0025,0.0025,0.0059406426735222,0.0059555131010711,4433.0,849792.125,5060.948133624566,51.00499983222039,1520.0,22.052663803100582,0.0047632143832743,0.0122588193044066,0.038533229380846,0.0326894856989383,0.0357518084347248,0.025060711428523,9.433023452758787,8.444083213806152,6.955045700073242,0.8759985566139221
1415,29801,21,1,7,plus,7,0.0025,0.0025,0.0054341284558176,0.0054477308876812,16683.0,7348384.5,40032.02121520811,87.61450958021543,2611.0,74.29742431640625,0.0021332968026399,0.0331338346004486,0.024333057925105,0.0315007902681827,0.0290384367108345,0.0302209127694368,8.710350036621094,3.6867733001708975,8.966926574707031,0.9366800785064696
1415,29801,22,1,1,plus,8,0.005,0.005,0.0065463040955364,0.0065791173838078,43565.0,50354452.0,331287.8505053204,161.303311969397,4807.0,82.565185546875,0.0040601445361971,0.0467863455414772,0.037327691912651,0.0252654738724231,0.0362723432481288,0.0408878438174724,1.3129640817642212,5.302206039428711,8.969371795654297,0.4284742176532745
1415,29801,22,1,2,plus,8,0.005,0.005,0.0059406426735222,0.0059704203158617,4447.0,852590.125,5090.321403403068,51.13922351598939,1524.0,22.052663803100582,0.0047632143832743,0.0122588193044066,0.038533229380846,0.0326894856989383,0.0357518084347248,0.025060711428523,9.433023452758787,8.444083213806152,6.955045700073242,0.8759985566139221
1415,29801,22,1,7,plus,8,0.005,0.005,0.0054341284558176,0.0054613673128187,16669.0,7411233.5,40475.468384567415,87.61450958021543,2611.0,74.29742431640625,0.0021332968026399,0.0331338346004486,0.024333057925105,0.0315007902681827,0.0290384367108345,0.0302209127694368,8.710350036621094,3.6867733001708975,8.966926574707031,0.9366800785064696
1415,29801,23,1,1,plus,9,0.01,0.01,0.0065463040955364,0.006612095516175,43462.0,51369472.0,339659.85547947884,161.169088285628,4803.0,82.565185546875,0.0040601445361971,0.0467863455414772,0.037327691912651,0.0252654738724231,0.0362723432481288,0.0408878438174724,1.3129640817642212,5.302206039428711,8.969371795654297,0.4284742176532745
1415,29801,23,1,2,plus,9,0.01,0.01,0.0059406426735222,0.0060003469698131,4417.0,878981.0625,5274.1913548949815,51.13922351598939,1524.0,22.052663803100582,0.0047632143832743,0.0122588193044066,0.038533229380846,0.0326894856989383,0.0357518084347248,0.025060711428523,9.433023452758787,8.444083213806152,6.955045700073242,0.8759985566139221
1415,29801,23,1,7,plus,9,0.01,0.01,0.0054341284558176,0.005488742608577,16738.0,7477196.5,41040.40702225291,87.84940102681118,2618.0,74.29742431640625,0.0021332968026399,0.0331338346004486,0.024333057925105,0.0315007902681827,0.0290384367108345,0.0302209127694368,8.710350036621094,3.6867733001708975,8.966926574707031,0.9366800785064696
1415,29801,24,1,1,plus,10,0.02,0.02,0.0065463040955364,0.0066785481758415,43340.0,54989664.0,367251.1201973409,161.2362001275125,4805.0,82.565185546875,0.0040601445361971,0.0467863455414772,0.037327691912651,0.0252654738724231,0.0362723432481288,0.0408878438174724,1.3129640817642212,5.302206039428711,8.969371795654297,0.4284742176532745
1415,29801,24,1,2,plus,10,0.02,0.02,0.0059406426735222,0.0060606515035033,4485.0,894301.0,5420.046700234525,51.4747827254119,1534.0,22.052663803100582,0.0047632143832743,0.0122588193044066,0.038533229380846,0.0326894856989383,0.0357518084347248,0.025060711428523,9.433023452758787,8.444083213806152,6.955045700073242,0.8759985566139221
1415,29801,24,1,7,plus,10,0.02,0.02,0.0054341284558176,0.0055439048446714,16768.0,7701802.5,42698.06019245298,87.84940102681118,2618.0,74.29742431640625,0.0021332968026399,0.0331338346004486,0.024333057925105,0.0315007902681827,0.0290384367108345,0.0302209127694368,8.710350036621094,3.6867733001708975,8.966926574707031,0.9366800785064696
1415,29801,25,1,1,plus,11,0.05,0.05,0.0065463040955364,0.0068819401785731,44262.0,57336900.0,394589.1158248298,162.4442132814335,4841.0,82.565185546875,0.0040601445361971,0.0467863455414772,0.037327691912651,0.0252654738724231,0.0362723432481288,0.0408878438174724,1.3129640817642212,5.302206039428711,8.969371795654297,0.4284742176532745
1415,29801,25,1,2,plus,11,0.05,0.05,0.0059406426735222,0.0062452256679534,4653.0,989522.8125,6179.79326765053,52.414348511794906,1562.0,22.052663803100582,0.0047632143832743,0.0122588193044066,0.038533229380846,0.0326894856989383,0.0357518084347248,0.025060711428523,9.433023452758787,8.444083213806152,6.955045700073242,0.8759985566139221
1415,29801,25,1,7,plus,11,0.05,0.05,0.0054341284558176,0.005712741985917,16894.0,8414702.0,48071.02141438052,88.65474312942519,2642.0,74.29742431640625,0.0021332968026399,0.0331338346004486,0.024333057925105,0.0315007902681827,0.0290384367108345,0.0302209127694368,8.710350036621094,3.6867733001708975,8.966926574707031,0.9366800785064696
1415,29801,26,1,1,plus,12,0.1,0.1,0.0065463040955364,0.0072347852401435,45507.0,61277532.0,443329.7840660233,164.22267709137276,4894.0,82.565185546875,0.0040601445361971,0.0467863455414772,0.037327691912651,0.0252654738724231,0.0362723432481288,0.0408878438174724,1.3129640817642212,5.302206039428711,8.969371795654297,0.4284742176532745
1415,29801,26,1,2,plus,12,0.1,0.1,0.0059406426735222,0.0065654260106384,4920.0,927633.5,6090.309109239606,53.25324653535116,1587.0,22.052663803100582,0.0047632143832743,0.0122588193044066,0.038533229380846,0.0326894856989383,0.0357518084347248,0.025060711428523,9.433023452758787,8.444083213806152,6.955045700073242,0.8759985566139221
1415,29801,26,1,7,plus,12,0.1,0.1,0.0054341284558176,0.0060056410729885,17503.0,9054137.0,54375.89704766497,89.96342404617295,2681.0,74.29742431640625,0.0021332968026399,0.0331338346004486,0.024333057925105,0.0315007902681827,0.0290384367108345,0.0302209127694368,8.710350036621094,3.6867733001708975,8.966926574707031,0.9366800785064696
1415,29801,27,1,1,center_duplicate,-1,0.0,0.0,0.0065463040955364,0.0065463040955364,43254.0,50371432.0,329746.7115996368,160.90064091808998,4795.0,82.565185546875,0.0040601445361971,0.0467863455414772,0.037327691912651,0.0252654738724231,0.0362723432481288,0.0408878438174724,1.3129640817642212,5.302206039428711,8.969371795654297,0.4284742176532745
1415,29801,27,1,2,center_duplicate,-1,0.0,0.0,0.0059406426735222,0.0059406426735222,4450.0,837290.375,4974.042931854434,50.90433206939364,1517.0,22.052663803100582,0.0047632143832743,0.0122588193044066,0.038533229380846,0.0326894856989383,0.0357518084347248,0.025060711428523,9.433023452758787,8.444083213806152,6.955045700073242,0.8759985566139221
1415,29801,27,1,7,center_duplicate,-1,0.0,0.0,0.0054341284558176,0.0054341284558176,16631.0,7039601.0,38254.09611170273,87.48028589644642,2607.0,74.29742431640625,0.0021332968026399,0.0331338346004486,0.024333057925105,0.0315007902681827,0.0290384367108345,0.0302209127694368,8.710350036621094,3.6867733001708975,8.966926574707031,0.9366800785064696
1415,29801,28,2,1,minus,0,-0.1,0.1,0.0166266057640314,0.0150443753227591,81502.0,169142816.0,2544648.007052392,216.40213415657192,6449.0,48.48685836791992,0.0011892077745869,0.044319562613964,0.0304092969745397,0.0451588854193687,0.0295377913862466,0.0365017279982566,3.901416301727295,9.86105251312256,3.3765461444854736,0.8627018332481384
1415,29801,28,2,2,minus,0,-0.1,0.1,0.0100537622347474,0.0090970201417803,230387.0,185570720.0,1688140.5775646863,297.1041240226838,8854.0,75.7269058227539,0.0007651544292457,0.0448898784816265,0.0217880867421627,0.0417401753365993,0.0252469163388013,0.0333943888545036,2.15057635307312,6.021400451660156,0.422410249710083,0.3041475713253021
1415,29801,28,2,7,minus,0,-0.1,0.1,0.0021897365804761,0.001981355715543,12500.0,2767242.25,5482.891248329659,76.30616422267708,2274.0,47.99076843261719,0.0003057307621929,0.0257897935807704,0.0325126685202121,0.0218789111822843,0.0452771298587322,0.017795966938138,8.833017349243164,8.9212064743042,2.157782077789306,0.5844389796257019
1415,29801,29,2,1,minus,1,-0.05,0.05,0.0166266057640314,0.0158157162368297,82888.0,179431280.0,2837834.2084911466,217.7443709942619,6489.0,48.48685836791992,0.0011892077745869,0.044319562613964,0.0304092969745397,0.0451588854193687,0.0295377913862466,0.0365017279982566,3.901416301727295,9.86105251312256,3.3765461444854736,0.8627018332481384
1415,29801,29,2,2,minus,1,-0.05,0.05,0.0100537622347474,0.0095634348690509,237611.0,191789632.0,1834167.654191256,301.49994966611854,8985.0,75.7269058227539,0.0007651544292457,0.0448898784816265,0.0217880867421627,0.0417401753365993,0.0252469163388013,0.0333943888545036,2.15057635307312,6.021400451660156,0.422410249710083,0.3041475713253021
1415,29801,29,2,7,minus,1,-0.05,0.05,0.0021897365804761,0.002082941820845,13253.0,2615792.0,5448.542551431805,78.48729908392335,2339.0,47.99076843261719,0.0003057307621929,0.0257897935807704,0.0325126685202121,0.0218789111822843,0.0452771298587322,0.017795966938138,8.833017349243164,8.9212064743042,2.157782077789306,0.5844389796257019
1415,29801,30,2,1,minus,2,-0.02,0.02,0.0166266057640314,0.0162973776459693,83562.0,187846880.0,3061411.5429770947,218.48260125499144,6511.0,48.48685836791992,0.0011892077745869,0.044319562613964,0.0304092969745397,0.0451588854193687,0.0295377913862466,0.0365017279982566,3.901416301727295,9.86105251312256,3.3765461444854736,0.8627018332481384
1415,29801,30,2,2,minus,2,-0.02,0.02,0.0100537622347474,0.0098546845838427,241428.0,209638448.0,2065920.781686321,303.8488641320761,9055.0,75.7269058227539,0.0007651544292457,0.0448898784816265,0.0217880867421627,0.0417401753365993,0.0252469163388013,0.0333943888545036,2.15057635307312,6.021400451660156,0.422410249710083,0.3041475713253021
1415,29801,30,2,7,minus,2,-0.02,0.02,0.0021897365804761,0.0021463769953697,13526.0,2892742.5,6208.9159555285005,78.78930237240361,2348.0,47.99076843261719,0.0003057307621929,0.0257897935807704,0.0325126685202121,0.0218789111822843,0.0452771298587322,0.017795966938138,8.833017349243164,8.9212064743042,2.157782077789306,0.5844389796257019
1415,29801,31,2,1,minus,3,-0.01,0.01,0.0166266057640314,0.0164611674845218,83974.0,196842416.0,3240255.9778339267,218.75104862252945,6519.0,48.48685836791992,0.0011892077745869,0.044319562613964,0.0304092969745397,0.0451588854193687,0.0295377913862466,0.0365017279982566,3.901416301727295,9.86105251312256,3.3765461444854736,0.8627018332481384
1415,29801,31,2,2,minus,3,-0.01,0.01,0.0100537622347474,0.0099537260830402,242326.0,214542240.0,2135494.6902018785,304.5199825509211,9075.0,75.7269058227539,0.0007651544292457,0.0448898784816265,0.0217880867421627,0.0417401753365993,0.0252469163388013,0.0333943888545036,2.15057635307312,6.021400451660156,0.422410249710083,0.3041475713253021
1415,29801,31,2,7,minus,3,-0.01,0.01,0.0021897365804761,0.002167948288843,13512.0,2891234.75,6268.047428906022,78.9235260561726,2352.0,47.99076843261719,0.0003057307621929,0.0257897935807704,0.0325126685202121,0.0218789111822843,0.0452771298587322,0.017795966938138,8.833017349243164,8.9212064743042,2.157782077789306,0.5844389796257019
1415,29801,32,2,1,minus,4,-0.005,0.005,0.0166266057640314,0.0165436808019876,84051.0,200509664.0,3317167.878929794,218.95238414818292,6525.0,48.48685836791992,0.0011892077745869,0.044319562613964,0.0304092969745397,0.0451588854193687,0.0295377913862466,0.0365017279982566,3.901416301727295,9.86105251312256,3.3765461444854736,0.8627018332481384
1415,29801,32,2,2,minus,4,-0.005,0.005,0.0100537622347474,0.0100036188960075,243013.0,215652352.0,2157303.943435669,304.95620952317034,9088.0,75.7269058227539,0.0007651544292457,0.0448898784816265,0.0217880867421627,0.0417401753365993,0.0252469163388013,0.0333943888545036,2.15057635307312,6.021400451660156,0.422410249710083,0.3041475713253021
1415,29801,32,2,7,minus,4,-0.005,0.005,0.0021897365804761,0.0021788151934742,13520.0,2890237.75,6297.293922452955,78.85641421428811,2350.0,47.99076843261719,0.0003057307621929,0.0257897935807704,0.0325126685202121,0.0218789111822843,0.0452771298587322,0.017795966938138,8.833017349243164,8.9212064743042,2.157782077789306,0.5844389796257019
1415,29801,33,2,1,minus,5,-0.0025,0.0025,0.0166266057640314,0.0165850911289453,84352.0,202562352.0,3359515.067213505,219.12016375289417,6530.0,48.48685836791992,0.0011892077745869,0.044319562613964,0.0304092969745397,0.0451588854193687,0.0295377913862466,0.0365017279982566,3.901416301727295,9.86105251312256,3.3765461444854736,0.8627018332481384
1415,29801,33,2,2,minus,5,-0.0025,0.0025,0.0100537622347474,0.0100286593660712,243471.0,216395088.0,2170152.626043007,305.2246568907084,9096.0,75.7269058227539,0.0007651544292457,0.0448898784816265,0.0217880867421627,0.0417401753365993,0.0252469163388013,0.0333943888545036,2.15057635307312,6.021400451660156,0.422410249710083,0.3041475713253021
1415,29801,33,2,7,minus,5,-0.0025,0.0025,0.0021897365804761,0.0021842690184712,13611.0,3063657.5,6691.852160457056,79.15841750276836,2359.0,47.99076843261719,0.0003057307621929,0.0257897935807704,0.0325126685202121,0.0218789111822843,0.0452771298587322,0.017795966938138,8.833017349243164,8.9212064743042,2.157782077789306,0.5844389796257019
1415,29801,34,2,1,center,6,0.0,0.0,0.0166266057640314,0.0166266057640314,84326.0,202258960.0,3362879.9901629984,219.12016375289417,6530.0,48.48685836791992,0.0011892077745869,0.044319562613964,0.0304092969745397,0.0451588854193687,0.0295377913862466,0.0365017279982566,3.901416301727295,9.86105251312256,3.3765461444854736,0.8627018332481384
1415,29801,34,2,2,center,6,0.0,0.0,0.0100537622347474,0.0100537622347474,243958.0,217486368.0,2186556.2331707776,305.4595483373041,9103.0,75.7269058227539,0.0007651544292457,0.0448898784816265,0.0217880867421627,0.0417401753365993,0.0252469163388013,0.0333943888545036,2.15057635307312,6.021400451660156,0.422410249710083,0.3041475713253021
1415,29801,34,2,7,center,6,0.0,0.0,0.0021897365804761,0.0021897365804761,13683.0,3157707.75,6914.548170628084,79.35975302842186,2365.0,47.99076843261719,0.0003057307621929,0.0257897935807704,0.0325126685202121,0.0218789111822843,0.0452771298587322,0.017795966938138,8.833017349243164,8.9212064743042,2.157782077789306,0.5844389796257019
1415,29801,35,2,1,plus,7,0.0025,0.0025,0.0166266057640314,0.0166682247072458,84329.0,203732448.0,3395858.223421276,219.12016375289417,6530.0,48.48685836791992,0.0011892077745869,0.044319562613964,0.0304092969745397,0.0451588854193687,0.0295377913862466,0.0365017279982566,3.901416301727295,9.86105251312256,3.3765461444854736,0.8627018332481384
1415,29801,35,2,2,plus,7,0.0025,0.0025,0.0100537622347474,0.0100789284333586,243837.0,219161440.0,2208912.46911183,305.42599241636185,9102.0,75.7269058227539,0.0007651544292457,0.0448898784816265,0.0217880867421627,0.0417401753365993,0.0252469163388013,0.0333943888545036,2.15057635307312,6.021400451660156,0.422410249710083,0.3041475713253021
1415,29801,35,2,7,plus,7,0.0025,0.0025,0.0021897365804761,0.002195217879489,13687.0,3252105.75,7139.080688389193,79.35975302842186,2365.0,47.99076843261719,0.0003057307621929,0.0257897935807704,0.0325126685202121,0.0218789111822843,0.0452771298587322,0.017795966938138,8.833017349243164,8.9212064743042,2.157782077789306,0.5844389796257019
1415,29801,36,2,1,plus,8,0.005,0.005,0.0166266057640314,0.0167099460959434,84275.0,203339568.0,3397793.220452428,219.05305191100967,6528.0,48.48685836791992,0.0011892077745869,0.044319562613964,0.0304092969745397,0.0451588854193687,0.0295377913862466,0.0365017279982566,3.901416301727295,9.86105251312256,3.3765461444854736,0.8627018332481384
1415,29801,36,2,2,plus,8,0.005,0.005,0.0100537622347474,0.0101041570305824,244274.0,220180992.0,2224743.3183174133,305.7279957048421,9111.0,75.7269058227539,0.0007651544292457,0.0448898784816265,0.0217880867421627,0.0417401753365993,0.0252469163388013,0.0333943888545036,2.15057635307312,6.021400451660156,0.422410249710083,0.3041475713253021
1415,29801,36,2,7,plus,8,0.005,0.005,0.0021897365804761,0.0022007126826792,13735.0,3225610.75,7098.6424869116745,79.42686487030636,2367.0,47.99076843261719,0.0003057307621929,0.0257897935807704,0.0325126685202121,0.0218789111822843,0.0452771298587322,0.017795966938138,8.833017349243164,8.9212064743042,2.157782077789306,0.5844389796257019
1415,29801,37,2,1,plus,9,0.01,0.01,0.0166266057640314,0.016793705523014,84567.0,209461408.0,3517633.204387903,219.3214992785477,6536.0,48.48685836791992,0.0011892077745869,0.044319562613964,0.0304092969745397,0.0451588854193687,0.0295377913862466,0.0365017279982566,3.901416301727295,9.86105251312256,3.3765461444854736,0.8627018332481384
1415,29801,37,2,2,plus,9,0.01,0.01,0.0100537622347474,0.0101548042148351,245101.0,223676528.0,2271391.349294096,306.16422267709135,9124.0,75.7269058227539,0.0007651544292457,0.0448898784816265,0.0217880867421627,0.0417401753365993,0.0252469163388013,0.0333943888545036,2.15057635307312,6.021400451660156,0.422410249710083,0.3041475713253021
1415,29801,37,2,7,plus,9,0.01,0.01,0.0021897365804761,0.0022117437329143,13881.0,3241573.75,7169.5304263420985,79.69531223784436,2375.0,47.99076843261719,0.0003057307621929,0.0257897935807704,0.0325126685202121,0.0218789111822843,0.0452771298587322,0.017795966938138,8.833017349243164,8.9212064743042,2.157782077789306,0.5844389796257019
1415,29801,38,2,1,plus,10,0.02,0.02,0.0166266057640314,0.0169624853879213,84703.0,212318480.0,3601449.114585668,219.58994664608568,6544.0,48.48685836791992,0.0011892077745869,0.044319562613964,0.0304092969745397,0.0451588854193687,0.0295377913862466,0.0365017279982566,3.901416301727295,9.86105251312256,3.3765461444854736,0.8627018332481384
1415,29801,38,2,2,plus,10,0.02,0.02,0.0100537622347474,0.0102568613365292,245647.0,223683072.0,2294286.2528328896,306.43267004462933,9132.0,75.7269058227539,0.0007651544292457,0.0448898784816265,0.0217880867421627,0.0417401753365993,0.0252469163388013,0.0333943888545036,2.15057635307312,6.021400451660156,0.422410249710083,0.3041475713253021
1415,29801,38,2,7,plus,10,0.02,0.02,0.0021897365804761,0.0022339720744639,13818.0,3367665.75,7523.2712416287395,79.72886815878661,2376.0,47.99076843261719,0.0003057307621929,0.0257897935807704,0.0325126685202121,0.0218789111822843,0.0452771298587322,0.017795966938138,8.833017349243164,8.9212064743042,2.157782077789306,0.5844389796257019
1415,29801,39,2,1,plus,11,0.05,0.05,0.0166266057640314,0.0174790695309638,85109.0,223864736.0,3912947.286074877,219.9926176973927,6556.0,48.48685836791992,0.0011892077745869,0.044319562613964,0.0304092969745397,0.0451588854193687,0.0295377913862466,0.0365017279982566,3.901416301727295,9.86105251312256,3.3765461444854736,0.8627018332481384
1415,29801,39,2,2,plus,11,0.05,0.05,0.0100537622347474,0.010569229722023,250347.0,237314560.0,2508232.101020813,309.18425556189385,9214.0,75.7269058227539,0.0007651544292457,0.0448898784816265,0.0217880867421627,0.0417401753365993,0.0252469163388013,0.0333943888545036,2.15057635307312,6.021400451660156,0.422410249710083,0.3041475713253021
1415,29801,39,2,7,plus,11,0.05,0.05,0.0021897365804761,0.0023020068183541,14191.0,3262357.75,7509.969784410438,80.56776618234287,2401.0,47.99076843261719,0.0003057307621929,0.0257897935807704,0.0325126685202121,0.0218789111822843,0.0452771298587322,0.017795966938138,8.833017349243164,8.9212064743042,2.157782077789306,0.5844389796257019
1415,29801,40,2,1,plus,12,0.1,0.1,0.0166266057640314,0.0183752421289682,85830.0,251113424.0,4614269.967834264,220.89862756283344,6583.0,48.48685836791992,0.0011892077745869,0.044319562613964,0.0304092969745397,0.0451588854193687,0.0295377913862466,0.0365017279982566,3.901416301727295,9.86105251312256,3.3765461444854736,0.8627018332481384
1415,29801,40,2,2,plus,12,0.1,0.1,0.0100537622347474,0.011111126281321,256567.0,254780128.0,2830894.176179141,312.8418509445992,9323.0,75.7269058227539,0.0007651544292457,0.0448898784816265,0.0217880867421627,0.0417401753365993,0.0252469163388013,0.0333943888545036,2.15057635307312,6.021400451660156,0.422410249710083,0.3041475713253021
1415,29801,40,2,7,plus,12,0.1,0.1,0.0021897365804761,0.0024200333282351,14311.0,3401505.25,8231.756071166834,81.03754907553437,2415.0,47.99076843261719,0.0003057307621929,0.0257897935807704,0.0325126685202121,0.0218789111822843,0.0452771298587322,0.017795966938138,8.833017349243164,8.9212064743042,2.157782077789306,0.5844389796257019
1415,29801,41,2,1,center_duplicate,-1,0.0,0.0,0.0166266057640314,0.0166266057640314,84326.0,202258960.0,3362879.9901629984,219.12016375289417,6530.0,48.48685836791992,0.0011892077745869,0.044319562613964,0.0304092969745397,0.0451588854193687,0.0295377913862466,0.0365017279982566,3.901416301727295,9.86105251312256,3.3765461444854736,0.8627018332481384
1415,29801,41,2,2,center_duplicate,-1,0.0,0.0,0.0100537622347474,0.0100537622347474,243958.0,217486368.0,2186556.2331707776,305.4595483373041,9103.0,75.7269058227539,0.0007651544292457,0.0448898784816265,0.0217880867421627,0.0417401753365993,0.0252469163388013,0.0333943888545036,2.15057635307312,6.021400451660156,0.422410249710083,0.3041475713253021
1415,29801,41,2,7,center_duplicate,-1,0.0,0.0,0.0021897365804761,0.0021897365804761,13683.0,3157707.75,6914.548170628084,79.35975302842186,2365.0,47.99076843261719,0.0003057307621929,0.0257897935807704,0.0325126685202121,0.0218789111822843,0.0452771298587322,0.017795966938138,8.833017349243164,8.9212064743042,2.157782077789306,0.5844389796257019
1415,29801,42,3,1,minus,0,-0.1,0.1,0.0030624063219875,0.0027709798887372,4093.0,1781086.625,4935.355217973818,58.72286164893795,1750.0,68.69004821777344,0.0025674765929579,0.0119783859699964,0.0491933897137641,0.0344496145844459,0.010044421069324,0.0135199222713708,6.216831684112549,3.313960075378418,6.278366088867188,0.7253406047821045
1415,29801,42,3,2,minus,0,-0.1,0.1,0.0152102718129754,0.013762823306024,53350.0,62616216.0,861775.9168998376,153.78678567833293,4583.0,96.0049057006836,0.0020888946019113,0.0492519363760948,0.033308882266283,0.0218277648091316,0.0236985776573419,0.0186962261795997,5.5608625411987305,0.1537047326564788,5.821068286895752,0.7542546987533569
1415,29801,42,3,7,minus,0,-0.1,0.1,0.0139875570312142,0.0126564651727676,147073.0,119490224.0,1512323.858542204,238.0121472433811,7093.0,89.26822662353516,0.0008241399773396,0.0486867688596248,0.0172926541417837,0.0131852496415376,0.0318209826946258,0.0380514785647392,3.277904748916626,5.072831630706787,3.020468711853028,0.4343680143356323
1415,29801,43,3,1,minus,1,-0.05,0.05,0.0030624063219875,0.002913051052019,4341.0,1724293.875,5022.956086558668,59.99798664474346,1788.0,68.69004821777344,0.0025674765929579,0.0119783859699964,0.0491933897137641,0.0344496145844459,0.010044421069324,0.0135199222713708,6.216831684112549,3.313960075378418,6.278366088867188,0.7253406047821045
1415,29801,43,3,2,minus,1,-0.05,0.05,0.0152102718129754,0.0144684584811329,54283.0,69516768.0,1005800.471550554,154.9612429113117,4618.0,96.0049057006836,0.0020888946019113,0.0492519363760948,0.033308882266283,0.0218277648091316,0.0236985776573419,0.0186962261795997,5.5608625411987305,0.1537047326564788,5.821068286895752,0.7542546987533569
1415,29801,43,3,7,minus,1,-0.05,0.05,0.0139875570312142,0.0133053762838244,149959.0,126102904.0,1677846.5882029906,240.2268380255696,7159.0,89.26822662353516,0.0008241399773396,0.0486867688596248,0.0172926541417837,0.0131852496415376,0.0318209826946258,0.0380514785647392,3.277904748916626,5.072831630706787,3.020468711853028,0.4343680143356323
1415,29801,44,3,1,minus,2,-0.02,0.02,0.0030624063219875,0.003001766745001,4305.0,1887866.875,5666.936004364106,60.80332874735747,1812.0,68.69004821777344,0.0025674765929579,0.0119783859699964,0.0491933897137641,0.0344496145844459,0.010044421069324,0.0135199222713708,6.216831684112549,3.313960075378418,6.278366088867188,0.7253406047821045
1415,29801,44,3,2,minus,2,-0.02,0.02,0.0152102718129754,0.0149090886116027,54715.0,72293112.0,1077824.4128165245,155.6994731720412,4640.0,96.0049057006836,0.0020888946019113,0.0492519363760948,0.033308882266283,0.0218277648091316,0.0236985776573419,0.0186962261795997,5.5608625411987305,0.1537047326564788,5.821068286895752,0.7542546987533569
1415,29801,44,3,7,minus,2,-0.02,0.02,0.0139875570312142,0.0137105854228138,152129.0,130387120.0,1787683.7467946855,242.0388577564511,7213.0,89.26822662353516,0.0008241399773396,0.0486867688596248,0.0172926541417837,0.0131852496415376,0.0318209826946258,0.0380514785647392,3.277904748916626,5.072831630706787,3.020468711853028,0.4343680143356323
1415,29801,45,3,1,minus,3,-0.01,0.01,0.0030624063219875,0.0030319348443299,4249.0,2031492.0,6159.351380777545,60.93755243112647,1816.0,68.69004821777344,0.0025674765929579,0.0119783859699964,0.0491933897137641,0.0344496145844459,0.010044421069324,0.0135199222713708,6.216831684112549,3.313960075378418,6.278366088867188,0.7253406047821045
1415,29801,45,3,2,minus,3,-0.01,0.01,0.0152102718129754,0.0150589272379875,54968.0,72008072.0,1084364.3167957664,155.80014093486795,4643.0,96.0049057006836,0.0020888946019113,0.0492519363760948,0.033308882266283,0.0218277648091316,0.0236985776573419,0.0186962261795997,5.5608625411987305,0.1537047326564788,5.821068286895752,0.7542546987533569
1415,29801,45,3,7,minus,3,-0.01,0.01,0.0139875570312142,0.0138483783230185,152881.0,132655800.0,1837067.7051426845,242.4415288077581,7225.0,89.26822662353516,0.0008241399773396,0.0486867688596248,0.0172926541417837,0.0131852496415376,0.0318209826946258,0.0380514785647392,3.277904748916626,5.072831630706787,3.020468711853028,0.4343680143356323
1415,29801,46,3,1,minus,4,-0.005,0.005,0.0030624063219875,0.0030471323989331,4275.0,1969297.875,6000.711358062748,60.870440589241966,1814.0,68.69004821777344,0.0025674765929579,0.0119783859699964,0.0491933897137641,0.0344496145844459,0.010044421069324,0.0135199222713708,6.216831684112549,3.313960075378418,6.278366088867188,0.7253406047821045
1415,29801,46,3,2,minus,4,-0.005,0.005,0.0152102718129754,0.0151344100013375,55129.0,73238936.0,1108428.0854857191,155.90080869769469,4646.0,96.0049057006836,0.0020888946019113,0.0492519363760948,0.033308882266283,0.0218277648091316,0.0236985776573419,0.0186962261795997,5.5608625411987305,0.1537047326564788,5.821068286895752,0.7542546987533569
1415,29801,46,3,7,minus,4,-0.005,0.005,0.0139875570312142,0.0139177935197949,152848.0,132589072.0,1845347.3270772249,242.40797288681583,7224.0,89.26822662353516,0.0008241399773396,0.0486867688596248,0.0172926541417837,0.0131852496415376,0.0318209826946258,0.0380514785647392,3.277904748916626,5.072831630706787,3.020468711853028,0.4343680143356323
1415,29801,47,3,1,minus,5,-0.0025,0.0025,0.0030624063219875,0.0030547596979886,4255.0,1815869.5,5547.044965406763,61.13888795677997,1822.0,68.69004821777344,0.0025674765929579,0.0119783859699964,0.0491933897137641,0.0344496145844459,0.010044421069324,0.0135199222713708,6.216831684112549,3.313960075378418,6.278366088867188,0.7253406047821045
1415,29801,47,3,2,minus,5,-0.0025,0.0025,0.0152102718129754,0.0151722934097051,54964.0,73920984.0,1121550.8583821207,155.80014093486795,4643.0,96.0049057006836,0.0020888946019113,0.0492519363760948,0.033308882266283,0.0218277648091316,0.0236985776573419,0.0186962261795997,5.5608625411987305,0.1537047326564788,5.821068286895752,0.7542546987533569
1415,29801,47,3,7,minus,5,-0.0025,0.0025,0.0139875570312142,0.0139526315033435,153201.0,131585792.0,1835968.066851616,242.7099761752961,7233.0,89.26822662353516,0.0008241399773396,0.0486867688596248,0.0172926541417837,0.0131852496415376,0.0318209826946258,0.0380514785647392,3.277904748916626,5.072831630706787,3.020468711853028,0.4343680143356323
1415,29801,48,3,1,center,6,0.0,0.0,0.0030624063219875,0.0030624063219875,4285.0,1833741.0,5615.660031287698,61.20599979866447,1824.0,68.69004821777344,0.0025674765929579,0.0119783859699964,0.0491933897137641,0.0344496145844459,0.010044421069324,0.0135199222713708,6.216831684112549,3.313960075378418,6.278366088867188,0.7253406047821045
1415,29801,48,3,2,center,6,0.0,0.0,0.0152102718129754,0.0152102718129754,55208.0,72815744.0,1107547.258504033,156.06858830240594,4651.0,96.0049057006836,0.0020888946019113,0.0492519363760948,0.033308882266283,0.0218277648091316,0.0236985776573419,0.0186962261795997,5.5608625411987305,0.1537047326564788,5.821068286895752,0.7542546987533569
1415,29801,48,3,7,center,6,0.0,0.0,0.0139875570312142,0.0139875570312142,152939.0,134536896.0,1881842.5056025384,242.4415288077581,7225.0,89.26822662353516,0.0008241399773396,0.0486867688596248,0.0172926541417837,0.0131852496415376,0.0318209826946258,0.0380514785647392,3.277904748916626,5.072831630706787,3.020468711853028,0.4343680143356323
1415,29801,49,3,1,plus,7,0.0025,0.0025,0.0030624063219875,0.0030700720380991,4287.0,1880106.25,5772.061626780487,61.34022348243347,1828.0,68.69004821777344,0.0025674765929579,0.0119783859699964,0.0491933897137641,0.0344496145844459,0.010044421069324,0.0135199222713708,6.216831684112549,3.313960075378418,6.278366088867188,0.7253406047821045
1415,29801,49,3,2,plus,7,0.0025,0.0025,0.0152102718129754,0.0152483452111482,55245.0,72629752.0,1107483.531096086,156.1021442233482,4652.0,96.0049057006836,0.0020888946019113,0.0492519363760948,0.033308882266283,0.0218277648091316,0.0236985776573419,0.0186962261795997,5.5608625411987305,0.1537047326564788,5.821068286895752,0.7542546987533569
1415,29801,49,3,7,plus,7,0.0025,0.0025,0.0139875570312142,0.0140225701034069,153049.0,137725616.0,1931267.1053949,242.5757524915271,7229.0,89.26822662353516,0.0008241399773396,0.0486867688596248,0.0172926541417837,0.0131852496415376,0.0318209826946258,0.0380514785647392,3.277904748916626,5.072831630706787,3.020468711853028,0.4343680143356323
1415,29801,50,3,1,plus,8,0.005,0.005,0.0030624063219875,0.0030777566134929,4279.0,1928732.625,5936.169592253398,61.34022348243347,1828.0,68.69004821777344,0.0025674765929579,0.0119783859699964,0.0491933897137641,0.0344496145844459,0.010044421069324,0.0135199222713708,6.216831684112549,3.313960075378418,6.278366088867188,0.7253406047821045
1415,29801,50,3,2,plus,8,0.005,0.005,0.0152102718129754,0.0152865136042237,55207.0,74138744.0,1133322.9187560603,156.1021442233482,4652.0,96.0049057006836,0.0020888946019113,0.0492519363760948,0.033308882266283,0.0218277648091316,0.0236985776573419,0.0186962261795997,5.5608625411987305,0.1537047326564788,5.821068286895752,0.7542546987533569
1415,29801,50,3,7,plus,8,0.005,0.005,0.0139875570312142,0.014057669788599,153370.0,137897328.0,1938515.101754129,242.87775578000736,7238.0,89.26822662353516,0.0008241399773396,0.0486867688596248,0.0172926541417837,0.0131852496415376,0.0318209826946258,0.0380514785647392,3.277904748916626,5.072831630706787,3.020468711853028,0.4343680143356323
1415,29801,51,3,1,plus,9,0.01,0.01,0.0030624063219875,0.0030931839719414,4282.0,2041614.875,6315.09040822729,61.34022348243347,1828.0,68.69004821777344,0.0025674765929579,0.0119783859699964,0.0491933897137641,0.0344496145844459,0.010044421069324,0.0135199222713708,6.216831684112549,3.313960075378418,6.278366088867188,0.7253406047821045
1415,29801,51,3,2,plus,9,0.01,0.01,0.0152102718129754,0.0153631381690502,55267.0,74740176.0,1148243.650667131,156.3034797490017,4658.0,96.0049057006836,0.0020888946019113,0.0492519363760948,0.033308882266283,0.0218277648091316,0.0236985776573419,0.0186962261795997,5.5608625411987305,0.1537047326564788,5.821068286895752,0.7542546987533569
1415,29801,51,3,7,plus,9,0.01,0.01,0.0139875570312142,0.0141281345859169,153506.0,136462304.0,1927957.7968163192,243.0119794637764,7242.0,89.26822662353516,0.0008241399773396,0.0486867688596248,0.0172926541417837,0.0131852496415376,0.0318209826946258,0.0380514785647392,3.277904748916626,5.072831630706787,3.020468711853028,0.4343680143356323
1415,29801,52,3,1,plus,10,0.02,0.02,0.0030624063219875,0.0031242710538208,4254.0,2112660.5,6600.524046700681,61.74289453374048,1840.0,68.69004821777344,0.0025674765929579,0.0119783859699964,0.0491933897137641,0.0344496145844459,0.010044421069324,0.0135199222713708,6.216831684112549,3.313960075378418,6.278366088867188,0.7253406047821045
1415,29801,52,3,2,plus,10,0.02,0.02,0.0152102718129754,0.0155175393447279,55728.0,75569248.0,1172648.7790915072,156.73970672125097,4671.0,96.0049057006836,0.0020888946019113,0.0492519363760948,0.033308882266283,0.0218277648091316,0.0236985776573419,0.0186962261795997,5.5608625411987305,0.1537047326564788,5.821068286895752,0.7542546987533569
1415,29801,52,3,7,plus,10,0.02,0.02,0.0139875570312142,0.0142701240256428,154256.0,141008640.0,2012210.7814872265,243.5488741988524,7258.0,89.26822662353516,0.0008241399773396,0.0486867688596248,0.0172926541417837,0.0131852496415376,0.0318209826946258,0.0380514785647392,3.277904748916626,5.072831630706787,3.020468711853028,0.4343680143356323
1415,29801,53,3,1,plus,11,0.05,0.05,0.0030624063219875,0.0032194191589951,4364.0,2292826.25,7381.568757497007,62.85023992483473,1873.0,68.69004821777344,0.0025674765929579,0.0119783859699964,0.0491933897137641,0.0344496145844459,0.010044421069324,0.0135199222713708,6.216831684112549,3.313960075378418,6.278366088867188,0.7253406047821045
1415,29801,53,3,2,plus,11,0.05,0.05,0.0152102718129754,0.0159901194274425,56064.0,77834344.0,1244580.4561166463,157.20948961444245,4685.0,96.0049057006836,0.0020888946019113,0.0492519363760948,0.033308882266283,0.0218277648091316,0.0236985776573419,0.0186962261795997,5.5608625411987305,0.1537047326564788,5.821068286895752,0.7542546987533569
1415,29801,53,3,7,plus,11,0.05,0.05,0.0139875570312142,0.0147047145292162,156413.0,147082224.0,2162802.116242245,245.1260024831381,7305.0,89.26822662353516,0.0008241399773396,0.0486867688596248,0.0172926541417837,0.0131852496415376,0.0318209826946258,0.0380514785647392,3.277904748916626,5.072831630706787,3.020468711853028,0.4343680143356323
1415,29801,54,3,1,plus,12,0.1,0.1,0.0030624063219875,0.0033844825811684,4550.0,2805525.25,9495.251339653158,64.12536492064024,1911.0,68.69004821777344,0.0025674765929579,0.0119783859699964,0.0491933897137641,0.0344496145844459,0.010044421069324,0.0135199222713708,6.216831684112549,3.313960075378418,6.278366088867188,0.7253406047821045
1415,29801,54,3,2,plus,12,0.1,0.1,0.0152102718129754,0.0168099515140056,56826.0,78602736.0,1321308.1810281873,158.01483171705647,4709.0,96.0049057006836,0.0020888946019113,0.0492519363760948,0.033308882266283,0.0218277648091316,0.0236985776573419,0.0186962261795997,5.5608625411987305,0.1537047326564788,5.821068286895752,0.7542546987533569
1415,29801,54,3,7,plus,12,0.1,0.1,0.0139875570312142,0.0154586415737867,158926.0,155833056.0,2408967.3580518365,246.9715781349619,7360.0,89.26822662353516,0.0008241399773396,0.0486867688596248,0.0172926541417837,0.0131852496415376,0.0318209826946258,0.0380514785647392,3.277904748916626,5.072831630706787,3.020468711853028,0.4343680143356323
1415,29801,55,3,1,center_duplicate,-1,0.0,0.0,0.0030624063219875,0.0030624063219875,4285.0,1833741.0,5615.660031287698,61.20599979866447,1824.0,68.69004821777344,0.0025674765929579,0.0119783859699964,0.0491933897137641,0.0344496145844459,0.010044421069324,0.0135199222713708,6.216831684112549,3.313960075378418,6.278366088867188,0.7253406047821045
1415,29801,55,3,2,center_duplicate,-1,0.0,0.0,0.0152102718129754,0.0152102718129754,55208.0,72815744.0,1107547.258504033,156.06858830240594,4651.0,96.0049057006836,0.0020888946019113,0.0492519363760948,0.033308882266283,0.0218277648091316,0.0236985776573419,0.0186962261795997,5.5608625411987305,0.1537047326564788,5.821068286895752,0.7542546987533569
1415,29801,55,3,7,center_duplicate,-1,0.0,0.0,0.0139875570312142,0.0139875570312142,152939.0,134536896.0,1881842.5056025384,242.4415288077581,7225.0,89.26822662353516,0.0008241399773396,0.0486867688596248,0.0172926541417837,0.0131852496415376,0.0318209826946258,0.0380514785647392,3.277904748916626,5.072831630706787,3.020468711853028,0.4343680143356323
1415,29801,56,4,1,minus,0,-0.1,0.1,0.0108905816450715,0.0098542058840394,115971.0,34705196.0,341992.1466299407,248.5822623401899,7408.0,33.49873733520508,0.0002443856210447,0.0386488735675811,0.0286058206111192,0.017027685418725,0.0424789972603321,0.0291590932756662,3.127815723419189,7.227877616882324,7.630624294281006,0.9706724286079408
1415,29801,56,4,2,minus,0,-0.1,0.1,0.0116654084995388,0.0105552980676293,125181.0,121439352.0,1281828.557499759,208.0467098419516,6200.0,38.7281608581543,0.0025844236370176,0.0295098964124918,0.0405808053910732,0.046412743628025,0.0416797697544097,0.0448324494063854,0.7273001670837402,9.898069381713867,9.137249946594238,0.9603471159934998
1415,29801,56,4,7,minus,0,-0.1,0.1,0.0098292483016848,0.008893871679902,4223.0,6222.2021484375,55.33946747461414,24.663601892553935,735.0,4.61674165725708,0.0038823534268885,0.0212451666593551,0.0269096083939075,0.0197803676128387,0.0193378403782844,0.0118202436715364,1.170051097869873,1.0662606954574585,7.525685787200928,0.8699729442596436
1415,29801,57,4,1,minus,1,-0.05,0.05,0.0108905816450715,0.0103594418615102,118396.0,39734436.0,411626.57964190096,250.8976208852052,7477.0,33.49873733520508,0.0002443856210447,0.0386488735675811,0.0286058206111192,0.017027685418725,0.0424789972603321,0.0291590932756662,3.127815723419189,7.227877616882324,7.630624294281006,0.9706724286079408
1415,29801,57,4,2,minus,1,-0.05,0.05,0.0116654084995388,0.0110964803025126,129152.0,132794944.0,1473556.4803692698,210.49629207073588,6273.0,38.7281608581543,0.0025844236370176,0.0295098964124918,0.0405808053910732,0.046412743628025,0.0416797697544097,0.0448324494063854,0.7273001670837402,9.898069381713867,9.137249946594238,0.9603471159934998
1415,29801,57,4,7,minus,1,-0.05,0.05,0.0098292483016848,0.0093498704954981,4238.0,8062.62060546875,75.38445851546794,25.569611757994696,762.0,4.61674165725708,0.0038823534268885,0.0212451666593551,0.0269096083939075,0.0197803676128387,0.0193378403782844,0.0118202436715364,1.170051097869873,1.0662606954574585,7.525685787200928,0.8699729442596436
1415,29801,58,4,1,minus,2,-0.02,0.02,0.0108905816450715,0.0106749339029192,120436.0,40053544.0,427568.9347776696,252.5754169323177,7527.0,33.49873733520508,0.0002443856210447,0.0386488735675811,0.0286058206111192,0.017027685418725,0.0424789972603321,0.0291590932756662,3.127815723419189,7.227877616882324,7.630624294281006,0.9706724286079408
1415,29801,58,4,2,minus,2,-0.02,0.02,0.0116654084995388,0.0114344181492924,131218.0,143138768.0,1636708.526686564,212.50964732727087,6333.0,38.7281608581543,0.0025844236370176,0.0295098964124918,0.0405808053910732,0.046412743628025,0.0416797697544097,0.0448324494063854,0.7273001670837402,9.898069381713867,9.137249946594238,0.9603471159934998
1415,29801,58,4,7,minus,2,-0.02,0.02,0.0098292483016848,0.0096346158534288,4193.0,8535.076171875,82.23218019576962,25.87161504647495,771.0,4.61674165725708,0.0038823534268885,0.0212451666593551,0.0269096083939075,0.0197803676128387,0.0193378403782844,0.0118202436715364,1.170051097869873,1.0662606954574585,7.525685787200928,0.8699729442596436
1415,29801,59,4,1,minus,3,-0.01,0.01,0.0108905816450715,0.0107822185382246,120911.0,41119596.0,443360.4702755101,252.87742022079797,7536.0,33.49873733520508,0.0002443856210447,0.0386488735675811,0.0286058206111192,0.017027685418725,0.0424789972603321,0.0291590932756662,3.127815723419189,7.227877616882324,7.630624294281006,0.9706724286079408
1415,29801,59,4,2,minus,3,-0.01,0.01,0.0116654084995388,0.0115493359044194,132256.0,147110544.0,1699029.0877378732,213.2478775880004,6355.0,38.7281608581543,0.0025844236370176,0.0295098964124918,0.0405808053910732,0.046412743628025,0.0416797697544097,0.0448324494063854,0.7273001670837402,9.898069381713867,9.137249946594238,0.9603471159934998
1415,29801,59,4,7,minus,3,-0.01,0.01,0.0098292483016848,0.0097314454615116,4271.0,8420.6474609375,81.94507151672951,26.274286097781957,783.0,4.61674165725708,0.0038823534268885,0.0212451666593551,0.0269096083939075,0.0197803676128387,0.0193378403782844,0.0118202436715364,1.170051097869873,1.0662606954574585,7.525685787200928,0.8699729442596436
1415,29801,60,4,1,minus,4,-0.005,0.005,0.0108905816450715,0.0108362641185522,121301.0,40261144.0,436280.3900990635,253.21297943022049,7546.0,33.49873733520508,0.0002443856210447,0.0386488735675811,0.0286058206111192,0.017027685418725,0.0424789972603321,0.0291590932756662,3.127815723419189,7.227877616882324,7.630624294281006,0.9706724286079408
1415,29801,60,4,2,minus,4,-0.005,0.005,0.0116654084995388,0.0116072269156575,132745.0,144667184.0,1679184.831937179,213.61699271836517,6366.0,38.7281608581543,0.0025844236370176,0.0295098964124918,0.0405808053910732,0.046412743628025,0.0416797697544097,0.0448324494063854,0.7273001670837402,9.898069381713867,9.137249946594238,0.9603471159934998
1415,29801,60,4,7,minus,4,-0.005,0.005,0.0098292483016848,0.0097802244126796,4329.0,11321.8291015625,110.73002937528872,26.408509781550958,787.0,4.61674165725708,0.0038823534268885,0.0212451666593551,0.0269096083939075,0.0197803676128387,0.0193378403782844,0.0118202436715364,1.170051097869873,1.0662606954574585,7.525685787200928,0.8699729442596436
1415,29801,61,4,1,minus,5,-0.0025,0.0025,0.0108905816450715,0.0108633888885378,121247.0,41369172.0,449409.4034328125,253.21297943022049,7546.0,33.49873733520508,0.0002443856210447,0.0386488735675811,0.0286058206111192,0.017027685418725,0.0424789972603321,0.0291590932756662,3.127815723419189,7.227877616882324,7.630624294281006,0.9706724286079408
1415,29801,61,4,2,minus,5,-0.0025,0.0025,0.0116654084995388,0.0116362813860178,132888.0,146082224.0,1699853.8639592826,213.7847723230764,6371.0,38.7281608581543,0.0025844236370176,0.0295098964124918,0.0405808053910732,0.046412743628025,0.0416797697544097,0.0448324494063854,0.7273001670837402,9.898069381713867,9.137249946594238,0.9603471159934998
1415,29801,61,4,7,minus,5,-0.0025,0.0025,0.0098292483016848,0.0098047060891985,4352.0,12121.66796875,118.84939174444662,26.509177544377703,790.0,4.61674165725708,0.0038823534268885,0.0212451666593551,0.0269096083939075,0.0197803676128387,0.0193378403782844,0.0118202436715364,1.170051097869873,1.0662606954574585,7.525685787200928,0.8699729442596436
1415,29801,62,4,1,center,6,0.0,0.0,0.0108905816450715,0.0108905816450715,121495.0,41580612.0,452837.04983804,253.41431495587395,7552.0,33.49873733520508,0.0002443856210447,0.0386488735675811,0.0286058206111192,0.017027685418725,0.0424789972603321,0.0291590932756662,3.127815723419189,7.227877616882324,7.630624294281006,0.9706724286079408
1415,29801,62,4,2,center,6,0.0,0.0,0.0116654084995388,0.0116654084995388,132989.0,148855248.0,1736457.2752201706,214.01966376967212,6378.0,38.7281608581543,0.0025844236370176,0.0295098964124918,0.0405808053910732,0.046412743628025,0.0416797697544097,0.0448324494063854,0.7273001670837402,9.898069381713867,9.137249946594238,0.9603471159934998
1415,29801,62,4,7,center,6,0.0,0.0,0.0098292483016848,0.0098292483016848,4351.0,11862.89453125,116.60333592435563,26.67695714908896,795.0,4.61674165725708,0.0038823534268885,0.0212451666593551,0.0269096083939075,0.0197803676128387,0.0193378403782844,0.0118202436715364,1.170051097869873,1.0662606954574585,7.525685787200928,0.8699729442596436
1415,29801,63,4,1,plus,7,0.0025,0.0025,0.0108905816450715,0.010917842388153,121755.0,41785112.0,456203.26698732376,253.61565048152744,7558.0,33.49873733520508,0.0002443856210447,0.0386488735675811,0.0286058206111192,0.017027685418725,0.0424789972603321,0.0291590932756662,3.127815723419189,7.227877616882324,7.630624294281006,0.9706724286079408
1415,29801,63,4,2,plus,7,0.0025,0.0025,0.0116654084995388,0.0116946091875433,133308.0,151429520.0,1770909.055857286,214.1203315324989,6381.0,38.7281608581543,0.0025844236370176,0.0295098964124918,0.0405808053910732,0.046412743628025,0.0416797697544097,0.0448324494063854,0.7273001670837402,9.898069381713867,9.137249946594238,0.9603471159934998
1415,29801,63,4,7,plus,7,0.0025,0.0025,0.0098292483016848,0.0098538529127836,4354.0,12521.03125,123.38040025386726,26.710513070031205,796.0,4.61674165725708,0.0038823534268885,0.0212451666593551,0.0269096083939075,0.0197803676128387,0.0193378403782844,0.0118202436715364,1.170051097869873,1.0662606954574585,7.525685787200928,0.8699729442596436
1415,29801,64,4,1,plus,8,0.005,0.005,0.0108905816450715,0.0109451711177825,121706.0,41607200.0,455397.9237318039,253.5820945605852,7557.0,33.49873733520508,0.0002443856210447,0.0386488735675811,0.0286058206111192,0.017027685418725,0.0424789972603321,0.0291590932756662,3.127815723419189,7.227877616882324,7.630624294281006,0.9706724286079408
1415,29801,64,4,2,plus,8,0.005,0.005,0.0116654084995388,0.0117238815873861,133667.0,151890192.0,1780742.6252933445,214.2881111372101,6386.0,38.7281608581543,0.0025844236370176,0.0295098964124918,0.0405808053910732,0.046412743628025,0.0416797697544097,0.0448324494063854,0.7273001670837402,9.898069381713867,9.137249946594238,0.9603471159934998
1415,29801,64,4,7,plus,8,0.005,0.005,0.0098292483016848,0.0098785171285271,4362.0,13868.4580078125,136.9997999764355,26.777624911915705,798.0,4.61674165725708,0.0038823534268885,0.0212451666593551,0.0269096083939075,0.0197803676128387,0.0193378403782844,0.0118202436715364,1.170051097869873,1.0662606954574585,7.525685787200928,0.8699729442596436
1415,29801,65,4,1,plus,9,0.01,0.01,0.0108905816450715,0.011000033468008,122014.0,40833000.0,449164.3665991724,253.8505419281232,7565.0,33.49873733520508,0.0002443856210447,0.0386488735675811,0.0286058206111192,0.017027685418725,0.0424789972603321,0.0291590932756662,3.127815723419189,7.227877616882324,7.630624294281006,0.9706724286079408
1415,29801,65,4,2,plus,9,0.01,0.01,0.0116654084995388,0.0117826480418443,134016.0,155314352.0,1830014.345463127,214.3216670581524,6387.0,38.7281608581543,0.0025844236370176,0.0295098964124918,0.0405808053910732,0.046412743628025,0.0416797697544097,0.0448324494063854,0.7273001670837402,9.898069381713867,9.137249946594238,0.9603471159934998
1415,29801,65,4,7,plus,9,0.01,0.01,0.0098292483016848,0.0099280336871743,4301.0,13382.919921875,132.86607981713132,26.878292674742458,801.0,4.61674165725708,0.0038823534268885,0.0212451666593551,0.0269096083939075,0.0197803676128387,0.0193378403782844,0.0118202436715364,1.170051097869873,1.0662606954574585,7.525685787200928,0.8699729442596436
1415,29801,66,4,1,plus,10,0.02,0.02,0.0108905816450715,0.0111105861142277,123008.0,40363744.0,448464.8536046445,254.52166034696825,7585.0,33.49873733520508,0.0002443856210447,0.0386488735675811,0.0286058206111192,0.017027685418725,0.0424789972603321,0.0291590932756662,3.127815723419189,7.227877616882324,7.630624294281006,0.9706724286079408
1415,29801,66,4,2,plus,10,0.02,0.02,0.0116654084995388,0.0119010647758841,134796.0,153677168.0,1828921.930942431,214.7914499513439,6401.0,38.7281608581543,0.0025844236370176,0.0295098964124918,0.0405808053910732,0.046412743628025,0.0416797697544097,0.0448324494063854,0.7273001670837402,9.898069381713867,9.137249946594238,0.9603471159934998
1415,29801,66,4,7,plus,10,0.02,0.02,0.0098292483016848,0.0100278118625283,4286.0,13956.259765625,139.95074723426114,27.046072279453707,806.0,4.61674165725708,0.0038823534268885,0.0212451666593551,0.0269096083939075,0.0197803676128387,0.0193378403782844,0.0118202436715364,1.170051097869873,1.0662606954574585,7.525685787200928,0.8699729442596436
1415,29801,67,4,1,plus,11,0.05,0.05,0.0108905816450715,0.0114489533007144,124980.0,42422552.0,485693.8167451322,256.23301231502296,7636.0,33.49873733520508,0.0002443856210447,0.0386488735675811,0.0286058206111192,0.017027685418725,0.0424789972603321,0.0291590932756662,3.127815723419189,7.227877616882324,7.630624294281006,0.9706724286079408
1415,29801,67,4,2,plus,11,0.05,0.05,0.0116654084995388,0.0122635066509246,136587.0,163471072.0,2004728.578705788,216.5699137612832,6454.0,38.7281608581543,0.0025844236370176,0.0295098964124918,0.0405808053910732,0.046412743628025,0.0416797697544097,0.0448324494063854,0.7273001670837402,9.898069381713867,9.137249946594238,0.9603471159934998
1415,29801,67,4,7,plus,11,0.05,0.05,0.0098292483016848,0.0103332046419382,4513.0,20174.87890625,208.47115236460377,27.549411093587462,821.0,4.61674165725708,0.0038823534268885,0.0212451666593551,0.0269096083939075,0.0197803676128387,0.0193378403782844,0.0118202436715364,1.170051097869873,1.0662606954574585,7.525685787200928,0.8699729442596436
1415,29801,68,4,1,plus,12,0.1,0.1,0.0108905816450715,0.0120359547436237,128049.0,49613036.0,597140.2559897751,258.7161504647495,7710.0,33.49873733520508,0.0002443856210447,0.0386488735675811,0.0286058206111192,0.017027685418725,0.0424789972603321,0.0291590932756662,3.127815723419189,7.227877616882324,7.630624294281006,0.9706724286079408
1415,29801,68,4,2,plus,12,0.1,0.1,0.0116654084995388,0.0128922704607248,140591.0,170393792.0,2196762.851292491,219.45572296231668,6540.0,38.7281608581543,0.0025844236370176,0.0295098964124918,0.0405808053910732,0.046412743628025,0.0416797697544097,0.0448324494063854,0.7273001670837402,9.898069381713867,9.137249946594238,0.9603471159934998
1415,29801,68,4,7,plus,12,0.1,0.1,0.0098292483016848,0.0108629995957016,4557.0,21689.673828125,235.6149180258235,28.69031240562397,855.0,4.61674165725708,0.0038823534268885,0.0212451666593551,0.0269096083939075,0.0197803676128387,0.0193378403782844,0.0118202436715364,1.170051097869873,1.0662606954574585,7.525685787200928,0.8699729442596436
1415,29801,69,4,1,center_duplicate,-1,0.0,0.0,0.0108905816450715,0.0108905816450715,121495.0,41580612.0,452837.04983804,253.41431495587395,7552.0,33.49873733520508,0.0002443856210447,0.0386488735675811,0.0286058206111192,0.017027685418725,0.0424789972603321,0.0291590932756662,3.127815723419189,7.227877616882324,7.630624294281006,0.9706724286079408
1415,29801,69,4,2,center_duplicate,-1,0.0,0.0,0.0116654084995388,0.0116654084995388,132989.0,148855248.0,1736457.2752201706,214.01966376967212,6378.0,38.7281608581543,0.0025844236370176,0.0295098964124918,0.0405808053910732,0.046412743628025,0.0416797697544097,0.0448324494063854,0.7273001670837402,9.898069381713867,9.137249946594238,0.9603471159934998
1415,29801,69,4,7,center_duplicate,-1,0.0,0.0,0.0098292483016848,0.0098292483016848,4351.0,11862.89453125,116.60333592435563,26.67695714908896,795.0,4.61674165725708,0.0038823534268885,0.0212451666593551,0.0269096083939075,0.0197803676128387,0.0193378403782844,0.0118202436715364,1.170051097869873,1.0662606954574585,7.525685787200928,0.8699729442596436
1415,29801,70,5,1,minus,0,-0.1,0.1,0.0129776550456881,0.0117426682263612,7413.0,1171169.375,13752.653407499893,89.05741418073218,2654.0,24.337238311767575,0.0024092399980872,0.0323095433413982,0.0223913118243217,0.0126002123579382,0.0246993713080883,0.0182983670383691,7.951542377471924,8.247520446777344,4.818588733673096,0.2670776546001434
1415,29801,70,5,2,minus,0,-0.1,0.1,0.0048190923407673,0.0043604951351881,5584.0,1211705.625,5283.63648309256,57.95107546726619,1727.0,31.63585090637207,0.0015944018959999,0.017833586782217,0.0103708188980817,0.0133877424523234,0.0142292836681008,0.0478997603058815,6.824490547180176,1.2873531579971311,2.1796975135803223,0.67423015832901
1415,29801,70,5,7,minus,0,-0.1,0.1,0.0127071822062134,0.0114979343488812,68062.0,12685643.0,145858.69038734492,164.62534814267977,4906.0,26.436113357543945,0.0015469755744561,0.037771038711071,0.0138946194201707,0.0293865650892257,0.0210106670856475,0.0406164526939392,2.290356397628784,4.109940528869629,6.244213104248047,0.661459743976593
1415,29801,71,5,1,minus,1,-0.05,0.05,0.0129776550456881,0.0123447272926568,7541.0,1265832.0,15626.350838318467,89.79564444146169,2676.0,24.337238311767575,0.0024092399980872,0.0323095433413982,0.0223913118243217,0.0126002123579382,0.0246993713080883,0.0182983670383691,7.951542377471924,8.247520446777344,4.818588733673096,0.2670776546001434
1415,29801,71,5,2,minus,1,-0.05,0.05,0.0048190923407673,0.0045840623788535,6139.0,1212944.0,5560.210958056152,59.12553270024495,1762.0,31.63585090637207,0.0015944018959999,0.017833586782217,0.0103708188980817,0.0133877424523234,0.0142292836681008,0.0478997603058815,6.824490547180176,1.2873531579971311,2.1796975135803223,0.67423015832901
1415,29801,71,5,7,minus,1,-0.05,0.05,0.0127071822062134,0.012087445706129,70683.0,13394069.0,161900.08182164654,167.67893694842454,4997.0,26.436113357543945,0.0015469755744561,0.037771038711071,0.0138946194201707,0.0293865650892257,0.0210106670856475,0.0406164526939392,2.290356397628784,4.109940528869629,6.244213104248047,0.661459743976593
1415,29801,72,5,1,minus,2,-0.02,0.02,0.0129776550456881,0.0127206807956099,7607.0,1230981.125,15658.917956545833,90.3996510184222,2694.0,24.337238311767575,0.0024092399980872,0.0323095433413982,0.0223913118243217,0.0126002123579382,0.0246993713080883,0.0182983670383691,7.951542377471924,8.247520446777344,4.818588733673096,0.2670776546001434
1415,29801,72,5,2,minus,2,-0.02,0.02,0.0048190923407673,0.0047236680984497,6390.0,1159803.75,5478.527974337339,60.09865440757021,1791.0,31.63585090637207,0.0015944018959999,0.017833586782217,0.0103708188980817,0.0133877424523234,0.0142292836681008,0.0478997603058815,6.824490547180176,1.2873531579971311,2.1796975135803223,0.67423015832901
1415,29801,72,5,7,minus,2,-0.02,0.02,0.0127071822062134,0.0124555630609393,73385.0,14872021.0,185239.39540911373,170.16207509815106,5071.0,26.436113357543945,0.0015469755744561,0.037771038711071,0.0138946194201707,0.0293865650892257,0.0210106670856475,0.0406164526939392,2.290356397628784,4.109940528869629,6.244213104248047,0.661459743976593
1415,29801,73,5,1,minus,3,-0.01,0.01,0.0129776550456881,0.0128485253080725,7620.0,1298082.5,16678.445853216108,90.8023220697292,2706.0,24.337238311767575,0.0024092399980872,0.0323095433413982,0.0223913118243217,0.0126002123579382,0.0246993713080883,0.0182983670383691,7.951542377471924,8.247520446777344,4.818588733673096,0.2670776546001434
1415,29801,73,5,2,minus,3,-0.01,0.01,0.0048190923407673,0.0047711418010294,6356.0,1198527.625,5718.345251326042,60.16576624945471,1793.0,31.63585090637207,0.0015944018959999,0.017833586782217,0.0103708188980817,0.0133877424523234,0.0142292836681008,0.0478997603058815,6.824490547180176,1.2873531579971311,2.1796975135803223,0.67423015832901
1415,29801,73,5,7,minus,3,-0.01,0.01,0.0127071822062134,0.0125807439908385,73988.0,15308497.0,192592.28164151963,170.86674943793832,5092.0,26.436113357543945,0.0015469755744561,0.037771038711071,0.0138946194201707,0.0293865650892257,0.0210106670856475,0.0406164526939392,2.290356397628784,4.109940528869629,6.244213104248047,0.661459743976593
1415,29801,74,5,1,minus,4,-0.005,0.005,0.0129776550456881,0.0129129281267523,7648.0,1299686.375,16782.756747694337,91.0036575953827,2712.0,24.337238311767575,0.0024092399980872,0.0323095433413982,0.0223913118243217,0.0126002123579382,0.0246993713080883,0.0182983670383691,7.951542377471924,8.247520446777344,4.818588733673096,0.2670776546001434
1415,29801,74,5,2,minus,4,-0.005,0.005,0.0048190923407673,0.0047950567677617,6391.0,1264398.5,6062.862584572751,60.40065769605047,1800.0,31.63585090637207,0.0015944018959999,0.017833586782217,0.0103708188980817,0.0133877424523234,0.0142292836681008,0.0478997603058815,6.824490547180176,1.2873531579971311,2.1796975135803223,0.67423015832901
1415,29801,74,5,7,minus,4,-0.005,0.005,0.0127071822062134,0.0126438047736883,74244.0,14932689.0,188806.004462203,171.2023086473608,5102.0,26.436113357543945,0.0015469755744561,0.037771038711071,0.0138946194201707,0.0293865650892257,0.0210106670856475,0.0406164526939392,2.290356397628784,4.109940528869629,6.244213104248047,0.661459743976593
1415,29801,75,5,1,minus,5,-0.0025,0.0025,0.0129776550456881,0.0129452515393495,7666.0,1334823.375,17279.62434997852,91.0707694372672,2714.0,24.337238311767575,0.0024092399980872,0.0323095433413982,0.0223913118243217,0.0126002123579382,0.0246993713080883,0.0182983670383691,7.951542377471924,8.247520446777344,4.818588733673096,0.2670776546001434
1415,29801,75,5,2,minus,5,-0.0025,0.0025,0.0048190923407673,0.0048070596531033,6435.0,1264771.625,6079.832648927462,60.46776953793496,1802.0,31.63585090637207,0.0015944018959999,0.017833586782217,0.0103708188980817,0.0133877424523234,0.0142292836681008,0.0478997603058815,6.824490547180176,1.2873531579971311,2.1796975135803223,0.67423015832901
1415,29801,75,5,7,minus,5,-0.0025,0.0025,0.0127071822062134,0.0126754539087414,74467.0,15174120.0,192338.85866571215,171.43720009395656,5109.0,26.436113357543945,0.0015469755744561,0.037771038711071,0.0138946194201707,0.0293865650892257,0.0210106670856475,0.0406164526939392,2.290356397628784,4.109940528869629,6.244213104248047,0.661459743976593
1415,29801,76,5,1,center,6,0.0,0.0,0.0129776550456881,0.0129776550456881,7701.0,1364081.375,17702.577538997983,91.30566088386296,2721.0,24.337238311767575,0.0024092399980872,0.0323095433413982,0.0223913118243217,0.0126002123579382,0.0246993713080883,0.0182983670383691,7.951542377471924,8.247520446777344,4.818588733673096,0.2670776546001434
1415,29801,76,5,2,center,6,0.0,0.0,0.0048190923407673,0.0048190923407673,6495.0,1245221.25,6000.836188435787,60.66910506358847,1808.0,31.63585090637207,0.0015944018959999,0.017833586782217,0.0103708188980817,0.0133877424523234,0.0142292836681008,0.0478997603058815,6.824490547180176,1.2873531579971311,2.1796975135803223,0.67423015832901
1415,29801,76,5,7,center,6,0.0,0.0,0.0127071822062134,0.0127071822062134,74607.0,15314099.0,194599.0463169916,171.57142377772556,5113.0,26.436113357543945,0.0015469755744561,0.037771038711071,0.0138946194201707,0.0293865650892257,0.0210106670856475,0.0406164526939392,2.290356397628784,4.109940528869629,6.244213104248047,0.661459743976593
1415,29801,77,5,1,plus,7,0.0025,0.0025,0.0129776550456881,0.0130101405084133,7678.0,1409624.75,18339.41606163699,91.10432535820944,2715.0,24.337238311767575,0.0024092399980872,0.0323095433413982,0.0223913118243217,0.0126002123579382,0.0246993713080883,0.0182983670383691,7.951542377471924,8.247520446777344,4.818588733673096,0.2670776546001434
1415,29801,77,5,2,plus,7,0.0025,0.0025,0.0048190923407673,0.004831155296415,6521.0,1208464.375,5838.279065810202,60.80332874735747,1812.0,31.63585090637207,0.0015944018959999,0.017833586782217,0.0103708188980817,0.0133877424523234,0.0142292836681008,0.0478997603058815,6.824490547180176,1.2873531579971311,2.1796975135803223,0.67423015832901
1415,29801,77,5,7,plus,7,0.0025,0.0025,0.0127071822062134,0.0127389905974268,74593.0,15345647.0,195488.05284443215,171.57142377772556,5113.0,26.436113357543945,0.0015469755744561,0.037771038711071,0.0138946194201707,0.0293865650892257,0.0210106670856475,0.0406164526939392,2.290356397628784,4.109940528869629,6.244213104248047,0.661459743976593
1415,29801,78,5,1,plus,8,0.005,0.005,0.0129776550456881,0.0130427060648798,7839.0,1448234.75,18888.900157194817,91.27210496292072,2720.0,24.337238311767575,0.0024092399980872,0.0323095433413982,0.0223913118243217,0.0126002123579382,0.0246993713080883,0.0182983670383691,7.951542377471924,8.247520446777344,4.818588733673096,0.2670776546001434
1415,29801,78,5,2,plus,8,0.005,0.005,0.0048190923407673,0.0048432480543851,6556.0,1217271.5,5895.547824033536,60.97110835206872,1817.0,31.63585090637207,0.0015944018959999,0.017833586782217,0.0103708188980817,0.0133877424523234,0.0142292836681008,0.0478997603058815,6.824490547180176,1.2873531579971311,2.1796975135803223,0.67423015832901
1415,29801,78,5,7,plus,8,0.005,0.005,0.0127071822062134,0.0127708772197365,74667.0,15420119.0,196928.44646272715,171.70564746149458,5117.0,26.436113357543945,0.0015469755744561,0.037771038711071,0.0138946194201707,0.0293865650892257,0.0210106670856475,0.0406164526939392,2.290356397628784,4.109940528869629,6.244213104248047,0.661459743976593
1415,29801,79,5,1,plus,9,0.01,0.01,0.0129776550456881,0.0131080830469727,7867.0,1436831.75,18834.10990352719,91.4063286466897,2724.0,24.337238311767575,0.0024092399980872,0.0323095433413982,0.0223913118243217,0.0126002123579382,0.0246993713080883,0.0182983670383691,7.951542377471924,8.247520446777344,4.818588733673096,0.2670776546001434
1415,29801,79,5,2,plus,9,0.01,0.01,0.0048190923407673,0.0048675253055989,6520.0,1265815.75,6161.390195350745,61.10533203583772,1821.0,31.63585090637207,0.0015944018959999,0.017833586782217,0.0103708188980817,0.0133877424523234,0.0142292836681008,0.0478997603058815,6.824490547180176,1.2873531579971311,2.1796975135803223,0.67423015832901
1415,29801,79,5,7,plus,9,0.01,0.01,0.0127071822062134,0.0128348916769027,75138.0,15374659.0,197332.08283431828,172.20898627562832,5132.0,26.436113357543945,0.0015469755744561,0.037771038711071,0.0138946194201707,0.0293865650892257,0.0210106670856475,0.0406164526939392,2.290356397628784,4.109940528869629,6.244213104248047,0.661459743976593
1415,29801,80,5,1,plus,10,0.02,0.02,0.0129776550456881,0.0132398204877972,7821.0,1419971.625,18800.16941276577,91.54055233045872,2728.0,24.337238311767575,0.0024092399980872,0.0323095433413982,0.0223913118243217,0.0126002123579382,0.0246993713080883,0.0182983670383691,7.951542377471924,8.247520446777344,4.818588733673096,0.2670776546001434
1415,29801,80,5,2,plus,10,0.02,0.02,0.0048190923407673,0.0049164444208145,6467.0,1287334.5,6329.108520247042,60.93755243112647,1816.0,31.63585090637207,0.0015944018959999,0.017833586782217,0.0103708188980817,0.0133877424523234,0.0142292836681008,0.0478997603058815,6.824490547180176,1.2873531579971311,2.1796975135803223,0.67423015832901
1415,29801,80,5,7,plus,10,0.02,0.02,0.0127071822062134,0.0129638845100998,75512.0,15624995.0,202560.6306508882,172.74588101070432,5148.0,26.436113357543945,0.0015469755744561,0.037771038711071,0.0138946194201707,0.0293865650892257,0.0210106670856475,0.0406164526939392,2.290356397628784,4.109940528869629,6.244213104248047,0.661459743976593
1415,29801,81,5,1,plus,11,0.05,0.05,0.0129776550456881,0.0136430338025093,8099.0,1349023.75,18404.776621637862,92.4130062749572,2754.0,24.337238311767575,0.0024092399980872,0.0323095433413982,0.0223913118243217,0.0126002123579382,0.0246993713080883,0.0182983670383691,7.951542377471924,8.247520446777344,4.818588733673096,0.2670776546001434
1415,29801,81,5,2,plus,11,0.05,0.05,0.0048190923407673,0.0050661722198128,6574.0,1240241.875,6283.278932973626,61.84356229656723,1843.0,31.63585090637207,0.0015944018959999,0.017833586782217,0.0103708188980817,0.0133877424523234,0.0142292836681008,0.0478997603058815,6.824490547180176,1.2873531579971311,2.1796975135803223,0.67423015832901
1415,29801,81,5,7,plus,11,0.05,0.05,0.0127071822062134,0.0133586935698986,77190.0,16734638.0,223552.9010451809,174.55790074158585,5202.0,26.436113357543945,0.0015469755744561,0.037771038711071,0.0138946194201707,0.0293865650892257,0.0210106670856475,0.0406164526939392,2.290356397628784,4.109940528869629,6.244213104248047,0.661459743976593
1415,29801,82,5,1,plus,12,0.1,0.1,0.0129776550456881,0.0143425278365612,8227.0,1445164.75,20727.31565529201,93.41968390322472,2784.0,24.337238311767575,0.0024092399980872,0.0323095433413982,0.0223913118243217,0.0126002123579382,0.0246993713080883,0.0182983670383691,7.951542377471924,8.247520446777344,4.818588733673096,0.2670776546001434
1415,29801,82,5,2,plus,12,0.1,0.1,0.0048190923407673,0.0053259208798408,6924.0,1583454.5,8433.353383827955,63.32002281802624,1887.0,31.63585090637207,0.0015944018959999,0.017833586782217,0.0103708188980817,0.0133877424523234,0.0142292836681008,0.0478997603058815,6.824490547180176,1.2873531579971311,2.1796975135803223,0.67423015832901
1415,29801,82,5,7,plus,12,0.1,0.1,0.0127071822062134,0.0140436086803674,80235.0,19314288.0,271242.30261191726,178.34971980806012,5315.0,26.436113357543945,0.0015469755744561,0.037771038711071,0.0138946194201707,0.0293865650892257,0.0210106670856475,0.0406164526939392,2.290356397628784,4.109940528869629,6.244213104248047,0.661459743976593
1415,29801,83,5,1,center_duplicate,-1,0.0,0.0,0.0129776550456881,0.0129776550456881,7701.0,1364081.375,17702.577538997983,91.30566088386296,2721.0,24.337238311767575,0.0024092399980872,0.0323095433413982,0.0223913118243217,0.0126002123579382,0.0246993713080883,0.0182983670383691,7.951542377471924,8.247520446777344,4.818588733673096,0.2670776546001434
1415,29801,83,5,2,center_duplicate,-1,0.0,0.0,0.0048190923407673,0.0048190923407673,6495.0,1245221.25,6000.836188435787,60.66910506358847,1808.0,31.63585090637207,0.0015944018959999,0.017833586782217,0.0103708188980817,0.0133877424523234,0.0142292836681008,0.0478997603058815,6.824490547180176,1.2873531579971311,2.1796975135803223,0.67423015832901
1415,29801,83,5,7,center_duplicate,-1,0.0,0.0,0.0127071822062134,0.0127071822062134,74607.0,15314099.0,194599.0463169916,171.57142377772556,5113.0,26.436113357543945,0.0015469755744561,0.037771038711071,0.0138946194201707,0.0293865650892257,0.0210106670856475,0.0406164526939392,2.290356397628784,4.109940528869629,6.244213104248047,0.661459743976593
1415,29801,84,6,1,minus,0,-0.1,0.1,0.0181871354579925,0.0164564009755849,8209.0,17704372.0,291350.2446529195,84.29247340693264,2512.0,96.47991180419922,0.0048798769712448,0.024111283943057,0.0158774796873331,0.0440637469291687,0.0474523864686489,0.024348696693778,1.714741349220276,2.418577194213867,1.9084950685501096,0.6177399754524231
1415,29801,84,6,2,minus,0,-0.1,0.1,0.0160542204976081,0.0145264593884348,19339.0,58404116.0,848405.0191914402,99.79530888225229,2974.0,71.22661590576172,0.0039985030889511,0.0333226099610328,0.0489875711500644,0.01973164267838,0.01786351762712,0.0135439438745379,8.574448585510254,3.511550188064575,4.462161540985107,0.4764463901519775
1415,29801,84,6,7,minus,0,-0.1,0.1,0.0183411631733179,0.016595771536231,29055.0,7261491.0,120510.04564839788,108.2849568806416,3227.0,18.03076934814453,0.0031880333553999,0.013988914899528,0.0495886579155921,0.0488165244460105,0.0375402271747589,0.029685191810131,5.470731735229492,2.148503541946411,4.848639011383057,0.7454955577850342
1415,29801,85,6,1,minus,1,-0.05,0.05,0.0181871354579925,0.0173001382499933,8304.0,19237418.0,332809.9909729101,84.7958122210664,2527.0,96.47991180419922,0.0048798769712448,0.024111283943057,0.0158774796873331,0.0440637469291687,0.0474523864686489,0.024348696693778,1.714741349220276,2.418577194213867,1.9084950685501096,0.6177399754524231
1415,29801,85,6,2,minus,1,-0.05,0.05,0.0160542204976081,0.0152712473645806,19632.0,62256476.0,950734.0450430772,100.56709506392404,2997.0,71.22661590576172,0.0039985030889511,0.0333226099610328,0.0489875711500644,0.01973164267838,0.01786351762712,0.0135439438745379,8.574448585510254,3.511550188064575,4.462161540985107,0.4764463901519775
1415,29801,85,6,7,minus,1,-0.05,0.05,0.0183411631733179,0.0174466539174318,29534.0,8162769.0,142413.0057509411,109.25807858796684,3256.0,18.03076934814453,0.0031880333553999,0.013988914899528,0.0495886579155921,0.0488165244460105,0.0375402271747589,0.029685191810131,5.470731735229492,2.148503541946411,4.848639011383057,0.7454955577850342
1415,29801,86,6,1,minus,2,-0.02,0.02,0.0181871354579925,0.0178270060569047,8398.0,21215128.0,378202.21535401046,85.1313714304889,2537.0,96.47991180419922,0.0048798769712448,0.024111283943057,0.0158774796873331,0.0440637469291687,0.0474523864686489,0.024348696693778,1.714741349220276,2.418577194213867,1.9084950685501096,0.6177399754524231
1415,29801,86,6,2,minus,2,-0.02,0.02,0.0160542204976081,0.0157363265752792,19765.0,69387232.0,1091900.1429066658,100.93621019428878,3008.0,71.22661590576172,0.0039985030889511,0.0333226099610328,0.0489875711500644,0.01973164267838,0.01786351762712,0.0135439438745379,8.574448585510254,3.511550188064575,4.462161540985107,0.4764463901519775
1415,29801,86,6,7,minus,2,-0.02,0.02,0.0183411631733179,0.0179779846221208,30423.0,8080618.5,145273.2351302253,110.7009831884836,3299.0,18.03076934814453,0.0031880333553999,0.013988914899528,0.0495886579155921,0.0488165244460105,0.0375402271747589,0.029685191810131,5.470731735229492,2.148503541946411,4.848639011383057,0.7454955577850342
1415,29801,87,6,1,minus,3,-0.01,0.01,0.0181871354579925,0.018006170168519,8395.0,21704798.0,390820.2862613313,85.16492735143116,2538.0,96.47991180419922,0.0048798769712448,0.024111283943057,0.0158774796873331,0.0440637469291687,0.0474523864686489,0.024348696693778,1.714741349220276,2.418577194213867,1.9084950685501096,0.6177399754524231
1415,29801,87,6,2,minus,3,-0.01,0.01,0.0160542204976081,0.0158944781869649,19792.0,70951352.0,1127734.7166996747,101.03687795711552,3011.0,71.22661590576172,0.0039985030889511,0.0333226099610328,0.0489875711500644,0.01973164267838,0.01786351762712,0.0135439438745379,8.574448585510254,3.511550188064575,4.462161540985107,0.4764463901519775
1415,29801,87,6,7,minus,3,-0.01,0.01,0.0183411631733179,0.0181586649268865,30491.0,8378546.5,152143.21846783813,110.9023187141371,3305.0,18.03076934814453,0.0031880333553999,0.013988914899528,0.0495886579155921,0.0488165244460105,0.0375402271747589,0.029685191810131,5.470731735229492,2.148503541946411,4.848639011383057,0.7454955577850342
1415,29801,88,6,1,minus,4,-0.005,0.005,0.0181871354579925,0.0180964265018701,8378.0,22790386.0,412424.54519825056,85.2655951142579,2541.0,96.47991180419922,0.0048798769712448,0.024111283943057,0.0158774796873331,0.0440637469291687,0.0474523864686489,0.024348696693778,1.714741349220276,2.418577194213867,1.9084950685501096,0.6177399754524231
1415,29801,88,6,2,minus,4,-0.005,0.005,0.0160542204976081,0.015974149107933,19811.0,72393720.0,1156428.0777579546,101.07043387805776,3012.0,71.22661590576172,0.0039985030889511,0.0333226099610328,0.0489875711500644,0.01973164267838,0.01786351762712,0.0135439438745379,8.574448585510254,3.511550188064575,4.462161540985107,0.4764463901519775
1415,29801,88,6,7,minus,4,-0.005,0.005,0.0183411631733179,0.018249686807394,30767.0,8508263.0,155273.13502493873,111.3049897654441,3317.0,18.03076934814453,0.0031880333553999,0.013988914899528,0.0495886579155921,0.0488165244460105,0.0375402271747589,0.029685191810131,5.470731735229492,2.148503541946411,4.848639011383057,0.7454955577850342
1415,29801,89,6,1,minus,5,-0.0025,0.0025,0.0181871354579925,0.0181417241692543,8382.0,22872064.0,414938.6762695313,85.2655951142579,2541.0,96.47991180419922,0.0048798769712448,0.024111283943057,0.0158774796873331,0.0440637469291687,0.0474523864686489,0.024348696693778,1.714741349220276,2.418577194213867,1.9084950685501096,0.6177399754524231
1415,29801,89,6,2,minus,5,-0.0025,0.0025,0.0160542204976081,0.0160141345113515,19811.0,72589256.0,1162454.1096629351,101.07043387805776,3012.0,71.22661590576172,0.0039985030889511,0.0333226099610328,0.0489875711500644,0.01973164267838,0.01786351762712,0.0135439438745379,8.574448585510254,3.511550188064575,4.462161540985107,0.4764463901519775
1415,29801,89,6,7,minus,5,-0.0025,0.0025,0.0183411631733179,0.0182953663170337,30773.0,8547057.0,156371.53874756768,111.3721016073286,3319.0,18.03076934814453,0.0031880333553999,0.013988914899528,0.0495886579155921,0.0488165244460105,0.0375402271747589,0.029685191810131,5.470731735229492,2.148503541946411,4.848639011383057,0.7454955577850342
1415,29801,90,6,1,center,6,0.0,0.0,0.0181871354579925,0.0181871354579925,8485.0,23006706.0,418426.07846421,85.23203919331566,2540.0,96.47991180419922,0.0048798769712448,0.024111283943057,0.0158774796873331,0.0440637469291687,0.0474523864686489,0.024348696693778,1.714741349220276,2.418577194213867,1.9084950685501096,0.6177399754524231
1415,29801,90,6,2,center,6,0.0,0.0,0.0160542204976081,0.0160542204976081,19794.0,73574816.0,1181186.3191349506,101.03687795711552,3011.0,71.22661590576172,0.0039985030889511,0.0333226099610328,0.0489875711500644,0.01973164267838,0.01786351762712,0.0135439438745379,8.574448585510254,3.511550188064575,4.462161540985107,0.4764463901519775
1415,29801,90,6,7,center,6,0.0,0.0,0.0183411631733179,0.0183411631733179,30773.0,8473058.0,155405.7393549867,111.5063252910976,3323.0,18.03076934814453,0.0031880333553999,0.013988914899528,0.0495886579155921,0.0488165244460105,0.0375402271747589,0.029685191810131,5.470731735229492,2.148503541946411,4.848639011383057,0.7454955577850342
1415,29801,91,6,1,plus,7,0.0025,0.0025,0.0181871354579925,0.0182326603680849,8534.0,22491974.0,410088.52294979617,85.19848327237341,2539.0,96.47991180419922,0.0048798769712448,0.024111283943057,0.0158774796873331,0.0440637469291687,0.0474523864686489,0.024348696693778,1.714741349220276,2.418577194213867,1.9084950685501096,0.6177399754524231
1415,29801,91,6,2,plus,7,0.0025,0.0025,0.0160542204976081,0.0160944070667028,19815.0,73394176.0,1181235.7448692322,101.07043387805776,3012.0,71.22661590576172,0.0039985030889511,0.0333226099610328,0.0489875711500644,0.01973164267838,0.01786351762712,0.0135439438745379,8.574448585510254,3.511550188064575,4.462161540985107,0.4764463901519775
1415,29801,91,6,7,plus,7,0.0025,0.0025,0.0183411631733179,0.0183870736509561,30731.0,8614869.0,158402.230796339,111.5063252910976,3323.0,18.03076934814453,0.0031880333553999,0.013988914899528,0.0495886579155921,0.0488165244460105,0.0375402271747589,0.029685191810131,5.470731735229492,2.148503541946411,4.848639011383057,0.7454955577850342
1415,29801,92,6,1,plus,8,0.005,0.005,0.0181871354579925,0.0182782988995313,8538.0,22696958.0,414861.7824341096,85.19848327237341,2539.0,96.47991180419922,0.0048798769712448,0.024111283943057,0.0158774796873331,0.0440637469291687,0.0474523864686489,0.024348696693778,1.714741349220276,2.418577194213867,1.9084950685501096,0.6177399754524231
1415,29801,92,6,2,plus,8,0.005,0.005,0.0160542204976081,0.0161346923559904,19856.0,72803320.0,1174659.1706947235,101.10398979900005,3013.0,71.22661590576172,0.0039985030889511,0.0333226099610328,0.0489875711500644,0.01973164267838,0.01786351762712,0.0135439438745379,8.574448585510254,3.511550188064575,4.462161540985107,0.4764463901519775
1415,29801,92,6,7,plus,8,0.005,0.005,0.0183411631733179,0.0184330977499485,30733.0,8621471.0,158920.41769134626,111.57343713298212,3325.0,18.03076934814453,0.0031880333553999,0.013988914899528,0.0495886579155921,0.0488165244460105,0.0375402271747589,0.029685191810131,5.470731735229492,2.148503541946411,4.848639011383057,0.7454955577850342
1415,29801,93,6,1,plus,9,0.01,0.01,0.0181871354579925,0.0183699186891317,8543.0,23861504.0,438333.8882803917,85.36626287708465,2544.0,96.47991180419922,0.0048798769712448,0.024111283943057,0.0158774796873331,0.0440637469291687,0.0474523864686489,0.024348696693778,1.714741349220276,2.418577194213867,1.9084950685501096,0.6177399754524231
1415,29801,93,6,2,plus,9,0.01,0.01,0.0160542204976081,0.01621556840837,19944.0,74570296.0,1209199.7360204011,101.17110164088452,3015.0,71.22661590576172,0.0039985030889511,0.0333226099610328,0.0489875711500644,0.01973164267838,0.01786351762712,0.0135439438745379,8.574448585510254,3.511550188064575,4.462161540985107,0.4764463901519775
1415,29801,93,6,7,plus,9,0.01,0.01,0.0183411631733179,0.0185254942625761,30976.0,8892249.0,164733.3078308981,111.94255226334684,3336.0,18.03076934814453,0.0031880333553999,0.013988914899528,0.0495886579155921,0.0488165244460105,0.0375402271747589,0.029685191810131,5.470731735229492,2.148503541946411,4.848639011383057,0.7454955577850342
1415,29801,94,6,1,plus,10,0.02,0.02,0.0181871354579925,0.0185545403510332,8571.0,23198908.0,430445.0745859072,85.50048656085366,2548.0,96.47991180419922,0.0048798769712448,0.024111283943057,0.0158774796873331,0.0440637469291687,0.0474523864686489,0.024348696693778,1.714741349220276,2.418577194213867,1.9084950685501096,0.6177399754524231
1415,29801,94,6,2,plus,10,0.02,0.02,0.0160542204976081,0.0163785368204116,19967.0,76412088.0,1251518.1968325377,101.33888124559576,3020.0,71.22661590576172,0.0039985030889511,0.0333226099610328,0.0489875711500644,0.01973164267838,0.01786351762712,0.0135439438745379,8.574448585510254,3.511550188064575,4.462161540985107,0.4764463901519775
1415,29801,94,6,7,plus,10,0.02,0.02,0.0183411631733179,0.0187116786837577,31049.0,9109152.0,170447.52530550957,112.24455555182712,3345.0,18.03076934814453,0.0031880333553999,0.013988914899528,0.0495886579155921,0.0488165244460105,0.0375402271747589,0.029685191810131,5.470731735229492,2.148503541946411,4.848639011383057,0.7454955577850342
1415,29801,95,6,1,plus,11,0.05,0.05,0.0181871354579925,0.0191196091473102,8384.0,24954636.0,477122.8867333978,85.80248984933391,2557.0,96.47991180419922,0.0048798769712448,0.024111283943057,0.0158774796873331,0.0440637469291687,0.0474523864686489,0.024348696693778,1.714741349220276,2.418577194213867,1.9084950685501096,0.6177399754524231
1415,29801,95,6,2,plus,11,0.05,0.05,0.0160542204976081,0.0168773382902145,19966.0,79253248.0,1337583.8770942688,101.57377269219153,3027.0,71.22661590576172,0.0039985030889511,0.0333226099610328,0.0489875711500644,0.01973164267838,0.01786351762712,0.0135439438745379,8.574448585510254,3.511550188064575,4.462161540985107,0.4764463901519775
1415,29801,95,6,7,plus,11,0.05,0.05,0.0183411631733179,0.0192815344780683,31240.0,8792986.0,169542.26272417232,112.74789436596086,3360.0,18.03076934814453,0.0031880333553999,0.013988914899528,0.0495886579155921,0.0488165244460105,0.0375402271747589,0.029685191810131,5.470731735229492,2.148503541946411,4.848639011383057,0.7454955577850342
1415,29801,96,6,1,plus,12,0.1,0.1,0.0181871354579925,0.0200998932123184,8732.0,26505698.0,532761.6993179619,86.54072011006342,2579.0,96.47991180419922,0.0048798769712448,0.024111283943057,0.0158774796873331,0.0440637469291687,0.0474523864686489,0.024348696693778,1.714741349220276,2.418577194213867,1.9084950685501096,0.6177399754524231
1415,29801,96,6,2,plus,12,0.1,0.1,0.0160542204976081,0.017742658033967,20192.0,89461320.0,1587281.6080272945,101.90933190161404,3037.0,71.22661590576172,0.0039985030889511,0.0333226099610328,0.0489875711500644,0.01973164267838,0.01786351762712,0.0135439438745379,8.574448585510254,3.511550188064575,4.462161540985107,0.4764463901519775
1415,29801,96,6,7,plus,12,0.1,0.1,0.0183411631733179,0.0202701203525066,32320.0,9759983.0,197836.0300484188,114.69413778061138,3418.0,18.03076934814453,0.0031880333553999,0.013988914899528,0.0495886579155921,0.0488165244460105,0.0375402271747589,0.029685191810131,5.470731735229492,2.148503541946411,4.848639011383057,0.7454955577850342
1415,29801,97,6,1,center_duplicate,-1,0.0,0.0,0.0181871354579925,0.0181871354579925,8485.0,23006706.0,418426.07846421,85.23203919331566,2540.0,96.47991180419922,0.0048798769712448,0.024111283943057,0.0158774796873331,0.0440637469291687,0.0474523864686489,0.024348696693778,1.714741349220276,2.418577194213867,1.9084950685501096,0.6177399754524231
1415,29801,97,6,2,center_duplicate,-1,0.0,0.0,0.0160542204976081,0.0160542204976081,19794.0,73574816.0,1181186.3191349506,101.03687795711552,3011.0,71.22661590576172,0.0039985030889511,0.0333226099610328,0.0489875711500644,0.01973164267838,0.01786351762712,0.0135439438745379,8.574448585510254,3.511550188064575,4.462161540985107,0.4764463901519775
1415,29801,97,6,7,center_duplicate,-1,0.0,0.0,0.0183411631733179,0.0183411631733179,30773.0,8473058.0,155405.7393549867,111.5063252910976,3323.0,18.03076934814453,0.0031880333553999,0.013988914899528,0.0495886579155921,0.0488165244460105,0.0375402271747589,0.029685191810131,5.470731735229492,2.148503541946411,4.848639011383057,0.7454955577850342
1415,29801,98,7,1,minus,0,-0.1,0.1,0.0056448862887918,0.0051077045500278,8590.0,6048778.0,30895.370912708346,92.44656219589946,2755.0,52.32191848754883,0.0019076890312135,0.0286573003977537,0.013177522458136,0.0204609222710132,0.0310771446675062,0.0496706366539001,6.481612205505371,0.2743898928165436,1.009099006652832,0.3861621022224426
1415,29801,98,7,2,minus,0,-0.1,0.1,0.0184797272086143,0.0167211480438709,1350.0,375.1670837402344,6.27322434840778,22.18046374282742,661.0,1.9274224042892456,0.0006420366116799,0.0207902882248163,0.027660297229886,0.0267481282353401,0.0303755011409521,0.0369464717805385,4.407487869262695,6.496186256408691,3.348017930984497,0.552773118019104
1415,29801,98,7,7,minus,0,-0.1,0.1,0.0064959600567817,0.0058777877129614,12500.0,6339150.5,37260.18091951334,74.22569712425756,2212.0,81.40618896484375,0.00259933876805,0.0167889948934316,0.0406710132956504,0.0367401391267776,0.0125564150512218,0.0494534410536289,7.482505321502685,6.37372636795044,0.6165230870246887,0.23225137591362
1415,29801,99,7,1,minus,1,-0.05,0.05,0.0056448862887918,0.0053695822134613,8829.0,6918694.5,37150.49892757321,93.41968390322472,2784.0,52.32191848754883,0.0019076890312135,0.0286573003977537,0.013177522458136,0.0204609222710132,0.0310771446675062,0.0496706366539001,6.481612205505371,0.2743898928165436,1.009099006652832,0.3861621022224426
1415,29801,99,7,2,minus,1,-0.05,0.05,0.0184797272086143,0.0175784602761268,1364.0,344.73614501953125,6.059930630970939,23.38847689674843,697.0,1.9274224042892456,0.0006420366116799,0.0207902882248163,0.027660297229886,0.0267481282353401,0.0303755011409521,0.0369464717805385,4.407487869262695,6.496186256408691,3.348017930984497,0.552773118019104
1415,29801,99,7,7,minus,1,-0.05,0.05,0.0064959600567817,0.0061791483312845,12732.0,7022265.0,43391.61705658771,75.23237475252508,2242.0,81.40618896484375,0.00259933876805,0.0167889948934316,0.0406710132956504,0.0367401391267776,0.0125564150512218,0.0494534410536289,7.482505321502685,6.37372636795044,0.6165230870246887,0.23225137591362
1415,29801,100,7,1,minus,2,-0.02,0.02,0.0056448862887918,0.0055331098847091,9071.0,7797085.5,43142.13085197215,95.09747995033725,2834.0,52.32191848754883,0.0019076890312135,0.0286573003977537,0.013177522458136,0.0204609222710132,0.0310771446675062,0.0496706366539001,6.481612205505371,0.2743898928165436,1.009099006652832,0.3861621022224426
1415,29801,100,7,2,minus,2,-0.02,0.02,0.0184797272086143,0.0181138049811124,1375.0,381.2155456542969,6.905264049750315,24.160263078420183,720.0,1.9274224042892456,0.0006420366116799,0.0207902882248163,0.027660297229886,0.0267481282353401,0.0303755011409521,0.0369464717805385,4.407487869262695,6.496186256408691,3.348017930984497,0.552773118019104
1415,29801,100,7,7,minus,2,-0.02,0.02,0.0064959600567817,0.0063673313707113,12597.0,7265660.0,46262.86484692246,75.66860172477433,2255.0,81.40618896484375,0.00259933876805,0.0167889948934316,0.0406710132956504,0.0367401391267776,0.0125564150512218,0.0494534410536289,7.482505321502685,6.37372636795044,0.6165230870246887,0.23225137591362
1415,29801,101,7,1,minus,3,-0.01,0.01,0.0056448862887918,0.0055887186899781,9081.0,7689929.5,42976.85272126412,95.09747995033725,2834.0,52.32191848754883,0.0019076890312135,0.0286573003977537,0.013177522458136,0.0204609222710132,0.0310771446675062,0.0496706366539001,6.481612205505371,0.2743898928165436,1.009099006652832,0.3861621022224426
1415,29801,101,7,2,minus,3,-0.01,0.01,0.0184797272086143,0.0182958506047725,1402.0,387.1122131347656,7.082547218796549,24.32804268313144,725.0,1.9274224042892456,0.0006420366116799,0.0207902882248163,0.027660297229886,0.0267481282353401,0.0303755011409521,0.0369464717805385,4.407487869262695,6.496186256408691,3.348017930984497,0.552773118019104
1415,29801,101,7,7,minus,3,-0.01,0.01,0.0064959600567817,0.0064313244074583,12912.0,7252942.0,46646.022910479456,75.97060501325458,2264.0,81.40618896484375,0.00259933876805,0.0167889948934316,0.0406710132956504,0.0367401391267776,0.0125564150512218,0.0494534410536289,7.482505321502685,6.37372636795044,0.6165230870246887,0.23225137591362
1415,29801,102,7,1,minus,4,-0.005,0.005,0.0056448862887918,0.0056167324073612,9002.0,7661297.5,43031.45795068587,94.92970034562596,2829.0,52.32191848754883,0.0019076890312135,0.0286573003977537,0.013177522458136,0.0204609222710132,0.0310771446675062,0.0496706366539001,6.481612205505371,0.2743898928165436,1.009099006652832,0.3861621022224426
1415,29801,102,7,2,minus,4,-0.005,0.005,0.0184797272086143,0.0183875579386949,1410.0,387.6697692871094,7.128300343847229,24.529378208784937,731.0,1.9274224042892456,0.0006420366116799,0.0207902882248163,0.027660297229886,0.0267481282353401,0.0303755011409521,0.0369464717805385,4.407487869262695,6.496186256408691,3.348017930984497,0.552773118019104
1415,29801,102,7,7,minus,4,-0.005,0.005,0.0064959600567817,0.006463561207056,12880.0,7454368.5,48181.76705970056,76.17194053890809,2270.0,81.40618896484375,0.00259933876805,0.0167889948934316,0.0406710132956504,0.0367401391267776,0.0125564150512218,0.0494534410536289,7.482505321502685,6.37372636795044,0.6165230870246887,0.23225137591362
1415,29801,103,7,1,minus,5,-0.0025,0.0025,0.0056448862887918,0.0056307916529476,8992.0,7700150.0,43357.94034644496,94.92970034562596,2829.0,52.32191848754883,0.0019076890312135,0.0286573003977537,0.013177522458136,0.0204609222710132,0.0310771446675062,0.0496706366539001,6.481612205505371,0.2743898928165436,1.009099006652832,0.3861621022224426
1415,29801,103,7,2,minus,5,-0.0025,0.0025,0.0184797272086143,0.0184335857629776,1401.0,521.6687622070312,9.616225868009678,24.56293412972719,732.0,1.9274224042892456,0.0006420366116799,0.0207902882248163,0.027660297229886,0.0267481282353401,0.0303755011409521,0.0369464717805385,4.407487869262695,6.496186256408691,3.348017930984497,0.552773118019104
1415,29801,103,7,7,minus,5,-0.0025,0.0025,0.0064959600567817,0.0064797401428222,12912.0,7301221.0,47310.014805316925,76.17194053890809,2270.0,81.40618896484375,0.00259933876805,0.0167889948934316,0.0406710132956504,0.0367401391267776,0.0125564150512218,0.0494534410536289,7.482505321502685,6.37372636795044,0.6165230870246887,0.23225137591362
1415,29801,104,7,1,center,6,0.0,0.0,0.0056448862887918,0.0056448862887918,9078.0,7961968.0,44944.40399499983,95.33237139693298,2841.0,52.32191848754883,0.0019076890312135,0.0286573003977537,0.013177522458136,0.0204609222710132,0.0310771446675062,0.0496706366539001,6.481612205505371,0.2743898928165436,1.009099006652832,0.3861621022224426
1415,29801,104,7,2,center,6,0.0,0.0,0.0184797272086143,0.0184797272086143,1401.0,521.669921875,9.64031784918916,24.56293412972719,732.0,1.9274224042892456,0.0006420366116799,0.0207902882248163,0.027660297229886,0.0267481282353401,0.0303755011409521,0.0369464717805385,4.407487869262695,6.496186256408691,3.348017930984497,0.552773118019104
1415,29801,104,7,7,center,6,0.0,0.0,0.0064959600567817,0.0064959600567817,12888.0,7381366.5,47949.061948467046,76.23905238079259,2272.0,81.40618896484375,0.00259933876805,0.0167889948934316,0.0406710132956504,0.0367401391267776,0.0125564150512218,0.0494534410536289,7.482505321502685,6.37372636795044,0.6165230870246887,0.23225137591362
1415,29801,105,7,1,plus,7,0.0025,0.0025,0.0056448862887918,0.0056590163148939,9066.0,7851637.5,44432.54471113323,95.26525955504847,2839.0,52.32191848754883,0.0019076890312135,0.0286573003977537,0.013177522458136,0.0204609222710132,0.0310771446675062,0.0496706366539001,6.481612205505371,0.2743898928165436,1.009099006652832,0.3861621022224426
1415,29801,105,7,2,plus,7,0.0025,0.0025,0.0184797272086143,0.0185259841382503,1415.0,518.2859497070312,9.60175728335048,24.69715781349619,736.0,1.9274224042892456,0.0006420366116799,0.0207902882248163,0.027660297229886,0.0267481282353401,0.0303755011409521,0.0369464717805385,4.407487869262695,6.496186256408691,3.348017930984497,0.552773118019104
1415,29801,105,7,7,plus,7,0.0025,0.0025,0.0064959600567817,0.0065122204832732,12942.0,7526192.0,49012.2217034474,76.3732760645616,2276.0,81.40618896484375,0.00259933876805,0.0167889948934316,0.0406710132956504,0.0367401391267776,0.0125564150512218,0.0494534410536289,7.482505321502685,6.37372636795044,0.6165230870246887,0.23225137591362
1415,29801,106,7,1,plus,8,0.005,0.005,0.0056448862887918,0.0056731812655925,9057.0,7728960.0,43847.79107451439,95.29881547599074,2840.0,52.32191848754883,0.0019076890312135,0.0286573003977537,0.013177522458136,0.0204609222710132,0.0310771446675062,0.0496706366539001,6.481612205505371,0.2743898928165436,1.009099006652832,0.3861621022224426
1415,29801,106,7,2,plus,8,0.005,0.005,0.0184797272086143,0.0185723565518856,1418.0,519.336669921875,9.645305804257989,24.73071373443844,737.0,1.9274224042892456,0.0006420366116799,0.0207902882248163,0.027660297229886,0.0267481282353401,0.0303755011409521,0.0369464717805385,4.407487869262695,6.496186256408691,3.348017930984497,0.552773118019104
1415,29801,106,7,7,plus,8,0.005,0.005,0.0064959600567817,0.0065285209566354,12949.0,7361549.0,48060.026919798926,76.40683198550384,2277.0,81.40618896484375,0.00259933876805,0.0167889948934316,0.0406710132956504,0.0367401391267776,0.0125564150512218,0.0494534410536289,7.482505321502685,6.37372636795044,0.6165230870246887,0.23225137591362
1415,29801,107,7,1,plus,9,0.01,0.01,0.0056448862887918,0.0057016182690858,9150.0,7592250.5,43288.11415427644,95.33237139693298,2841.0,52.32191848754883,0.0019076890312135,0.0286573003977537,0.013177522458136,0.0204609222710132,0.0310771446675062,0.0496706366539001,6.481612205505371,0.2743898928165436,1.009099006652832,0.3861621022224426
1415,29801,107,7,2,plus,9,0.01,0.01,0.0184797272086143,0.0186654515564441,1394.0,711.9625244140625,13.289102009454382,24.86493741820744,741.0,1.9274224042892456,0.0006420366116799,0.0207902882248163,0.027660297229886,0.0267481282353401,0.0303755011409521,0.0369464717805385,4.407487869262695,6.496186256408691,3.348017930984497,0.552773118019104
1415,29801,107,7,7,plus,9,0.01,0.01,0.0064959600567817,0.0065612457692623,13025.0,7211297.0,47315.091932144016,76.67527935304184,2285.0,81.40618896484375,0.00259933876805,0.0167889948934316,0.0406710132956504,0.0367401391267776,0.0125564150512218,0.0494534410536289,7.482505321502685,6.37372636795044,0.6165230870246887,0.23225137591362
1415,29801,108,7,1,plus,10,0.02,0.02,0.0056448862887918,0.0057589206844568,9351.0,8188605.0,47157.52671134658,95.83571021106674,2856.0,52.32191848754883,0.0019076890312135,0.0286573003977537,0.013177522458136,0.0204609222710132,0.0310771446675062,0.0496706366539001,6.481612205505371,0.2743898928165436,1.009099006652832,0.3861621022224426
1415,29801,108,7,2,plus,10,0.02,0.02,0.0184797272086143,0.0188530422747135,1419.0,713.641845703125,13.454319886045596,25.368276232341195,756.0,1.9274224042892456,0.0006420366116799,0.0207902882248163,0.027660297229886,0.0267481282353401,0.0303755011409521,0.0369464717805385,4.407487869262695,6.496186256408691,3.348017930984497,0.552773118019104
1415,29801,108,7,7,plus,10,0.02,0.02,0.0064959600567817,0.0066271871328353,13048.0,6864265.5,45490.77199796587,76.9101707996376,2292.0,81.40618896484375,0.00259933876805,0.0167889948934316,0.0406710132956504,0.0367401391267776,0.0125564150512218,0.0494534410536289,7.482505321502685,6.37372636795044,0.6165230870246887,0.23225137591362
1415,29801,109,7,1,plus,11,0.05,0.05,0.0056448862887918,0.0059343054890632,9556.0,8522272.0,50573.76550889015,96.6074963927385,2879.0,52.32191848754883,0.0019076890312135,0.0286573003977537,0.013177522458136,0.0204609222710132,0.0310771446675062,0.0496706366539001,6.481612205505371,0.2743898928165436,1.009099006652832,0.3861621022224426
1415,29801,109,7,2,plus,11,0.05,0.05,0.0184797272086143,0.0194272026419639,1523.0,669.909423828125,13.014466128470303,26.1065064930707,778.0,1.9274224042892456,0.0006420366116799,0.0207902882248163,0.027660297229886,0.0267481282353401,0.0303755011409521,0.0369464717805385,4.407487869262695,6.496186256408691,3.348017930984497,0.552773118019104
1415,29801,109,7,7,plus,11,0.05,0.05,0.0064959600567817,0.0068290149793028,13398.0,7989351.5,54559.40106841596,77.5141773765981,2310.0,81.40618896484375,0.00259933876805,0.0167889948934316,0.0406710132956504,0.0367401391267776,0.0125564150512218,0.0494534410536289,7.482505321502685,6.37372636795044,0.6165230870246887,0.23225137591362
1415,29801,110,7,1,plus,12,0.1,0.1,0.0056448862887918,0.0062385643832385,9765.0,8935149.0,55742.50231032958,97.78195362571724,2914.0,52.32191848754883,0.0019076890312135,0.0286573003977537,0.013177522458136,0.0204609222710132,0.0310771446675062,0.0496706366539001,6.481612205505371,0.2743898928165436,1.009099006652832,0.3861621022224426
1415,29801,110,7,2,plus,12,0.1,0.1,0.0184797272086143,0.0204232577234506,1637.0,533.2890014648438,10.89149871799816,27.046072279453707,806.0,1.9274224042892456,0.0006420366116799,0.0207902882248163,0.027660297229886,0.0267481282353401,0.0303755011409521,0.0369464717805385,4.407487869262695,6.496186256408691,3.348017930984497,0.552773118019104
1415,29801,110,7,7,plus,12,0.1,0.1,0.0064959600567817,0.0071791466325521,13836.0,8641653.0,62039.69403463416,78.7221905305191,2346.0,81.40618896484375,0.00259933876805,0.0167889948934316,0.0406710132956504,0.0367401391267776,0.0125564150512218,0.0494534410536289,7.482505321502685,6.37372636795044,0.6165230870246887,0.23225137591362
1415,29801,111,7,1,center_duplicate,-1,0.0,0.0,0.0056448862887918,0.0056448862887918,9078.0,7961968.0,44944.40399499983,95.33237139693298,2841.0,52.32191848754883,0.0019076890312135,0.0286573003977537,0.013177522458136,0.0204609222710132,0.0310771446675062,0.0496706366539001,6.481612205505371,0.2743898928165436,1.009099006652832,0.3861621022224426
1415,29801,111,7,2,center_duplicate,-1,0.0,0.0,0.0184797272086143,0.0184797272086143,1401.0,521.669921875,9.64031784918916,24.56293412972719,732.0,1.9274224042892456,0.0006420366116799,0.0207902882248163,0.027660297229886,0.0267481282353401,0.0303755011409521,0.0369464717805385,4.407487869262695,6.496186256408691,3.348017930984497,0.552773118019104
1415,29801,111,7,7,center_duplicate,-1,0.0,0.0,0.0064959600567817,0.0064959600567817,12888.0,7381366.5,47949.061948467046,76.23905238079259,2272.0,81.40618896484375,0.00259933876805,0.0167889948934316,0.0406710132956504,0.0367401391267776,0.0125564150512218,0.0494534410536289,7.482505321502685,6.37372636795044,0.6165230870246887,0.23225137591362
1617,29801,0,0,1,minus,0,-0.1,0.1,0.0103693585842847,0.0093825841322541,5422.0,7072.29296875,66.35638378724616,35.60283211972752,1061.0,6.626354694366455,0.003570606932044,0.0175860133022069,0.0440235361456871,0.0364164188504219,0.0158203486353158,0.030755054205656,9.734742164611816,4.234930515289307,6.025596618652344,0.5770443677902222
1617,29801,0,0,2,minus,0,-0.1,0.1,0.0017865144181996,0.0016165050910785,8694.0,4125614.0,6669.076034825062,68.15207543371028,2031.0,59.34796905517578,0.0034778178669512,0.0381186567246913,0.0198897905647754,0.0397816374897956,0.0450029522180557,0.0243914071470499,3.5100626945495605,4.31492280960083,8.399785995483398,0.2598817050457001
1617,29801,0,0,7,minus,0,-0.1,0.1,0.0159809570759534,0.0144601678475737,41830.0,179918304.0,2601648.874690801,132.94855877319551,3962.0,59.11423873901367,0.0048035467043519,0.042230125516653,0.0380196794867515,0.0416055098176002,0.0447861440479755,0.020792031660676,4.51259708404541,8.273573875427246,6.738358020782471,0.3464617729187011
1617,29801,1,0,1,minus,1,-0.05,0.05,0.0103693585842847,0.0098636392503976,5375.0,3840.37841796875,37.88010729985672,36.74373343176404,1095.0,6.626354694366455,0.003570606932044,0.0175860133022069,0.0440235361456871,0.0364164188504219,0.0158203486353158,0.030755054205656,9.734742164611816,4.234930515289307,6.025596618652344,0.5770443677902222
1617,29801,1,0,2,minus,1,-0.05,0.05,0.0017865144181996,0.0016993851168081,9402.0,5079508.0,8632.040295907762,69.96409516459178,2085.0,59.34796905517578,0.0034778178669512,0.0381186567246913,0.0198897905647754,0.0397816374897956,0.0450029522180557,0.0243914071470499,3.5100626945495605,4.31492280960083,8.399785995483398,0.2598817050457001
1617,29801,1,0,7,minus,1,-0.05,0.05,0.0159809570759534,0.0152015574276447,42492.0,205703888.0,3127019.4665218,134.15657192711654,3998.0,59.11423873901367,0.0048035467043519,0.042230125516653,0.0380196794867515,0.0416055098176002,0.0447861440479755,0.020792031660676,4.51259708404541,8.273573875427246,6.738358020782471,0.3464617729187011
1617,29801,2,0,1,minus,2,-0.02,0.02,0.0103693585842847,0.0101640317589044,5399.0,716.1825561523438,7.279302245905795,37.24707224589778,1110.0,6.626354694366455,0.003570606932044,0.0175860133022069,0.0440235361456871,0.0364164188504219,0.0158203486353158,0.030755054205656,9.734742164611816,4.234930515289307,6.025596618652344,0.5770443677902222
1617,29801,2,0,2,minus,2,-0.02,0.02,0.0017865144181996,0.0017511390615254,9707.0,5163219.0,9041.514474110443,70.66876950437904,2106.0,59.34796905517578,0.0034778178669512,0.0381186567246913,0.0198897905647754,0.0397816374897956,0.0450029522180557,0.0243914071470499,3.5100626945495605,4.31492280960083,8.399785995483398,0.2598817050457001
1617,29801,2,0,7,minus,2,-0.02,0.02,0.0159809570759534,0.0156645122915506,42827.0,212491312.0,3328572.768671721,134.5927988993658,4011.0,59.11423873901367,0.0048035467043519,0.042230125516653,0.0380196794867515,0.0416055098176002,0.0447861440479755,0.020792031660676,4.51259708404541,8.273573875427246,6.738358020782471,0.3464617729187011
1617,29801,3,0,1,minus,3,-0.01,0.01,0.0103693585842847,0.010266182012856,5361.0,13233.1826171875,135.8542613574091,37.44840777155129,1116.0,6.626354694366455,0.003570606932044,0.0175860133022069,0.0440235361456871,0.0364164188504219,0.0158203486353158,0.030755054205656,9.734742164611816,4.234930515289307,6.025596618652344,0.5770443677902222
1617,29801,3,0,2,minus,3,-0.01,0.01,0.0017865144181996,0.0017687382642179,9684.0,5011580.0,8864.173310189508,70.9707727928593,2115.0,59.34796905517578,0.0034778178669512,0.0381186567246913,0.0198897905647754,0.0397816374897956,0.0450029522180557,0.0243914071470499,3.5100626945495605,4.31492280960083,8.399785995483398,0.2598817050457001
1617,29801,3,0,7,minus,3,-0.01,0.01,0.0159809570759534,0.0158219430595636,43296.0,216901456.0,3431802.4863684475,135.02902587161503,4024.0,59.11423873901367,0.0048035467043519,0.042230125516653,0.0380196794867515,0.0416055098176002,0.0447861440479755,0.020792031660676,4.51259708404541,8.273573875427246,6.738358020782471,0.3464617729187011
1617,29801,4,0,1,minus,4,-0.005,0.005,0.0103693585842847,0.0103176413103938,5412.0,11217.73828125,115.74059989981106,37.48196369249354,1117.0,6.626354694366455,0.003570606932044,0.0175860133022069,0.0440235361456871,0.0364164188504219,0.0158203486353158,0.030755054205656,9.734742164611816,4.234930515289307,6.025596618652344,0.5770443677902222
1617,29801,4,0,2,minus,4,-0.005,0.005,0.0017865144181996,0.0017776041058823,9744.0,5011772.0,8908.94648494618,71.1721083185128,2121.0,59.34796905517578,0.0034778178669512,0.0381186567246913,0.0198897905647754,0.0397816374897956,0.0450029522180557,0.0243914071470499,3.5100626945495605,4.31492280960083,8.399785995483398,0.2598817050457001
1617,29801,4,0,7,minus,4,-0.005,0.005,0.0159809570759534,0.0159012507647275,43351.0,224610368.0,3571585.785925746,135.1296936344418,4027.0,59.11423873901367,0.0048035467043519,0.042230125516653,0.0380196794867515,0.0416055098176002,0.0447861440479755,0.020792031660676,4.51259708404541,8.273573875427246,6.738358020782471,0.3464617729187011
1617,29801,5,0,1,minus,5,-0.0025,0.0025,0.0103693585842847,0.0103434678167104,5386.0,10958.8740234375,113.3527607688102,37.61618737626254,1121.0,6.626354694366455,0.003570606932044,0.0175860133022069,0.0440235361456871,0.0364164188504219,0.0158203486353158,0.030755054205656,9.734742164611816,4.234930515289307,6.025596618652344,0.5770443677902222
1617,29801,5,0,2,minus,5,-0.0025,0.0025,0.0017865144181996,0.0017820536158978,9890.0,5075489.5,9044.794415926794,71.3734438441663,2127.0,59.34796905517578,0.0034778178669512,0.0381186567246913,0.0198897905647754,0.0397816374897956,0.0450029522180557,0.0243914071470499,3.5100626945495605,4.31492280960083,8.399785995483398,0.2598817050457001
1617,29801,5,0,7,minus,5,-0.0025,0.0025,0.0159809570759534,0.0159410536289215,43463.0,223932928.0,3569726.814529419,135.2639173182108,4031.0,59.11423873901367,0.0048035467043519,0.042230125516653,0.0380196794867515,0.0416055098176002,0.0447861440479755,0.020792031660676,4.51259708404541,8.273573875427246,6.738358020782471,0.3464617729187011
1617,29801,6,0,1,center,6,0.0,0.0,0.0103693585842847,0.0103693585842847,5369.0,12164.8193359375,126.14137380737702,37.64974329720479,1122.0,6.626354694366455,0.003570606932044,0.0175860133022069,0.0440235361456871,0.0364164188504219,0.0158203486353158,0.030755054205656,9.734742164611816,4.234930515289307,6.025596618652344,0.5770443677902222
1617,29801,6,0,2,center,6,0.0,0.0,0.0017865144181996,0.0017865144181996,9870.0,5146324.5,9193.982919984148,71.4405556860508,2129.0,59.34796905517578,0.0034778178669512,0.0381186567246913,0.0198897905647754,0.0397816374897956,0.0450029522180557,0.0243914071470499,3.5100626945495605,4.31492280960083,8.399785995483398,0.2598817050457001
1617,29801,6,0,7,center,6,0.0,0.0,0.0159809570759534,0.0159809570759534,43578.0,223138112.0,3565960.589881301,135.49880876480654,4038.0,59.11423873901367,0.0048035467043519,0.042230125516653,0.0380196794867515,0.0416055098176002,0.0447861440479755,0.020792031660676,4.51259708404541,8.273573875427246,6.738358020782471,0.3464617729187011
1617,29801,7,0,1,plus,7,0.0025,0.0025,0.0103693585842847,0.0103953145444393,5385.0,13600.8447265625,141.38505900269593,37.58263145532029,1120.0,6.626354694366455,0.003570606932044,0.0175860133022069,0.0440235361456871,0.0364164188504219,0.0158203486353158,0.030755054205656,9.734742164611816,4.234930515289307,6.025596618652344,0.5770443677902222
1617,29801,7,0,2,plus,7,0.0025,0.0025,0.0017865144181996,0.0017909863963723,9948.0,5181788.0,9280.511816885322,71.5747793698198,2133.0,59.34796905517578,0.0034778178669512,0.0381186567246913,0.0198897905647754,0.0397816374897956,0.0450029522180557,0.0243914071470499,3.5100626945495605,4.31492280960083,8.399785995483398,0.2598817050457001
1617,29801,7,0,7,plus,7,0.0025,0.0025,0.0159809570759534,0.0160209592431783,43562.0,225472320.0,3612282.849184871,135.49880876480654,4038.0,59.11423873901367,0.0048035467043519,0.042230125516653,0.0380196794867515,0.0416055098176002,0.0447861440479755,0.020792031660676,4.51259708404541,8.273573875427246,6.738358020782471,0.3464617729187011
1617,29801,8,0,1,plus,8,0.005,0.005,0.0103693585842847,0.0104213347658514,5342.0,9859.556640625,102.74974039482731,37.68329921814704,1123.0,6.626354694366455,0.003570606932044,0.0175860133022069,0.0440235361456871,0.0364164188504219,0.0158203486353158,0.030755054205656,9.734742164611816,4.234930515289307,6.025596618652344,0.5770443677902222
1617,29801,8,0,2,plus,8,0.005,0.005,0.0017865144181996,0.0017954693175852,9993.0,5327522.0,9565.4022897603,71.80967081641555,2140.0,59.34796905517578,0.0034778178669512,0.0381186567246913,0.0198897905647754,0.0397816374897956,0.0450029522180557,0.0243914071470499,3.5100626945495605,4.31492280960083,8.399785995483398,0.2598817050457001
1617,29801,8,0,7,plus,8,0.005,0.005,0.0159809570759534,0.0160610619932413,43665.0,230574880.0,3703277.441764176,135.5323646857488,4039.0,59.11423873901367,0.0048035467043519,0.042230125516653,0.0380196794867515,0.0416055098176002,0.0447861440479755,0.020792031660676,4.51259708404541,8.273573875427246,6.738358020782471,0.3464617729187011
1617,29801,9,0,1,plus,9,0.01,0.01,0.0103693585842847,0.0104735726490616,5302.0,11254.04296875,117.87003662886492,37.88463474380054,1129.0,6.626354694366455,0.003570606932044,0.0175860133022069,0.0440235361456871,0.0364164188504219,0.0158203486353158,0.030755054205656,9.734742164611816,4.234930515289307,6.025596618652344,0.5770443677902222
1617,29801,9,0,2,plus,9,0.01,0.01,0.0017865144181996,0.001804469153285,10052.0,5436431.0,9809.87204346247,71.9774504211268,2145.0,59.34796905517578,0.0034778178669512,0.0381186567246913,0.0198897905647754,0.0397816374897956,0.0450029522180557,0.0243914071470499,3.5100626945495605,4.31492280960083,8.399785995483398,0.2598817050457001
1617,29801,9,0,7,plus,9,0.01,0.01,0.0159809570759534,0.0161415692418813,43762.0,233050704.0,3761804.0754852,135.70014429046003,4044.0,59.11423873901367,0.0048035467043519,0.042230125516653,0.0380196794867515,0.0416055098176002,0.0447861440479755,0.020792031660676,4.51259708404541,8.273573875427246,6.738358020782471,0.3464617729187011
1617,29801,10,0,1,plus,10,0.02,0.02,0.0103693585842847,0.0105788335204124,5284.0,11614.193359375,122.86461802270787,38.01885842756954,1133.0,6.626354694366455,0.003570606932044,0.0175860133022069,0.0440235361456871,0.0364164188504219,0.0158203486353158,0.030755054205656,9.734742164611816,4.234930515289307,6.025596618652344,0.5770443677902222
1617,29801,10,0,2,plus,10,0.02,0.02,0.0017865144181996,0.0018226043321192,10144.0,6018847.0,10969.97661656281,72.3801214724338,2157.0,59.34796905517578,0.0034778178669512,0.0381186567246913,0.0198897905647754,0.0397816374897956,0.0450029522180557,0.0243914071470499,3.5100626945495605,4.31492280960083,8.399785995483398,0.2598817050457001
1617,29801,10,0,7,plus,10,0.02,0.02,0.0159809570759534,0.0163037944585084,43755.0,241743904.0,3941342.9224134088,135.83436797422905,4048.0,59.11423873901367,0.0048035467043519,0.042230125516653,0.0380196794867515,0.0416055098176002,0.0447861440479755,0.020792031660676,4.51259708404541,8.273573875427246,6.738358020782471,0.3464617729187011
1617,29801,11,0,1,plus,11,0.05,0.05,0.0103693585842847,0.0109010068699717,5316.0,17842.888671875,194.50545199225053,38.89131237206805,1159.0,6.626354694366455,0.003570606932044,0.0175860133022069,0.0440235361456871,0.0364164188504219,0.0158203486353158,0.030755054205656,9.734742164611816,4.234930515289307,6.025596618652344,0.5770443677902222
1617,29801,11,0,2,plus,11,0.05,0.05,0.0017865144181996,0.0018781109247356,10491.0,5858928.5,11003.717623095145,73.75591423106607,2198.0,59.34796905517578,0.0034778178669512,0.0381186567246913,0.0198897905647754,0.0397816374897956,0.0450029522180557,0.0243914071470499,3.5100626945495605,4.31492280960083,8.399785995483398,0.2598817050457001
1617,29801,11,0,7,plus,11,0.05,0.05,0.0159809570759534,0.0168003179132938,44272.0,259439264.0,4358662.114390969,136.30415086742056,4062.0,59.11423873901367,0.0048035467043519,0.042230125516653,0.0380196794867515,0.0416055098176002,0.0447861440479755,0.020792031660676,4.51259708404541,8.273573875427246,6.738358020782471,0.3464617729187011
1617,29801,12,0,1,plus,12,0.1,0.1,0.0103693585842847,0.0114599140360951,5207.0,3010.747802734375,34.50291100369827,40.13288144693131,1196.0,6.626354694366455,0.003570606932044,0.0175860133022069,0.0440235361456871,0.0364164188504219,0.0158203486353158,0.030755054205656,9.734742164611816,4.234930515289307,6.025596618652344,0.5770443677902222
1617,29801,12,0,2,plus,12,0.1,0.1,0.0017865144181996,0.0019744038581848,11070.0,6445655.5,12726.32708773017,75.60148988288984,2253.0,59.34796905517578,0.0034778178669512,0.0381186567246913,0.0198897905647754,0.0397816374897956,0.0450029522180557,0.0243914071470499,3.5100626945495605,4.31492280960083,8.399785995483398,0.2598817050457001
1617,29801,12,0,7,plus,12,0.1,0.1,0.0159809570759534,0.0176616888493299,45000.0,293491200.0,5183550.254416466,137.51216402134156,4098.0,59.11423873901367,0.0048035467043519,0.042230125516653,0.0380196794867515,0.0416055098176002,0.0447861440479755,0.020792031660676,4.51259708404541,8.273573875427246,6.738358020782471,0.3464617729187011
1617,29801,13,0,1,center_duplicate,-1,0.0,0.0,0.0103693585842847,0.0103693585842847,5369.0,12164.8193359375,126.14137380737702,37.64974329720479,1122.0,6.626354694366455,0.003570606932044,0.0175860133022069,0.0440235361456871,0.0364164188504219,0.0158203486353158,0.030755054205656,9.734742164611816,4.234930515289307,6.025596618652344,0.5770443677902222
1617,29801,13,0,2,center_duplicate,-1,0.0,0.0,0.0017865144181996,0.0017865144181996,9870.0,5146324.5,9193.982919984148,71.4405556860508,2129.0,59.34796905517578,0.0034778178669512,0.0381186567246913,0.0198897905647754,0.0397816374897956,0.0450029522180557,0.0243914071470499,3.5100626945495605,4.31492280960083,8.399785995483398,0.2598817050457001
1617,29801,13,0,7,center_duplicate,-1,0.0,0.0,0.0159809570759534,0.0159809570759534,43578.0,223138112.0,3565960.589881301,135.49880876480654,4038.0,59.11423873901367,0.0048035467043519,0.042230125516653,0.0380196794867515,0.0416055098176002,0.0447861440479755,0.020792031660676,4.51259708404541,8.273573875427246,6.738358020782471,0.3464617729187011
1617,29801,14,1,1,minus,0,-0.1,0.1,0.0065463040955364,0.0059233410283923,40009.0,41391580.0,245176.4440439828,156.3705915908862,4660.0,82.565185546875,0.0040601445361971,0.0467863455414772,0.037327691912651,0.0252654738724231,0.0362723432481288,0.0408878438174724,1.3129640817642212,5.302206039428711,8.969371795654297,0.4284742176532745
1617,29801,14,1,2,minus,0,-0.1,0.1,0.0059406426735222,0.005375315900892,4031.0,734281.625,3946.995694595331,49.46142746887688,1474.0,22.052663803100582,0.0047632143832743,0.0122588193044066,0.038533229380846,0.0326894856989383,0.0357518084347248,0.025060711428523,9.433023452758787,8.444083213806152,6.955045700073242,0.8759985566139221
1617,29801,14,1,7,minus,0,-0.1,0.1,0.0054341284558176,0.0049170027486979,15779.0,6165739.5,30316.95806925581,85.2655951142579,2541.0,74.29742431640625,0.0021332968026399,0.0331338346004486,0.024333057925105,0.0315007902681827,0.0290384367108345,0.0302209127694368,8.710350036621094,3.6867733001708975,8.966926574707031,0.9366800785064696
1617,29801,15,1,1,minus,1,-0.05,0.05,0.0065463040955364,0.0062270374037325,41645.0,47035152.0,292889.6507942453,158.5181705311902,4724.0,82.565185546875,0.0040601445361971,0.0467863455414772,0.037327691912651,0.0252654738724231,0.0362723432481288,0.0408878438174724,1.3129640817642212,5.302206039428711,8.969371795654297,0.4284742176532745
1617,29801,15,1,2,minus,1,-0.05,0.05,0.0059406426735222,0.005650914274156,4310.0,733394.8125,4144.351214548282,50.77010838562464,1513.0,22.052663803100582,0.0047632143832743,0.0122588193044066,0.038533229380846,0.0326894856989383,0.0357518084347248,0.025060711428523,9.433023452758787,8.444083213806152,6.955045700073242,0.8759985566139221
1617,29801,15,1,7,minus,1,-0.05,0.05,0.0054341284558176,0.0051691029220819,16256.0,7302187.5,37745.75874384027,86.23871682158317,2570.0,74.29742431640625,0.0021332968026399,0.0331338346004486,0.024333057925105,0.0315007902681827,0.0290384367108345,0.0302209127694368,8.710350036621094,3.6867733001708975,8.966926574707031,0.9366800785064696
1617,29801,16,1,1,minus,2,-0.02,0.02,0.0065463040955364,0.0064166784286499,42324.0,48467828.0,311002.46641111374,159.82685144793797,4763.0,82.565185546875,0.0040601445361971,0.0467863455414772,0.037327691912651,0.0252654738724231,0.0362723432481288,0.0408878438174724,1.3129640817642212,5.302206039428711,8.969371795654297,0.4284742176532745
1617,29801,16,1,2,minus,2,-0.02,0.02,0.0059406426735222,0.0058230101130902,4429.0,751059.875,4373.429247661319,51.2734471997584,1528.0,22.052663803100582,0.0047632143832743,0.0122588193044066,0.038533229380846,0.0326894856989383,0.0357518084347248,0.025060711428523,9.433023452758787,8.444083213806152,6.955045700073242,0.8759985566139221
1617,29801,16,1,7,minus,2,-0.02,0.02,0.0054341284558176,0.005326525773853,16567.0,7730566.0,41177.05904547218,87.01050300325493,2593.0,74.29742431640625,0.0021332968026399,0.0331338346004486,0.024333057925105,0.0315007902681827,0.0290384367108345,0.0302209127694368,8.710350036621094,3.6867733001708975,8.966926574707031,0.9366800785064696
1617,29801,17,1,1,minus,3,-0.01,0.01,0.0065463040955364,0.0064811673946678,42640.0,49938224.0,323657.9891364202,160.39730210395624,4780.0,82.565185546875,0.0040601445361971,0.0467863455414772,0.037327691912651,0.0252654738724231,0.0362723432481288,0.0408878438174724,1.3129640817642212,5.302206039428711,8.969371795654297,0.4284742176532745
1617,29801,17,1,2,minus,3,-0.01,0.01,0.0059406426735222,0.0058815320953726,4467.0,793704.0,4668.195550225675,51.2734471997584,1528.0,22.052663803100582,0.0047632143832743,0.0122588193044066,0.038533229380846,0.0326894856989383,0.0357518084347248,0.025060711428523,9.433023452758787,8.444083213806152,6.955045700073242,0.8759985566139221
1617,29801,17,1,7,minus,3,-0.01,0.01,0.0054341284558176,0.0053800581954419,16607.0,7704240.0,41449.259551651776,87.14472668702392,2597.0,74.29742431640625,0.0021332968026399,0.0331338346004486,0.024333057925105,0.0315007902681827,0.0290384367108345,0.0302209127694368,8.710350036621094,3.6867733001708975,8.966926574707031,0.9366800785064696
1617,29801,18,1,1,minus,4,-0.005,0.005,0.0065463040955364,0.0065136542543768,42779.0,52083312.0,339252.68679083884,160.29663434112948,4777.0,82.565185546875,0.0040601445361971,0.0467863455414772,0.037327691912651,0.0252654738724231,0.0362723432481288,0.0408878438174724,1.3129640817642212,5.302206039428711,8.969371795654297,0.4284742176532745
1617,29801,18,1,2,minus,4,-0.005,0.005,0.0059406426735222,0.0059110135771334,4463.0,783597.6875,4631.8565698228485,51.4076708835274,1532.0,22.052663803100582,0.0047632143832743,0.0122588193044066,0.038533229380846,0.0326894856989383,0.0357518084347248,0.025060711428523,9.433023452758787,8.444083213806152,6.955045700073242,0.8759985566139221
1617,29801,18,1,7,minus,4,-0.005,0.005,0.0054341284558176,0.0054070255719125,16702.0,7710243.0,41689.48106665956,87.31250629173518,2602.0,74.29742431640625,0.0021332968026399,0.0331338346004486,0.024333057925105,0.0315007902681827,0.0290384367108345,0.0302209127694368,8.710350036621094,3.6867733001708975,8.966926574707031,0.9366800785064696
1617,29801,19,1,1,minus,5,-0.0025,0.0025,0.0065463040955364,0.0065299584530293,42981.0,53050180.0,346415.4713257309,160.497969866783,4783.0,82.565185546875,0.0040601445361971,0.0467863455414772,0.037327691912651,0.0252654738724231,0.0362723432481288,0.0408878438174724,1.3129640817642212,5.302206039428711,8.969371795654297,0.4284742176532745
1617,29801,19,1,2,minus,5,-0.0025,0.0025,0.0059406426735222,0.0059258094988763,4484.0,803001.9375,4758.4365088536,51.50833864635415,1535.0,22.052663803100582,0.0047632143832743,0.0122588193044066,0.038533229380846,0.0326894856989383,0.0357518084347248,0.025060711428523,9.433023452758787,8.444083213806152,6.955045700073242,0.8759985566139221
1617,29801,19,1,7,minus,5,-0.0025,0.0025,0.0054341284558176,0.0054205600172281,16694.0,7955396.5,43122.70418909658,87.37961813361967,2604.0,74.29742431640625,0.0021332968026399,0.0331338346004486,0.024333057925105,0.0315007902681827,0.0290384367108345,0.0302209127694368,8.710350036621094,3.6867733001708975,8.966926574707031,0.9366800785064696
1617,29801,20,1,1,center,6,0.0,0.0,0.0065463040955364,0.0065463040955364,43029.0,52507672.0,343731.18826068565,160.6993053924365,4789.0,82.565185546875,0.0040601445361971,0.0467863455414772,0.037327691912651,0.0252654738724231,0.0362723432481288,0.0408878438174724,1.3129640817642212,5.302206039428711,8.969371795654297,0.4284742176532745
1617,29801,20,1,2,center,6,0.0,0.0,0.0059406426735222,0.0059406426735222,4482.0,815708.5625,4845.833095544978,51.50833864635415,1535.0,22.052663803100582,0.0047632143832743,0.0122588193044066,0.038533229380846,0.0326894856989383,0.0357518084347248,0.025060711428523,9.433023452758787,8.444083213806152,6.955045700073242,0.8759985566139221
1617,29801,20,1,7,center,6,0.0,0.0,0.0054341284558176,0.0054341284558176,16700.0,8082492.5,43921.30248818314,87.44672997550417,2606.0,74.29742431640625,0.0021332968026399,0.0331338346004486,0.024333057925105,0.0315007902681827,0.0290384367108345,0.0302209127694368,8.710350036621094,3.6867733001708975,8.966926574707031,0.9366800785064696
1617,29801,21,1,1,plus,7,0.0025,0.0025,0.0065463040955364,0.0065626907162368,43120.0,52527056.0,344718.82276245207,161.06842052280123,4800.0,82.565185546875,0.0040601445361971,0.0467863455414772,0.037327691912651,0.0252654738724231,0.0362723432481288,0.0408878438174724,1.3129640817642212,5.302206039428711,8.969371795654297,0.4284742176532745
1617,29801,21,1,2,plus,7,0.0025,0.0025,0.0059406426735222,0.0059555131010711,4494.0,838315.875,4992.601176398399,51.57545048823864,1537.0,22.052663803100582,0.0047632143832743,0.0122588193044066,0.038533229380846,0.0326894856989383,0.0357518084347248,0.025060711428523,9.433023452758787,8.444083213806152,6.955045700073242,0.8759985566139221
1617,29801,21,1,7,plus,7,0.0025,0.0025,0.0054341284558176,0.0054477308876812,16659.0,8005433.5,43611.44734722818,87.41317405456192,2605.0,74.29742431640625,0.0021332968026399,0.0331338346004486,0.024333057925105,0.0315007902681827,0.0290384367108345,0.0302209127694368,8.710350036621094,3.6867733001708975,8.966926574707031,0.9366800785064696
1617,29801,22,1,1,plus,8,0.005,0.005,0.0065463040955364,0.0065791173838078,43029.0,53244612.0,350302.5524033066,161.034864601859,4799.0,82.565185546875,0.0040601445361971,0.0467863455414772,0.037327691912651,0.0252654738724231,0.0362723432481288,0.0408878438174724,1.3129640817642212,5.302206039428711,8.969371795654297,0.4284742176532745
1617,29801,22,1,2,plus,8,0.005,0.005,0.0059406426735222,0.0059704203158617,4492.0,822253.125,4909.196762280772,51.64256233012315,1539.0,22.052663803100582,0.0047632143832743,0.0122588193044066,0.038533229380846,0.0326894856989383,0.0357518084347248,0.025060711428523,9.433023452758787,8.444083213806152,6.955045700073242,0.8759985566139221
1617,29801,22,1,7,plus,8,0.005,0.005,0.0054341284558176,0.0054613673128187,16657.0,7923281.5,43271.95059436164,87.41317405456192,2605.0,74.29742431640625,0.0021332968026399,0.0331338346004486,0.024333057925105,0.0315007902681827,0.0290384367108345,0.0302209127694368,8.710350036621094,3.6867733001708975,8.966926574707031,0.9366800785064696
1617,29801,23,1,1,plus,9,0.01,0.01,0.0065463040955364,0.006612095516175,42991.0,52376264.0,346316.8603483997,161.1019764437435,4801.0,82.565185546875,0.0040601445361971,0.0467863455414772,0.037327691912651,0.0252654738724231,0.0362723432481288,0.0408878438174724,1.3129640817642212,5.302206039428711,8.969371795654297,0.4284742176532745
1617,29801,23,1,2,plus,9,0.01,0.01,0.0059406426735222,0.0060003469698131,4511.0,789413.875,4736.757152784674,51.8103419348344,1544.0,22.052663803100582,0.0047632143832743,0.0122588193044066,0.038533229380846,0.0326894856989383,0.0357518084347248,0.025060711428523,9.433023452758787,8.444083213806152,6.955045700073242,0.8759985566139221
1617,29801,23,1,7,plus,9,0.01,0.01,0.0054341284558176,0.005488742608577,16761.0,7754463.5,42562.254219105234,87.68162142209992,2613.0,74.29742431640625,0.0021332968026399,0.0331338346004486,0.024333057925105,0.0315007902681827,0.0290384367108345,0.0302209127694368,8.710350036621094,3.6867733001708975,8.966926574707031,0.9366800785064696
1617,29801,24,1,1,plus,10,0.02,0.02,0.0065463040955364,0.0066785481758415,43303.0,55792320.0,372611.69696196914,161.2362001275125,4805.0,82.565185546875,0.0040601445361971,0.0467863455414772,0.037327691912651,0.0252654738724231,0.0362723432481288,0.0408878438174724,1.3129640817642212,5.302206039428711,8.969371795654297,0.4284742176532745
1617,29801,24,1,2,plus,10,0.02,0.02,0.0059406426735222,0.0060606515035033,4539.0,811274.875,4916.85429092322,52.0116774604879,1550.0,22.052663803100582,0.0047632143832743,0.0122588193044066,0.038533229380846,0.0326894856989383,0.0357518084347248,0.025060711428523,9.433023452758787,8.444083213806152,6.955045700073242,0.8759985566139221
1617,29801,24,1,7,plus,10,0.02,0.02,0.0054341284558176,0.0055439048446714,16774.0,7806569.0,43278.87569936225,87.98362471058017,2622.0,74.29742431640625,0.0021332968026399,0.0331338346004486,0.024333057925105,0.0315007902681827,0.0290384367108345,0.0302209127694368,8.710350036621094,3.6867733001708975,8.966926574707031,0.9366800785064696
1617,29801,25,1,1,plus,11,0.05,0.05,0.0065463040955364,0.0068819401785731,44212.0,60810248.0,418492.4889801964,162.47776920237575,4842.0,82.565185546875,0.0040601445361971,0.0467863455414772,0.037327691912651,0.0252654738724231,0.0362723432481288,0.0408878438174724,1.3129640817642212,5.302206039428711,8.969371795654297,0.4284742176532745
1617,29801,25,1,2,plus,11,0.05,0.05,0.0059406426735222,0.0062452256679534,4544.0,890887.9375,5563.796214545146,52.31368074896815,1559.0,22.052663803100582,0.0047632143832743,0.0122588193044066,0.038533229380846,0.0326894856989383,0.0357518084347248,0.025060711428523,9.433023452758787,8.444083213806152,6.955045700073242,0.8759985566139221
1617,29801,25,1,7,plus,11,0.05,0.05,0.0054341284558176,0.005712741985917,16983.0,7481863.0,42741.95289297961,88.35273984094493,2633.0,74.29742431640625,0.0021332968026399,0.0331338346004486,0.024333057925105,0.0315007902681827,0.0290384367108345,0.0302209127694368,8.710350036621094,3.6867733001708975,8.966926574707031,0.9366800785064696
1617,29801,26,1,1,plus,12,0.1,0.1,0.0065463040955364,0.0072347852401435,45805.0,63315768.0,458075.9837947525,164.89379551021776,4914.0,82.565185546875,0.0040601445361971,0.0467863455414772,0.037327691912651,0.0252654738724231,0.0362723432481288,0.0408878438174724,1.3129640817642212,5.302206039428711,8.969371795654297,0.4284742176532745
1617,29801,26,1,2,plus,12,0.1,0.1,0.0059406426735222,0.0065654260106384,4896.0,942610.8125,6188.641546296567,53.85725311231166,1605.0,22.052663803100582,0.0047632143832743,0.0122588193044066,0.038533229380846,0.0326894856989383,0.0357518084347248,0.025060711428523,9.433023452758787,8.444083213806152,6.955045700073242,0.8759985566139221
1617,29801,26,1,7,plus,12,0.1,0.1,0.0054341284558176,0.0060056410729885,17279.0,8701888.0,52260.41598534584,89.25874970638569,2660.0,74.29742431640625,0.0021332968026399,0.0331338346004486,0.024333057925105,0.0315007902681827,0.0290384367108345,0.0302209127694368,8.710350036621094,3.6867733001708975,8.966926574707031,0.9366800785064696
1617,29801,27,1,1,center_duplicate,-1,0.0,0.0,0.0065463040955364,0.0065463040955364,43029.0,52507672.0,343731.18826068565,160.6993053924365,4789.0,82.565185546875,0.0040601445361971,0.0467863455414772,0.037327691912651,0.0252654738724231,0.0362723432481288,0.0408878438174724,1.3129640817642212,5.302206039428711,8.969371795654297,0.4284742176532745
1617,29801,27,1,2,center_duplicate,-1,0.0,0.0,0.0059406426735222,0.0059406426735222,4482.0,815708.5625,4845.833095544978,51.50833864635415,1535.0,22.052663803100582,0.0047632143832743,0.0122588193044066,0.038533229380846,0.0326894856989383,0.0357518084347248,0.025060711428523,9.433023452758787,8.444083213806152,6.955045700073242,0.8759985566139221
1617,29801,27,1,7,center_duplicate,-1,0.0,0.0,0.0054341284558176,0.0054341284558176,16700.0,8082492.5,43921.30248818314,87.44672997550417,2606.0,74.29742431640625,0.0021332968026399,0.0331338346004486,0.024333057925105,0.0315007902681827,0.0290384367108345,0.0302209127694368,8.710350036621094,3.6867733001708975,8.966926574707031,0.9366800785064696
1617,29801,28,2,1,minus,0,-0.1,0.1,0.0166266057640314,0.0150443753227591,81404.0,167179888.0,2515116.981488839,216.26791047280287,6445.0,48.48685836791992,0.0011892077745869,0.044319562613964,0.0304092969745397,0.0451588854193687,0.0295377913862466,0.0365017279982566,3.901416301727295,9.86105251312256,3.3765461444854736,0.8627018332481384
1617,29801,28,2,2,minus,0,-0.1,0.1,0.0100537622347474,0.0090970201417803,228878.0,181658832.0,1652554.0536362976,296.198114157243,8827.0,75.7269058227539,0.0007651544292457,0.0448898784816265,0.0217880867421627,0.0417401753365993,0.0252469163388013,0.0333943888545036,2.15057635307312,6.021400451660156,0.422410249710083,0.3041475713253021
1617,29801,28,2,7,minus,0,-0.1,0.1,0.0021897365804761,0.001981355715543,12709.0,2739530.5,5427.984414079459,76.94372672057985,2293.0,47.99076843261719,0.0003057307621929,0.0257897935807704,0.0325126685202121,0.0218789111822843,0.0452771298587322,0.017795966938138,8.833017349243164,8.9212064743042,2.157782077789306,0.5844389796257019
1617,29801,29,2,1,minus,1,-0.05,0.05,0.0166266057640314,0.0158157162368297,82456.0,188128688.0,2975389.94541508,217.47592362672395,6481.0,48.48685836791992,0.0011892077745869,0.044319562613964,0.0304092969745397,0.0451588854193687,0.0295377913862466,0.0365017279982566,3.901416301727295,9.86105251312256,3.3765461444854736,0.8627018332481384
1617,29801,29,2,2,minus,1,-0.05,0.05,0.0100537622347474,0.0095634348690509,236884.0,193502480.0,1850548.36447984,301.0972786148116,8973.0,75.7269058227539,0.0007651544292457,0.0448898784816265,0.0217880867421627,0.0417401753365993,0.0252469163388013,0.0333943888545036,2.15057635307312,6.021400451660156,0.422410249710083,0.3041475713253021
1617,29801,29,2,7,minus,1,-0.05,0.05,0.0021897365804761,0.002082941820845,13059.0,2978854.25,6204.78009552689,78.42018724203885,2337.0,47.99076843261719,0.0003057307621929,0.0257897935807704,0.0325126685202121,0.0218789111822843,0.0452771298587322,0.017795966938138,8.833017349243164,8.9212064743042,2.157782077789306,0.5844389796257019
1617,29801,30,2,1,minus,2,-0.02,0.02,0.0166266057640314,0.0162973776459693,83467.0,193683488.0,3156532.9477245808,218.51615717593367,6512.0,48.48685836791992,0.0011892077745869,0.044319562613964,0.0304092969745397,0.0451588854193687,0.0295377913862466,0.0365017279982566,3.901416301727295,9.86105251312256,3.3765461444854736,0.8627018332481384
1617,29801,30,2,2,minus,2,-0.02,0.02,0.0100537622347474,0.0098546845838427,240567.0,208532640.0,2055023.392636031,303.27841347605784,9038.0,75.7269058227539,0.0007651544292457,0.0448898784816265,0.0217880867421627,0.0417401753365993,0.0252469163388013,0.0333943888545036,2.15057635307312,6.021400451660156,0.422410249710083,0.3041475713253021
1617,29801,30,2,7,minus,2,-0.02,0.02,0.0021897365804761,0.0021463769953697,13402.0,3231988.25,6937.065229105472,79.1919734237106,2360.0,47.99076843261719,0.0003057307621929,0.0257897935807704,0.0325126685202121,0.0218789111822843,0.0452771298587322,0.017795966938138,8.833017349243164,8.9212064743042,2.157782077789306,0.5844389796257019
1617,29801,31,2,1,minus,3,-0.01,0.01,0.0166266057640314,0.0164611674845218,83554.0,198300064.0,3264250.565695405,218.68393678064493,6517.0,48.48685836791992,0.0011892077745869,0.044319562613964,0.0304092969745397,0.0451588854193687,0.0295377913862466,0.0365017279982566,3.901416301727295,9.86105251312256,3.3765461444854736,0.8627018332481384
1617,29801,31,2,2,minus,3,-0.01,0.01,0.0100537622347474,0.0099537260830402,241345.0,212694608.0,2117103.8673716187,303.74819636924934,9052.0,75.7269058227539,0.0007651544292457,0.0448898784816265,0.0217880867421627,0.0417401753365993,0.0252469163388013,0.0333943888545036,2.15057635307312,6.021400451660156,0.422410249710083,0.3041475713253021
1617,29801,31,2,7,minus,3,-0.01,0.01,0.0021897365804761,0.002167948288843,13514.0,3231898.25,7006.588280802302,79.39330894936411,2366.0,47.99076843261719,0.0003057307621929,0.0257897935807704,0.0325126685202121,0.0218789111822843,0.0452771298587322,0.017795966938138,8.833017349243164,8.9212064743042,2.157782077789306,0.5844389796257019
1617,29801,32,2,1,minus,4,-0.005,0.005,0.0166266057640314,0.0165436808019876,83500.0,202651056.0,3352594.384649724,218.68393678064493,6517.0,48.48685836791992,0.0011892077745869,0.044319562613964,0.0304092969745397,0.0451588854193687,0.0295377913862466,0.0365017279982566,3.901416301727295,9.86105251312256,3.3765461444854736,0.8627018332481384
1617,29801,32,2,2,minus,4,-0.005,0.005,0.0100537622347474,0.0100036188960075,242415.0,208636976.0,2087124.7955194712,304.3857588671521,9071.0,75.7269058227539,0.0007651544292457,0.0448898784816265,0.0217880867421627,0.0417401753365993,0.0252469163388013,0.0333943888545036,2.15057635307312,6.021400451660156,0.422410249710083,0.3041475713253021
1617,29801,32,2,7,minus,4,-0.005,0.005,0.0021897365804761,0.0021788151934742,13562.0,3154901.0,6873.94623270724,79.59464447501762,2372.0,47.99076843261719,0.0003057307621929,0.0257897935807704,0.0325126685202121,0.0218789111822843,0.0452771298587322,0.017795966938138,8.833017349243164,8.9212064743042,2.157782077789306,0.5844389796257019
1617,29801,33,2,1,minus,5,-0.0025,0.0025,0.0166266057640314,0.0165850911289453,83677.0,207255392.0,3437349.563285291,218.7846045434717,6520.0,48.48685836791992,0.0011892077745869,0.044319562613964,0.0304092969745397,0.0451588854193687,0.0295377913862466,0.0365017279982566,3.901416301727295,9.86105251312256,3.3765461444854736,0.8627018332481384
1617,29801,33,2,2,minus,5,-0.0025,0.0025,0.0100537622347474,0.0100286593660712,243028.0,209315488.0,2099153.729194969,304.6877621556324,9080.0,75.7269058227539,0.0007651544292457,0.0448898784816265,0.0217880867421627,0.0417401753365993,0.0252469163388013,0.0333943888545036,2.15057635307312,6.021400451660156,0.422410249710083,0.3041475713253021
1617,29801,33,2,7,minus,5,-0.0025,0.0025,0.0021897365804761,0.0021842690184712,13621.0,3170978.25,6926.269549721153,79.69531223784436,2375.0,47.99076843261719,0.0003057307621929,0.0257897935807704,0.0325126685202121,0.0218789111822843,0.0452771298587322,0.017795966938138,8.833017349243164,8.9212064743042,2.157782077789306,0.5844389796257019
1617,29801,34,2,1,center,6,0.0,0.0,0.0166266057640314,0.0166266057640314,83819.0,210981744.0,3507910.2808957994,218.85171638535616,6522.0,48.48685836791992,0.0011892077745869,0.044319562613964,0.0304092969745397,0.0451588854193687,0.0295377913862466,0.0365017279982566,3.901416301727295,9.86105251312256,3.3765461444854736,0.8627018332481384
1617,29801,34,2,2,center,6,0.0,0.0,0.0100537622347474,0.0100537622347474,243106.0,210265056.0,2113954.8792998493,304.8219858394013,9084.0,75.7269058227539,0.0007651544292457,0.0448898784816265,0.0217880867421627,0.0417401753365993,0.0252469163388013,0.0333943888545036,2.15057635307312,6.021400451660156,0.422410249710083,0.3041475713253021
1617,29801,34,2,7,center,6,0.0,0.0,0.0021897365804761,0.0021897365804761,13672.0,3264154.5,7147.6385129758855,79.86309184255562,2380.0,47.99076843261719,0.0003057307621929,0.0257897935807704,0.0325126685202121,0.0218789111822843,0.0452771298587322,0.017795966938138,8.833017349243164,8.9212064743042,2.157782077789306,0.5844389796257019
1617,29801,35,2,1,plus,7,0.0025,0.0025,0.0166266057640314,0.0166682247072458,83963.0,205833104.0,3430872.4296619,218.85171638535616,6522.0,48.48685836791992,0.0011892077745869,0.044319562613964,0.0304092969745397,0.0451588854193687,0.0295377913862466,0.0365017279982566,3.901416301727295,9.86105251312256,3.3765461444854736,0.8627018332481384
1617,29801,35,2,2,plus,7,0.0025,0.0025,0.0100537622347474,0.0100789284333586,243187.0,210524560.0,2121861.973704323,304.7548739975168,9082.0,75.7269058227539,0.0007651544292457,0.0448898784816265,0.0217880867421627,0.0417401753365993,0.0252469163388013,0.0333943888545036,2.15057635307312,6.021400451660156,0.422410249710083,0.3041475713253021
1617,29801,35,2,7,plus,7,0.0025,0.0025,0.0021897365804761,0.002195217879489,13642.0,3224818.0,7079.178131698165,79.86309184255562,2380.0,47.99076843261719,0.0003057307621929,0.0257897935807704,0.0325126685202121,0.0218789111822843,0.0452771298587322,0.017795966938138,8.833017349243164,8.9212064743042,2.157782077789306,0.5844389796257019
1617,29801,36,2,1,plus,8,0.005,0.005,0.0166266057640314,0.0167099460959434,84160.0,203315600.0,3397392.7164644003,218.95238414818292,6525.0,48.48685836791992,0.0011892077745869,0.044319562613964,0.0304092969745397,0.0451588854193687,0.0295377913862466,0.0365017279982566,3.901416301727295,9.86105251312256,3.3765461444854736,0.8627018332481384
1617,29801,36,2,2,plus,8,0.005,0.005,0.0100537622347474,0.0101041570305824,243490.0,214942816.0,2171815.965459585,304.9897654441126,9089.0,75.7269058227539,0.0007651544292457,0.0448898784816265,0.0217880867421627,0.0417401753365993,0.0252469163388013,0.0333943888545036,2.15057635307312,6.021400451660156,0.422410249710083,0.3041475713253021
1617,29801,36,2,7,plus,8,0.005,0.005,0.0021897365804761,0.0022007126826792,13601.0,3374167.75,7425.573760912463,79.96375960538236,2383.0,47.99076843261719,0.0003057307621929,0.0257897935807704,0.0325126685202121,0.0218789111822843,0.0452771298587322,0.017795966938138,8.833017349243164,8.9212064743042,2.157782077789306,0.5844389796257019
1617,29801,37,2,1,plus,9,0.01,0.01,0.0166266057640314,0.016793705523014,84141.0,202024992.0,3392748.223937273,218.91882822724068,6524.0,48.48685836791992,0.0011892077745869,0.044319562613964,0.0304092969745397,0.0451588854193687,0.0295377913862466,0.0365017279982566,3.901416301727295,9.86105251312256,3.3765461444854736,0.8627018332481384
1617,29801,37,2,2,plus,9,0.01,0.01,0.0100537622347474,0.0101548042148351,244266.0,219724368.0,2231257.9382683933,305.5266601791886,9105.0,75.7269058227539,0.0007651544292457,0.0448898784816265,0.0217880867421627,0.0417401753365993,0.0252469163388013,0.0333943888545036,2.15057635307312,6.021400451660156,0.422410249710083,0.3041475713253021
1617,29801,37,2,7,plus,9,0.01,0.01,0.0021897365804761,0.0022117437329143,13654.0,3041745.5,6727.561546745361,80.06442736820911,2386.0,47.99076843261719,0.0003057307621929,0.0257897935807704,0.0325126685202121,0.0218789111822843,0.0452771298587322,0.017795966938138,8.833017349243164,8.9212064743042,2.157782077789306,0.5844389796257019
1617,29801,38,2,1,plus,10,0.02,0.02,0.0166266057640314,0.0169624853879213,84119.0,205551632.0,3486666.554263383,219.1872755947787,6532.0,48.48685836791992,0.0011892077745869,0.044319562613964,0.0304092969745397,0.0451588854193687,0.0295377913862466,0.0365017279982566,3.901416301727295,9.86105251312256,3.3765461444854736,0.8627018332481384
1617,29801,38,2,2,plus,10,0.02,0.02,0.0100537622347474,0.0102568613365292,245197.0,222345696.0,2280568.9726460874,306.02999899332235,9120.0,75.7269058227539,0.0007651544292457,0.0448898784816265,0.0217880867421627,0.0417401753365993,0.0252469163388013,0.0333943888545036,2.15057635307312,6.021400451660156,0.422410249710083,0.3041475713253021
1617,29801,38,2,7,plus,10,0.02,0.02,0.0021897365804761,0.0022339720744639,13646.0,3052823.75,6819.923005760356,79.93020368444012,2382.0,47.99076843261719,0.0003057307621929,0.0257897935807704,0.0325126685202121,0.0218789111822843,0.0452771298587322,0.017795966938138,8.833017349243164,8.9212064743042,2.157782077789306,0.5844389796257019
1617,29801,39,2,1,plus,11,0.05,0.05,0.0166266057640314,0.0174790695309638,84790.0,225501824.0,3941562.061055184,219.69061440891244,6547.0,48.48685836791992,0.0011892077745869,0.044319562613964,0.0304092969745397,0.0451588854193687,0.0295377913862466,0.0365017279982566,3.901416301727295,9.86105251312256,3.3765461444854736,0.8627018332481384
1617,29801,39,2,2,plus,11,0.05,0.05,0.0100537622347474,0.010569229722023,249811.0,229304000.0,2423566.6521787643,308.8151404315292,9203.0,75.7269058227539,0.0007651544292457,0.0448898784816265,0.0217880867421627,0.0417401753365993,0.0252469163388013,0.0333943888545036,2.15057635307312,6.021400451660156,0.422410249710083,0.3041475713253021
1617,29801,39,2,7,plus,11,0.05,0.05,0.0021897365804761,0.0023020068183541,13812.0,3174431.0,7307.561806394719,80.39998657763162,2396.0,47.99076843261719,0.0003057307621929,0.0257897935807704,0.0325126685202121,0.0218789111822843,0.0452771298587322,0.017795966938138,8.833017349243164,8.9212064743042,2.157782077789306,0.5844389796257019
1617,29801,40,2,1,plus,12,0.1,0.1,0.0166266057640314,0.0183752421289682,85805.0,249533024.0,4585229.735173643,220.8650716418912,6582.0,48.48685836791992,0.0011892077745869,0.044319562613964,0.0304092969745397,0.0451588854193687,0.0295377913862466,0.0365017279982566,3.901416301727295,9.86105251312256,3.3765461444854736,0.8627018332481384
1617,29801,40,2,2,plus,12,0.1,0.1,0.0100537622347474,0.011111126281321,255411.0,246967680.0,2744089.0798848867,312.1371766048119,9302.0,75.7269058227539,0.0007651544292457,0.0448898784816265,0.0217880867421627,0.0417401753365993,0.0252469163388013,0.0333943888545036,2.15057635307312,6.021400451660156,0.422410249710083,0.3041475713253021
1617,29801,40,2,7,plus,12,0.1,0.1,0.0021897365804761,0.0024200333282351,14422.0,3691810.25,8934.303846520139,81.94355894097512,2442.0,47.99076843261719,0.0003057307621929,0.0257897935807704,0.0325126685202121,0.0218789111822843,0.0452771298587322,0.017795966938138,8.833017349243164,8.9212064743042,2.157782077789306,0.5844389796257019
1617,29801,41,2,1,center_duplicate,-1,0.0,0.0,0.0166266057640314,0.0166266057640314,83819.0,210981744.0,3507910.2808957994,218.85171638535616,6522.0,48.48685836791992,0.0011892077745869,0.044319562613964,0.0304092969745397,0.0451588854193687,0.0295377913862466,0.0365017279982566,3.901416301727295,9.86105251312256,3.3765461444854736,0.8627018332481384
1617,29801,41,2,2,center_duplicate,-1,0.0,0.0,0.0100537622347474,0.0100537622347474,243106.0,210265056.0,2113954.8792998493,304.8219858394013,9084.0,75.7269058227539,0.0007651544292457,0.0448898784816265,0.0217880867421627,0.0417401753365993,0.0252469163388013,0.0333943888545036,2.15057635307312,6.021400451660156,0.422410249710083,0.3041475713253021
1617,29801,41,2,7,center_duplicate,-1,0.0,0.0,0.0021897365804761,0.0021897365804761,13672.0,3264154.5,7147.6385129758855,79.86309184255562,2380.0,47.99076843261719,0.0003057307621929,0.0257897935807704,0.0325126685202121,0.0218789111822843,0.0452771298587322,0.017795966938138,8.833017349243164,8.9212064743042,2.157782077789306,0.5844389796257019
1617,29801,42,3,1,minus,0,-0.1,0.1,0.0030624063219875,0.0027709798887372,4433.0,1567836.75,4344.444103073096,57.783295862554944,1722.0,68.69004821777344,0.0025674765929579,0.0119783859699964,0.0491933897137641,0.0344496145844459,0.010044421069324,0.0135199222713708,6.216831684112549,3.313960075378418,6.278366088867188,0.7253406047821045
1617,29801,42,3,2,minus,0,-0.1,0.1,0.0152102718129754,0.013762823306024,53610.0,61395168.0,844970.8490276635,153.92100936210193,4587.0,96.0049057006836,0.0020888946019113,0.0492519363760948,0.033308882266283,0.0218277648091316,0.0236985776573419,0.0186962261795997,5.5608625411987305,0.1537047326564788,5.821068286895752,0.7542546987533569
1617,29801,42,3,7,minus,0,-0.1,0.1,0.0139875570312142,0.0126564651727676,147445.0,118315976.0,1497462.0296260118,238.5490419784571,7109.0,89.26822662353516,0.0008241399773396,0.0486867688596248,0.0172926541417837,0.0131852496415376,0.0318209826946258,0.0380514785647392,3.277904748916626,5.072831630706787,3.020468711853028,0.4343680143356323
1617,29801,43,3,1,minus,1,-0.05,0.05,0.0030624063219875,0.002913051052019,4390.0,2055067.125,5986.515450450912,59.058420858360456,1760.0,68.69004821777344,0.0025674765929579,0.0119783859699964,0.0491933897137641,0.0344496145844459,0.010044421069324,0.0135199222713708,6.216831684112549,3.313960075378418,6.278366088867188,0.7253406047821045
1617,29801,43,3,2,minus,1,-0.05,0.05,0.0152102718129754,0.0144684584811329,54580.0,64266408.0,929835.8558795528,155.26324619979195,4627.0,96.0049057006836,0.0020888946019113,0.0492519363760948,0.033308882266283,0.0218277648091316,0.0236985776573419,0.0186962261795997,5.5608625411987305,0.1537047326564788,5.821068286895752,0.7542546987533569
1617,29801,43,3,7,minus,1,-0.05,0.05,0.0139875570312142,0.0133053762838244,149867.0,130044512.0,1730291.1658063233,240.39461763028083,7164.0,89.26822662353516,0.0008241399773396,0.0486867688596248,0.0172926541417837,0.0131852496415376,0.0318209826946258,0.0380514785647392,3.277904748916626,5.072831630706787,3.020468711853028,0.4343680143356323
1617,29801,44,3,1,minus,2,-0.02,0.02,0.0030624063219875,0.003001766745001,4350.0,2507528.25,7527.0149130007485,60.19932217039696,1794.0,68.69004821777344,0.0025674765929579,0.0119783859699964,0.0491933897137641,0.0344496145844459,0.010044421069324,0.0135199222713708,6.216831684112549,3.313960075378418,6.278366088867188,0.7253406047821045
1617,29801,44,3,2,minus,2,-0.02,0.02,0.0152102718129754,0.0149090886116027,55104.0,67260944.0,1002799.3741960526,155.80014093486795,4643.0,96.0049057006836,0.0020888946019113,0.0492519363760948,0.033308882266283,0.0218277648091316,0.0236985776573419,0.0186962261795997,5.5608625411987305,0.1537047326564788,5.821068286895752,0.7542546987533569
1617,29801,44,3,7,minus,2,-0.02,0.02,0.0139875570312142,0.0137105854228138,151865.0,131969720.0,1809382.119284831,241.9717459145666,7211.0,89.26822662353516,0.0008241399773396,0.0486867688596248,0.0172926541417837,0.0131852496415376,0.0318209826946258,0.0380514785647392,3.277904748916626,5.072831630706787,3.020468711853028,0.4343680143356323
1617,29801,45,3,1,minus,3,-0.01,0.01,0.0030624063219875,0.0030319348443299,4438.0,2600324.0,7884.012942147441,60.40065769605047,1800.0,68.69004821777344,0.0025674765929579,0.0119783859699964,0.0491933897137641,0.0344496145844459,0.010044421069324,0.0135199222713708,6.216831684112549,3.313960075378418,6.278366088867188,0.7253406047821045
1617,29801,45,3,2,minus,3,-0.01,0.01,0.0152102718129754,0.0150589272379875,55190.0,69155472.0,1041407.2209566832,156.00147646052145,4649.0,96.0049057006836,0.0020888946019113,0.0492519363760948,0.033308882266283,0.0218277648091316,0.0236985776573419,0.0186962261795997,5.5608625411987305,0.1537047326564788,5.821068286895752,0.7542546987533569
1617,29801,45,3,7,minus,3,-0.01,0.01,0.0139875570312142,0.0138483783230185,152550.0,133508768.0,1848879.9287041128,242.40797288681583,7224.0,89.26822662353516,0.0008241399773396,0.0486867688596248,0.0172926541417837,0.0131852496415376,0.0318209826946258,0.0380514785647392,3.277904748916626,5.072831630706787,3.020468711853028,0.4343680143356323
1617,29801,46,3,1,minus,4,-0.005,0.005,0.0030624063219875,0.0030471323989331,4363.0,2547614.75,7762.919444725034,60.56843730076172,1805.0,68.69004821777344,0.0025674765929579,0.0119783859699964,0.0491933897137641,0.0344496145844459,0.010044421069324,0.0135199222713708,6.216831684112549,3.313960075378418,6.278366088867188,0.7253406047821045
1617,29801,46,3,2,minus,4,-0.005,0.005,0.0152102718129754,0.0151344100013375,55241.0,68563736.0,1037671.691847466,156.1021442233482,4652.0,96.0049057006836,0.0020888946019113,0.0492519363760948,0.033308882266283,0.0218277648091316,0.0236985776573419,0.0186962261795997,5.5608625411987305,0.1537047326564788,5.821068286895752,0.7542546987533569
1617,29801,46,3,7,minus,4,-0.005,0.005,0.0139875570312142,0.0139177935197949,152586.0,135755696.0,1889419.746064052,242.40797288681583,7224.0,89.26822662353516,0.0008241399773396,0.0486867688596248,0.0172926541417837,0.0131852496415376,0.0318209826946258,0.0380514785647392,3.277904748916626,5.072831630706787,3.020468711853028,0.4343680143356323
1617,29801,47,3,1,minus,5,-0.0025,0.0025,0.0030624063219875,0.0030547596979886,4342.0,2610574.25,7974.677007506893,60.60199322170397,1806.0,68.69004821777344,0.0025674765929579,0.0119783859699964,0.0491933897137641,0.0344496145844459,0.010044421069324,0.0135199222713708,6.216831684112549,3.313960075378418,6.278366088867188,0.7253406047821045
1617,29801,47,3,2,minus,5,-0.0025,0.0025,0.0152102718129754,0.0151722934097051,55336.0,69021240.0,1047210.5047816784,156.20281198617496,4655.0,96.0049057006836,0.0020888946019113,0.0492519363760948,0.033308882266283,0.0218277648091316,0.0236985776573419,0.0186962261795997,5.5608625411987305,0.1537047326564788,5.821068286895752,0.7542546987533569
1617,29801,47,3,7,minus,5,-0.0025,0.0025,0.0139875570312142,0.0139526315033435,152544.0,135400624.0,1889195.011994779,242.40797288681583,7224.0,89.26822662353516,0.0008241399773396,0.0486867688596248,0.0172926541417837,0.0131852496415376,0.0318209826946258,0.0380514785647392,3.277904748916626,5.072831630706787,3.020468711853028,0.4343680143356323
1617,29801,48,3,1,center,6,0.0,0.0,0.0030624063219875,0.0030624063219875,4387.0,2485904.5,7612.849656657199,60.66910506358847,1808.0,68.69004821777344,0.0025674765929579,0.0119783859699964,0.0491933897137641,0.0344496145844459,0.010044421069324,0.0135199222713708,6.216831684112549,3.313960075378418,6.278366088867188,0.7253406047821045
1617,29801,48,3,2,center,6,0.0,0.0,0.0152102718129754,0.0152102718129754,55306.0,68539936.0,1042511.0566039385,156.20281198617496,4655.0,96.0049057006836,0.0020888946019113,0.0492519363760948,0.033308882266283,0.0218277648091316,0.0236985776573419,0.0186962261795997,5.5608625411987305,0.1537047326564788,5.821068286895752,0.7542546987533569
1617,29801,48,3,7,center,6,0.0,0.0,0.0139875570312142,0.0139875570312142,152819.0,140029952.0,1958676.939678192,242.6428643334116,7231.0,89.26822662353516,0.0008241399773396,0.0486867688596248,0.0172926541417837,0.0131852496415376,0.0318209826946258,0.0380514785647392,3.277904748916626,5.072831630706787,3.020468711853028,0.4343680143356323
1617,29801,49,3,1,plus,7,0.0025,0.0025,0.0030624063219875,0.0030700720380991,4385.0,2469496.75,7581.532920351776,60.70266098453072,1809.0,68.69004821777344,0.0025674765929579,0.0119783859699964,0.0491933897137641,0.0344496145844459,0.010044421069324,0.0135199222713708,6.216831684112549,3.313960075378418,6.278366088867188,0.7253406047821045
1617,29801,49,3,2,plus,7,0.0025,0.0025,0.0152102718129754,0.0152483452111482,55311.0,69055008.0,1052974.600542605,156.2363679071172,4656.0,96.0049057006836,0.0020888946019113,0.0492519363760948,0.033308882266283,0.0218277648091316,0.0236985776573419,0.0186962261795997,5.5608625411987305,0.1537047326564788,5.821068286895752,0.7542546987533569
1617,29801,49,3,7,plus,7,0.0025,0.0025,0.0139875570312142,0.0140225701034069,153007.0,139308704.0,1953466.067854762,242.7770880171806,7235.0,89.26822662353516,0.0008241399773396,0.0486867688596248,0.0172926541417837,0.0131852496415376,0.0318209826946258,0.0380514785647392,3.277904748916626,5.072831630706787,3.020468711853028,0.4343680143356323
1617,29801,50,3,1,plus,8,0.005,0.005,0.0030624063219875,0.0030777566134929,4387.0,2433969.25,7491.164956226014,60.90399651018422,1815.0,68.69004821777344,0.0025674765929579,0.0119783859699964,0.0491933897137641,0.0344496145844459,0.010044421069324,0.0135199222713708,6.216831684112549,3.313960075378418,6.278366088867188,0.7253406047821045
1617,29801,50,3,2,plus,8,0.005,0.005,0.0152102718129754,0.0152865136042237,55377.0,70167296.0,1072613.3248755932,156.3705915908862,4660.0,96.0049057006836,0.0020888946019113,0.0492519363760948,0.033308882266283,0.0218277648091316,0.0236985776573419,0.0186962261795997,5.5608625411987305,0.1537047326564788,5.821068286895752,0.7542546987533569
1617,29801,50,3,7,plus,8,0.005,0.005,0.0139875570312142,0.014057669788599,153169.0,138145216.0,1941999.8294026847,242.9113117009496,7239.0,89.26822662353516,0.0008241399773396,0.0486867688596248,0.0172926541417837,0.0131852496415376,0.0318209826946258,0.0380514785647392,3.277904748916626,5.072831630706787,3.020468711853028,0.4343680143356323
1617,29801,51,3,1,plus,9,0.01,0.01,0.0030624063219875,0.0030931839719414,4404.0,2296915.25,7104.781436207937,61.07177611489547,1820.0,68.69004821777344,0.0025674765929579,0.0119783859699964,0.0491933897137641,0.0344496145844459,0.010044421069324,0.0135199222713708,6.216831684112549,3.313960075378418,6.278366088867188,0.7253406047821045
1617,29801,51,3,2,plus,9,0.01,0.01,0.0152102718129754,0.0153631381690502,55672.0,68470240.0,1051917.757588029,156.53837119559745,4665.0,96.0049057006836,0.0020888946019113,0.0492519363760948,0.033308882266283,0.0218277648091316,0.0236985776573419,0.0186962261795997,5.5608625411987305,0.1537047326564788,5.821068286895752,0.7542546987533569
1617,29801,51,3,7,plus,9,0.01,0.01,0.0139875570312142,0.0141281345859169,153367.0,141957488.0,2005594.495942697,243.11264722660312,7245.0,89.26822662353516,0.0008241399773396,0.0486867688596248,0.0172926541417837,0.0131852496415376,0.0318209826946258,0.0380514785647392,3.277904748916626,5.072831630706787,3.020468711853028,0.4343680143356323
1617,29801,52,3,1,plus,10,0.02,0.02,0.0030624063219875,0.0031242710538208,4442.0,2105961.75,6579.595335978898,61.34022348243347,1828.0,68.69004821777344,0.0025674765929579,0.0119783859699964,0.0491933897137641,0.0344496145844459,0.010044421069324,0.0135199222713708,6.216831684112549,3.313960075378418,6.278366088867188,0.7253406047821045
1617,29801,52,3,2,plus,10,0.02,0.02,0.0152102718129754,0.0155175393447279,55608.0,69110928.0,1072431.5443906635,156.73970672125097,4671.0,96.0049057006836,0.0020888946019113,0.0492519363760948,0.033308882266283,0.0218277648091316,0.0236985776573419,0.0186962261795997,5.5608625411987305,0.1537047326564788,5.821068286895752,0.7542546987533569
1617,29801,52,3,7,plus,10,0.02,0.02,0.0139875570312142,0.0142701240256428,154161.0,140459024.0,2004367.6930007488,243.61598604073689,7260.0,89.26822662353516,0.0008241399773396,0.0486867688596248,0.0172926541417837,0.0131852496415376,0.0318209826946258,0.0380514785647392,3.277904748916626,5.072831630706787,3.020468711853028,0.4343680143356323
1617,29801,53,3,1,plus,11,0.05,0.05,0.0030624063219875,0.0032194191589951,4388.0,2048945.375,6596.413996009505,62.24623334787423,1855.0,68.69004821777344,0.0025674765929579,0.0119783859699964,0.0491933897137641,0.0344496145844459,0.010044421069324,0.0135199222713708,6.216831684112549,3.313960075378418,6.278366088867188,0.7253406047821045
1617,29801,53,3,2,plus,11,0.05,0.05,0.0152102718129754,0.0159901194274425,56092.0,74888192.0,1197471.1337852478,157.34371329821147,4689.0,96.0049057006836,0.0020888946019113,0.0492519363760948,0.033308882266283,0.0218277648091316,0.0236985776573419,0.0186962261795997,5.5608625411987305,0.1537047326564788,5.821068286895752,0.7542546987533569
1617,29801,53,3,7,plus,11,0.05,0.05,0.0139875570312142,0.0147047145292162,156051.0,152756688.0,2246243.48946856,244.92466695748465,7299.0,89.26822662353516,0.0008241399773396,0.0486867688596248,0.0172926541417837,0.0131852496415376,0.0318209826946258,0.0380514785647392,3.277904748916626,5.072831630706787,3.020468711853028,0.4343680143356323
1617,29801,54,3,1,plus,12,0.1,0.1,0.0030624063219875,0.0033844825811684,4578.0,2460745.75,8328.351127559203,63.85691755310224,1903.0,68.69004821777344,0.0025674765929579,0.0119783859699964,0.0491933897137641,0.0344496145844459,0.010044421069324,0.0135199222713708,6.216831684112549,3.313960075378418,6.278366088867188,0.7253406047821045
1617,29801,54,3,2,plus,12,0.1,0.1,0.0152102718129754,0.0168099515140056,57188.0,78984976.0,1327733.6168949008,158.55172645213247,4725.0,96.0049057006836,0.0020888946019113,0.0492519363760948,0.033308882266283,0.0218277648091316,0.0236985776573419,0.0186962261795997,5.5608625411987305,0.1537047326564788,5.821068286895752,0.7542546987533569
1617,29801,54,3,7,plus,12,0.1,0.1,0.0139875570312142,0.0154586415737867,158986.0,161345968.0,2494189.4886876643,247.2400255024999,7368.0,89.26822662353516,0.0008241399773396,0.0486867688596248,0.0172926541417837,0.0131852496415376,0.0318209826946258,0.0380514785647392,3.277904748916626,5.072831630706787,3.020468711853028,0.4343680143356323
1617,29801,55,3,1,center_duplicate,-1,0.0,0.0,0.0030624063219875,0.0030624063219875,4387.0,2485904.5,7612.849656657199,60.66910506358847,1808.0,68.69004821777344,0.0025674765929579,0.0119783859699964,0.0491933897137641,0.0344496145844459,0.010044421069324,0.0135199222713708,6.216831684112549,3.313960075378418,6.278366088867188,0.7253406047821045
1617,29801,55,3,2,center_duplicate,-1,0.0,0.0,0.0152102718129754,0.0152102718129754,55306.0,68539936.0,1042511.0566039385,156.20281198617496,4655.0,96.0049057006836,0.0020888946019113,0.0492519363760948,0.033308882266283,0.0218277648091316,0.0236985776573419,0.0186962261795997,5.5608625411987305,0.1537047326564788,5.821068286895752,0.7542546987533569
1617,29801,55,3,7,center_duplicate,-1,0.0,0.0,0.0139875570312142,0.0139875570312142,152819.0,140029952.0,1958676.939678192,242.6428643334116,7231.0,89.26822662353516,0.0008241399773396,0.0486867688596248,0.0172926541417837,0.0131852496415376,0.0318209826946258,0.0380514785647392,3.277904748916626,5.072831630706787,3.020468711853028,0.4343680143356323
1617,29801,56,4,1,minus,0,-0.1,0.1,0.0108905816450715,0.0098542058840394,114839.0,34973040.0,344631.53655074537,247.7769202375759,7384.0,33.49873733520508,0.0002443856210447,0.0386488735675811,0.0286058206111192,0.017027685418725,0.0424789972603321,0.0291590932756662,3.127815723419189,7.227877616882324,7.630624294281006,0.9706724286079408
1617,29801,56,4,2,minus,0,-0.1,0.1,0.0116654084995388,0.0105552980676293,127746.0,136711680.0,1443032.5317263603,208.34871313043183,6209.0,38.7281608581543,0.0025844236370176,0.0295098964124918,0.0405808053910732,0.046412743628025,0.0416797697544097,0.0448324494063854,0.7273001670837402,9.898069381713867,9.137249946594238,0.9603471159934998
1617,29801,56,4,7,minus,0,-0.1,0.1,0.0098292483016848,0.008893871679902,4252.0,8658.18359375,77.00477386384591,24.42871044595819,728.0,4.61674165725708,0.0038823534268885,0.0212451666593551,0.0269096083939075,0.0197803676128387,0.0193378403782844,0.0118202436715364,1.170051097869873,1.0662606954574585,7.525685787200928,0.8699729442596436
1617,29801,57,4,1,minus,1,-0.05,0.05,0.0108905816450715,0.0103594418615102,117819.0,39048680.0,404522.5302287191,250.39428207107144,7462.0,33.49873733520508,0.0002443856210447,0.0386488735675811,0.0286058206111192,0.017027685418725,0.0424789972603321,0.0291590932756662,3.127815723419189,7.227877616882324,7.630624294281006,0.9706724286079408
1617,29801,57,4,2,minus,1,-0.05,0.05,0.0116654084995388,0.0110964803025126,131048.0,148925040.0,1652543.772910908,211.0667427267541,6290.0,38.7281608581543,0.0025844236370176,0.0295098964124918,0.0405808053910732,0.046412743628025,0.0416797697544097,0.0448324494063854,0.7273001670837402,9.898069381713867,9.137249946594238,0.9603471159934998
1617,29801,57,4,7,minus,1,-0.05,0.05,0.0098292483016848,0.0093498704954981,4283.0,12577.2119140625,117.59530259092116,25.334720311398943,755.0,4.61674165725708,0.0038823534268885,0.0212451666593551,0.0269096083939075,0.0197803676128387,0.0193378403782844,0.0118202436715364,1.170051097869873,1.0662606954574585,7.525685787200928,0.8699729442596436
1617,29801,58,4,1,minus,2,-0.02,0.02,0.0108905816450715,0.0106749339029192,119415.0,40418028.0,431459.7773863413,251.80363075064597,7504.0,33.49873733520508,0.0002443856210447,0.0386488735675811,0.0286058206111192,0.017027685418725,0.0424789972603321,0.0291590932756662,3.127815723419189,7.227877616882324,7.630624294281006,0.9706724286079408
1617,29801,58,4,2,minus,2,-0.02,0.02,0.0116654084995388,0.0114344181492924,133156.0,150548720.0,1721437.01632075,212.50964732727087,6333.0,38.7281608581543,0.0025844236370176,0.0295098964124918,0.0405808053910732,0.046412743628025,0.0416797697544097,0.0448324494063854,0.7273001670837402,9.898069381713867,9.137249946594238,0.9603471159934998
1617,29801,58,4,7,minus,2,-0.02,0.02,0.0098292483016848,0.0096346158534288,4448.0,14188.0322265625,136.69624021899835,26.1065064930707,778.0,4.61674165725708,0.0038823534268885,0.0212451666593551,0.0269096083939075,0.0197803676128387,0.0193378403782844,0.0118202436715364,1.170051097869873,1.0662606954574585,7.525685787200928,0.8699729442596436
1617,29801,59,4,1,minus,3,-0.01,0.01,0.0108905816450715,0.0107822185382246,120216.0,40007440.0,431368.9612349123,252.4411932485487,7523.0,33.49873733520508,0.0002443856210447,0.0386488735675811,0.0286058206111192,0.017027685418725,0.0424789972603321,0.0291590932756662,3.127815723419189,7.227877616882324,7.630624294281006,0.9706724286079408
1617,29801,59,4,2,minus,3,-0.01,0.01,0.0116654084995388,0.0115493359044194,134700.0,152424032.0,1760396.345473975,213.3149894298849,6357.0,38.7281608581543,0.0025844236370176,0.0295098964124918,0.0405808053910732,0.046412743628025,0.0416797697544097,0.0448324494063854,0.7273001670837402,9.898069381713867,9.137249946594238,0.9603471159934998
1617,29801,59,4,7,minus,3,-0.01,0.01,0.0098292483016848,0.0097314454615116,4421.0,17349.888671875,168.8394953736497,26.274286097781957,783.0,4.61674165725708,0.0038823534268885,0.0212451666593551,0.0269096083939075,0.0197803676128387,0.0193378403782844,0.0118202436715364,1.170051097869873,1.0662606954574585,7.525685787200928,0.8699729442596436
1617,29801,60,4,1,minus,4,-0.005,0.005,0.0108905816450715,0.0108362641185522,120294.0,40176904.0,435367.5432097167,252.5754169323177,7527.0,33.49873733520508,0.0002443856210447,0.0386488735675811,0.0286058206111192,0.017027685418725,0.0424789972603321,0.0291590932756662,3.127815723419189,7.227877616882324,7.630624294281006,0.9706724286079408
1617,29801,60,4,2,minus,4,-0.005,0.005,0.0116654084995388,0.0116072269156575,134813.0,153835376.0,1785602.116887495,213.61699271836517,6366.0,38.7281608581543,0.0025844236370176,0.0295098964124918,0.0405808053910732,0.046412743628025,0.0416797697544097,0.0448324494063854,0.7273001670837402,9.898069381713867,9.137249946594238,0.9603471159934998
1617,29801,60,4,7,minus,4,-0.005,0.005,0.0098292483016848,0.0097802244126796,4472.0,16705.255859375,163.3811511759195,26.442065702493203,788.0,4.61674165725708,0.0038823534268885,0.0212451666593551,0.0269096083939075,0.0197803676128387,0.0193378403782844,0.0118202436715364,1.170051097869873,1.0662606954574585,7.525685787200928,0.8699729442596436
1617,29801,61,4,1,minus,5,-0.0025,0.0025,0.0108905816450715,0.0108633888885378,120365.0,40767016.0,442867.9486332461,252.67608469514445,7530.0,33.49873733520508,0.0002443856210447,0.0386488735675811,0.0286058206111192,0.017027685418725,0.0424789972603321,0.0291590932756662,3.127815723419189,7.227877616882324,7.630624294281006,0.9706724286079408
1617,29801,61,4,2,minus,5,-0.0025,0.0025,0.0116654084995388,0.0116362813860178,135314.0,154389824.0,1796523.435201764,213.6505486393074,6367.0,38.7281608581543,0.0025844236370176,0.0295098964124918,0.0405808053910732,0.046412743628025,0.0416797697544097,0.0448324494063854,0.7273001670837402,9.898069381713867,9.137249946594238,0.9603471159934998
1617,29801,61,4,7,minus,5,-0.0025,0.0025,0.0098292483016848,0.0098047060891985,4503.0,16669.685546875,163.44136738647103,26.542733465319955,791.0,4.61674165725708,0.0038823534268885,0.0212451666593551,0.0269096083939075,0.0197803676128387,0.0193378403782844,0.0118202436715364,1.170051097869873,1.0662606954574585,7.525685787200928,0.8699729442596436
1617,29801,62,4,1,center,6,0.0,0.0,0.0108905816450715,0.0108905816450715,120557.0,41542880.0,452426.1264114082,252.81030837891345,7534.0,33.49873733520508,0.0002443856210447,0.0386488735675811,0.0286058206111192,0.017027685418725,0.0424789972603321,0.0291590932756662,3.127815723419189,7.227877616882324,7.630624294281006,0.9706724286079408
1617,29801,62,4,2,center,6,0.0,0.0,0.0116654084995388,0.0116654084995388,135532.0,154075696.0,1797355.9336907717,213.9189960068454,6375.0,38.7281608581543,0.0025844236370176,0.0295098964124918,0.0405808053910732,0.046412743628025,0.0416797697544097,0.0448324494063854,0.7273001670837402,9.898069381713867,9.137249946594238,0.9603471159934998
1617,29801,62,4,7,center,6,0.0,0.0,0.0098292483016848,0.0098292483016848,4531.0,16834.216796875,165.46769686087828,26.542733465319955,791.0,4.61674165725708,0.0038823534268885,0.0212451666593551,0.0269096083939075,0.0197803676128387,0.0193378403782844,0.0118202436715364,1.170051097869873,1.0662606954574585,7.525685787200928,0.8699729442596436
1617,29801,63,4,1,plus,7,0.0025,0.0025,0.0108905816450715,0.010917842388153,120528.0,40316064.0,440164.43246269226,252.9109761417402,7537.0,33.49873733520508,0.0002443856210447,0.0386488735675811,0.0286058206111192,0.017027685418725,0.0424789972603321,0.0291590932756662,3.127815723419189,7.227877616882324,7.630624294281006,0.9706724286079408
1617,29801,63,4,2,plus,7,0.0025,0.0025,0.0116654084995388,0.0116946091875433,135919.0,156417776.0,1829244.7603047043,214.15388745344117,6382.0,38.7281608581543,0.0025844236370176,0.0295098964124918,0.0405808053910732,0.046412743628025,0.0416797697544097,0.0448324494063854,0.7273001670837402,9.898069381713867,9.137249946594238,0.9603471159934998
1617,29801,63,4,7,plus,7,0.0025,0.0025,0.0098292483016848,0.0098538529127836,4572.0,17443.087890625,171.8816224189759,26.643401228146704,794.0,4.61674165725708,0.0038823534268885,0.0212451666593551,0.0269096083939075,0.0197803676128387,0.0193378403782844,0.0118202436715364,1.170051097869873,1.0662606954574585,7.525685787200928,0.8699729442596436
1617,29801,64,4,1,plus,8,0.005,0.005,0.0108905816450715,0.0109451711177825,120583.0,40891768.0,447567.39806866646,253.0116439045669,7540.0,33.49873733520508,0.0002443856210447,0.0386488735675811,0.0286058206111192,0.017027685418725,0.0424789972603321,0.0291590932756662,3.127815723419189,7.227877616882324,7.630624294281006,0.9706724286079408
1617,29801,64,4,2,plus,8,0.005,0.005,0.0116654084995388,0.0117238815873861,136883.0,157590368.0,1847570.8137446048,214.4223348209792,6390.0,38.7281608581543,0.0025844236370176,0.0295098964124918,0.0405808053910732,0.046412743628025,0.0416797697544097,0.0448324494063854,0.7273001670837402,9.898069381713867,9.137249946594238,0.9603471159934998
1617,29801,64,4,7,plus,8,0.005,0.005,0.0098292483016848,0.0098785171285271,4601.0,18380.634765625,181.57341536542845,26.67695714908896,795.0,4.61674165725708,0.0038823534268885,0.0212451666593551,0.0269096083939075,0.0197803676128387,0.0193378403782844,0.0118202436715364,1.170051097869873,1.0662606954574585,7.525685787200928,0.8699729442596436
1617,29801,65,4,1,plus,9,0.01,0.01,0.0108905816450715,0.011000033468008,120914.0,41963772.0,461602.89644385874,253.3136471930472,7549.0,33.49873733520508,0.0002443856210447,0.0386488735675811,0.0286058206111192,0.017027685418725,0.0424789972603321,0.0291590932756662,3.127815723419189,7.227877616882324,7.630624294281006,0.9706724286079408
1617,29801,65,4,2,plus,9,0.01,0.01,0.0116654084995388,0.0117826480418443,136499.0,159574848.0,1880214.270314813,214.5901144256904,6395.0,38.7281608581543,0.0025844236370176,0.0295098964124918,0.0405808053910732,0.046412743628025,0.0416797697544097,0.0448324494063854,0.7273001670837402,9.898069381713867,9.137249946594238,0.9603471159934998
1617,29801,65,4,7,plus,9,0.01,0.01,0.0098292483016848,0.0099280336871743,4611.0,19947.056640625,198.03505028809923,26.744068990973457,797.0,4.61674165725708,0.0038823534268885,0.0212451666593551,0.0269096083939075,0.0197803676128387,0.0193378403782844,0.0118202436715364,1.170051097869873,1.0662606954574585,7.525685787200928,0.8699729442596436
1617,29801,66,4,1,plus,10,0.02,0.02,0.0108905816450715,0.0111105861142277,121885.0,42995724.0,477707.69404556975,253.95120969094995,7568.0,33.49873733520508,0.0002443856210447,0.0386488735675811,0.0286058206111192,0.017027685418725,0.0424789972603321,0.0291590932756662,3.127815723419189,7.227877616882324,7.630624294281006,0.9706724286079408
1617,29801,66,4,2,plus,10,0.02,0.02,0.0116654084995388,0.0119010647758841,137369.0,161662528.0,1923956.2175611851,215.22767692359315,6414.0,38.7281608581543,0.0025844236370176,0.0295098964124918,0.0405808053910732,0.046412743628025,0.0416797697544097,0.0448324494063854,0.7273001670837402,9.898069381713867,9.137249946594238,0.9603471159934998
1617,29801,66,4,7,plus,10,0.02,0.02,0.0098292483016848,0.0100278118625283,4606.0,21447.376953125,215.07026103066343,26.84473675380021,800.0,4.61674165725708,0.0038823534268885,0.0212451666593551,0.0269096083939075,0.0197803676128387,0.0193378403782844,0.0118202436715364,1.170051097869873,1.0662606954574585,7.525685787200928,0.8699729442596436
1617,29801,67,4,1,plus,11,0.05,0.05,0.0108905816450715,0.0114489533007144,123896.0,45073540.0,516044.8545578867,255.59544981712023,7617.0,33.49873733520508,0.0002443856210447,0.0386488735675811,0.0286058206111192,0.017027685418725,0.0424789972603321,0.0291590932756662,3.127815723419189,7.227877616882324,7.630624294281006,0.9706724286079408
1617,29801,67,4,2,plus,11,0.05,0.05,0.0116654084995388,0.0122635066509246,139760.0,165733872.0,2032478.4415555,216.7376933659944,6459.0,38.7281608581543,0.0025844236370176,0.0295098964124918,0.0405808053910732,0.046412743628025,0.0416797697544097,0.0448324494063854,0.7273001670837402,9.898069381713867,9.137249946594238,0.9603471159934998
1617,29801,67,4,7,plus,11,0.05,0.05,0.0098292483016848,0.0103332046419382,4668.0,20591.310546875,212.77422572656,27.24740780510721,812.0,4.61674165725708,0.0038823534268885,0.0212451666593551,0.0269096083939075,0.0197803676128387,0.0193378403782844,0.0118202436715364,1.170051097869873,1.0662606954574585,7.525685787200928,0.8699729442596436
1617,29801,68,4,1,plus,12,0.1,0.1,0.0108905816450715,0.0120359547436237,126435.0,48427492.0,582871.1020592004,257.57524915271296,7676.0,33.49873733520508,0.0002443856210447,0.0386488735675811,0.0286058206111192,0.017027685418725,0.0424789972603321,0.0291590932756662,3.127815723419189,7.227877616882324,7.630624294281006,0.9706724286079408
1617,29801,68,4,2,plus,12,0.1,0.1,0.0116654084995388,0.0128922704607248,143207.0,183727552.0,2368665.2914708853,219.05305191100967,6528.0,38.7281608581543,0.0025844236370176,0.0295098964124918,0.0405808053910732,0.046412743628025,0.0416797697544097,0.0448324494063854,0.7273001670837402,9.898069381713867,9.137249946594238,0.9603471159934998
1617,29801,68,4,7,plus,12,0.1,0.1,0.0098292483016848,0.0108629995957016,4924.0,25613.060546875,278.23466636538615,28.38830911714372,846.0,4.61674165725708,0.0038823534268885,0.0212451666593551,0.0269096083939075,0.0197803676128387,0.0193378403782844,0.0118202436715364,1.170051097869873,1.0662606954574585,7.525685787200928,0.8699729442596436
1617,29801,69,4,1,center_duplicate,-1,0.0,0.0,0.0108905816450715,0.0108905816450715,120557.0,41542880.0,452426.1264114082,252.81030837891345,7534.0,33.49873733520508,0.0002443856210447,0.0386488735675811,0.0286058206111192,0.017027685418725,0.0424789972603321,0.0291590932756662,3.127815723419189,7.227877616882324,7.630624294281006,0.9706724286079408
1617,29801,69,4,2,center_duplicate,-1,0.0,0.0,0.0116654084995388,0.0116654084995388,135532.0,154075696.0,1797355.9336907717,213.9189960068454,6375.0,38.7281608581543,0.0025844236370176,0.0295098964124918,0.0405808053910732,0.046412743628025,0.0416797697544097,0.0448324494063854,0.7273001670837402,9.898069381713867,9.137249946594238,0.9603471159934998
1617,29801,69,4,7,center_duplicate,-1,0.0,0.0,0.0098292483016848,0.0098292483016848,4531.0,16834.216796875,165.46769686087828,26.542733465319955,791.0,4.61674165725708,0.0038823534268885,0.0212451666593551,0.0269096083939075,0.0197803676128387,0.0193378403782844,0.0118202436715364,1.170051097869873,1.0662606954574585,7.525685787200928,0.8699729442596436
1617,29801,70,5,1,minus,0,-0.1,0.1,0.0129776550456881,0.0117426682263612,7252.0,1316803.625,15462.788087644847,89.09097010167443,2655.0,24.337238311767575,0.0024092399980872,0.0323095433413982,0.0223913118243217,0.0126002123579382,0.0246993713080883,0.0182983670383691,7.951542377471924,8.247520446777344,4.818588733673096,0.2670776546001434
1617,29801,70,5,2,minus,0,-0.1,0.1,0.0048190923407673,0.0043604951351881,5755.0,1132773.5,4939.45333602,57.98463138820845,1728.0,31.63585090637207,0.0015944018959999,0.017833586782217,0.0103708188980817,0.0133877424523234,0.0142292836681008,0.0478997603058815,6.824490547180176,1.2873531579971311,2.1796975135803223,0.67423015832901
1617,29801,70,5,7,minus,0,-0.1,0.1,0.0127071822062134,0.0114979343488812,66963.0,12208317.0,140370.42737633083,163.65222643535452,4877.0,26.436113357543945,0.0015469755744561,0.037771038711071,0.0138946194201707,0.0293865650892257,0.0210106670856475,0.0406164526939392,2.290356397628784,4.109940528869629,6.244213104248047,0.661459743976593
1617,29801,71,5,1,minus,1,-0.05,0.05,0.0129776550456881,0.0123447272926568,7490.0,1386594.5,17117.130967997946,90.23187141371096,2689.0,24.337238311767575,0.0024092399980872,0.0323095433413982,0.0223913118243217,0.0126002123579382,0.0246993713080883,0.0182983670383691,7.951542377471924,8.247520446777344,4.818588733673096,0.2670776546001434
1617,29801,71,5,2,minus,1,-0.05,0.05,0.0048190923407673,0.0045840623788535,6089.0,1177898.125,5399.558480934647,59.32686822589846,1768.0,31.63585090637207,0.0015944018959999,0.017833586782217,0.0103708188980817,0.0133877424523234,0.0142292836681008,0.0478997603058815,6.824490547180176,1.2873531579971311,2.1796975135803223,0.67423015832901
1617,29801,71,5,7,minus,1,-0.05,0.05,0.0127071822062134,0.012087445706129,69896.0,13236067.0,159990.24122518674,167.04137445052177,4978.0,26.436113357543945,0.0015469755744561,0.037771038711071,0.0138946194201707,0.0293865650892257,0.0210106670856475,0.0406164526939392,2.290356397628784,4.109940528869629,6.244213104248047,0.661459743976593
1617,29801,72,5,1,minus,2,-0.02,0.02,0.0129776550456881,0.0127206807956099,7552.0,1356125.5,17250.839604286943,90.50031878124896,2697.0,24.337238311767575,0.0024092399980872,0.0323095433413982,0.0223913118243217,0.0126002123579382,0.0246993713080883,0.0182983670383691,7.951542377471924,8.247520446777344,4.818588733673096,0.2670776546001434
1617,29801,72,5,2,minus,2,-0.02,0.02,0.0048190923407673,0.0047236680984497,6444.0,1191748.625,5629.424961283803,60.36710177510821,1799.0,31.63585090637207,0.0015944018959999,0.017833586782217,0.0103708188980817,0.0133877424523234,0.0142292836681008,0.0478997603058815,6.824490547180176,1.2873531579971311,2.1796975135803223,0.67423015832901
1617,29801,72,5,7,minus,2,-0.02,0.02,0.0127071822062134,0.0124555630609393,71852.0,14467366.0,180199.18953868933,169.6587362840173,5056.0,26.436113357543945,0.0015469755744561,0.037771038711071,0.0138946194201707,0.0293865650892257,0.0210106670856475,0.0406164526939392,2.290356397628784,4.109940528869629,6.244213104248047,0.661459743976593
1617,29801,73,5,1,minus,3,-0.01,0.01,0.0129776550456881,0.0128485253080725,7453.0,1314571.625,16890.30679308658,90.6009865440757,2700.0,24.337238311767575,0.0024092399980872,0.0323095433413982,0.0223913118243217,0.0126002123579382,0.0246993713080883,0.0182983670383691,7.951542377471924,8.247520446777344,4.818588733673096,0.2670776546001434
1617,29801,73,5,2,minus,3,-0.01,0.01,0.0048190923407673,0.0047711418010294,6387.0,1155351.625,5512.3464329247945,60.33354585416596,1798.0,31.63585090637207,0.0015944018959999,0.017833586782217,0.0103708188980817,0.0133877424523234,0.0142292836681008,0.0478997603058815,6.824490547180176,1.2873531579971311,2.1796975135803223,0.67423015832901
1617,29801,73,5,7,minus,3,-0.01,0.01,0.0127071822062134,0.0125807439908385,72859.0,14539341.0,182915.72691650223,170.69896983322707,5087.0,26.436113357543945,0.0015469755744561,0.037771038711071,0.0138946194201707,0.0293865650892257,0.0210106670856475,0.0406164526939392,2.290356397628784,4.109940528869629,6.244213104248047,0.661459743976593
1617,29801,74,5,1,minus,4,-0.005,0.005,0.0129776550456881,0.0129129281267523,7472.0,1364665.875,17621.832360906643,90.70165430690244,2703.0,24.337238311767575,0.0024092399980872,0.0323095433413982,0.0223913118243217,0.0126002123579382,0.0246993713080883,0.0182983670383691,7.951542377471924,8.247520446777344,4.818588733673096,0.2670776546001434
1617,29801,74,5,2,minus,4,-0.005,0.005,0.0048190923407673,0.0047950567677617,6414.0,1170537.75,5612.794960058061,60.56843730076172,1805.0,31.63585090637207,0.0015944018959999,0.017833586782217,0.0103708188980817,0.0133877424523234,0.0142292836681008,0.0478997603058815,6.824490547180176,1.2873531579971311,2.1796975135803223,0.67423015832901
1617,29801,74,5,7,minus,4,-0.005,0.005,0.0127071822062134,0.0126438047736883,72960.0,14674989.0,185547.69597202356,170.86674943793832,5092.0,26.436113357543945,0.0015469755744561,0.037771038711071,0.0138946194201707,0.0293865650892257,0.0210106670856475,0.0406164526939392,2.290356397628784,4.109940528869629,6.244213104248047,0.661459743976593
1617,29801,75,5,1,minus,5,-0.0025,0.0025,0.0129776550456881,0.0129452515393495,7486.0,1388958.25,17980.413923904765,90.83587799067143,2707.0,24.337238311767575,0.0024092399980872,0.0323095433413982,0.0223913118243217,0.0126002123579382,0.0246993713080883,0.0182983670383691,7.951542377471924,8.247520446777344,4.818588733673096,0.2670776546001434
1617,29801,75,5,2,minus,5,-0.0025,0.0025,0.0048190923407673,0.0048070596531033,6456.0,1182759.25,5685.59427000978,60.70266098453072,1809.0,31.63585090637207,0.0015944018959999,0.017833586782217,0.0103708188980817,0.0133877424523234,0.0142292836681008,0.0478997603058815,6.824490547180176,1.2873531579971311,2.1796975135803223,0.67423015832901
1617,29801,75,5,7,minus,5,-0.0025,0.0025,0.0127071822062134,0.0126754539087414,72927.0,14918478.0,189098.4802775737,170.83319351699606,5091.0,26.436113357543945,0.0015469755744561,0.037771038711071,0.0138946194201707,0.0293865650892257,0.0210106670856475,0.0406164526939392,2.290356397628784,4.109940528869629,6.244213104248047,0.661459743976593
1617,29801,76,5,1,center,6,0.0,0.0,0.0129776550456881,0.0129776550456881,7553.0,1457552.25,18915.61031156662,91.0036575953827,2712.0,24.337238311767575,0.0024092399980872,0.0323095433413982,0.0223913118243217,0.0126002123579382,0.0246993713080883,0.0182983670383691,7.951542377471924,8.247520446777344,4.818588733673096,0.2670776546001434
1617,29801,76,5,2,center,6,0.0,0.0,0.0048190923407673,0.0048190923407673,6463.0,1146449.125,5524.844197366969,60.736216905472965,1810.0,31.63585090637207,0.0015944018959999,0.017833586782217,0.0103708188980817,0.0133877424523234,0.0142292836681008,0.0478997603058815,6.824490547180176,1.2873531579971311,2.1796975135803223,0.67423015832901
1617,29801,76,5,7,center,6,0.0,0.0,0.0127071822062134,0.0127071822062134,72874.0,15005891.0,190682.5911035789,170.7996375960538,5090.0,26.436113357543945,0.0015469755744561,0.037771038711071,0.0138946194201707,0.0293865650892257,0.0210106670856475,0.0406164526939392,2.290356397628784,4.109940528869629,6.244213104248047,0.661459743976593
1617,29801,77,5,1,plus,7,0.0025,0.0025,0.0129776550456881,0.0130101405084133,7577.0,1461524.5,19014.63910148852,91.0707694372672,2714.0,24.337238311767575,0.0024092399980872,0.0323095433413982,0.0223913118243217,0.0126002123579382,0.0246993713080883,0.0182983670383691,7.951542377471924,8.247520446777344,4.818588733673096,0.2670776546001434
1617,29801,77,5,2,plus,7,0.0025,0.0025,0.0048190923407673,0.004831155296415,6504.0,1160408.75,5606.114878568915,60.90399651018422,1815.0,31.63585090637207,0.0015944018959999,0.017833586782217,0.0103708188980817,0.0133877424523234,0.0142292836681008,0.0478997603058815,6.824490547180176,1.2873531579971311,2.1796975135803223,0.67423015832901
1617,29801,77,5,7,plus,7,0.0025,0.0025,0.0127071822062134,0.0127389905974268,73254.0,15179383.0,193370.0173117416,171.1351968054763,5100.0,26.436113357543945,0.0015469755744561,0.037771038711071,0.0138946194201707,0.0293865650892257,0.0210106670856475,0.0406164526939392,2.290356397628784,4.109940528869629,6.244213104248047,0.661459743976593
1617,29801,78,5,1,plus,8,0.005,0.005,0.0129776550456881,0.0130427060648798,7590.0,1456965.125,19002.767872155997,91.10432535820944,2715.0,24.337238311767575,0.0024092399980872,0.0323095433413982,0.0223913118243217,0.0126002123579382,0.0246993713080883,0.0182983670383691,7.951542377471924,8.247520446777344,4.818588733673096,0.2670776546001434
1617,29801,78,5,2,plus,8,0.005,0.005,0.0048190923407673,0.0048432480543851,6482.0,1172779.125,5680.06021537981,60.97110835206872,1817.0,31.63585090637207,0.0015944018959999,0.017833586782217,0.0103708188980817,0.0133877424523234,0.0142292836681008,0.0478997603058815,6.824490547180176,1.2873531579971311,2.1796975135803223,0.67423015832901
1617,29801,78,5,7,plus,8,0.005,0.005,0.0127071822062134,0.0127708772197365,73156.0,15130855.0,193234.29143463727,171.00097312170732,5096.0,26.436113357543945,0.0015469755744561,0.037771038711071,0.0138946194201707,0.0293865650892257,0.0210106670856475,0.0406164526939392,2.290356397628784,4.109940528869629,6.244213104248047,0.661459743976593
1617,29801,79,5,1,plus,9,0.01,0.01,0.0129776550456881,0.0131080830469727,7596.0,1405959.5,18429.433886680286,91.10432535820944,2715.0,24.337238311767575,0.0024092399980872,0.0323095433413982,0.0223913118243217,0.0126002123579382,0.0246993713080883,0.0182983670383691,7.951542377471924,8.247520446777344,4.818588733673096,0.2670776546001434
1617,29801,79,5,2,plus,9,0.01,0.01,0.0048190923407673,0.0048675253055989,6518.0,1180465.75,5745.946910517872,61.23955571960672,1825.0,31.63585090637207,0.0015944018959999,0.017833586782217,0.0103708188980817,0.0133877424523234,0.0142292836681008,0.0478997603058815,6.824490547180176,1.2873531579971311,2.1796975135803223,0.67423015832901
1617,29801,79,5,7,plus,9,0.01,0.01,0.0127071822062134,0.0128348916769027,73490.0,15100591.0,193814.4497422129,171.3365323311298,5106.0,26.436113357543945,0.0015469755744561,0.037771038711071,0.0138946194201707,0.0293865650892257,0.0210106670856475,0.0406164526939392,2.290356397628784,4.109940528869629,6.244213104248047,0.661459743976593
1617,29801,80,5,1,plus,10,0.02,0.02,0.0129776550456881,0.0132398204877972,7557.0,1418083.0,18775.164356797,91.0707694372672,2714.0,24.337238311767575,0.0024092399980872,0.0323095433413982,0.0223913118243217,0.0126002123579382,0.0246993713080883,0.0182983670383691,7.951542377471924,8.247520446777344,4.818588733673096,0.2670776546001434
1617,29801,80,5,2,plus,10,0.02,0.02,0.0048190923407673,0.0049164444208145,6644.0,1284840.625,6316.847522417083,61.44089124526023,1831.0,31.63585090637207,0.0015944018959999,0.017833586782217,0.0103708188980817,0.0133877424523234,0.0142292836681008,0.0478997603058815,6.824490547180176,1.2873531579971311,2.1796975135803223,0.67423015832901
1617,29801,80,5,7,plus,10,0.02,0.02,0.0127071822062134,0.0129638845100998,74193.0,15280414.0,198093.52236251347,171.83987114526357,5121.0,26.436113357543945,0.0015469755744561,0.037771038711071,0.0138946194201707,0.0293865650892257,0.0210106670856475,0.0406164526939392,2.290356397628784,4.109940528869629,6.244213104248047,0.661459743976593
1617,29801,81,5,1,plus,11,0.05,0.05,0.0129776550456881,0.0136430338025093,7722.0,1472639.375,20091.26877203118,92.04389114459244,2743.0,24.337238311767575,0.0024092399980872,0.0323095433413982,0.0223913118243217,0.0126002123579382,0.0246993713080883,0.0182983670383691,7.951542377471924,8.247520446777344,4.818588733673096,0.2670776546001434
1617,29801,81,5,2,plus,11,0.05,0.05,0.0048190923407673,0.0050661722198128,6615.0,1238646.25,6275.195221925387,61.67578269185597,1838.0,31.63585090637207,0.0015944018959999,0.017833586782217,0.0103708188980817,0.0133877424523234,0.0142292836681008,0.0478997603058815,6.824490547180176,1.2873531579971311,2.1796975135803223,0.67423015832901
1617,29801,81,5,7,plus,11,0.05,0.05,0.0127071822062134,0.0133586935698986,76316.0,16361867.0,218573.16748443616,174.15522969027884,5190.0,26.436113357543945,0.0015469755744561,0.037771038711071,0.0138946194201707,0.0293865650892257,0.0210106670856475,0.0406164526939392,2.290356397628784,4.109940528869629,6.244213104248047,0.661459743976593
1617,29801,82,5,1,plus,12,0.1,0.1,0.0129776550456881,0.0143425278365612,8196.0,1496974.25,21470.39485124033,93.55390758699372,2788.0,24.337238311767575,0.0024092399980872,0.0323095433413982,0.0223913118243217,0.0126002123579382,0.0246993713080883,0.0182983670383691,7.951542377471924,8.247520446777344,4.818588733673096,0.2670776546001434
1617,29801,82,5,2,plus,12,0.1,0.1,0.0048190923407673,0.0053259208798408,7017.0,1491834.5,7945.392512816936,62.88379584577698,1874.0,31.63585090637207,0.0015944018959999,0.017833586782217,0.0103708188980817,0.0133877424523234,0.0142292836681008,0.0478997603058815,6.824490547180176,1.2873531579971311,2.1796975135803223,0.67423015832901
1617,29801,82,5,7,plus,12,0.1,0.1,0.0127071822062134,0.0140436086803674,79309.0,17710792.0,248723.43226738277,177.3430421797926,5285.0,26.436113357543945,0.0015469755744561,0.037771038711071,0.0138946194201707,0.0293865650892257,0.0210106670856475,0.0406164526939392,2.290356397628784,4.109940528869629,6.244213104248047,0.661459743976593
1617,29801,83,5,1,center_duplicate,-1,0.0,0.0,0.0129776550456881,0.0129776550456881,7553.0,1457552.25,18915.61031156662,91.0036575953827,2712.0,24.337238311767575,0.0024092399980872,0.0323095433413982,0.0223913118243217,0.0126002123579382,0.0246993713080883,0.0182983670383691,7.951542377471924,8.247520446777344,4.818588733673096,0.2670776546001434
1617,29801,83,5,2,center_duplicate,-1,0.0,0.0,0.0048190923407673,0.0048190923407673,6463.0,1146449.125,5524.844197366969,60.736216905472965,1810.0,31.63585090637207,0.0015944018959999,0.017833586782217,0.0103708188980817,0.0133877424523234,0.0142292836681008,0.0478997603058815,6.824490547180176,1.2873531579971311,2.1796975135803223,0.67423015832901
1617,29801,83,5,7,center_duplicate,-1,0.0,0.0,0.0127071822062134,0.0127071822062134,72874.0,15005891.0,190682.5911035789,170.7996375960538,5090.0,26.436113357543945,0.0015469755744561,0.037771038711071,0.0138946194201707,0.0293865650892257,0.0210106670856475,0.0406164526939392,2.290356397628784,4.109940528869629,6.244213104248047,0.661459743976593
1617,29801,84,6,1,minus,0,-0.1,0.1,0.0181871354579925,0.0164564009755849,8473.0,17154986.0,282309.32834654674,84.22536156504815,2510.0,96.47991180419922,0.0048798769712448,0.024111283943057,0.0158774796873331,0.0440637469291687,0.0474523864686489,0.024348696693778,1.714741349220276,2.418577194213867,1.9084950685501096,0.6177399754524231
1617,29801,84,6,2,minus,0,-0.1,0.1,0.0160542204976081,0.0145264593884348,19417.0,54662864.0,794057.8739515394,100.23153585450152,2987.0,71.22661590576172,0.0039985030889511,0.0333226099610328,0.0489875711500644,0.01973164267838,0.01786351762712,0.0135439438745379,8.574448585510254,3.511550188064575,4.462161540985107,0.4764463901519775
1617,29801,84,6,7,minus,0,-0.1,0.1,0.0183411631733179,0.016595771536231,28632.0,7171908.5,119023.35494475346,107.37894701520082,3200.0,18.03076934814453,0.0031880333553999,0.013988914899528,0.0495886579155921,0.0488165244460105,0.0375402271747589,0.029685191810131,5.470731735229492,2.148503541946411,4.848639011383057,0.7454955577850342
1617,29801,85,6,1,minus,1,-0.05,0.05,0.0181871354579925,0.0173001382499933,8407.0,19309526.0,334057.4693418406,84.56092077447065,2520.0,96.47991180419922,0.0048798769712448,0.024111283943057,0.0158774796873331,0.0440637469291687,0.0474523864686489,0.024348696693778,1.714741349220276,2.418577194213867,1.9084950685501096,0.6177399754524231
1617,29801,85,6,2,minus,1,-0.05,0.05,0.0160542204976081,0.0152712473645806,19615.0,62183120.0,949613.8074214011,100.86909835240428,3006.0,71.22661590576172,0.0039985030889511,0.0333226099610328,0.0489875711500644,0.01973164267838,0.01786351762712,0.0135439438745379,8.574448585510254,3.511550188064575,4.462161540985107,0.4764463901519775
1617,29801,85,6,7,minus,1,-0.05,0.05,0.0183411631733179,0.0174466539174318,29521.0,7657564.5,133598.87768191192,109.02318714137108,3249.0,18.03076934814453,0.0031880333553999,0.013988914899528,0.0495886579155921,0.0488165244460105,0.0375402271747589,0.029685191810131,5.470731735229492,2.148503541946411,4.848639011383057,0.7454955577850342
1617,29801,86,6,1,minus,2,-0.02,0.02,0.0181871354579925,0.0178270060569047,8433.0,20142898.0,359087.56464961544,84.56092077447065,2520.0,96.47991180419922,0.0048798769712448,0.024111283943057,0.0158774796873331,0.0440637469291687,0.0474523864686489,0.024348696693778,1.714741349220276,2.418577194213867,1.9084950685501096,0.6177399754524231
1617,29801,86,6,2,minus,2,-0.02,0.02,0.0160542204976081,0.0157363265752792,19778.0,65840208.0,1036083.0148723124,101.17110164088452,3015.0,71.22661590576172,0.0039985030889511,0.0333226099610328,0.0489875711500644,0.01973164267838,0.01786351762712,0.0135439438745379,8.574448585510254,3.511550188064575,4.462161540985107,0.4764463901519775
1617,29801,86,6,7,minus,2,-0.02,0.02,0.0183411631733179,0.0179779846221208,30259.0,7811981.0,140443.67428630032,110.09697661152308,3281.0,18.03076934814453,0.0031880333553999,0.013988914899528,0.0495886579155921,0.0488165244460105,0.0375402271747589,0.029685191810131,5.470731735229492,2.148503541946411,4.848639011383057,0.7454955577850342
1617,29801,87,6,1,minus,3,-0.01,0.01,0.0181871354579925,0.018006170168519,8334.0,19906918.0,358447.3530387543,84.8629240629509,2529.0,96.47991180419922,0.0048798769712448,0.024111283943057,0.0158774796873331,0.0440637469291687,0.0474523864686489,0.024348696693778,1.714741349220276,2.418577194213867,1.9084950685501096,0.6177399754524231
1617,29801,87,6,2,minus,3,-0.01,0.01,0.0160542204976081,0.0158944781869649,19767.0,66017988.0,1049321.4702133164,101.27176940371128,3018.0,71.22661590576172,0.0039985030889511,0.0333226099610328,0.0489875711500644,0.01973164267838,0.01786351762712,0.0135439438745379,8.574448585510254,3.511550188064575,4.462161540985107,0.4764463901519775
1617,29801,87,6,7,minus,3,-0.01,0.01,0.0183411631733179,0.0181586649268865,30510.0,8185480.5,148637.39766506385,110.66742726754136,3298.0,18.03076934814453,0.0031880333553999,0.013988914899528,0.0495886579155921,0.0488165244460105,0.0375402271747589,0.029685191810131,5.470731735229492,2.148503541946411,4.848639011383057,0.7454955577850342
1617,29801,88,6,1,minus,4,-0.005,0.005,0.0181871354579925,0.0180964265018701,8321.0,20316810.0,367661.6589174606,84.96359182577766,2532.0,96.47991180419922,0.0048798769712448,0.024111283943057,0.0158774796873331,0.0440637469291687,0.0474523864686489,0.024348696693778,1.714741349220276,2.418577194213867,1.9084950685501096,0.6177399754524231
1617,29801,88,6,2,minus,4,-0.005,0.005,0.0160542204976081,0.015974149107933,19762.0,65394232.0,1044617.2127667664,101.27176940371128,3018.0,71.22661590576172,0.0039985030889511,0.0333226099610328,0.0489875711500644,0.01973164267838,0.01786351762712,0.0135439438745379,8.574448585510254,3.511550188064575,4.462161540985107,0.4764463901519775
1617,29801,88,6,7,minus,4,-0.005,0.005,0.0183411631733179,0.018249686807394,30583.0,8251882.5,150594.27119641565,110.8352068722526,3303.0,18.03076934814453,0.0031880333553999,0.013988914899528,0.0495886579155921,0.0488165244460105,0.0375402271747589,0.029685191810131,5.470731735229492,2.148503541946411,4.848639011383057,0.7454955577850342
1617,29801,89,6,1,minus,5,-0.0025,0.0025,0.0181871354579925,0.0181417241692543,8388.0,20698914.0,375513.98839111626,85.0642595886044,2535.0,96.47991180419922,0.0048798769712448,0.024111283943057,0.0158774796873331,0.0440637469291687,0.0474523864686489,0.024348696693778,1.714741349220276,2.418577194213867,1.9084950685501096,0.6177399754524231
1617,29801,89,6,2,minus,5,-0.0025,0.0025,0.0160542204976081,0.0160141345113515,19838.0,65505128.0,1049007.930975303,101.37243716653803,3021.0,71.22661590576172,0.0039985030889511,0.0333226099610328,0.0489875711500644,0.01973164267838,0.01786351762712,0.0135439438745379,8.574448585510254,3.511550188064575,4.462161540985107,0.4764463901519775
1617,29801,89,6,7,minus,5,-0.0025,0.0025,0.0183411631733179,0.0182953663170337,30766.0,8321334.0,152241.85377638787,110.93587463507936,3306.0,18.03076934814453,0.0031880333553999,0.013988914899528,0.0495886579155921,0.0488165244460105,0.0375402271747589,0.029685191810131,5.470731735229492,2.148503541946411,4.848639011383057,0.7454955577850342
1617,29801,90,6,1,center,6,0.0,0.0,0.0181871354579925,0.0181871354579925,8573.0,20833634.0,378904.1236402392,84.96359182577766,2532.0,96.47991180419922,0.0048798769712448,0.024111283943057,0.0158774796873331,0.0440637469291687,0.0474523864686489,0.024348696693778,1.714741349220276,2.418577194213867,1.9084950685501096,0.6177399754524231
1617,29801,90,6,2,center,6,0.0,0.0,0.0160542204976081,0.0160542204976081,19893.0,65426284.0,1050367.9896751344,101.40599308748028,3022.0,71.22661590576172,0.0039985030889511,0.0333226099610328,0.0489875711500644,0.01973164267838,0.01786351762712,0.0135439438745379,8.574448585510254,3.511550188064575,4.462161540985107,0.4764463901519775
1617,29801,90,6,7,center,6,0.0,0.0,0.0183411631733179,0.0183411631733179,30760.0,8392933.0,153936.1536557246,111.00298647696386,3308.0,18.03076934814453,0.0031880333553999,0.013988914899528,0.0495886579155921,0.0488165244460105,0.0375402271747589,0.029685191810131,5.470731735229492,2.148503541946411,4.848639011383057,0.7454955577850342
1617,29801,91,6,1,plus,7,0.0025,0.0025,0.0181871354579925,0.0182326603680849,8760.0,21167506.0,385939.9477373995,84.9971477467199,2533.0,96.47991180419922,0.0048798769712448,0.024111283943057,0.0158774796873331,0.0440637469291687,0.0474523864686489,0.024348696693778,1.714741349220276,2.418577194213867,1.9084950685501096,0.6177399754524231
1617,29801,91,6,2,plus,7,0.0025,0.0025,0.0160542204976081,0.0160944070667028,19912.0,65753440.0,1058262.6293960214,101.50666085030704,3025.0,71.22661590576172,0.0039985030889511,0.0333226099610328,0.0489875711500644,0.01973164267838,0.01786351762712,0.0135439438745379,8.574448585510254,3.511550188064575,4.462161540985107,0.4764463901519775
1617,29801,91,6,7,plus,7,0.0025,0.0025,0.0183411631733179,0.0183870736509561,30790.0,8573011.0,157632.58466745727,111.07009831884837,3310.0,18.03076934814453,0.0031880333553999,0.013988914899528,0.0495886579155921,0.0488165244460105,0.0375402271747589,0.029685191810131,5.470731735229492,2.148503541946411,4.848639011383057,0.7454955577850342
1617,29801,92,6,1,plus,8,0.005,0.005,0.0181871354579925,0.0182782988995313,8655.0,21784444.0,398182.5787921026,85.03070366766215,2534.0,96.47991180419922,0.0048798769712448,0.024111283943057,0.0158774796873331,0.0440637469291687,0.0474523864686489,0.024348696693778,1.714741349220276,2.418577194213867,1.9084950685501096,0.6177399754524231
1617,29801,92,6,2,plus,8,0.005,0.005,0.0160542204976081,0.0161346923559904,19921.0,67126040.0,1083058.0044759065,101.47310492936478,3024.0,71.22661590576172,0.0039985030889511,0.0333226099610328,0.0489875711500644,0.01973164267838,0.01786351762712,0.0135439438745379,8.574448585510254,3.511550188064575,4.462161540985107,0.4764463901519775
1617,29801,92,6,7,plus,8,0.005,0.005,0.0183411631733179,0.0184330977499485,30829.0,8613862.0,158780.1602505669,111.2378779235596,3315.0,18.03076934814453,0.0031880333553999,0.013988914899528,0.0495886579155921,0.0488165244460105,0.0375402271747589,0.029685191810131,5.470731735229492,2.148503541946411,4.848639011383057,0.7454955577850342
1617,29801,93,6,1,plus,9,0.01,0.01,0.0181871354579925,0.0183699186891317,8660.0,22233406.0,408425.8604024537,85.23203919331566,2540.0,96.47991180419922,0.0048798769712448,0.024111283943057,0.0158774796873331,0.0440637469291687,0.0474523864686489,0.024348696693778,1.714741349220276,2.418577194213867,1.9084950685501096,0.6177399754524231
1617,29801,93,6,2,plus,9,0.01,0.01,0.0160542204976081,0.01621556840837,19930.0,68631248.0,1112894.696895808,101.43954900842252,3023.0,71.22661590576172,0.0039985030889511,0.0333226099610328,0.0489875711500644,0.01973164267838,0.01786351762712,0.0135439438745379,8.574448585510254,3.511550188064575,4.462161540985107,0.4764463901519775
1617,29801,93,6,7,plus,9,0.01,0.01,0.0183411631733179,0.0185254942625761,30962.0,8846397.0,163883.87686797045,111.33854568638635,3318.0,18.03076934814453,0.0031880333553999,0.013988914899528,0.0495886579155921,0.0488165244460105,0.0375402271747589,0.029685191810131,5.470731735229492,2.148503541946411,4.848639011383057,0.7454955577850342
1617,29801,94,6,1,plus,10,0.02,0.02,0.0181871354579925,0.0185545403510332,8492.0,22185792.0,411647.1728836298,85.2655951142579,2541.0,96.47991180419922,0.0048798769712448,0.024111283943057,0.0158774796873331,0.0440637469291687,0.0474523864686489,0.024348696693778,1.714741349220276,2.418577194213867,1.9084950685501096,0.6177399754524231
1617,29801,94,6,2,plus,10,0.02,0.02,0.0160542204976081,0.0163785368204116,19992.0,67390904.0,1103764.402524829,101.64088453407604,3029.0,71.22661590576172,0.0039985030889511,0.0333226099610328,0.0489875711500644,0.01973164267838,0.01786351762712,0.0135439438745379,8.574448585510254,3.511550188064575,4.462161540985107,0.4764463901519775
1617,29801,94,6,7,plus,10,0.02,0.02,0.0183411631733179,0.0187116786837577,31076.0,9077391.0,169853.22367883474,111.67410489580884,3328.0,18.03076934814453,0.0031880333553999,0.013988914899528,0.0495886579155921,0.0488165244460105,0.0375402271747589,0.029685191810131,5.470731735229492,2.148503541946411,4.848639011383057,0.7454955577850342
1617,29801,95,6,1,plus,11,0.05,0.05,0.0181871354579925,0.0191196091473102,8712.0,24416128.0,466826.8242506981,85.6011543236804,2551.0,96.47991180419922,0.0048798769712448,0.024111283943057,0.0158774796873331,0.0440637469291687,0.0474523864686489,0.024348696693778,1.714741349220276,2.418577194213867,1.9084950685501096,0.6177399754524231
1617,29801,95,6,2,plus,11,0.05,0.05,0.0160542204976081,0.0168773382902145,20094.0,76576760.0,1292411.883688569,101.90933190161404,3037.0,71.22661590576172,0.0039985030889511,0.0333226099610328,0.0489875711500644,0.01973164267838,0.01786351762712,0.0135439438745379,8.574448585510254,3.511550188064575,4.462161540985107,0.4764463901519775
1617,29801,95,6,7,plus,11,0.05,0.05,0.0183411631733179,0.0192815344780683,31679.0,9565218.0,184432.08065724,112.9827858125566,3367.0,18.03076934814453,0.0031880333553999,0.013988914899528,0.0495886579155921,0.0488165244460105,0.0375402271747589,0.029685191810131,5.470731735229492,2.148503541946411,4.848639011383057,0.7454955577850342
1617,29801,96,6,1,plus,12,0.1,0.1,0.0181871354579925,0.0200998932123184,8755.0,25703730.0,516642.22815826535,86.30582866346766,2572.0,96.47991180419922,0.0048798769712448,0.024111283943057,0.0158774796873331,0.0440637469291687,0.0474523864686489,0.024348696693778,1.714741349220276,2.418577194213867,1.9084950685501096,0.6177399754524231
1617,29801,96,6,2,plus,12,0.1,0.1,0.0160542204976081,0.017742658033967,20269.0,84140272.0,1492872.07298097,102.1442233482098,3044.0,71.22661590576172,0.0039985030889511,0.0333226099610328,0.0489875711500644,0.01973164267838,0.01786351762712,0.0135439438745379,8.574448585510254,3.511550188064575,4.462161540985107,0.4764463901519775
1617,29801,96,6,7,plus,12,0.1,0.1,0.0183411631733179,0.0202701203525066,32534.0,10119505.0,205123.58425779268,114.76124962249588,3420.0,18.03076934814453,0.0031880333553999,0.013988914899528,0.0495886579155921,0.0488165244460105,0.0375402271747589,0.029685191810131,5.470731735229492,2.148503541946411,4.848639011383057,0.7454955577850342
1617,29801,97,6,1,center_duplicate,-1,0.0,0.0,0.0181871354579925,0.0181871354579925,8573.0,20833634.0,378904.1236402392,84.96359182577766,2532.0,96.47991180419922,0.0048798769712448,0.024111283943057,0.0158774796873331,0.0440637469291687,0.0474523864686489,0.024348696693778,1.714741349220276,2.418577194213867,1.9084950685501096,0.6177399754524231
1617,29801,97,6,2,center_duplicate,-1,0.0,0.0,0.0160542204976081,0.0160542204976081,19893.0,65426284.0,1050367.9896751344,101.40599308748028,3022.0,71.22661590576172,0.0039985030889511,0.0333226099610328,0.0489875711500644,0.01973164267838,0.01786351762712,0.0135439438745379,8.574448585510254,3.511550188064575,4.462161540985107,0.4764463901519775
1617,29801,97,6,7,center_duplicate,-1,0.0,0.0,0.0183411631733179,0.0183411631733179,30760.0,8392933.0,153936.1536557246,111.00298647696386,3308.0,18.03076934814453,0.0031880333553999,0.013988914899528,0.0495886579155921,0.0488165244460105,0.0375402271747589,0.029685191810131,5.470731735229492,2.148503541946411,4.848639011383057,0.7454955577850342
1617,29801,98,7,1,minus,0,-0.1,0.1,0.0056448862887918,0.0051077045500278,8747.0,6248138.0,31913.642891801894,92.07744706553471,2744.0,52.32191848754883,0.0019076890312135,0.0286573003977537,0.013177522458136,0.0204609222710132,0.0310771446675062,0.0496706366539001,6.481612205505371,0.2743898928165436,1.009099006652832,0.3861621022224426
1617,29801,98,7,2,minus,0,-0.1,0.1,0.0184797272086143,0.0167211480438709,1372.0,78.1392822265625,1.3065785061521638,21.039562430790912,627.0,1.9274224042892456,0.0006420366116799,0.0207902882248163,0.027660297229886,0.0267481282353401,0.0303755011409521,0.0369464717805385,4.407487869262695,6.496186256408691,3.348017930984497,0.552773118019104
1617,29801,98,7,7,minus,0,-0.1,0.1,0.0064959600567817,0.0058777877129614,12151.0,6265365.0,36826.48541421862,73.85658199389282,2201.0,81.40618896484375,0.00259933876805,0.0167889948934316,0.0406710132956504,0.0367401391267776,0.0125564150512218,0.0494534410536289,7.482505321502685,6.37372636795044,0.6165230870246887,0.23225137591362
1617,29801,99,7,1,minus,1,-0.05,0.05,0.0056448862887918,0.0053695822134613,8794.0,6397182.5,34350.19736826653,92.98345693097546,2771.0,52.32191848754883,0.0019076890312135,0.0286573003977537,0.013177522458136,0.0204609222710132,0.0310771446675062,0.0496706366539001,6.481612205505371,0.2743898928165436,1.009099006652832,0.3861621022224426
1617,29801,99,7,2,minus,1,-0.05,0.05,0.0184797272086143,0.0175784602761268,1353.0,236.9108428955078,4.164527840822416,22.54957887319217,672.0,1.9274224042892456,0.0006420366116799,0.0207902882248163,0.027660297229886,0.0267481282353401,0.0303755011409521,0.0369464717805385,4.407487869262695,6.496186256408691,3.348017930984497,0.552773118019104
1617,29801,99,7,7,minus,1,-0.05,0.05,0.0064959600567817,0.0061791483312845,12575.0,6507773.0,40212.49467332848,74.99748330592932,2235.0,81.40618896484375,0.00259933876805,0.0167889948934316,0.0406710132956504,0.0367401391267776,0.0125564150512218,0.0494534410536289,7.482505321502685,6.37372636795044,0.6165230870246887,0.23225137591362
1617,29801,100,7,1,minus,2,-0.02,0.02,0.0056448862887918,0.0055331098847091,9013.0,7092642.5,39244.370325458,93.75524311264722,2794.0,52.32191848754883,0.0019076890312135,0.0286573003977537,0.013177522458136,0.0204609222710132,0.0310771446675062,0.0496706366539001,6.481612205505371,0.2743898928165436,1.009099006652832,0.3861621022224426
1617,29801,100,7,2,minus,2,-0.02,0.02,0.0184797272086143,0.0181138049811124,1348.0,246.64749145507807,4.467724559297892,23.22069729203718,692.0,1.9274224042892456,0.0006420366116799,0.0207902882248163,0.027660297229886,0.0267481282353401,0.0303755011409521,0.0369464717805385,4.407487869262695,6.496186256408691,3.348017930984497,0.552773118019104
1617,29801,100,7,7,minus,2,-0.02,0.02,0.0064959600567817,0.0063673313707113,12938.0,7219436.0,45968.5413216427,75.83638132948558,2260.0,81.40618896484375,0.00259933876805,0.0167889948934316,0.0406710132956504,0.0367401391267776,0.0125564150512218,0.0494534410536289,7.482505321502685,6.37372636795044,0.6165230870246887,0.23225137591362
1617,29801,101,7,1,minus,3,-0.01,0.01,0.0056448862887918,0.0055887186899781,9124.0,7109409.0,39732.48695299868,93.92302271735848,2799.0,52.32191848754883,0.0019076890312135,0.0286573003977537,0.013177522458136,0.0204609222710132,0.0310771446675062,0.0496706366539001,6.481612205505371,0.2743898928165436,1.009099006652832,0.3861621022224426
1617,29801,101,7,2,minus,3,-0.01,0.01,0.0184797272086143,0.0182958506047725,1355.0,270.3448791503906,4.946189520700841,23.45558873863293,699.0,1.9274224042892456,0.0006420366116799,0.0207902882248163,0.027660297229886,0.0267481282353401,0.0303755011409521,0.0369464717805385,4.407487869262695,6.496186256408691,3.348017930984497,0.552773118019104
1617,29801,101,7,7,minus,3,-0.01,0.01,0.0064959600567817,0.0064313244074583,12802.0,7260266.5,46693.129146101885,75.76926948760108,2258.0,81.40618896484375,0.00259933876805,0.0167889948934316,0.0406710132956504,0.0367401391267776,0.0125564150512218,0.0494534410536289,7.482505321502685,6.37372636795044,0.6165230870246887,0.23225137591362
1617,29801,102,7,1,minus,4,-0.005,0.005,0.0056448862887918,0.0056167324073612,9138.0,7285191.0,40918.96838351665,94.02369048018522,2802.0,52.32191848754883,0.0019076890312135,0.0286573003977537,0.013177522458136,0.0204609222710132,0.0310771446675062,0.0496706366539001,6.481612205505371,0.2743898928165436,1.009099006652832,0.3861621022224426
1617,29801,102,7,2,minus,4,-0.005,0.005,0.0184797272086143,0.0183875579386949,1352.0,467.7634887695313,8.601028251355842,23.690480185228683,706.0,1.9274224042892456,0.0006420366116799,0.0207902882248163,0.027660297229886,0.0267481282353401,0.0303755011409521,0.0369464717805385,4.407487869262695,6.496186256408691,3.348017930984497,0.552773118019104
1617,29801,102,7,7,minus,4,-0.005,0.005,0.0064959600567817,0.006463561207056,12799.0,6941278.5,44865.37843997218,75.93704909231234,2263.0,81.40618896484375,0.00259933876805,0.0167889948934316,0.0406710132956504,0.0367401391267776,0.0125564150512218,0.0494534410536289,7.482505321502685,6.37372636795044,0.6165230870246887,0.23225137591362
1617,29801,103,7,1,minus,5,-0.0025,0.0025,0.0056448862887918,0.0056307916529476,9131.0,7454261.5,41973.393433089135,94.19147008489648,2807.0,52.32191848754883,0.0019076890312135,0.0286573003977537,0.013177522458136,0.0204609222710132,0.0310771446675062,0.0496706366539001,6.481612205505371,0.2743898928165436,1.009099006652832,0.3861621022224426
1617,29801,103,7,2,minus,5,-0.0025,0.0025,0.0184797272086143,0.0184335857629776,1377.0,767.578125,14.14921719697304,23.85825978993993,711.0,1.9274224042892456,0.0006420366116799,0.0207902882248163,0.027660297229886,0.0267481282353401,0.0303755011409521,0.0369464717805385,4.407487869262695,6.496186256408691,3.348017930984497,0.552773118019104
1617,29801,103,7,7,minus,5,-0.0025,0.0025,0.0064959600567817,0.0064797401428222,12735.0,6999228.0,45353.1786403656,76.00416093419683,2265.0,81.40618896484375,0.00259933876805,0.0167889948934316,0.0406710132956504,0.0367401391267776,0.0125564150512218,0.0494534410536289,7.482505321502685,6.37372636795044,0.6165230870246887,0.23225137591362
1617,29801,104,7,1,center,6,0.0,0.0,0.0056448862887918,0.0056448862887918,9191.0,7587657.0,42831.46096335584,94.35924968960772,2812.0,52.32191848754883,0.0019076890312135,0.0286573003977537,0.013177522458136,0.0204609222710132,0.0310771446675062,0.0496706366539001,6.481612205505371,0.2743898928165436,1.009099006652832,0.3861621022224426
1617,29801,104,7,2,center,6,0.0,0.0,0.0184797272086143,0.0184797272086143,1380.0,767.3243408203125,14.1799444988892,23.958927552766685,714.0,1.9274224042892456,0.0006420366116799,0.0207902882248163,0.027660297229886,0.0267481282353401,0.0303755011409521,0.0369464717805385,4.407487869262695,6.496186256408691,3.348017930984497,0.552773118019104
1617,29801,104,7,7,center,6,0.0,0.0,0.0064959600567817,0.0064959600567817,12746.0,7124049.0,46277.5377465561,76.03771685513908,2266.0,81.40618896484375,0.00259933876805,0.0167889948934316,0.0406710132956504,0.0367401391267776,0.0125564150512218,0.0494534410536289,7.482505321502685,6.37372636795044,0.6165230870246887,0.23225137591362
1617,29801,105,7,1,plus,7,0.0025,0.0025,0.0056448862887918,0.0056590163148939,9117.0,7732645.5,43759.16704179137,94.29213784772324,2810.0,52.32191848754883,0.0019076890312135,0.0286573003977537,0.013177522458136,0.0204609222710132,0.0310771446675062,0.0496706366539001,6.481612205505371,0.2743898928165436,1.009099006652832,0.3861621022224426
1617,29801,105,7,2,plus,7,0.0025,0.0025,0.0184797272086143,0.0185259841382503,1393.0,767.387451171875,14.216607748302522,23.992483473708933,715.0,1.9274224042892456,0.0006420366116799,0.0207902882248163,0.027660297229886,0.0267481282353401,0.0303755011409521,0.0369464717805385,4.407487869262695,6.496186256408691,3.348017930984497,0.552773118019104
1617,29801,105,7,7,plus,7,0.0025,0.0025,0.0064959600567817,0.0065122204832732,12775.0,7130221.0,46433.5712464652,76.13838461796584,2269.0,81.40618896484375,0.00259933876805,0.0167889948934316,0.0406710132956504,0.0367401391267776,0.0125564150512218,0.0494534410536289,7.482505321502685,6.37372636795044,0.6165230870246887,0.23225137591362
1617,29801,106,7,1,plus,8,0.005,0.005,0.0056448862887918,0.0056731812655925,9128.0,7741316.0,43917.88890223205,94.39280561054996,2813.0,52.32191848754883,0.0019076890312135,0.0286573003977537,0.013177522458136,0.0204609222710132,0.0310771446675062,0.0496706366539001,6.481612205505371,0.2743898928165436,1.009099006652832,0.3861621022224426
1617,29801,106,7,2,plus,8,0.005,0.005,0.0184797272086143,0.0185723565518856,1390.0,740.272705078125,13.748608624339797,24.160263078420183,720.0,1.9274224042892456,0.0006420366116799,0.0207902882248163,0.027660297229886,0.0267481282353401,0.0303755011409521,0.0369464717805385,4.407487869262695,6.496186256408691,3.348017930984497,0.552773118019104
1617,29801,106,7,7,plus,8,0.005,0.005,0.0064959600567817,0.0065285209566354,12823.0,7214266.0,47098.48676774278,76.20549645985034,2271.0,81.40618896484375,0.00259933876805,0.0167889948934316,0.0406710132956504,0.0367401391267776,0.0125564150512218,0.0494534410536289,7.482505321502685,6.37372636795044,0.6165230870246887,0.23225137591362
1617,29801,107,7,1,plus,9,0.01,0.01,0.0056448862887918,0.0057016182690858,9239.0,8133190.0,46372.34468994662,94.62769705714572,2820.0,52.32191848754883,0.0019076890312135,0.0286573003977537,0.013177522458136,0.0204609222710132,0.0310771446675062,0.0496706366539001,6.481612205505371,0.2743898928165436,1.009099006652832,0.3861621022224426
1617,29801,107,7,2,plus,9,0.01,0.01,0.0184797272086143,0.0186654515564441,1385.0,738.0073852539062,13.775241097754815,24.260930841246932,723.0,1.9274224042892456,0.0006420366116799,0.0207902882248163,0.027660297229886,0.0267481282353401,0.0303755011409521,0.0369464717805385,4.407487869262695,6.496186256408691,3.348017930984497,0.552773118019104
1617,29801,107,7,7,plus,9,0.01,0.01,0.0064959600567817,0.0065612457692623,12890.0,7217827.0,47357.9368670173,76.50749974833059,2280.0,81.40618896484375,0.00259933876805,0.0167889948934316,0.0406710132956504,0.0367401391267776,0.0125564150512218,0.0494534410536289,7.482505321502685,6.37372636795044,0.6165230870246887,0.23225137591362
1617,29801,108,7,1,plus,10,0.02,0.02,0.0056448862887918,0.0057589206844568,9147.0,7913029.5,45570.50926426705,94.89614442468373,2828.0,52.32191848754883,0.0019076890312135,0.0286573003977537,0.013177522458136,0.0204609222710132,0.0310771446675062,0.0496706366539001,6.481612205505371,0.2743898928165436,1.009099006652832,0.3861621022224426
1617,29801,108,7,2,plus,10,0.02,0.02,0.0184797272086143,0.0188530422747135,1396.0,511.1817321777344,9.637330806808109,24.361598604073688,726.0,1.9274224042892456,0.0006420366116799,0.0207902882248163,0.027660297229886,0.0267481282353401,0.0303755011409521,0.0369464717805385,4.407487869262695,6.496186256408691,3.348017930984497,0.552773118019104
1617,29801,108,7,7,plus,10,0.02,0.02,0.0064959600567817,0.0066271871328353,12885.0,7516057.5,49810.31955365092,76.40683198550384,2277.0,81.40618896484375,0.00259933876805,0.0167889948934316,0.0406710132956504,0.0367401391267776,0.0125564150512218,0.0494534410536289,7.482505321502685,6.37372636795044,0.6165230870246887,0.23225137591362
1617,29801,109,7,1,plus,11,0.05,0.05,0.0056448862887918,0.0059343054890632,9425.0,8278636.0,49127.955056756735,95.83571021106674,2856.0,52.32191848754883,0.0019076890312135,0.0286573003977537,0.013177522458136,0.0204609222710132,0.0310771446675062,0.0496706366539001,6.481612205505371,0.2743898928165436,1.009099006652832,0.3861621022224426
1617,29801,109,7,2,plus,11,0.05,0.05,0.0184797272086143,0.0194272026419639,1453.0,500.0734252929688,9.715027769027529,25.13338478574544,749.0,1.9274224042892456,0.0006420366116799,0.0207902882248163,0.027660297229886,0.0267481282353401,0.0303755011409521,0.0369464717805385,4.407487869262695,6.496186256408691,3.348017930984497,0.552773118019104
1617,29801,109,7,7,plus,11,0.05,0.05,0.0064959600567817,0.0068290149793028,13001.0,7707168.5,52632.36913451133,76.67527935304184,2285.0,81.40618896484375,0.00259933876805,0.0167889948934316,0.0406710132956504,0.0367401391267776,0.0125564150512218,0.0494534410536289,7.482505321502685,6.37372636795044,0.6165230870246887,0.23225137591362
1617,29801,110,7,1,plus,12,0.1,0.1,0.0056448862887918,0.0062385643832385,9720.0,9227080.0,57563.7326492928,97.11083520687224,2894.0,52.32191848754883,0.0019076890312135,0.0286573003977537,0.013177522458136,0.0204609222710132,0.0310771446675062,0.0496706366539001,6.481612205505371,0.2743898928165436,1.009099006652832,0.3861621022224426
1617,29801,110,7,2,plus,12,0.1,0.1,0.0184797272086143,0.0204232577234506,1488.0,479.55419921875,9.794059003007533,26.274286097781957,783.0,1.9274224042892456,0.0006420366116799,0.0207902882248163,0.027660297229886,0.0267481282353401,0.0303755011409521,0.0369464717805385,4.407487869262695,6.496186256408691,3.348017930984497,0.552773118019104
1617,29801,110,7,7,plus,12,0.1,0.1,0.0064959600567817,0.0071791466325521,13330.0,8339301.0,59869.06469198875,77.5141773765981,2310.0,81.40618896484375,0.00259933876805,0.0167889948934316,0.0406710132956504,0.0367401391267776,0.0125564150512218,0.0494534410536289,7.482505321502685,6.37372636795044,0.6165230870246887,0.23225137591362
1617,29801,111,7,1,center_duplicate,-1,0.0,0.0,0.0056448862887918,0.0056448862887918,9191.0,7587657.0,42831.46096335584,94.35924968960772,2812.0,52.32191848754883,0.0019076890312135,0.0286573003977537,0.013177522458136,0.0204609222710132,0.0310771446675062,0.0496706366539001,6.481612205505371,0.2743898928165436,1.009099006652832,0.3861621022224426
1617,29801,111,7,2,center_duplicate,-1,0.0,0.0,0.0184797272086143,0.0184797272086143,1380.0,767.3243408203125,14.1799444988892,23.958927552766685,714.0,1.9274224042892456,0.0006420366116799,0.0207902882248163,0.027660297229886,0.0267481282353401,0.0303755011409521,0.0369464717805385,4.407487869262695,6.496186256408691,3.348017930984497,0.552773118019104
1617,29801,111,7,7,center_duplicate,-1,0.0,0.0,0.0064959600567817,0.0064959600567817,12746.0,7124049.0,46277.5377465561,76.03771685513908,2266.0,81.40618896484375,0.00259933876805,0.0167889948934316,0.0406710132956504,0.0367401391267776,0.0125564150512218,0.0494534410536289,7.482505321502685,6.37372636795044,0.6165230870246887,0.23225137591362
1819,29801,0,0,1,minus,0,-0.1,0.1,0.0103693585842847,0.0093825841322541,5615.0,3015.065185546875,28.289102767623945,34.62971041240227,1032.0,6.626354694366455,0.003570606932044,0.0175860133022069,0.0440235361456871,0.0364164188504219,0.0158203486353158,0.030755054205656,9.734742164611816,4.234930515289307,6.025596618652344,0.5770443677902222
1819,29801,0,0,2,minus,0,-0.1,0.1,0.0017865144181996,0.0016165050910785,8527.0,5607690.0,9064.85943419044,68.11851951276802,2030.0,59.34796905517578,0.0034778178669512,0.0381186567246913,0.0198897905647754,0.0397816374897956,0.0450029522180557,0.0243914071470499,3.5100626945495605,4.31492280960083,8.399785995483398,0.2598817050457001
1819,29801,0,0,7,minus,0,-0.1,0.1,0.0159809570759534,0.0144601678475737,41998.0,181032160.0,2617755.419408828,133.31767390356026,3973.0,59.11423873901367,0.0048035467043519,0.042230125516653,0.0380196794867515,0.0416055098176002,0.0447861440479755,0.020792031660676,4.51259708404541,8.273573875427246,6.738358020782471,0.3464617729187011
1819,29801,1,0,1,minus,1,-0.05,0.05,0.0103693585842847,0.0098636392503976,5560.0,-5363.5556640625,-52.90417816973968,35.33438475218952,1053.0,6.626354694366455,0.003570606932044,0.0175860133022069,0.0440235361456871,0.0364164188504219,0.0158203486353158,0.030755054205656,9.734742164611816,4.234930515289307,6.025596618652344,0.5770443677902222
1819,29801,1,0,2,minus,1,-0.05,0.05,0.0017865144181996,0.0016993851168081,9219.0,5526293.0,9391.300075320876,70.13187476930304,2090.0,59.34796905517578,0.0034778178669512,0.0381186567246913,0.0198897905647754,0.0397816374897956,0.0450029522180557,0.0243914071470499,3.5100626945495605,4.31492280960083,8.399785995483398,0.2598817050457001
1819,29801,1,0,7,minus,1,-0.05,0.05,0.0159809570759534,0.0152015574276447,42952.0,201512048.0,3063296.9700343013,134.5927988993658,4011.0,59.11423873901367,0.0048035467043519,0.042230125516653,0.0380196794867515,0.0416055098176002,0.0447861440479755,0.020792031660676,4.51259708404541,8.273573875427246,6.738358020782471,0.3464617729187011
1819,29801,2,0,1,minus,2,-0.02,0.02,0.0103693585842847,0.0101640317589044,5501.0,-12373.2197265625,-125.76179826068436,36.173282775745776,1078.0,6.626354694366455,0.003570606932044,0.0175860133022069,0.0440235361456871,0.0364164188504219,0.0158203486353158,0.030755054205656,9.734742164611816,4.234930515289307,6.025596618652344,0.5770443677902222
1819,29801,2,0,2,minus,2,-0.02,0.02,0.0017865144181996,0.0017511390615254,9517.0,5379216.5,9419.756133552291,71.20566423945505,2122.0,59.34796905517578,0.0034778178669512,0.0381186567246913,0.0198897905647754,0.0397816374897956,0.0450029522180557,0.0243914071470499,3.5100626945495605,4.31492280960083,8.399785995483398,0.2598817050457001
1819,29801,2,0,7,minus,2,-0.02,0.02,0.0159809570759534,0.0156645122915506,43473.0,216684208.0,3394252.4396009147,135.33102916009528,4033.0,59.11423873901367,0.0048035467043519,0.042230125516653,0.0380196794867515,0.0416055098176002,0.0447861440479755,0.020792031660676,4.51259708404541,8.273573875427246,6.738358020782471,0.3464617729187011
1819,29801,3,0,1,minus,3,-0.01,0.01,0.0103693585842847,0.010266182012856,5474.0,-12288.9453125,-126.16054932415864,36.40817422234153,1085.0,6.626354694366455,0.003570606932044,0.0175860133022069,0.0440235361456871,0.0364164188504219,0.0158203486353158,0.030755054205656,9.734742164611816,4.234930515289307,6.025596618652344,0.5770443677902222
1819,29801,3,0,2,minus,3,-0.01,0.01,0.0017865144181996,0.0017687382642179,9565.0,5164575.0,9134.781420923537,71.40699976510855,2128.0,59.34796905517578,0.0034778178669512,0.0381186567246913,0.0198897905647754,0.0397816374897956,0.0450029522180557,0.0243914071470499,3.5100626945495605,4.31492280960083,8.399785995483398,0.2598817050457001
1819,29801,3,0,7,minus,3,-0.01,0.01,0.0159809570759534,0.0158219430595636,43392.0,226560656.0,3584629.7987693846,135.16324955538403,4028.0,59.11423873901367,0.0048035467043519,0.042230125516653,0.0380196794867515,0.0416055098176002,0.0447861440479755,0.020792031660676,4.51259708404541,8.273573875427246,6.738358020782471,0.3464617729187011
1819,29801,4,0,1,minus,4,-0.005,0.005,0.0103693585842847,0.0103176413103938,5455.0,-10372.931640625,-107.02418800520354,36.64306566893728,1092.0,6.626354694366455,0.003570606932044,0.0175860133022069,0.0440235361456871,0.0364164188504219,0.0158203486353158,0.030755054205656,9.734742164611816,4.234930515289307,6.025596618652344,0.5770443677902222
1819,29801,4,0,2,minus,4,-0.005,0.005,0.0017865144181996,0.0017776041058823,9632.0,5325609.5,9466.825313526031,71.5747793698198,2133.0,59.34796905517578,0.0034778178669512,0.0381186567246913,0.0198897905647754,0.0397816374897956,0.0450029522180557,0.0243914071470499,3.5100626945495605,4.31492280960083,8.399785995483398,0.2598817050457001
1819,29801,4,0,7,minus,4,-0.005,0.005,0.0159809570759534,0.0159012507647275,43655.0,229305504.0,3646244.320836246,135.46525284386428,4037.0,59.11423873901367,0.0048035467043519,0.042230125516653,0.0380196794867515,0.0416055098176002,0.0447861440479755,0.020792031660676,4.51259708404541,8.273573875427246,6.738358020782471,0.3464617729187011
1819,29801,5,0,1,minus,5,-0.0025,0.0025,0.0103693585842847,0.0103434678167104,5471.0,-13498.787109375,-139.6242700304465,36.57595382705278,1090.0,6.626354694366455,0.003570606932044,0.0175860133022069,0.0440235361456871,0.0364164188504219,0.0158203486353158,0.030755054205656,9.734742164611816,4.234930515289307,6.025596618652344,0.5770443677902222
1819,29801,5,0,2,minus,5,-0.0025,0.0025,0.0017865144181996,0.0017820536158978,9628.0,5342444.0,9520.521647932008,71.6418912117043,2135.0,59.34796905517578,0.0034778178669512,0.0381186567246913,0.0198897905647754,0.0397816374897956,0.0450029522180557,0.0243914071470499,3.5100626945495605,4.31492280960083,8.399785995483398,0.2598817050457001
1819,29801,5,0,7,minus,5,-0.0025,0.0025,0.0159809570759534,0.0159410536289215,43625.0,231617424.0,3692225.777376652,135.39814100197978,4035.0,59.11423873901367,0.0048035467043519,0.042230125516653,0.0380196794867515,0.0416055098176002,0.0447861440479755,0.020792031660676,4.51259708404541,8.273573875427246,6.738358020782471,0.3464617729187011
1819,29801,6,0,1,center,6,0.0,0.0,0.0103693585842847,0.0103693585842847,5403.0,-11754.8818359375,-121.89058487273178,36.71017751082178,1094.0,6.626354694366455,0.003570606932044,0.0175860133022069,0.0440235361456871,0.0364164188504219,0.0158203486353158,0.030755054205656,9.734742164611816,4.234930515289307,6.025596618652344,0.5770443677902222
1819,29801,6,0,2,center,6,0.0,0.0,0.0017865144181996,0.0017865144181996,9660.0,5515289.5,9853.144212295185,71.7090030535888,2137.0,59.34796905517578,0.0034778178669512,0.0381186567246913,0.0198897905647754,0.0397816374897956,0.0450029522180557,0.0243914071470499,3.5100626945495605,4.31492280960083,8.399785995483398,0.2598817050457001
1819,29801,6,0,7,center,6,0.0,0.0,0.0159809570759534,0.0159809570759534,43631.0,237838000.0,3800878.8690306246,135.46525284386428,4037.0,59.11423873901367,0.0048035467043519,0.042230125516653,0.0380196794867515,0.0416055098176002,0.0447861440479755,0.020792031660676,4.51259708404541,8.273573875427246,6.738358020782471,0.3464617729187011
1819,29801,7,0,1,plus,7,0.0025,0.0025,0.0103693585842847,0.0103953145444393,5392.0,-12264.8720703125,-127.49720301820707,36.81084527364853,1097.0,6.626354694366455,0.003570606932044,0.0175860133022069,0.0440235361456871,0.0364164188504219,0.0158203486353158,0.030755054205656,9.734742164611816,4.234930515289307,6.025596618652344,0.5770443677902222
1819,29801,7,0,2,plus,7,0.0025,0.0025,0.0017865144181996,0.0017909863963723,9730.0,5573062.5,9981.279123632705,71.8432267373578,2141.0,59.34796905517578,0.0034778178669512,0.0381186567246913,0.0198897905647754,0.0397816374897956,0.0450029522180557,0.0243914071470499,3.5100626945495605,4.31492280960083,8.399785995483398,0.2598817050457001
1819,29801,7,0,7,plus,7,0.0025,0.0025,0.0159809570759534,0.0160209592431783,43751.0,235830016.0,3778223.0746541023,135.5994765276333,4041.0,59.11423873901367,0.0048035467043519,0.042230125516653,0.0380196794867515,0.0416055098176002,0.0447861440479755,0.020792031660676,4.51259708404541,8.273573875427246,6.738358020782471,0.3464617729187011
1819,29801,8,0,1,plus,8,0.005,0.005,0.0103693585842847,0.0104213347658514,5389.0,-12803.68359375,-133.43147296650932,36.84440119459078,1098.0,6.626354694366455,0.003570606932044,0.0175860133022069,0.0440235361456871,0.0364164188504219,0.0158203486353158,0.030755054205656,9.734742164611816,4.234930515289307,6.025596618652344,0.5770443677902222
1819,29801,8,0,2,plus,8,0.005,0.005,0.0017865144181996,0.0017954693175852,9703.0,5541178.0,9949.015082278289,71.74255897453105,2138.0,59.34796905517578,0.0034778178669512,0.0381186567246913,0.0198897905647754,0.0397816374897956,0.0450029522180557,0.0243914071470499,3.5100626945495605,4.31492280960083,8.399785995483398,0.2598817050457001
1819,29801,8,0,7,plus,8,0.005,0.005,0.0159809570759534,0.0160610619932413,43864.0,237832496.0,3819842.462263316,135.70014429046003,4044.0,59.11423873901367,0.0048035467043519,0.042230125516653,0.0380196794867515,0.0416055098176002,0.0447861440479755,0.020792031660676,4.51259708404541,8.273573875427246,6.738358020782471,0.3464617729187011
1819,29801,9,0,1,plus,9,0.01,0.01,0.0103693585842847,0.0104735726490616,5348.0,-9686.2265625,-101.44939759761472,36.87795711553304,1099.0,6.626354694366455,0.003570606932044,0.0175860133022069,0.0440235361456871,0.0364164188504219,0.0158203486353158,0.030755054205656,9.734742164611816,4.234930515289307,6.025596618652344,0.5770443677902222
1819,29801,9,0,2,plus,9,0.01,0.01,0.0017865144181996,0.001804469153285,9763.0,5499924.5,9924.444105646571,72.01100634206905,2146.0,59.34796905517578,0.0034778178669512,0.0381186567246913,0.0198897905647754,0.0397816374897956,0.0450029522180557,0.0243914071470499,3.5100626945495605,4.31492280960083,8.399785995483398,0.2598817050457001
1819,29801,9,0,7,plus,9,0.01,0.01,0.0159809570759534,0.0161415692418813,43804.0,235499632.0,3801333.6163655818,135.63303244857553,4042.0,59.11423873901367,0.0048035467043519,0.042230125516653,0.0380196794867515,0.0416055098176002,0.0447861440479755,0.020792031660676,4.51259708404541,8.273573875427246,6.738358020782471,0.3464617729187011
1819,29801,10,0,1,plus,10,0.02,0.02,0.0103693585842847,0.0105788335204124,5409.0,-12687.4931640625,-134.21887797398813,37.179960404013286,1108.0,6.626354694366455,0.003570606932044,0.0175860133022069,0.0440235361456871,0.0364164188504219,0.0158203486353158,0.030755054205656,9.734742164611816,4.234930515289307,6.025596618652344,0.5770443677902222
1819,29801,10,0,2,plus,10,0.02,0.02,0.0017865144181996,0.0018226043321192,9921.0,6000480.5,10936.501754096942,72.27945370960705,2154.0,59.34796905517578,0.0034778178669512,0.0381186567246913,0.0198897905647754,0.0397816374897956,0.0450029522180557,0.0243914071470499,3.5100626945495605,4.31492280960083,8.399785995483398,0.2598817050457001
1819,29801,10,0,7,plus,10,0.02,0.02,0.0159809570759534,0.0163037944585084,43996.0,242457872.0,3952983.309935361,136.0692594208248,4055.0,59.11423873901367,0.0048035467043519,0.042230125516653,0.0380196794867515,0.0416055098176002,0.0447861440479755,0.020792031660676,4.51259708404541,8.273573875427246,6.738358020782471,0.3464617729187011
1819,29801,11,0,1,plus,11,0.05,0.05,0.0103693585842847,0.0109010068699717,5495.0,-2699.1240234375,-29.423169522397984,37.515519613435785,1118.0,6.626354694366455,0.003570606932044,0.0175860133022069,0.0440235361456871,0.0364164188504219,0.0158203486353158,0.030755054205656,9.734742164611816,4.234930515289307,6.025596618652344,0.5770443677902222
1819,29801,11,0,2,plus,11,0.05,0.05,0.0017865144181996,0.0018781109247356,10319.0,6138037.5,11527.915285187191,73.75591423106607,2198.0,59.34796905517578,0.0034778178669512,0.0381186567246913,0.0198897905647754,0.0397816374897956,0.0450029522180557,0.0243914071470499,3.5100626945495605,4.31492280960083,8.399785995483398,0.2598817050457001
1819,29801,11,0,7,plus,11,0.05,0.05,0.0159809570759534,0.0168003179132938,44628.0,258972128.0,4350814.081082225,136.97526928626556,4082.0,59.11423873901367,0.0048035467043519,0.042230125516653,0.0380196794867515,0.0416055098176002,0.0447861440479755,0.020792031660676,4.51259708404541,8.273573875427246,6.738358020782471,0.3464617729187011
1819,29801,12,0,1,plus,12,0.1,0.1,0.0103693585842847,0.0114599140360951,5233.0,4024.434814453125,46.11967701750132,38.9919801348948,1162.0,6.626354694366455,0.003570606932044,0.0175860133022069,0.0440235361456871,0.0364164188504219,0.0158203486353158,0.030755054205656,9.734742164611816,4.234930515289307,6.025596618652344,0.5770443677902222
1819,29801,12,0,2,plus,12,0.1,0.1,0.0017865144181996,0.0019744038581848,10897.0,6392325.0,12621.031142771244,75.83638132948558,2260.0,59.34796905517578,0.0034778178669512,0.0381186567246913,0.0198897905647754,0.0397816374897956,0.0450029522180557,0.0243914071470499,3.5100626945495605,4.31492280960083,8.399785995483398,0.2598817050457001
1819,29801,12,0,7,plus,12,0.1,0.1,0.0159809570759534,0.0176616888493299,45165.0,295204960.0,5213818.150298893,137.8141673098218,4107.0,59.11423873901367,0.0048035467043519,0.042230125516653,0.0380196794867515,0.0416055098176002,0.0447861440479755,0.020792031660676,4.51259708404541,8.273573875427246,6.738358020782471,0.3464617729187011
1819,29801,13,0,1,center_duplicate,-1,0.0,0.0,0.0103693585842847,0.0103693585842847,5403.0,-11754.8818359375,-121.89058487273178,36.71017751082178,1094.0,6.626354694366455,0.003570606932044,0.0175860133022069,0.0440235361456871,0.0364164188504219,0.0158203486353158,0.030755054205656,9.734742164611816,4.234930515289307,6.025596618652344,0.5770443677902222
1819,29801,13,0,2,center_duplicate,-1,0.0,0.0,0.0017865144181996,0.0017865144181996,9660.0,5515289.5,9853.144212295185,71.7090030535888,2137.0,59.34796905517578,0.0034778178669512,0.0381186567246913,0.0198897905647754,0.0397816374897956,0.0450029522180557,0.0243914071470499,3.5100626945495605,4.31492280960083,8.399785995483398,0.2598817050457001
1819,29801,13,0,7,center_duplicate,-1,0.0,0.0,0.0159809570759534,0.0159809570759534,43631.0,237838000.0,3800878.8690306246,135.46525284386428,4037.0,59.11423873901367,0.0048035467043519,0.042230125516653,0.0380196794867515,0.0416055098176002,0.0447861440479755,0.020792031660676,4.51259708404541,8.273573875427246,6.738358020782471,0.3464617729187011
1819,29801,14,1,1,minus,0,-0.1,0.1,0.0065463040955364,0.0059233410283923,40515.0,44502556.0,263603.8158231266,156.6390389584242,4668.0,82.565185546875,0.0040601445361971,0.0467863455414772,0.037327691912651,0.0252654738724231,0.0362723432481288,0.0408878438174724,1.3129640817642212,5.302206039428711,8.969371795654297,0.4284742176532745
1819,29801,14,1,2,minus,0,-0.1,0.1,0.0059406426735222,0.005375315900892,4007.0,811793.625,4363.647180705273,48.65608536626287,1450.0,22.052663803100582,0.0047632143832743,0.0122588193044066,0.038533229380846,0.0326894856989383,0.0357518084347248,0.025060711428523,9.433023452758787,8.444083213806152,6.955045700073242,0.8759985566139221
1819,29801,14,1,7,minus,0,-0.1,0.1,0.0054341284558176,0.0049170027486979,15726.0,6841678.5,33640.55199020798,84.96359182577766,2532.0,74.29742431640625,0.0021332968026399,0.0331338346004486,0.024333057925105,0.0315007902681827,0.0290384367108345,0.0302209127694368,8.710350036621094,3.6867733001708975,8.966926574707031,0.9366800785064696
1819,29801,15,1,1,minus,1,-0.05,0.05,0.0065463040955364,0.0062270374037325,41634.0,48195020.0,300112.1922136377,158.68595013590146,4729.0,82.565185546875,0.0040601445361971,0.0467863455414772,0.037327691912651,0.0252654738724231,0.0362723432481288,0.0408878438174724,1.3129640817642212,5.302206039428711,8.969371795654297,0.4284742176532745
1819,29801,15,1,2,minus,1,-0.05,0.05,0.0059406426735222,0.005650914274156,4124.0,814189.25,4600.913654689444,49.56209523170363,1477.0,22.052663803100582,0.0047632143832743,0.0122588193044066,0.038533229380846,0.0326894856989383,0.0357518084347248,0.025060711428523,9.433023452758787,8.444083213806152,6.955045700073242,0.8759985566139221
1819,29801,15,1,7,minus,1,-0.05,0.05,0.0054341284558176,0.0051691029220819,16222.0,7864217.5,40650.94965913799,85.90315761216065,2560.0,74.29742431640625,0.0021332968026399,0.0331338346004486,0.024333057925105,0.0315007902681827,0.0290384367108345,0.0302209127694368,8.710350036621094,3.6867733001708975,8.966926574707031,0.9366800785064696
1819,29801,16,1,1,minus,2,-0.02,0.02,0.0065463040955364,0.0064166784286499,42679.0,51462728.0,330219.77663707733,160.53152578772523,4784.0,82.565185546875,0.0040601445361971,0.0467863455414772,0.037327691912651,0.0252654738724231,0.0362723432481288,0.0408878438174724,1.3129640817642212,5.302206039428711,8.969371795654297,0.4284742176532745
1819,29801,16,1,2,minus,2,-0.02,0.02,0.0059406426735222,0.0058230101130902,4214.0,796537.6875,4638.2470097700425,50.098989966779634,1493.0,22.052663803100582,0.0047632143832743,0.0122588193044066,0.038533229380846,0.0326894856989383,0.0357518084347248,0.025060711428523,9.433023452758787,8.444083213806152,6.955045700073242,0.8759985566139221
1819,29801,16,1,7,minus,2,-0.02,0.02,0.0054341284558176,0.005326525773853,16552.0,7690468.5,40963.47867825511,86.84272339854367,2588.0,74.29742431640625,0.0021332968026399,0.0331338346004486,0.024333057925105,0.0315007902681827,0.0290384367108345,0.0302209127694368,8.710350036621094,3.6867733001708975,8.966926574707031,0.9366800785064696
1819,29801,17,1,1,minus,3,-0.01,0.01,0.0065463040955364,0.0064811673946678,42791.0,52846684.0,342508.2052571159,160.59863762960973,4786.0,82.565185546875,0.0040601445361971,0.0467863455414772,0.037327691912651,0.0252654738724231,0.0362723432481288,0.0408878438174724,1.3129640817642212,5.302206039428711,8.969371795654297,0.4284742176532745
1819,29801,17,1,2,minus,3,-0.01,0.01,0.0059406426735222,0.0058815320953726,4246.0,845261.0,4971.429700466804,50.43454917620214,1503.0,22.052663803100582,0.0047632143832743,0.0122588193044066,0.038533229380846,0.0326894856989383,0.0357518084347248,0.025060711428523,9.433023452758787,8.444083213806152,6.955045700073242,0.8759985566139221
1819,29801,17,1,7,minus,3,-0.01,0.01,0.0054341284558176,0.0053800581954419,16582.0,7719257.5,41530.05457560183,87.11117076608167,2596.0,74.29742431640625,0.0021332968026399,0.0331338346004486,0.024333057925105,0.0315007902681827,0.0290384367108345,0.0302209127694368,8.710350036621094,3.6867733001708975,8.966926574707031,0.9366800785064696
1819,29801,18,1,1,minus,4,-0.005,0.005,0.0065463040955364,0.0065136542543768,43062.0,53403060.0,347849.0689657442,160.76641723432098,4791.0,82.565185546875,0.0040601445361971,0.0467863455414772,0.037327691912651,0.0252654738724231,0.0362723432481288,0.0408878438174724,1.3129640817642212,5.302206039428711,8.969371795654297,0.4284742176532745
1819,29801,18,1,2,minus,4,-0.005,0.005,0.0059406426735222,0.0059110135771334,4215.0,869539.0625,5139.857204285363,50.535216939028885,1506.0,22.052663803100582,0.0047632143832743,0.0122588193044066,0.038533229380846,0.0326894856989383,0.0357518084347248,0.025060711428523,9.433023452758787,8.444083213806152,6.955045700073242,0.8759985566139221
1819,29801,18,1,7,minus,4,-0.005,0.005,0.0054341284558176,0.0054070255719125,16667.0,7757564.0,41945.34692374803,87.27895037079293,2601.0,74.29742431640625,0.0021332968026399,0.0331338346004486,0.024333057925105,0.0315007902681827,0.0290384367108345,0.0302209127694368,8.710350036621094,3.6867733001708975,8.966926574707031,0.9366800785064696
1819,29801,19,1,1,minus,5,-0.0025,0.0025,0.0065463040955364,0.0065299584530293,42847.0,53116448.0,346848.19861249626,160.93419683903224,4796.0,82.565185546875,0.0040601445361971,0.0467863455414772,0.037327691912651,0.0252654738724231,0.0362723432481288,0.0408878438174724,1.3129640817642212,5.302206039428711,8.969371795654297,0.4284742176532745
1819,29801,19,1,2,minus,5,-0.0025,0.0025,0.0059406426735222,0.0059258094988763,4204.0,868517.4375,5146.668881077232,50.50166101808664,1505.0,22.052663803100582,0.0047632143832743,0.0122588193044066,0.038533229380846,0.0326894856989383,0.0357518084347248,0.025060711428523,9.433023452758787,8.444083213806152,6.955045700073242,0.8759985566139221
1819,29801,19,1,7,minus,5,-0.0025,0.0025,0.0054341284558176,0.0054205600172281,16571.0,7760714.5,42067.41872382257,87.14472668702392,2597.0,74.29742431640625,0.0021332968026399,0.0331338346004486,0.024333057925105,0.0315007902681827,0.0290384367108345,0.0302209127694368,8.710350036621094,3.6867733001708975,8.966926574707031,0.9366800785064696
1819,29801,20,1,1,center,6,0.0,0.0,0.0065463040955364,0.0065463040955364,43076.0,54391444.0,356062.9326193426,161.034864601859,4799.0,82.565185546875,0.0040601445361971,0.0467863455414772,0.037327691912651,0.0252654738724231,0.0362723432481288,0.0408878438174724,1.3129640817642212,5.302206039428711,8.969371795654297,0.4284742176532745
1819,29801,20,1,2,center,6,0.0,0.0,0.0059406426735222,0.0059406426735222,4249.0,879826.5625,5226.735222485877,50.535216939028885,1506.0,22.052663803100582,0.0047632143832743,0.0122588193044066,0.038533229380846,0.0326894856989383,0.0357518084347248,0.025060711428523,9.433023452758787,8.444083213806152,6.955045700073242,0.8759985566139221
1819,29801,20,1,7,center,6,0.0,0.0,0.0054341284558176,0.0054341284558176,16588.0,7857792.0,42700.25110709667,87.24539444985066,2600.0,74.29742431640625,0.0021332968026399,0.0331338346004486,0.024333057925105,0.0315007902681827,0.0290384367108345,0.0302209127694368,8.710350036621094,3.6867733001708975,8.966926574707031,0.9366800785064696
1819,29801,21,1,1,plus,7,0.0025,0.0025,0.0065463040955364,0.0065626907162368,43248.0,53591624.0,351705.2532928549,161.37042381128148,4809.0,82.565185546875,0.0040601445361971,0.0467863455414772,0.037327691912651,0.0252654738724231,0.0362723432481288,0.0408878438174724,1.3129640817642212,5.302206039428711,8.969371795654297,0.4284742176532745
1819,29801,21,1,2,plus,7,0.0025,0.0025,0.0059406426735222,0.0059555131010711,4241.0,876973.4375,5222.826796322624,50.60232878091339,1508.0,22.052663803100582,0.0047632143832743,0.0122588193044066,0.038533229380846,0.0326894856989383,0.0357518084347248,0.025060711428523,9.433023452758787,8.444083213806152,6.955045700073242,0.8759985566139221
1819,29801,21,1,7,plus,7,0.0025,0.0025,0.0054341284558176,0.0054477308876812,16658.0,8126463.5,44270.78621656424,87.24539444985066,2600.0,74.29742431640625,0.0021332968026399,0.0331338346004486,0.024333057925105,0.0315007902681827,0.0290384367108345,0.0302209127694368,8.710350036621094,3.6867733001708975,8.966926574707031,0.9366800785064696
1819,29801,22,1,1,plus,8,0.005,0.005,0.0065463040955364,0.0065791173838078,43257.0,53748988.0,353620.9013128821,161.40397973222375,4810.0,82.565185546875,0.0040601445361971,0.0467863455414772,0.037327691912651,0.0252654738724231,0.0362723432481288,0.0408878438174724,1.3129640817642212,5.302206039428711,8.969371795654297,0.4284742176532745
1819,29801,22,1,2,plus,8,0.005,0.005,0.0059406426735222,0.0059704203158617,4278.0,873391.9375,5214.516967359814,50.63588470185564,1509.0,22.052663803100582,0.0047632143832743,0.0122588193044066,0.038533229380846,0.0326894856989383,0.0357518084347248,0.025060711428523,9.433023452758787,8.444083213806152,6.955045700073242,0.8759985566139221
1819,29801,22,1,7,plus,8,0.005,0.005,0.0054341284558176,0.0054613673128187,16635.0,8160105.0,44565.33071616897,87.21183852890842,2599.0,74.29742431640625,0.0021332968026399,0.0331338346004486,0.024333057925105,0.0315007902681827,0.0290384367108345,0.0302209127694368,8.710350036621094,3.6867733001708975,8.966926574707031,0.9366800785064696
1819,29801,23,1,1,plus,9,0.01,0.01,0.0065463040955364,0.006612095516175,43388.0,53528148.0,353933.2273799535,161.43753565316598,4811.0,82.565185546875,0.0040601445361971,0.0467863455414772,0.037327691912651,0.0252654738724231,0.0362723432481288,0.0408878438174724,1.3129640817642212,5.302206039428711,8.969371795654297,0.4284742176532745
1819,29801,23,1,2,plus,9,0.01,0.01,0.0059406426735222,0.0060003469698131,4319.0,871621.5625,5230.031801370642,50.937887990335895,1518.0,22.052663803100582,0.0047632143832743,0.0122588193044066,0.038533229380846,0.0326894856989383,0.0357518084347248,0.025060711428523,9.433023452758787,8.444083213806152,6.955045700073242,0.8759985566139221
1819,29801,23,1,7,plus,9,0.01,0.01,0.0054341284558176,0.005488742608577,16644.0,7775304.0,42676.64235943928,87.31250629173518,2602.0,74.29742431640625,0.0021332968026399,0.0331338346004486,0.024333057925105,0.0315007902681827,0.0290384367108345,0.0302209127694368,8.710350036621094,3.6867733001708975,8.966926574707031,0.9366800785064696
1819,29801,24,1,1,plus,10,0.02,0.02,0.0065463040955364,0.0066785481758415,43373.0,53734292.0,358867.05781673826,161.73953894164623,4820.0,82.565185546875,0.0040601445361971,0.0467863455414772,0.037327691912651,0.0252654738724231,0.0362723432481288,0.0408878438174724,1.3129640817642212,5.302206039428711,8.969371795654297,0.4284742176532745
1819,29801,24,1,2,plus,10,0.02,0.02,0.0059406426735222,0.0060606515035033,4423.0,875780.8125,5307.802298017487,51.2063353578739,1526.0,22.052663803100582,0.0047632143832743,0.0122588193044066,0.038533229380846,0.0326894856989383,0.0357518084347248,0.025060711428523,9.433023452758787,8.444083213806152,6.955045700073242,0.8759985566139221
1819,29801,24,1,7,plus,10,0.02,0.02,0.0054341284558176,0.0055439048446714,16713.0,7823057.0,43370.2836024412,87.68162142209992,2613.0,74.29742431640625,0.0021332968026399,0.0331338346004486,0.024333057925105,0.0315007902681827,0.0290384367108345,0.0302209127694368,8.710350036621094,3.6867733001708975,8.966926574707031,0.9366800785064696
1819,29801,25,1,1,plus,11,0.05,0.05,0.0065463040955364,0.0068819401785731,44402.0,53855860.0,370632.8067856096,163.182443542163,4863.0,82.565185546875,0.0040601445361971,0.0467863455414772,0.037327691912651,0.0252654738724231,0.0362723432481288,0.0408878438174724,1.3129640817642212,5.302206039428711,8.969371795654297,0.4284742176532745
1819,29801,25,1,2,plus,11,0.05,0.05,0.0059406426735222,0.0062452256679534,4606.0,922630.1875,5762.033729003742,51.97812153954565,1549.0,22.052663803100582,0.0047632143832743,0.0122588193044066,0.038533229380846,0.0326894856989383,0.0357518084347248,0.025060711428523,9.433023452758787,8.444083213806152,6.955045700073242,0.8759985566139221
1819,29801,25,1,7,plus,11,0.05,0.05,0.0054341284558176,0.005712741985917,16928.0,8289952.5,47358.35970800836,88.11784839434918,2626.0,74.29742431640625,0.0021332968026399,0.0331338346004486,0.024333057925105,0.0315007902681827,0.0290384367108345,0.0302209127694368,8.710350036621094,3.6867733001708975,8.966926574707031,0.9366800785064696
1819,29801,26,1,1,plus,12,0.1,0.1,0.0065463040955364,0.0072347852401435,46966.0,63787984.0,461492.3651417121,165.53135800812052,4933.0,82.565185546875,0.0040601445361971,0.0467863455414772,0.037327691912651,0.0252654738724231,0.0362723432481288,0.0408878438174724,1.3129640817642212,5.302206039428711,8.969371795654297,0.4284742176532745
1819,29801,26,1,2,plus,12,0.1,0.1,0.0059406426735222,0.0065654260106384,4787.0,999976.5625,6565.272133466351,52.95124324687091,1578.0,22.052663803100582,0.0047632143832743,0.0122588193044066,0.038533229380846,0.0326894856989383,0.0357518084347248,0.025060711428523,9.433023452758787,8.444083213806152,6.955045700073242,0.8759985566139221
1819,29801,26,1,7,plus,12,0.1,0.1,0.0054341284558176,0.0060056410729885,17417.0,9618191.0,57763.40291744843,89.3929733901547,2664.0,74.29742431640625,0.0021332968026399,0.0331338346004486,0.024333057925105,0.0315007902681827,0.0290384367108345,0.0302209127694368,8.710350036621094,3.6867733001708975,8.966926574707031,0.9366800785064696
1819,29801,27,1,1,center_duplicate,-1,0.0,0.0,0.0065463040955364,0.0065463040955364,43076.0,54391444.0,356062.9326193426,161.034864601859,4799.0,82.565185546875,0.0040601445361971,0.0467863455414772,0.037327691912651,0.0252654738724231,0.0362723432481288,0.0408878438174724,1.3129640817642212,5.302206039428711,8.969371795654297,0.4284742176532745
1819,29801,27,1,2,center_duplicate,-1,0.0,0.0,0.0059406426735222,0.0059406426735222,4249.0,879826.5625,5226.735222485877,50.535216939028885,1506.0,22.052663803100582,0.0047632143832743,0.0122588193044066,0.038533229380846,0.0326894856989383,0.0357518084347248,0.025060711428523,9.433023452758787,8.444083213806152,6.955045700073242,0.8759985566139221
1819,29801,27,1,7,center_duplicate,-1,0.0,0.0,0.0054341284558176,0.0054341284558176,16588.0,7857792.0,42700.25110709667,87.24539444985066,2600.0,74.29742431640625,0.0021332968026399,0.0331338346004486,0.024333057925105,0.0315007902681827,0.0290384367108345,0.0302209127694368,8.710350036621094,3.6867733001708975,8.966926574707031,0.9366800785064696
1819,29801,28,2,1,minus,0,-0.1,0.1,0.0166266057640314,0.0150443753227591,81208.0,164396256.0,2473238.976920396,216.16724270997616,6442.0,48.48685836791992,0.0011892077745869,0.044319562613964,0.0304092969745397,0.0451588854193687,0.0295377913862466,0.0365017279982566,3.901416301727295,9.86105251312256,3.3765461444854736,0.8627018332481384
1819,29801,28,2,2,minus,0,-0.1,0.1,0.0100537622347474,0.0090970201417803,227720.0,179604816.0,1633868.6287127584,295.4598838965136,8805.0,75.7269058227539,0.0007651544292457,0.0448898784816265,0.0217880867421627,0.0417401753365993,0.0252469163388013,0.0333943888545036,2.15057635307312,6.021400451660156,0.422410249710083,0.3041475713253021
1819,29801,28,2,7,minus,0,-0.1,0.1,0.0021897365804761,0.001981355715543,12747.0,3159347.0,6259.790235833731,76.47394382738834,2279.0,47.99076843261719,0.0003057307621929,0.0257897935807704,0.0325126685202121,0.0218789111822843,0.0452771298587322,0.017795966938138,8.833017349243164,8.9212064743042,2.157782077789306,0.5844389796257019
1819,29801,29,2,1,minus,1,-0.05,0.05,0.0166266057640314,0.0158157162368297,82477.0,183710688.0,2905516.1110807657,217.5430354686084,6483.0,48.48685836791992,0.0011892077745869,0.044319562613964,0.0304092969745397,0.0451588854193687,0.0295377913862466,0.0365017279982566,3.901416301727295,9.86105251312256,3.3765461444854736,0.8627018332481384
1819,29801,29,2,2,minus,1,-0.05,0.05,0.0100537622347474,0.0095634348690509,233756.0,185559376.0,1774585.0067177415,299.2181470420456,8917.0,75.7269058227539,0.0007651544292457,0.0448898784816265,0.0217880867421627,0.0417401753365993,0.0252469163388013,0.0333943888545036,2.15057635307312,6.021400451660156,0.422410249710083,0.3041475713253021
1819,29801,29,2,7,minus,1,-0.05,0.05,0.0021897365804761,0.002082941820845,13078.0,3519197.75,7330.284169298655,77.7826247441361,2318.0,47.99076843261719,0.0003057307621929,0.0257897935807704,0.0325126685202121,0.0218789111822843,0.0452771298587322,0.017795966938138,8.833017349243164,8.9212064743042,2.157782077789306,0.5844389796257019
1819,29801,30,2,1,minus,2,-0.02,0.02,0.0166266057640314,0.0162973776459693,82939.0,196650640.0,3204889.744401574,218.01281836179996,6497.0,48.48685836791992,0.0011892077745869,0.044319562613964,0.0304092969745397,0.0451588854193687,0.0295377913862466,0.0365017279982566,3.901416301727295,9.86105251312256,3.3765461444854736,0.8627018332481384
1819,29801,30,2,2,minus,2,-0.02,0.02,0.0100537622347474,0.0098546845838427,237358.0,201411536.0,1984847.15882729,301.5335055870608,8986.0,75.7269058227539,0.0007651544292457,0.0448898784816265,0.0217880867421627,0.0417401753365993,0.0252469163388013,0.0333943888545036,2.15057635307312,6.021400451660156,0.422410249710083,0.3041475713253021
1819,29801,30,2,7,minus,2,-0.02,0.02,0.0021897365804761,0.0021463769953697,13530.0,3213133.0,6896.594754263526,79.05774973994161,2356.0,47.99076843261719,0.0003057307621929,0.0257897935807704,0.0325126685202121,0.0218789111822843,0.0452771298587322,0.017795966938138,8.833017349243164,8.9212064743042,2.157782077789306,0.5844389796257019
1819,29801,31,2,1,minus,3,-0.01,0.01,0.0166266057640314,0.0164611674845218,83283.0,197580752.0,3252409.8503897786,218.31482165028015,6506.0,48.48685836791992,0.0011892077745869,0.044319562613964,0.0304092969745397,0.0451588854193687,0.0295377913862466,0.0365017279982566,3.901416301727295,9.86105251312256,3.3765461444854736,0.8627018332481384
1819,29801,31,2,2,minus,3,-0.01,0.01,0.0100537622347474,0.0099537260830402,238478.0,206578672.0,2056227.515686214,302.2717358477903,9008.0,75.7269058227539,0.0007651544292457,0.0448898784816265,0.0217880867421627,0.0417401753365993,0.0252469163388013,0.0333943888545036,2.15057635307312,6.021400451660156,0.422410249710083,0.3041475713253021
1819,29801,31,2,7,minus,3,-0.01,0.01,0.0021897365804761,0.002167948288843,13655.0,3115638.5,6754.5431547284825,79.35975302842186,2365.0,47.99076843261719,0.0003057307621929,0.0257897935807704,0.0325126685202121,0.0218789111822843,0.0452771298587322,0.017795966938138,8.833017349243164,8.9212064743042,2.157782077789306,0.5844389796257019
1819,29801,32,2,1,minus,4,-0.005,0.005,0.0166266057640314,0.0165436808019876,83228.0,195700160.0,3237600.979937911,218.28126572933792,6505.0,48.48685836791992,0.0011892077745869,0.044319562613964,0.0304092969745397,0.0451588854193687,0.0295377913862466,0.0365017279982566,3.901416301727295,9.86105251312256,3.3765461444854736,0.8627018332481384
1819,29801,32,2,2,minus,4,-0.005,0.005,0.0100537622347474,0.0100036188960075,239537.0,211291376.0,2113678.4015170336,302.8421865038086,9025.0,75.7269058227539,0.0007651544292457,0.0448898784816265,0.0217880867421627,0.0417401753365993,0.0252469163388013,0.0333943888545036,2.15057635307312,6.021400451660156,0.422410249710083,0.3041475713253021
1819,29801,32,2,7,minus,4,-0.005,0.005,0.0021897365804761,0.0021788151934742,13767.0,3186595.5,6943.002690856811,79.49397671219086,2369.0,47.99076843261719,0.0003057307621929,0.0257897935807704,0.0325126685202121,0.0218789111822843,0.0452771298587322,0.017795966938138,8.833017349243164,8.9212064743042,2.157782077789306,0.5844389796257019
1819,29801,33,2,1,minus,5,-0.0025,0.0025,0.0166266057640314,0.0165850911289453,83355.0,199076736.0,3301705.8082129955,218.24770980839568,6504.0,48.48685836791992,0.0011892077745869,0.044319562613964,0.0304092969745397,0.0451588854193687,0.0295377913862466,0.0365017279982566,3.901416301727295,9.86105251312256,3.3765461444854736,0.8627018332481384
1819,29801,33,2,2,minus,5,-0.0025,0.0025,0.0100537622347474,0.0100286593660712,239309.0,214788576.0,2154041.464427501,302.7079628200396,9021.0,75.7269058227539,0.0007651544292457,0.0448898784816265,0.0217880867421627,0.0417401753365993,0.0252469163388013,0.0333943888545036,2.15057635307312,6.021400451660156,0.422410249710083,0.3041475713253021
1819,29801,33,2,7,minus,5,-0.0025,0.0025,0.0021897365804761,0.0021842690184712,13784.0,3220955.75,7035.4338545918,79.5275326331331,2370.0,47.99076843261719,0.0003057307621929,0.0257897935807704,0.0325126685202121,0.0218789111822843,0.0452771298587322,0.017795966938138,8.833017349243164,8.9212064743042,2.157782077789306,0.5844389796257019
1819,29801,34,2,1,center,6,0.0,0.0,0.0166266057640314,0.0166266057640314,83491.0,200181536.0,3328339.480310261,218.4490453340492,6510.0,48.48685836791992,0.0011892077745869,0.044319562613964,0.0304092969745397,0.0451588854193687,0.0295377913862466,0.0365017279982566,3.901416301727295,9.86105251312256,3.3765461444854736,0.8627018332481384
1819,29801,34,2,2,center,6,0.0,0.0,0.0100537622347474,0.0100537622347474,239923.0,215484944.0,2166434.3921438605,303.14418979228884,9034.0,75.7269058227539,0.0007651544292457,0.0448898784816265,0.0217880867421627,0.0417401753365993,0.0252469163388013,0.0333943888545036,2.15057635307312,6.021400451660156,0.422410249710083,0.3041475713253021
1819,29801,34,2,7,center,6,0.0,0.0,0.0021897365804761,0.0021897365804761,13764.0,3163841.25,6927.978919944435,79.2590852655951,2362.0,47.99076843261719,0.0003057307621929,0.0257897935807704,0.0325126685202121,0.0218789111822843,0.0452771298587322,0.017795966938138,8.833017349243164,8.9212064743042,2.157782077789306,0.5844389796257019
1819,29801,35,2,1,plus,7,0.0025,0.0025,0.0166266057640314,0.0166682247072458,83593.0,202938784.0,3382629.253527224,218.51615717593367,6512.0,48.48685836791992,0.0011892077745869,0.044319562613964,0.0304092969745397,0.0451588854193687,0.0295377913862466,0.0365017279982566,3.901416301727295,9.86105251312256,3.3765461444854736,0.8627018332481384
1819,29801,35,2,2,plus,7,0.0025,0.0025,0.0100537622347474,0.0100789284333586,240407.0,217616608.0,2193342.217942268,303.41263715982683,9042.0,75.7269058227539,0.0007651544292457,0.0448898784816265,0.0217880867421627,0.0417401753365993,0.0252469163388013,0.0333943888545036,2.15057635307312,6.021400451660156,0.422410249710083,0.3041475713253021
1819,29801,35,2,7,plus,7,0.0025,0.0025,0.0021897365804761,0.002195217879489,13800.0,3140276.5,6893.59111933934,79.5275326331331,2370.0,47.99076843261719,0.0003057307621929,0.0257897935807704,0.0325126685202121,0.0218789111822843,0.0452771298587322,0.017795966938138,8.833017349243164,8.9212064743042,2.157782077789306,0.5844389796257019
1819,29801,36,2,1,plus,8,0.005,0.005,0.0166266057640314,0.0167099460959434,83532.0,203962688.0,3408205.522063732,218.3483775712224,6507.0,48.48685836791992,0.0011892077745869,0.044319562613964,0.0304092969745397,0.0451588854193687,0.0295377913862466,0.0365017279982566,3.901416301727295,9.86105251312256,3.3765461444854736,0.8627018332481384
1819,29801,36,2,2,plus,8,0.005,0.005,0.0100537622347474,0.0101041570305824,240442.0,216348656.0,2186020.793579459,303.41263715982683,9042.0,75.7269058227539,0.0007651544292457,0.0448898784816265,0.0217880867421627,0.0417401753365993,0.0252469163388013,0.0333943888545036,2.15057635307312,6.021400451660156,0.422410249710083,0.3041475713253021
1819,29801,36,2,7,plus,8,0.005,0.005,0.0021897365804761,0.0022007126826792,13748.0,3258228.75,7170.425333195308,79.46042079124861,2368.0,47.99076843261719,0.0003057307621929,0.0257897935807704,0.0325126685202121,0.0218789111822843,0.0452771298587322,0.017795966938138,8.833017349243164,8.9212064743042,2.157782077789306,0.5844389796257019
1819,29801,37,2,1,plus,9,0.01,0.01,0.0166266057640314,0.016793705523014,83617.0,206794208.0,3472841.03301692,218.51615717593367,6512.0,48.48685836791992,0.0011892077745869,0.044319562613964,0.0304092969745397,0.0451588854193687,0.0295377913862466,0.0365017279982566,3.901416301727295,9.86105251312256,3.3765461444854736,0.8627018332481384
1819,29801,37,2,2,plus,9,0.01,0.01,0.0100537622347474,0.0101548042148351,241689.0,214816784.0,2181422.383580536,304.2850911043253,9068.0,75.7269058227539,0.0007651544292457,0.0448898784816265,0.0217880867421627,0.0417401753365993,0.0252469163388013,0.0333943888545036,2.15057635307312,6.021400451660156,0.422410249710083,0.3041475713253021
1819,29801,37,2,7,plus,9,0.01,0.01,0.0021897365804761,0.0022117437329143,13707.0,3148192.0,6962.993926011026,79.49397671219086,2369.0,47.99076843261719,0.0003057307621929,0.0257897935807704,0.0325126685202121,0.0218789111822843,0.0452771298587322,0.017795966938138,8.833017349243164,8.9212064743042,2.157782077789306,0.5844389796257019
1819,29801,38,2,1,plus,10,0.02,0.02,0.0166266057640314,0.0169624853879213,83920.0,216327728.0,3669455.9252022207,218.81816046441392,6521.0,48.48685836791992,0.0011892077745869,0.044319562613964,0.0304092969745397,0.0451588854193687,0.0295377913862466,0.0365017279982566,3.901416301727295,9.86105251312256,3.3765461444854736,0.8627018332481384
1819,29801,38,2,2,plus,10,0.02,0.02,0.0100537622347474,0.0102568613365292,243097.0,217219056.0,2227985.737043783,304.9897654441126,9089.0,75.7269058227539,0.0007651544292457,0.0448898784816265,0.0217880867421627,0.0417401753365993,0.0252469163388013,0.0333943888545036,2.15057635307312,6.021400451660156,0.422410249710083,0.3041475713253021
1819,29801,38,2,7,plus,10,0.02,0.02,0.0021897365804761,0.0022339720744639,13901.0,3222474.25,7198.917485179205,79.82953592161337,2379.0,47.99076843261719,0.0003057307621929,0.0257897935807704,0.0325126685202121,0.0218789111822843,0.0452771298587322,0.017795966938138,8.833017349243164,8.9212064743042,2.157782077789306,0.5844389796257019
1819,29801,39,2,1,plus,11,0.05,0.05,0.0166266057640314,0.0174790695309638,84717.0,224072992.0,3916587.407179117,219.65705848797015,6546.0,48.48685836791992,0.0011892077745869,0.044319562613964,0.0304092969745397,0.0451588854193687,0.0295377913862466,0.0365017279982566,3.901416301727295,9.86105251312256,3.3765461444854736,0.8627018332481384
1819,29801,39,2,2,plus,11,0.05,0.05,0.0100537622347474,0.010569229722023,248242.0,227552960.0,2405059.508166313,308.0433542498574,9180.0,75.7269058227539,0.0007651544292457,0.0448898784816265,0.0217880867421627,0.0417401753365993,0.0252469163388013,0.0333943888545036,2.15057635307312,6.021400451660156,0.422410249710083,0.3041475713253021
1819,29801,39,2,7,plus,11,0.05,0.05,0.0021897365804761,0.0023020068183541,14010.0,3267792.5,7522.480615966488,80.66843394516962,2404.0,47.99076843261719,0.0003057307621929,0.0257897935807704,0.0325126685202121,0.0218789111822843,0.0452771298587322,0.017795966938138,8.833017349243164,8.9212064743042,2.157782077789306,0.5844389796257019
1819,29801,40,2,1,plus,12,0.1,0.1,0.0166266057640314,0.0183752421289682,85563.0,250791712.0,4608358.431938469,220.6637361162377,6576.0,48.48685836791992,0.0011892077745869,0.044319562613964,0.0304092969745397,0.0451588854193687,0.0295377913862466,0.0365017279982566,3.901416301727295,9.86105251312256,3.3765461444854736,0.8627018332481384
1819,29801,40,2,2,plus,12,0.1,0.1,0.0100537622347474,0.011111126281321,253796.0,251176672.0,2790855.721513957,311.29827858125566,9277.0,75.7269058227539,0.0007651544292457,0.0448898784816265,0.0217880867421627,0.0417401753365993,0.0252469163388013,0.0333943888545036,2.15057635307312,6.021400451660156,0.422410249710083,0.3041475713253021
1819,29801,40,2,7,plus,12,0.1,0.1,0.0021897365804761,0.0024200333282351,14431.0,3276392.25,7928.97844137135,81.84289117814838,2439.0,47.99076843261719,0.0003057307621929,0.0257897935807704,0.0325126685202121,0.0218789111822843,0.0452771298587322,0.017795966938138,8.833017349243164,8.9212064743042,2.157782077789306,0.5844389796257019
1819,29801,41,2,1,center_duplicate,-1,0.0,0.0,0.0166266057640314,0.0166266057640314,83491.0,200181536.0,3328339.480310261,218.4490453340492,6510.0,48.48685836791992,0.0011892077745869,0.044319562613964,0.0304092969745397,0.0451588854193687,0.0295377913862466,0.0365017279982566,3.901416301727295,9.86105251312256,3.3765461444854736,0.8627018332481384
1819,29801,41,2,2,center_duplicate,-1,0.0,0.0,0.0100537622347474,0.0100537622347474,239923.0,215484944.0,2166434.3921438605,303.14418979228884,9034.0,75.7269058227539,0.0007651544292457,0.0448898784816265,0.0217880867421627,0.0417401753365993,0.0252469163388013,0.0333943888545036,2.15057635307312,6.021400451660156,0.422410249710083,0.3041475713253021
1819,29801,41,2,7,center_duplicate,-1,0.0,0.0,0.0021897365804761,0.0021897365804761,13764.0,3163841.25,6927.978919944435,79.2590852655951,2362.0,47.99076843261719,0.0003057307621929,0.0257897935807704,0.0325126685202121,0.0218789111822843,0.0452771298587322,0.017795966938138,8.833017349243164,8.9212064743042,2.157782077789306,0.5844389796257019
1819,29801,42,3,1,minus,0,-0.1,0.1,0.0030624063219875,0.0027709798887372,4615.0,2129230.0,5900.053508495912,59.12553270024495,1762.0,68.69004821777344,0.0025674765929579,0.0119783859699964,0.0491933897137641,0.0344496145844459,0.010044421069324,0.0135199222713708,6.216831684112549,3.313960075378418,6.278366088867188,0.7253406047821045
1819,29801,42,3,2,minus,0,-0.1,0.1,0.0152102718129754,0.013762823306024,53657.0,58606784.0,806594.8127263188,154.22301265058218,4596.0,96.0049057006836,0.0020888946019113,0.0492519363760948,0.033308882266283,0.0218277648091316,0.0236985776573419,0.0186962261795997,5.5608625411987305,0.1537047326564788,5.821068286895752,0.7542546987533569
1819,29801,42,3,7,minus,0,-0.1,0.1,0.0139875570312142,0.0126564651727676,146661.0,115209184.0,1458141.0248789787,238.11281500620785,7096.0,89.26822662353516,0.0008241399773396,0.0486867688596248,0.0172926541417837,0.0131852496415376,0.0318209826946258,0.0380514785647392,3.277904748916626,5.072831630706787,3.020468711853028,0.4343680143356323
1819,29801,43,3,1,minus,1,-0.05,0.05,0.0030624063219875,0.002913051052019,4724.0,2878594.75,8385.49346482387,60.03154256568571,1789.0,68.69004821777344,0.0025674765929579,0.0119783859699964,0.0491933897137641,0.0344496145844459,0.010044421069324,0.0135199222713708,6.216831684112549,3.313960075378418,6.278366088867188,0.7253406047821045
1819,29801,43,3,2,minus,1,-0.05,0.05,0.0152102718129754,0.0144684584811329,54779.0,66781248.0,966221.7140062453,155.5652494882722,4636.0,96.0049057006836,0.0020888946019113,0.0492519363760948,0.033308882266283,0.0218277648091316,0.0236985776573419,0.0186962261795997,5.5608625411987305,0.1537047326564788,5.821068286895752,0.7542546987533569
1819,29801,43,3,7,minus,1,-0.05,0.05,0.0139875570312142,0.0133053762838244,150005.0,131077312.0,1744032.9584322572,240.4281735512231,7165.0,89.26822662353516,0.0008241399773396,0.0486867688596248,0.0172926541417837,0.0131852496415376,0.0318209826946258,0.0380514785647392,3.277904748916626,5.072831630706787,3.020468711853028,0.4343680143356323
1819,29801,44,3,1,minus,2,-0.02,0.02,0.0030624063219875,0.003001766745001,4830.0,3193099.5,9584.939892579569,61.00466427301097,1818.0,68.69004821777344,0.0025674765929579,0.0119783859699964,0.0491933897137641,0.0344496145844459,0.010044421069324,0.0135199222713708,6.216831684112549,3.313960075378418,6.278366088867188,0.7253406047821045
1819,29801,44,3,2,minus,2,-0.02,0.02,0.0152102718129754,0.0149090886116027,54932.0,68774456.0,1025364.4587187768,155.80014093486795,4643.0,96.0049057006836,0.0020888946019113,0.0492519363760948,0.033308882266283,0.0218277648091316,0.0236985776573419,0.0186962261795997,5.5608625411987305,0.1537047326564788,5.821068286895752,0.7542546987533569
1819,29801,44,3,7,minus,2,-0.02,0.02,0.0139875570312142,0.0137105854228138,151357.0,131269176.0,1799777.2509303913,241.5690748632596,7199.0,89.26822662353516,0.0008241399773396,0.0486867688596248,0.0172926541417837,0.0131852496415376,0.0318209826946258,0.0380514785647392,3.277904748916626,5.072831630706787,3.020468711853028,0.4343680143356323
1819,29801,45,3,1,minus,3,-0.01,0.01,0.0030624063219875,0.0030319348443299,4763.0,3166411.0,9600.351842369651,61.03822019395322,1819.0,68.69004821777344,0.0025674765929579,0.0119783859699964,0.0491933897137641,0.0344496145844459,0.010044421069324,0.0135199222713708,6.216831684112549,3.313960075378418,6.278366088867188,0.7253406047821045
1819,29801,45,3,2,minus,3,-0.01,0.01,0.0152102718129754,0.0150589272379875,55388.0,68003896.0,1024065.7217636704,156.40414751182846,4661.0,96.0049057006836,0.0020888946019113,0.0492519363760948,0.033308882266283,0.0218277648091316,0.0236985776573419,0.0186962261795997,5.5608625411987305,0.1537047326564788,5.821068286895752,0.7542546987533569
1819,29801,45,3,7,minus,3,-0.01,0.01,0.0139875570312142,0.0138483783230185,151757.0,135081648.0,1870661.7660008224,241.9046340726821,7209.0,89.26822662353516,0.0008241399773396,0.0486867688596248,0.0172926541417837,0.0131852496415376,0.0318209826946258,0.0380514785647392,3.277904748916626,5.072831630706787,3.020468711853028,0.4343680143356323
1819,29801,46,3,1,minus,4,-0.005,0.005,0.0030624063219875,0.0030471323989331,4724.0,3029014.75,9229.808981571465,61.00466427301097,1818.0,68.69004821777344,0.0025674765929579,0.0119783859699964,0.0491933897137641,0.0344496145844459,0.010044421069324,0.0135199222713708,6.216831684112549,3.313960075378418,6.278366088867188,0.7253406047821045
1819,29801,46,3,2,minus,4,-0.005,0.005,0.0152102718129754,0.0151344100013375,55505.0,69407560.0,1050442.4702324346,156.3705915908862,4660.0,96.0049057006836,0.0020888946019113,0.0492519363760948,0.033308882266283,0.0218277648091316,0.0236985776573419,0.0186962261795997,5.5608625411987305,0.1537047326564788,5.821068286895752,0.7542546987533569
1819,29801,46,3,7,minus,4,-0.005,0.005,0.0139875570312142,0.0139177935197949,152189.0,134327216.0,1869538.4563768955,242.2401932821046,7219.0,89.26822662353516,0.0008241399773396,0.0486867688596248,0.0172926541417837,0.0131852496415376,0.0318209826946258,0.0380514785647392,3.277904748916626,5.072831630706787,3.020468711853028,0.4343680143356323
1819,29801,47,3,1,minus,5,-0.0025,0.0025,0.0030624063219875,0.0030547596979886,4724.0,2938935.0,8977.740193008212,61.20599979866447,1824.0,68.69004821777344,0.0025674765929579,0.0119783859699964,0.0491933897137641,0.0344496145844459,0.010044421069324,0.0135199222713708,6.216831684112549,3.313960075378418,6.278366088867188,0.7253406047821045
1819,29801,47,3,2,minus,5,-0.0025,0.0025,0.0152102718129754,0.0151722934097051,55538.0,69072888.0,1047994.1233917028,156.40414751182846,4661.0,96.0049057006836,0.0020888946019113,0.0492519363760948,0.033308882266283,0.0218277648091316,0.0236985776573419,0.0186962261795997,5.5608625411987305,0.1537047326564788,5.821068286895752,0.7542546987533569
1819,29801,47,3,7,minus,5,-0.0025,0.0025,0.0139875570312142,0.0139526315033435,152280.0,137261120.0,1915153.827096224,242.2737492030469,7220.0,89.26822662353516,0.0008241399773396,0.0486867688596248,0.0172926541417837,0.0131852496415376,0.0318209826946258,0.0380514785647392,3.277904748916626,5.072831630706787,3.020468711853028,0.4343680143356323
1819,29801,48,3,1,center,6,0.0,0.0,0.0030624063219875,0.0030624063219875,4758.0,2838363.25,8692.221560897015,61.34022348243347,1828.0,68.69004821777344,0.0025674765929579,0.0119783859699964,0.0491933897137641,0.0344496145844459,0.010044421069324,0.0135199222713708,6.216831684112549,3.313960075378418,6.278366088867188,0.7253406047821045
1819,29801,48,3,2,center,6,0.0,0.0,0.0152102718129754,0.0152102718129754,55621.0,70688384.0,1075189.5346599815,156.4377034327707,4662.0,96.0049057006836,0.0020888946019113,0.0492519363760948,0.033308882266283,0.0218277648091316,0.0236985776573419,0.0186962261795997,5.5608625411987305,0.1537047326564788,5.821068286895752,0.7542546987533569
1819,29801,48,3,7,center,6,0.0,0.0,0.0139875570312142,0.0139875570312142,152584.0,138617120.0,1938914.871502668,242.47508472870035,7226.0,89.26822662353516,0.0008241399773396,0.0486867688596248,0.0172926541417837,0.0131852496415376,0.0318209826946258,0.0380514785647392,3.277904748916626,5.072831630706787,3.020468711853028,0.4343680143356323
1819,29801,49,3,1,plus,7,0.0025,0.0025,0.0030624063219875,0.0030700720380991,4742.0,2776514.75,8524.100297344907,61.47444716620248,1832.0,68.69004821777344,0.0025674765929579,0.0119783859699964,0.0491933897137641,0.0344496145844459,0.010044421069324,0.0135199222713708,6.216831684112549,3.313960075378418,6.278366088867188,0.7253406047821045
1819,29801,49,3,2,plus,7,0.0025,0.0025,0.0152102718129754,0.0152483452111482,55584.0,70718520.0,1078340.4057814926,156.4377034327707,4662.0,96.0049057006836,0.0020888946019113,0.0492519363760948,0.033308882266283,0.0218277648091316,0.0236985776573419,0.0186962261795997,5.5608625411987305,0.1537047326564788,5.821068286895752,0.7542546987533569
1819,29801,49,3,7,plus,7,0.0025,0.0025,0.0139875570312142,0.0140225701034069,152650.0,141048576.0,1977863.5449457169,242.47508472870035,7226.0,89.26822662353516,0.0008241399773396,0.0486867688596248,0.0172926541417837,0.0131852496415376,0.0318209826946258,0.0380514785647392,3.277904748916626,5.072831630706787,3.020468711853028,0.4343680143356323
1819,29801,50,3,1,plus,8,0.005,0.005,0.0030624063219875,0.0030777566134929,4726.0,2858694.0,8798.36436445266,61.47444716620248,1832.0,68.69004821777344,0.0025674765929579,0.0119783859699964,0.0491933897137641,0.0344496145844459,0.010044421069324,0.0135199222713708,6.216831684112549,3.313960075378418,6.278366088867188,0.7253406047821045
1819,29801,50,3,2,plus,8,0.005,0.005,0.0152102718129754,0.0152865136042237,55724.0,71975432.0,1100253.42043788,156.6390389584242,4668.0,96.0049057006836,0.0020888946019113,0.0492519363760948,0.033308882266283,0.0218277648091316,0.0236985776573419,0.0186962261795997,5.5608625411987305,0.1537047326564788,5.821068286895752,0.7542546987533569
1819,29801,50,3,7,plus,8,0.005,0.005,0.0139875570312142,0.014057669788599,152742.0,138508768.0,1947110.52336967,242.54219657058488,7228.0,89.26822662353516,0.0008241399773396,0.0486867688596248,0.0172926541417837,0.0131852496415376,0.0318209826946258,0.0380514785647392,3.277904748916626,5.072831630706787,3.020468711853028,0.4343680143356323
1819,29801,51,3,1,plus,9,0.01,0.01,0.0030624063219875,0.0030931839719414,4738.0,2993830.75,9260.469290605512,61.60867084997148,1836.0,68.69004821777344,0.0025674765929579,0.0119783859699964,0.0491933897137641,0.0344496145844459,0.010044421069324,0.0135199222713708,6.216831684112549,3.313960075378418,6.278366088867188,0.7253406047821045
1819,29801,51,3,2,plus,9,0.01,0.01,0.0152102718129754,0.0153631381690502,55712.0,70482472.0,1082831.9558322132,156.67259487936644,4669.0,96.0049057006836,0.0020888946019113,0.0492519363760948,0.033308882266283,0.0218277648091316,0.0236985776573419,0.0186962261795997,5.5608625411987305,0.1537047326564788,5.821068286895752,0.7542546987533569
1819,29801,51,3,7,plus,9,0.01,0.01,0.0139875570312142,0.0141281345859169,152840.0,140311136.0,1982334.6133109035,242.67642025435387,7232.0,89.26822662353516,0.0008241399773396,0.0486867688596248,0.0172926541417837,0.0131852496415376,0.0318209826946258,0.0380514785647392,3.277904748916626,5.072831630706787,3.020468711853028,0.4343680143356323
1819,29801,52,3,1,plus,10,0.02,0.02,0.0030624063219875,0.0031242710538208,4821.0,3124183.5,9760.796075874709,61.84356229656723,1843.0,68.69004821777344,0.0025674765929579,0.0119783859699964,0.0491933897137641,0.0344496145844459,0.010044421069324,0.0135199222713708,6.216831684112549,3.313960075378418,6.278366088867188,0.7253406047821045
1819,29801,52,3,2,plus,10,0.02,0.02,0.0152102718129754,0.0155175393447279,55756.0,72627976.0,1127007.4751079604,156.67259487936644,4669.0,96.0049057006836,0.0020888946019113,0.0492519363760948,0.033308882266283,0.0218277648091316,0.0236985776573419,0.0186962261795997,5.5608625411987305,0.1537047326564788,5.821068286895752,0.7542546987533569
1819,29801,52,3,7,plus,10,0.02,0.02,0.0139875570312142,0.0142701240256428,153298.0,144827312.0,2066703.704540476,242.94486762189183,7240.0,89.26822662353516,0.0008241399773396,0.0486867688596248,0.0172926541417837,0.0131852496415376,0.0318209826946258,0.0380514785647392,3.277904748916626,5.072831630706787,3.020468711853028,0.4343680143356323
1819,29801,53,3,1,plus,11,0.05,0.05,0.0030624063219875,0.0032194191589951,4809.0,3399187.0,10943.407752807252,62.85023992483473,1873.0,68.69004821777344,0.0025674765929579,0.0119783859699964,0.0491933897137641,0.0344496145844459,0.010044421069324,0.0135199222713708,6.216831684112549,3.313960075378418,6.278366088867188,0.7253406047821045
1819,29801,53,3,2,plus,11,0.05,0.05,0.0152102718129754,0.0159901194274425,55925.0,75535240.0,1207817.5085805357,157.20948961444245,4685.0,96.0049057006836,0.0020888946019113,0.0492519363760948,0.033308882266283,0.0218277648091316,0.0236985776573419,0.0186962261795997,5.5608625411987305,0.1537047326564788,5.821068286895752,0.7542546987533569
1819,29801,53,3,7,plus,11,0.05,0.05,0.0139875570312142,0.0147047145292162,155676.0,155562288.0,2287499.036551729,244.6897755108889,7292.0,89.26822662353516,0.0008241399773396,0.0486867688596248,0.0172926541417837,0.0131852496415376,0.0318209826946258,0.0380514785647392,3.277904748916626,5.072831630706787,3.020468711853028,0.4343680143356323
1819,29801,54,3,1,plus,12,0.1,0.1,0.0030624063219875,0.0033844825811684,4744.0,3042937.5,10298.768964334158,64.09180899969799,1910.0,68.69004821777344,0.0025674765929579,0.0119783859699964,0.0491933897137641,0.0344496145844459,0.010044421069324,0.0135199222713708,6.216831684112549,3.313960075378418,6.278366088867188,0.7253406047821045
1819,29801,54,3,2,plus,12,0.1,0.1,0.0152102718129754,0.0168099515140056,57205.0,81792336.0,1374925.2023772595,158.71950605684373,4730.0,96.0049057006836,0.0020888946019113,0.0492519363760948,0.033308882266283,0.0218277648091316,0.0236985776573419,0.0186962261795997,5.5608625411987305,0.1537047326564788,5.821068286895752,0.7542546987533569
1819,29801,54,3,7,plus,12,0.1,0.1,0.0139875570312142,0.0154586415737867,158840.0,166323520.0,2571135.6809705496,247.3071373443844,7370.0,89.26822662353516,0.0008241399773396,0.0486867688596248,0.0172926541417837,0.0131852496415376,0.0318209826946258,0.0380514785647392,3.277904748916626,5.072831630706787,3.020468711853028,0.4343680143356323
1819,29801,55,3,1,center_duplicate,-1,0.0,0.0,0.0030624063219875,0.0030624063219875,4758.0,2838363.25,8692.221560897015,61.34022348243347,1828.0,68.69004821777344,0.0025674765929579,0.0119783859699964,0.0491933897137641,0.0344496145844459,0.010044421069324,0.0135199222713708,6.216831684112549,3.313960075378418,6.278366088867188,0.7253406047821045
1819,29801,55,3,2,center_duplicate,-1,0.0,0.0,0.0152102718129754,0.0152102718129754,55621.0,70688384.0,1075189.5346599815,156.4377034327707,4662.0,96.0049057006836,0.0020888946019113,0.0492519363760948,0.033308882266283,0.0218277648091316,0.0236985776573419,0.0186962261795997,5.5608625411987305,0.1537047326564788,5.821068286895752,0.7542546987533569
1819,29801,55,3,7,center_duplicate,-1,0.0,0.0,0.0139875570312142,0.0139875570312142,152584.0,138617120.0,1938914.871502668,242.47508472870035,7226.0,89.26822662353516,0.0008241399773396,0.0486867688596248,0.0172926541417837,0.0131852496415376,0.0318209826946258,0.0380514785647392,3.277904748916626,5.072831630706787,3.020468711853028,0.4343680143356323
1819,29801,56,4,1,minus,0,-0.1,0.1,0.0108905816450715,0.0098542058840394,115843.0,33883320.0,333893.21131478995,248.3138149726519,7400.0,33.49873733520508,0.0002443856210447,0.0386488735675811,0.0286058206111192,0.017027685418725,0.0424789972603321,0.0291590932756662,3.127815723419189,7.227877616882324,7.630624294281006,0.9706724286079408
1819,29801,56,4,2,minus,0,-0.1,0.1,0.0116654084995388,0.0105552980676293,126004.0,120594072.0,1272906.3751491532,207.61048286970237,6187.0,38.7281608581543,0.0025844236370176,0.0295098964124918,0.0405808053910732,0.046412743628025,0.0416797697544097,0.0448324494063854,0.7273001670837402,9.898069381713867,9.137249946594238,0.9603471159934998
1819,29801,56,4,7,minus,0,-0.1,0.1,0.0098292483016848,0.008893871679902,4080.0,11142.736328125,99.102067065327,24.49582228784269,730.0,4.61674165725708,0.0038823534268885,0.0212451666593551,0.0269096083939075,0.0197803676128387,0.0193378403782844,0.0118202436715364,1.170051097869873,1.0662606954574585,7.525685787200928,0.8699729442596436
1819,29801,57,4,1,minus,1,-0.05,0.05,0.0108905816450715,0.0103594418615102,118843.0,40456556.0,419107.3397989348,250.93117680614745,7478.0,33.49873733520508,0.0002443856210447,0.0386488735675811,0.0286058206111192,0.017027685418725,0.0424789972603321,0.0291590932756662,3.127815723419189,7.227877616882324,7.630624294281006,0.9706724286079408
1819,29801,57,4,2,minus,1,-0.05,0.05,0.0116654084995388,0.0110964803025126,130732.0,130551072.0,1448657.3989199102,210.8989631220429,6285.0,38.7281608581543,0.0025844236370176,0.0295098964124918,0.0405808053910732,0.046412743628025,0.0416797697544097,0.0448324494063854,0.7273001670837402,9.898069381713867,9.137249946594238,0.9603471159934998
1819,29801,57,4,7,minus,1,-0.05,0.05,0.0098292483016848,0.0093498704954981,4075.0,19943.5234375,186.4693613645577,25.401832153283443,757.0,4.61674165725708,0.0038823534268885,0.0212451666593551,0.0269096083939075,0.0197803676128387,0.0193378403782844,0.0118202436715364,1.170051097869873,1.0662606954574585,7.525685787200928,0.8699729442596436
1819,29801,58,4,1,minus,2,-0.02,0.02,0.0108905816450715,0.0106749339029192,120922.0,40458216.0,431888.78163003176,252.54186101137543,7526.0,33.49873733520508,0.0002443856210447,0.0386488735675811,0.0286058206111192,0.017027685418725,0.0424789972603321,0.0291590932756662,3.127815723419189,7.227877616882324,7.630624294281006,0.9706724286079408
1819,29801,58,4,2,minus,2,-0.02,0.02,0.0116654084995388,0.0114344181492924,133208.0,143711136.0,1643253.2217338383,212.50964732727087,6333.0,38.7281608581543,0.0025844236370176,0.0295098964124918,0.0405808053910732,0.046412743628025,0.0416797697544097,0.0448324494063854,0.7273001670837402,9.898069381713867,9.137249946594238,0.9603471159934998
1819,29801,58,4,7,minus,2,-0.02,0.02,0.0098292483016848,0.0096346158534288,4042.0,18183.03125,175.18652114464203,26.1065064930707,778.0,4.61674165725708,0.0038823534268885,0.0212451666593551,0.0269096083939075,0.0197803676128387,0.0193378403782844,0.0118202436715364,1.170051097869873,1.0662606954574585,7.525685787200928,0.8699729442596436
1819,29801,59,4,1,minus,3,-0.01,0.01,0.0108905816450715,0.0107822185382246,121614.0,40932688.0,441345.1873729676,253.28009127210493,7548.0,33.49873733520508,0.0002443856210447,0.0386488735675811,0.0286058206111192,0.017027685418725,0.0424789972603321,0.0291590932756662,3.127815723419189,7.227877616882324,7.630624294281006,0.9706724286079408
1819,29801,59,4,2,minus,3,-0.01,0.01,0.0116654084995388,0.0115493359044194,133781.0,141879920.0,1638618.8541721553,212.9458742995201,6346.0,38.7281608581543,0.0025844236370176,0.0295098964124918,0.0405808053910732,0.046412743628025,0.0416797697544097,0.0448324494063854,0.7273001670837402,9.898069381713867,9.137249946594238,0.9603471159934998
1819,29801,59,4,7,minus,3,-0.01,0.01,0.0098292483016848,0.0097314454615116,4016.0,17510.7109375,170.40452848057612,26.1065064930707,778.0,4.61674165725708,0.0038823534268885,0.0212451666593551,0.0269096083939075,0.0197803676128387,0.0193378403782844,0.0118202436715364,1.170051097869873,1.0662606954574585,7.525685787200928,0.8699729442596436
1819,29801,60,4,1,minus,4,-0.005,0.005,0.0108905816450715,0.0108362641185522,121657.0,40781688.0,441921.1423683912,253.3136471930472,7549.0,33.49873733520508,0.0002443856210447,0.0386488735675811,0.0286058206111192,0.017027685418725,0.0424789972603321,0.0291590932756662,3.127815723419189,7.227877616882324,7.630624294281006,0.9706724286079408
1819,29801,60,4,2,minus,4,-0.005,0.005,0.0116654084995388,0.0116072269156575,134246.0,143085808.0,1660829.441866204,213.1807657461159,6353.0,38.7281608581543,0.0025844236370176,0.0295098964124918,0.0405808053910732,0.046412743628025,0.0416797697544097,0.0448324494063854,0.7273001670837402,9.898069381713867,9.137249946594238,0.9603471159934998
1819,29801,60,4,7,minus,4,-0.005,0.005,0.0098292483016848,0.0097802244126796,3989.0,18810.0859375,183.9668616905401,26.274286097781957,783.0,4.61674165725708,0.0038823534268885,0.0212451666593551,0.0269096083939075,0.0197803676128387,0.0193378403782844,0.0118202436715364,1.170051097869873,1.0662606954574585,7.525685787200928,0.8699729442596436
1819,29801,61,4,1,minus,5,-0.0025,0.0025,0.0108905816450715,0.0108633888885378,122088.0,41867624.0,454824.281351082,253.5485386396429,7556.0,33.49873733520508,0.0002443856210447,0.0386488735675811,0.0286058206111192,0.017027685418725,0.0424789972603321,0.0291590932756662,3.127815723419189,7.227877616882324,7.630624294281006,0.9706724286079408
1819,29801,61,4,2,minus,5,-0.0025,0.0025,0.0116654084995388,0.0116362813860178,134276.0,142757984.0,1661172.0719246268,213.44921311365388,6361.0,38.7281608581543,0.0025844236370176,0.0295098964124918,0.0405808053910732,0.046412743628025,0.0416797697544097,0.0448324494063854,0.7273001670837402,9.898069381713867,9.137249946594238,0.9603471159934998
1819,29801,61,4,7,minus,5,-0.0025,0.0025,0.0098292483016848,0.0098047060891985,3969.0,17943.978515625,175.9354354165971,26.274286097781957,783.0,4.61674165725708,0.0038823534268885,0.0212451666593551,0.0269096083939075,0.0197803676128387,0.0193378403782844,0.0118202436715364,1.170051097869873,1.0662606954574585,7.525685787200928,0.8699729442596436
1819,29801,62,4,1,center,6,0.0,0.0,0.0108905816450715,0.0108905816450715,122243.0,42563440.0,463540.6184151024,253.6492064024697,7559.0,33.49873733520508,0.0002443856210447,0.0386488735675811,0.0286058206111192,0.017027685418725,0.0424789972603321,0.0291590932756662,3.127815723419189,7.227877616882324,7.630624294281006,0.9706724286079408
1819,29801,62,4,2,center,6,0.0,0.0,0.0116654084995388,0.0116654084995388,134315.0,144456848.0,1685148.1424757987,213.3149894298849,6357.0,38.7281608581543,0.0025844236370176,0.0295098964124918,0.0405808053910732,0.046412743628025,0.0416797697544097,0.0448324494063854,0.7273001670837402,9.898069381713867,9.137249946594238,0.9603471159934998
1819,29801,62,4,7,center,6,0.0,0.0,0.0098292483016848,0.0098292483016848,4000.0,19276.5625,189.474119215447,26.374953860608706,786.0,4.61674165725708,0.0038823534268885,0.0212451666593551,0.0269096083939075,0.0197803676128387,0.0193378403782844,0.0118202436715364,1.170051097869873,1.0662606954574585,7.525685787200928,0.8699729442596436
1819,29801,63,4,1,plus,7,0.0025,0.0025,0.0108905816450715,0.010917842388153,122571.0,41942868.0,457925.6221311093,253.88409784906543,7566.0,33.49873733520508,0.0002443856210447,0.0386488735675811,0.0286058206111192,0.017027685418725,0.0424789972603321,0.0291590932756662,3.127815723419189,7.227877616882324,7.630624294281006,0.9706724286079408
1819,29801,63,4,2,plus,7,0.0025,0.0025,0.0116654084995388,0.0116946091875433,134772.0,147017056.0,1719307.0138231814,213.61699271836517,6366.0,38.7281608581543,0.0025844236370176,0.0295098964124918,0.0405808053910732,0.046412743628025,0.0416797697544097,0.0448324494063854,0.7273001670837402,9.898069381713867,9.137249946594238,0.9603471159934998
1819,29801,63,4,7,plus,7,0.0025,0.0025,0.0098292483016848,0.0098538529127836,3983.0,20574.90625,202.7420998818125,26.47562162343545,789.0,4.61674165725708,0.0038823534268885,0.0212451666593551,0.0269096083939075,0.0197803676128387,0.0193378403782844,0.0118202436715364,1.170051097869873,1.0662606954574585,7.525685787200928,0.8699729442596436
1819,29801,64,4,1,plus,8,0.005,0.005,0.0108905816450715,0.0109451711177825,122572.0,42364936.0,463691.473913908,253.9176537700077,7567.0,33.49873733520508,0.0002443856210447,0.0386488735675811,0.0286058206111192,0.017027685418725,0.0424789972603321,0.0291590932756662,3.127815723419189,7.227877616882324,7.630624294281006,0.9706724286079408
1819,29801,64,4,2,plus,8,0.005,0.005,0.0116654084995388,0.0117238815873861,134772.0,146541120.0,1718030.7385629416,213.75121640213413,6370.0,38.7281608581543,0.0025844236370176,0.0295098964124918,0.0405808053910732,0.046412743628025,0.0416797697544097,0.0448324494063854,0.7273001670837402,9.898069381713867,9.137249946594238,0.9603471159934998
1819,29801,64,4,7,plus,8,0.005,0.005,0.0098292483016848,0.0098785171285271,4008.0,19361.326171875,191.2611922198685,26.509177544377703,790.0,4.61674165725708,0.0038823534268885,0.0212451666593551,0.0269096083939075,0.0197803676128387,0.0193378403782844,0.0118202436715364,1.170051097869873,1.0662606954574585,7.525685787200928,0.8699729442596436
1819,29801,65,4,1,plus,9,0.01,0.01,0.0108905816450715,0.011000033468008,122436.0,43039464.0,473435.5444451273,253.8505419281232,7565.0,33.49873733520508,0.0002443856210447,0.0386488735675811,0.0286058206111192,0.017027685418725,0.0424789972603321,0.0291590932756662,3.127815723419189,7.227877616882324,7.630624294281006,0.9706724286079408
1819,29801,65,4,2,plus,9,0.01,0.01,0.0116654084995388,0.0117826480418443,135070.0,150618528.0,1774685.104004681,214.08677561155665,6380.0,38.7281608581543,0.0025844236370176,0.0295098964124918,0.0405808053910732,0.046412743628025,0.0416797697544097,0.0448324494063854,0.7273001670837402,9.898069381713867,9.137249946594238,0.9603471159934998
1819,29801,65,4,7,plus,9,0.01,0.01,0.0098292483016848,0.0099280336871743,4005.0,19028.29296875,188.91353360317223,26.542733465319955,791.0,4.61674165725708,0.0038823534268885,0.0212451666593551,0.0269096083939075,0.0197803676128387,0.0193378403782844,0.0118202436715364,1.170051097869873,1.0662606954574585,7.525685787200928,0.8699729442596436
1819,29801,66,4,1,plus,10,0.02,0.02,0.0108905816450715,0.0111105861142277,123243.0,42576420.0,473048.9808455296,254.55521626791045,7586.0,33.49873733520508,0.0002443856210447,0.0386488735675811,0.0286058206111192,0.017027685418725,0.0424789972603321,0.0291590932756662,3.127815723419189,7.227877616882324,7.630624294281006,0.9706724286079408
1819,29801,66,4,2,plus,10,0.02,0.02,0.0116654084995388,0.0119010647758841,136114.0,153023792.0,1821146.060843423,214.62367034663265,6396.0,38.7281608581543,0.0025844236370176,0.0295098964124918,0.0405808053910732,0.046412743628025,0.0416797697544097,0.0448324494063854,0.7273001670837402,9.898069381713867,9.137249946594238,0.9603471159934998
1819,29801,66,4,7,plus,10,0.02,0.02,0.0098292483016848,0.0100278118625283,3978.0,19228.033203125,192.81509944738536,26.710513070031205,796.0,4.61674165725708,0.0038823534268885,0.0212451666593551,0.0269096083939075,0.0197803676128387,0.0193378403782844,0.0118202436715364,1.170051097869873,1.0662606954574585,7.525685787200928,0.8699729442596436
1819,29801,67,4,1,plus,11,0.05,0.05,0.0108905816450715,0.0114489533007144,124439.0,42639104.0,488173.1104803085,255.6290057380625,7618.0,33.49873733520508,0.0002443856210447,0.0386488735675811,0.0286058206111192,0.017027685418725,0.0424789972603321,0.0291590932756662,3.127815723419189,7.227877616882324,7.630624294281006,0.9706724286079408
1819,29801,67,4,2,plus,11,0.05,0.05,0.0116654084995388,0.0122635066509246,137880.0,160264064.0,1965399.414768219,216.5363578403409,6453.0,38.7281608581543,0.0025844236370176,0.0295098964124918,0.0405808053910732,0.046412743628025,0.0416797697544097,0.0448324494063854,0.7273001670837402,9.898069381713867,9.137249946594238,0.9603471159934998
1819,29801,67,4,7,plus,11,0.05,0.05,0.0098292483016848,0.0103332046419382,4081.0,21579.705078125,222.9875086849388,27.817858461125464,829.0,4.61674165725708,0.0038823534268885,0.0212451666593551,0.0269096083939075,0.0197803676128387,0.0193378403782844,0.0118202436715364,1.170051097869873,1.0662606954574585,7.525685787200928,0.8699729442596436
1819,29801,68,4,1,plus,12,0.1,0.1,0.0108905816450715,0.0120359547436237,127304.0,44718880.0,538234.4158655405,258.0785879668467,7691.0,33.49873733520508,0.0002443856210447,0.0386488735675811,0.0286058206111192,0.017027685418725,0.0424789972603321,0.0291590932756662,3.127815723419189,7.227877616882324,7.630624294281006,0.9706724286079408
1819,29801,68,4,2,plus,12,0.1,0.1,0.0116654084995388,0.0128922704607248,141002.0,177845200.0,2292828.4185417,218.95238414818292,6525.0,38.7281608581543,0.0025844236370176,0.0295098964124918,0.0405808053910732,0.046412743628025,0.0416797697544097,0.0448324494063854,0.7273001670837402,9.898069381713867,9.137249946594238,0.9603471159934998
1819,29801,68,4,7,plus,12,0.1,0.1,0.0098292483016848,0.0108629995957016,4121.0,15146.4853515625,164.53626425032508,28.75742424750847,857.0,4.61674165725708,0.0038823534268885,0.0212451666593551,0.0269096083939075,0.0197803676128387,0.0193378403782844,0.0118202436715364,1.170051097869873,1.0662606954574585,7.525685787200928,0.8699729442596436
1819,29801,69,4,1,center_duplicate,-1,0.0,0.0,0.0108905816450715,0.0108905816450715,122243.0,42563440.0,463540.6184151024,253.6492064024697,7559.0,33.49873733520508,0.0002443856210447,0.0386488735675811,0.0286058206111192,0.017027685418725,0.0424789972603321,0.0291590932756662,3.127815723419189,7.227877616882324,7.630624294281006,0.9706724286079408
1819,29801,69,4,2,center_duplicate,-1,0.0,0.0,0.0116654084995388,0.0116654084995388,134315.0,144456848.0,1685148.1424757987,213.3149894298849,6357.0,38.7281608581543,0.0025844236370176,0.0295098964124918,0.0405808053910732,0.046412743628025,0.0416797697544097,0.0448324494063854,0.7273001670837402,9.898069381713867,9.137249946594238,0.9603471159934998
1819,29801,69,4,7,center_duplicate,-1,0.0,0.0,0.0098292483016848,0.0098292483016848,4000.0,19276.5625,189.474119215447,26.374953860608706,786.0,4.61674165725708,0.0038823534268885,0.0212451666593551,0.0269096083939075,0.0197803676128387,0.0193378403782844,0.0118202436715364,1.170051097869873,1.0662606954574585,7.525685787200928,0.8699729442596436
1819,29801,70,5,1,minus,0,-0.1,0.1,0.0129776550456881,0.0117426682263612,7363.0,1158501.375,13603.897286408348,89.12452602261669,2656.0,24.337238311767575,0.0024092399980872,0.0323095433413982,0.0223913118243217,0.0126002123579382,0.0246993713080883,0.0182983670383691,7.951542377471924,8.247520446777344,4.818588733673096,0.2670776546001434
1819,29801,70,5,2,minus,0,-0.1,0.1,0.0048190923407673,0.0043604951351881,5673.0,1071332.75,4671.541244542692,58.58863796516895,1746.0,31.63585090637207,0.0015944018959999,0.017833586782217,0.0103708188980817,0.0133877424523234,0.0142292836681008,0.0478997603058815,6.824490547180176,1.2873531579971311,2.1796975135803223,0.67423015832901
1819,29801,70,5,7,minus,0,-0.1,0.1,0.0127071822062134,0.0114979343488812,68253.0,12503668.0,143766.35378420723,164.524680379853,4903.0,26.436113357543945,0.0015469755744561,0.037771038711071,0.0138946194201707,0.0293865650892257,0.0210106670856475,0.0406164526939392,2.290356397628784,4.109940528869629,6.244213104248047,0.661459743976593
1819,29801,71,5,1,minus,1,-0.05,0.05,0.0129776550456881,0.0123447272926568,7492.0,1246220.375,15384.250675927617,90.76876614878697,2705.0,24.337238311767575,0.0024092399980872,0.0323095433413982,0.0223913118243217,0.0126002123579382,0.0246993713080883,0.0182983670383691,7.951542377471924,8.247520446777344,4.818588733673096,0.2670776546001434
1819,29801,71,5,2,minus,1,-0.05,0.05,0.0048190923407673,0.0045840623788535,6091.0,1092282.125,5007.089396306721,59.79665111908996,1782.0,31.63585090637207,0.0015944018959999,0.017833586782217,0.0103708188980817,0.0133877424523234,0.0142292836681008,0.0478997603058815,6.824490547180176,1.2873531579971311,2.1796975135803223,0.67423015832901
1819,29801,71,5,7,minus,1,-0.05,0.05,0.0127071822062134,0.012087445706129,71357.0,13877777.0,167746.87600926682,168.01449615784705,5007.0,26.436113357543945,0.0015469755744561,0.037771038711071,0.0138946194201707,0.0293865650892257,0.0210106670856475,0.0406164526939392,2.290356397628784,4.109940528869629,6.244213104248047,0.661459743976593
1819,29801,72,5,1,minus,2,-0.02,0.02,0.0129776550456881,0.0127206807956099,7821.0,1287381.375,16376.367533588433,91.6076641723432,2730.0,24.337238311767575,0.0024092399980872,0.0323095433413982,0.0223913118243217,0.0126002123579382,0.0246993713080883,0.0182983670383691,7.951542377471924,8.247520446777344,4.818588733673096,0.2670776546001434
1819,29801,72,5,2,minus,2,-0.02,0.02,0.0048190923407673,0.0047236680984497,6146.0,1219248.125,5759.323472157121,60.16576624945471,1793.0,31.63585090637207,0.0015944018959999,0.017833586782217,0.0103708188980817,0.0133877424523234,0.0142292836681008,0.0478997603058815,6.824490547180176,1.2873531579971311,2.1796975135803223,0.67423015832901
1819,29801,72,5,7,minus,2,-0.02,0.02,0.0127071822062134,0.0124555630609393,73183.0,14916223.0,185789.95620753337,169.96073957249754,5065.0,26.436113357543945,0.0015469755744561,0.037771038711071,0.0138946194201707,0.0293865650892257,0.0210106670856475,0.0406164526939392,2.290356397628784,4.109940528869629,6.244213104248047,0.661459743976593
1819,29801,73,5,1,minus,3,-0.01,0.01,0.0129776550456881,0.0128485253080725,7875.0,1418031.875,18219.61843359109,91.6747760142277,2732.0,24.337238311767575,0.0024092399980872,0.0323095433413982,0.0223913118243217,0.0126002123579382,0.0246993713080883,0.0182983670383691,7.951542377471924,8.247520446777344,4.818588733673096,0.2670776546001434
1819,29801,73,5,2,minus,3,-0.01,0.01,0.0048190923407673,0.0047711418010294,6155.0,1116194.0,5325.519851458259,60.132210328512464,1792.0,31.63585090637207,0.0015944018959999,0.017833586782217,0.0103708188980817,0.0133877424523234,0.0142292836681008,0.0478997603058815,6.824490547180176,1.2873531579971311,2.1796975135803223,0.67423015832901
1819,29801,73,5,7,minus,3,-0.01,0.01,0.0127071822062134,0.0125807439908385,73405.0,14724176.0,185241.08873204887,170.43052246568905,5079.0,26.436113357543945,0.0015469755744561,0.037771038711071,0.0138946194201707,0.0293865650892257,0.0210106670856475,0.0406164526939392,2.290356397628784,4.109940528869629,6.244213104248047,0.661459743976593
1819,29801,74,5,1,minus,4,-0.005,0.005,0.0129776550456881,0.0129129281267523,7893.0,1408064.5,18182.23568633152,91.6076641723432,2730.0,24.337238311767575,0.0024092399980872,0.0323095433413982,0.0223913118243217,0.0126002123579382,0.0246993713080883,0.0182983670383691,7.951542377471924,8.247520446777344,4.818588733673096,0.2670776546001434
1819,29801,74,5,2,minus,4,-0.005,0.005,0.0048190923407673,0.0047950567677617,6335.0,1230593.25,5900.764491774375,60.736216905472965,1810.0,31.63585090637207,0.0015944018959999,0.017833586782217,0.0103708188980817,0.0133877424523234,0.0142292836681008,0.0478997603058815,6.824490547180176,1.2873531579971311,2.1796975135803223,0.67423015832901
1819,29801,74,5,7,minus,4,-0.005,0.005,0.0127071822062134,0.0126438047736883,73511.0,14778411.0,186855.34354932792,170.49763430757355,5081.0,26.436113357543945,0.0015469755744561,0.037771038711071,0.0138946194201707,0.0293865650892257,0.0210106670856475,0.0406164526939392,2.290356397628784,4.109940528869629,6.244213104248047,0.661459743976593
1819,29801,75,5,1,minus,5,-0.0025,0.0025,0.0129776550456881,0.0129452515393495,7878.0,1429116.75,18500.27580784773,91.70833193516997,2733.0,24.337238311767575,0.0024092399980872,0.0323095433413982,0.0223913118243217,0.0126002123579382,0.0246993713080883,0.0182983670383691,7.951542377471924,8.247520446777344,4.818588733673096,0.2670776546001434
1819,29801,75,5,2,minus,5,-0.0025,0.0025,0.0048190923407673,0.0048070596531033,6274.0,1165405.625,5602.174359437195,60.70266098453072,1809.0,31.63585090637207,0.0015944018959999,0.017833586782217,0.0103708188980817,0.0133877424523234,0.0142292836681008,0.0478997603058815,6.824490547180176,1.2873531579971311,2.1796975135803223,0.67423015832901
1819,29801,75,5,7,minus,5,-0.0025,0.0025,0.0127071822062134,0.0126754539087414,73488.0,14927483.0,189212.6227400219,170.5983020704003,5084.0,26.436113357543945,0.0015469755744561,0.037771038711071,0.0138946194201707,0.0293865650892257,0.0210106670856475,0.0406164526939392,2.290356397628784,4.109940528869629,6.244213104248047,0.661459743976593
1819,29801,76,5,1,center,6,0.0,0.0,0.0129776550456881,0.0129776550456881,7882.0,1440536.0,18694.779288895428,91.84255561893896,2737.0,24.337238311767575,0.0024092399980872,0.0323095433413982,0.0223913118243217,0.0126002123579382,0.0246993713080883,0.0182983670383691,7.951542377471924,8.247520446777344,4.818588733673096,0.2670776546001434
1819,29801,76,5,2,center,6,0.0,0.0,0.0048190923407673,0.0048190923407673,6245.0,1095107.5,5277.4241655669175,60.66910506358847,1808.0,31.63585090637207,0.0015944018959999,0.017833586782217,0.0103708188980817,0.0133877424523234,0.0142292836681008,0.0478997603058815,6.824490547180176,1.2873531579971311,2.1796975135803223,0.67423015832901
1819,29801,76,5,7,center,6,0.0,0.0,0.0127071822062134,0.0127071822062134,73764.0,14818909.0,188306.5767602967,170.7996375960538,5090.0,26.436113357543945,0.0015469755744561,0.037771038711071,0.0138946194201707,0.0293865650892257,0.0210106670856475,0.0406164526939392,2.290356397628784,4.109940528869629,6.244213104248047,0.661459743976593
1819,29801,77,5,1,plus,7,0.0025,0.0025,0.0129776550456881,0.0130101405084133,7870.0,1442457.75,18766.57800494973,91.90966746082346,2739.0,24.337238311767575,0.0024092399980872,0.0323095433413982,0.0223913118243217,0.0126002123579382,0.0246993713080883,0.0182983670383691,7.951542377471924,8.247520446777344,4.818588733673096,0.2670776546001434
1819,29801,77,5,2,plus,7,0.0025,0.0025,0.0048190923407673,0.004831155296415,6284.0,1145799.875,5535.537134737999,60.70266098453072,1809.0,31.63585090637207,0.0015944018959999,0.017833586782217,0.0103708188980817,0.0133877424523234,0.0142292836681008,0.0478997603058815,6.824490547180176,1.2873531579971311,2.1796975135803223,0.67423015832901
1819,29801,77,5,7,plus,7,0.0025,0.0025,0.0127071822062134,0.0127389905974268,73709.0,15068520.0,191957.73459713903,170.76608167511156,5089.0,26.436113357543945,0.0015469755744561,0.037771038711071,0.0138946194201707,0.0293865650892257,0.0210106670856475,0.0406164526939392,2.290356397628784,4.109940528869629,6.244213104248047,0.661459743976593
1819,29801,78,5,1,plus,8,0.005,0.005,0.0129776550456881,0.0130427060648798,7947.0,1445218.875,18849.5649860414,92.1445589074192,2746.0,24.337238311767575,0.0024092399980872,0.0323095433413982,0.0223913118243217,0.0126002123579382,0.0246993713080883,0.0182983670383691,7.951542377471924,8.247520446777344,4.818588733673096,0.2670776546001434
1819,29801,78,5,2,plus,8,0.005,0.005,0.0048190923407673,0.0048432480543851,6250.0,1124463.0,5446.053236978129,60.63554914264622,1807.0,31.63585090637207,0.0015944018959999,0.017833586782217,0.0103708188980817,0.0133877424523234,0.0142292836681008,0.0478997603058815,6.824490547180176,1.2873531579971311,2.1796975135803223,0.67423015832901
1819,29801,78,5,7,plus,8,0.005,0.005,0.0127071822062134,0.0127708772197365,74043.0,15220016.0,194372.9556184262,171.10164088453408,5099.0,26.436113357543945,0.0015469755744561,0.037771038711071,0.0138946194201707,0.0293865650892257,0.0210106670856475,0.0406164526939392,2.290356397628784,4.109940528869629,6.244213104248047,0.661459743976593
1819,29801,79,5,1,plus,9,0.01,0.01,0.0129776550456881,0.0131080830469727,8047.0,1524286.25,19980.47075235867,92.2787825911882,2750.0,24.337238311767575,0.0024092399980872,0.0323095433413982,0.0223913118243217,0.0126002123579382,0.0246993713080883,0.0182983670383691,7.951542377471924,8.247520446777344,4.818588733673096,0.2670776546001434
1819,29801,79,5,2,plus,9,0.01,0.01,0.0048190923407673,0.0048675253055989,6200.0,1138934.625,5543.793108610378,60.63554914264622,1807.0,31.63585090637207,0.0015944018959999,0.017833586782217,0.0103708188980817,0.0133877424523234,0.0142292836681008,0.0478997603058815,6.824490547180176,1.2873531579971311,2.1796975135803223,0.67423015832901
1819,29801,79,5,7,plus,9,0.01,0.01,0.0127071822062134,0.0128348916769027,74690.0,14963041.0,192049.0103920549,171.63853561961008,5115.0,26.436113357543945,0.0015469755744561,0.037771038711071,0.0138946194201707,0.0293865650892257,0.0210106670856475,0.0406164526939392,2.290356397628784,4.109940528869629,6.244213104248047,0.661459743976593
1819,29801,80,5,1,plus,10,0.02,0.02,0.0129776550456881,0.0132398204877972,8110.0,1602313.25,21214.339795219013,92.51367403778396,2757.0,24.337238311767575,0.0024092399980872,0.0323095433413982,0.0223913118243217,0.0126002123579382,0.0246993713080883,0.0182983670383691,7.951542377471924,8.247520446777344,4.818588733673096,0.2670776546001434
1819,29801,80,5,2,plus,10,0.02,0.02,0.0048190923407673,0.0049164444208145,6207.0,1143639.75,5622.641268309206,60.66910506358847,1808.0,31.63585090637207,0.0015944018959999,0.017833586782217,0.0103708188980817,0.0133877424523234,0.0142292836681008,0.0478997603058815,6.824490547180176,1.2873531579971311,2.1796975135803223,0.67423015832901
1819,29801,80,5,7,plus,10,0.02,0.02,0.0127071822062134,0.0129638845100998,75016.0,15539551.0,201452.9445028072,172.10831851280156,5129.0,26.436113357543945,0.0015469755744561,0.037771038711071,0.0138946194201707,0.0293865650892257,0.0210106670856475,0.0406164526939392,2.290356397628784,4.109940528869629,6.244213104248047,0.661459743976593
1819,29801,81,5,1,plus,11,0.05,0.05,0.0129776550456881,0.0136430338025093,8098.0,1381651.375,18849.916412408464,92.98345693097546,2771.0,24.337238311767575,0.0024092399980872,0.0323095433413982,0.0223913118243217,0.0126002123579382,0.0246993713080883,0.0182983670383691,7.951542377471924,8.247520446777344,4.818588733673096,0.2670776546001434
1819,29801,81,5,2,plus,11,0.05,0.05,0.0048190923407673,0.0050661722198128,6326.0,1190411.875,6030.831571260351,61.27311164054897,1826.0,31.63585090637207,0.0015944018959999,0.017833586782217,0.0103708188980817,0.0133877424523234,0.0142292836681008,0.0478997603058815,6.824490547180176,1.2873531579971311,2.1796975135803223,0.67423015832901
1819,29801,81,5,7,plus,11,0.05,0.05,0.0127071822062134,0.0133586935698986,76537.0,16125857.0,215420.3822150044,174.02100600650985,5186.0,26.436113357543945,0.0015469755744561,0.037771038711071,0.0138946194201707,0.0293865650892257,0.0210106670856475,0.0406164526939392,2.290356397628784,4.109940528869629,6.244213104248047,0.661459743976593
1819,29801,82,5,1,plus,12,0.1,0.1,0.0129776550456881,0.0143425278365612,8365.0,1605735.625,23030.3078997205,94.22502600583871,2808.0,24.337238311767575,0.0024092399980872,0.0323095433413982,0.0223913118243217,0.0126002123579382,0.0246993713080883,0.0182983670383691,7.951542377471924,8.247520446777344,4.818588733673096,0.2670776546001434
1819,29801,82,5,2,plus,12,0.1,0.1,0.0048190923407673,0.0053259208798408,6685.0,1282337.75,6829.629397733137,62.74957216200798,1870.0,31.63585090637207,0.0015944018959999,0.017833586782217,0.0103708188980817,0.0133877424523234,0.0142292836681008,0.0478997603058815,6.824490547180176,1.2873531579971311,2.1796975135803223,0.67423015832901
1819,29801,82,5,7,plus,12,0.1,0.1,0.0127071822062134,0.0140436086803674,80680.0,18216244.0,255821.80236209184,178.24905204523338,5312.0,26.436113357543945,0.0015469755744561,0.037771038711071,0.0138946194201707,0.0293865650892257,0.0210106670856475,0.0406164526939392,2.290356397628784,4.109940528869629,6.244213104248047,0.661459743976593
1819,29801,83,5,1,center_duplicate,-1,0.0,0.0,0.0129776550456881,0.0129776550456881,7882.0,1440536.0,18694.779288895428,91.84255561893896,2737.0,24.337238311767575,0.0024092399980872,0.0323095433413982,0.0223913118243217,0.0126002123579382,0.0246993713080883,0.0182983670383691,7.951542377471924,8.247520446777344,4.818588733673096,0.2670776546001434
1819,29801,83,5,2,center_duplicate,-1,0.0,0.0,0.0048190923407673,0.0048190923407673,6245.0,1095107.5,5277.4241655669175,60.66910506358847,1808.0,31.63585090637207,0.0015944018959999,0.017833586782217,0.0103708188980817,0.0133877424523234,0.0142292836681008,0.0478997603058815,6.824490547180176,1.2873531579971311,2.1796975135803223,0.67423015832901
1819,29801,83,5,7,center_duplicate,-1,0.0,0.0,0.0127071822062134,0.0127071822062134,73764.0,14818909.0,188306.5767602967,170.7996375960538,5090.0,26.436113357543945,0.0015469755744561,0.037771038711071,0.0138946194201707,0.0293865650892257,0.0210106670856475,0.0406164526939392,2.290356397628784,4.109940528869629,6.244213104248047,0.661459743976593
1819,29801,84,6,1,minus,0,-0.1,0.1,0.0181871354579925,0.0164564009755849,7957.0,17810950.0,293104.13495609537,84.35958524881715,2514.0,96.47991180419922,0.0048798769712448,0.024111283943057,0.0158774796873331,0.0440637469291687,0.0474523864686489,0.024348696693778,1.714741349220276,2.418577194213867,1.9084950685501096,0.6177399754524231
1819,29801,84,6,2,minus,0,-0.1,0.1,0.0160542204976081,0.0145264593884348,19184.0,57405760.0,833902.4413022399,99.79530888225229,2974.0,71.22661590576172,0.0039985030889511,0.0333226099610328,0.0489875711500644,0.01973164267838,0.01786351762712,0.0135439438745379,8.574448585510254,3.511550188064575,4.462161540985107,0.4764463901519775
1819,29801,84,6,7,minus,0,-0.1,0.1,0.0183411631733179,0.016595771536231,29123.0,7989089.0,132585.0958266165,108.15073319687258,3223.0,18.03076934814453,0.0031880333553999,0.013988914899528,0.0495886579155921,0.0488165244460105,0.0375402271747589,0.029685191810131,5.470731735229492,2.148503541946411,4.848639011383057,0.7454955577850342
1819,29801,85,6,1,minus,1,-0.05,0.05,0.0181871354579925,0.0173001382499933,8177.0,19315116.0,334154.17711465806,84.62803261635516,2522.0,96.47991180419922,0.0048798769712448,0.024111283943057,0.0158774796873331,0.0440637469291687,0.0474523864686489,0.024348696693778,1.714741349220276,2.418577194213867,1.9084950685501096,0.6177399754524231
1819,29801,85,6,2,minus,1,-0.05,0.05,0.0160542204976081,0.0152712473645806,19530.0,56819008.0,867697.1261780858,100.49998322203952,2995.0,71.22661590576172,0.0039985030889511,0.0333226099610328,0.0489875711500644,0.01973164267838,0.01786351762712,0.0135439438745379,8.574448585510254,3.511550188064575,4.462161540985107,0.4764463901519775
1819,29801,85,6,7,minus,1,-0.05,0.05,0.0183411631733179,0.0174466539174318,29941.0,8215133.0,143326.5823366735,109.6271937183316,3267.0,18.03076934814453,0.0031880333553999,0.013988914899528,0.0495886579155921,0.0488165244460105,0.0375402271747589,0.029685191810131,5.470731735229492,2.148503541946411,4.848639011383057,0.7454955577850342
1819,29801,86,6,1,minus,2,-0.02,0.02,0.0181871354579925,0.0178270060569047,8349.0,20220154.0,360464.8078295477,85.16492735143116,2538.0,96.47991180419922,0.0048798769712448,0.024111283943057,0.0158774796873331,0.0440637469291687,0.0474523864686489,0.024348696693778,1.714741349220276,2.418577194213867,1.9084950685501096,0.6177399754524231
1819,29801,86,6,2,minus,2,-0.02,0.02,0.0160542204976081,0.0157363265752792,19581.0,62380420.0,981638.6610230803,100.73487466863529,3002.0,71.22661590576172,0.0039985030889511,0.0333226099610328,0.0489875711500644,0.01973164267838,0.01786351762712,0.0135439438745379,8.574448585510254,3.511550188064575,4.462161540985107,0.4764463901519775
1819,29801,86,6,7,minus,2,-0.02,0.02,0.0183411631733179,0.0179779846221208,30165.0,8000723.5,143836.88404884096,110.60031542565685,3296.0,18.03076934814453,0.0031880333553999,0.013988914899528,0.0495886579155921,0.0488165244460105,0.0375402271747589,0.029685191810131,5.470731735229492,2.148503541946411,4.848639011383057,0.7454955577850342
1819,29801,87,6,1,minus,3,-0.01,0.01,0.0181871354579925,0.018006170168519,8384.0,21369458.0,384782.0971570201,85.1313714304889,2537.0,96.47991180419922,0.0048798769712448,0.024111283943057,0.0158774796873331,0.0440637469291687,0.0474523864686489,0.024348696693778,1.714741349220276,2.418577194213867,1.9084950685501096,0.6177399754524231
1819,29801,87,6,2,minus,3,-0.01,0.01,0.0160542204976081,0.0158944781869649,19580.0,64656188.0,1027676.3698183076,100.76843058957752,3003.0,71.22661590576172,0.0039985030889511,0.0333226099610328,0.0489875711500644,0.01973164267838,0.01786351762712,0.0135439438745379,8.574448585510254,3.511550188064575,4.462161540985107,0.4764463901519775
1819,29801,87,6,7,minus,3,-0.01,0.01,0.0183411631733179,0.0181586649268865,30399.0,8322450.5,151124.5900000995,110.93587463507936,3306.0,18.03076934814453,0.0031880333553999,0.013988914899528,0.0495886579155921,0.0488165244460105,0.0375402271747589,0.029685191810131,5.470731735229492,2.148503541946411,4.848639011383057,0.7454955577850342
1819,29801,88,6,1,minus,4,-0.005,0.005,0.0181871354579925,0.0180964265018701,8435.0,21117056.0,382143.2518398762,85.16492735143116,2538.0,96.47991180419922,0.0048798769712448,0.024111283943057,0.0158774796873331,0.0440637469291687,0.0474523864686489,0.024348696693778,1.714741349220276,2.418577194213867,1.9084950685501096,0.6177399754524231
1819,29801,88,6,2,minus,4,-0.005,0.005,0.0160542204976081,0.015974149107933,19634.0,64925132.0,1037123.7394202352,100.83554243146204,3005.0,71.22661590576172,0.0039985030889511,0.0333226099610328,0.0489875711500644,0.01973164267838,0.01786351762712,0.0135439438745379,8.574448585510254,3.511550188064575,4.462161540985107,0.4764463901519775
1819,29801,88,6,7,minus,4,-0.005,0.005,0.0183411631733179,0.018249686807394,30361.0,8747607.0,159641.08806416765,111.00298647696386,3308.0,18.03076934814453,0.0031880333553999,0.013988914899528,0.0495886579155921,0.0488165244460105,0.0375402271747589,0.029685191810131,5.470731735229492,2.148503541946411,4.848639011383057,0.7454955577850342
1819,29801,89,6,1,minus,5,-0.0025,0.0025,0.0181871354579925,0.0181417241692543,8533.0,20967892.0,380393.713074714,85.36626287708465,2544.0,96.47991180419922,0.0048798769712448,0.024111283943057,0.0158774796873331,0.0440637469291687,0.0474523864686489,0.024348696693778,1.714741349220276,2.418577194213867,1.9084950685501096,0.6177399754524231
1819,29801,89,6,2,minus,5,-0.0025,0.0025,0.0160542204976081,0.0160141345113515,19672.0,64907056.0,1039430.32551983,100.90265427334651,3007.0,71.22661590576172,0.0039985030889511,0.0333226099610328,0.0489875711500644,0.01973164267838,0.01786351762712,0.0135439438745379,8.574448585510254,3.511550188064575,4.462161540985107,0.4764463901519775
1819,29801,89,6,7,minus,5,-0.0025,0.0025,0.0183411631733179,0.0182953663170337,30403.0,8750422.0,160092.17591863126,111.13721016073283,3312.0,18.03076934814453,0.0031880333553999,0.013988914899528,0.0495886579155921,0.0488165244460105,0.0375402271747589,0.029685191810131,5.470731735229492,2.148503541946411,4.848639011383057,0.7454955577850342
1819,29801,90,6,1,center,6,0.0,0.0,0.0181871354579925,0.0181871354579925,8402.0,21051062.0,382858.5161285997,85.53404248179591,2549.0,96.47991180419922,0.0048798769712448,0.024111283943057,0.0158774796873331,0.0440637469291687,0.0474523864686489,0.024348696693778,1.714741349220276,2.418577194213867,1.9084950685501096,0.6177399754524231
1819,29801,90,6,2,center,6,0.0,0.0,0.0160542204976081,0.0160542204976081,19685.0,63187044.0,1014418.7369680704,100.93621019428878,3008.0,71.22661590576172,0.0039985030889511,0.0333226099610328,0.0489875711500644,0.01973164267838,0.01786351762712,0.0135439438745379,8.574448585510254,3.511550188064575,4.462161540985107,0.4764463901519775
1819,29801,90,6,7,center,6,0.0,0.0,0.0183411631733179,0.0183411631733179,30534.0,8753950.0,160557.6253610663,111.2378779235596,3315.0,18.03076934814453,0.0031880333553999,0.013988914899528,0.0495886579155921,0.0488165244460105,0.0375402271747589,0.029685191810131,5.470731735229492,2.148503541946411,4.848639011383057,0.7454955577850342
1819,29801,91,6,1,plus,7,0.0025,0.0025,0.0181871354579925,0.0182326603680849,8450.0,21778266.0,397075.727383811,85.53404248179591,2549.0,96.47991180419922,0.0048798769712448,0.024111283943057,0.0158774796873331,0.0440637469291687,0.0474523864686489,0.024348696693778,1.714741349220276,2.418577194213867,1.9084950685501096,0.6177399754524231
1819,29801,91,6,2,plus,7,0.0025,0.0025,0.0160542204976081,0.0160944070667028,19743.0,65208740.0,1049496.0058667883,101.07043387805776,3012.0,71.22661590576172,0.0039985030889511,0.0333226099610328,0.0489875711500644,0.01973164267838,0.01786351762712,0.0135439438745379,8.574448585510254,3.511550188064575,4.462161540985107,0.4764463901519775
1819,29801,91,6,7,plus,7,0.0025,0.0025,0.0183411631733179,0.0183870736509561,30588.0,8834888.0,162447.7363539487,111.20432200261736,3314.0,18.03076934814453,0.0031880333553999,0.013988914899528,0.0495886579155921,0.0488165244460105,0.0375402271747589,0.029685191810131,5.470731735229492,2.148503541946411,4.848639011383057,0.7454955577850342
1819,29801,92,6,1,plus,8,0.005,0.005,0.0181871354579925,0.0182782988995313,8461.0,21560668.0,394092.3341775611,85.50048656085366,2548.0,96.47991180419922,0.0048798769712448,0.024111283943057,0.0158774796873331,0.0440637469291687,0.0474523864686489,0.024348696693778,1.714741349220276,2.418577194213867,1.9084950685501096,0.6177399754524231
1819,29801,92,6,2,plus,8,0.005,0.005,0.0160542204976081,0.0161346923559904,19700.0,65475144.0,1056421.305404171,101.10398979900005,3013.0,71.22661590576172,0.0039985030889511,0.0333226099610328,0.0489875711500644,0.01973164267838,0.01786351762712,0.0135439438745379,8.574448585510254,3.511550188064575,4.462161540985107,0.4764463901519775
1819,29801,92,6,7,plus,8,0.005,0.005,0.0183411631733179,0.0184330977499485,30535.0,8880359.0,163692.52550163493,111.33854568638635,3318.0,18.03076934814453,0.0031880333553999,0.013988914899528,0.0495886579155921,0.0488165244460105,0.0375402271747589,0.029685191810131,5.470731735229492,2.148503541946411,4.848639011383057,0.7454955577850342
1819,29801,93,6,1,plus,9,0.01,0.01,0.0181871354579925,0.0183699186891317,8430.0,21855640.0,401486.3296989352,85.53404248179591,2549.0,96.47991180419922,0.0048798769712448,0.024111283943057,0.0158774796873331,0.0440637469291687,0.0474523864686489,0.024348696693778,1.714741349220276,2.418577194213867,1.9084950685501096,0.6177399754524231
1819,29801,93,6,2,plus,9,0.01,0.01,0.0160542204976081,0.01621556840837,19734.0,65612432.0,1063942.879535526,101.10398979900005,3013.0,71.22661590576172,0.0039985030889511,0.0333226099610328,0.0489875711500644,0.01973164267838,0.01786351762712,0.0135439438745379,8.574448585510254,3.511550188064575,4.462161540985107,0.4764463901519775
1819,29801,93,6,7,plus,9,0.01,0.01,0.0183411631733179,0.0185254942625761,30486.0,9099504.0,168572.8091442883,111.3049897654441,3317.0,18.03076934814453,0.0031880333553999,0.013988914899528,0.0495886579155921,0.0488165244460105,0.0375402271747589,0.029685191810131,5.470731735229492,2.148503541946411,4.848639011383057,0.7454955577850342
1819,29801,94,6,1,plus,10,0.02,0.02,0.0181871354579925,0.0185545403510332,8197.0,22184036.0,411614.5911107734,85.43337471896916,2546.0,96.47991180419922,0.0048798769712448,0.024111283943057,0.0158774796873331,0.0440637469291687,0.0474523864686489,0.024348696693778,1.714741349220276,2.418577194213867,1.9084950685501096,0.6177399754524231
1819,29801,94,6,2,plus,10,0.02,0.02,0.0160542204976081,0.0163785368204116,19595.0,67646656.0,1107953.2460737228,101.00332203617327,3010.0,71.22661590576172,0.0039985030889511,0.0333226099610328,0.0489875711500644,0.01973164267838,0.01786351762712,0.0135439438745379,8.574448585510254,3.511550188064575,4.462161540985107,0.4764463901519775
1819,29801,94,6,7,plus,10,0.02,0.02,0.0183411631733179,0.0187116786837577,30603.0,8894317.0,166427.60181548446,111.60699305392436,3326.0,18.03076934814453,0.0031880333553999,0.013988914899528,0.0495886579155921,0.0488165244460105,0.0375402271747589,0.029685191810131,5.470731735229492,2.148503541946411,4.848639011383057,0.7454955577850342
1819,29801,95,6,1,plus,11,0.05,0.05,0.0181871354579925,0.0191196091473102,8372.0,23731352.0,453734.1747772396,85.80248984933391,2557.0,96.47991180419922,0.0048798769712448,0.024111283943057,0.0158774796873331,0.0440637469291687,0.0474523864686489,0.024348696693778,1.714741349220276,2.418577194213867,1.9084950685501096,0.6177399754524231
1819,29801,95,6,2,plus,11,0.05,0.05,0.0160542204976081,0.0168773382902145,19723.0,76503152.0,1291169.576571703,101.20465756182678,3016.0,71.22661590576172,0.0039985030889511,0.0333226099610328,0.0489875711500644,0.01973164267838,0.01786351762712,0.0135439438745379,8.574448585510254,3.511550188064575,4.462161540985107,0.4764463901519775
1819,29801,95,6,7,plus,11,0.05,0.05,0.0183411631733179,0.0192815344780683,31323.0,9029176.0,174096.3683525473,112.64722660313411,3357.0,18.03076934814453,0.0031880333553999,0.013988914899528,0.0495886579155921,0.0488165244460105,0.0375402271747589,0.029685191810131,5.470731735229492,2.148503541946411,4.848639011383057,0.7454955577850342
1819,29801,96,6,1,plus,12,0.1,0.1,0.0181871354579925,0.0200998932123184,8454.0,26507562.0,532799.1655189097,86.60783195194792,2581.0,96.47991180419922,0.0048798769712448,0.024111283943057,0.0158774796873331,0.0440637469291687,0.0474523864686489,0.024348696693778,1.714741349220276,2.418577194213867,1.9084950685501096,0.6177399754524231
1819,29801,96,6,2,plus,12,0.1,0.1,0.0160542204976081,0.017742658033967,20019.0,82717392.0,1467626.3997175992,101.80866413878728,3034.0,71.22661590576172,0.0039985030889511,0.0333226099610328,0.0489875711500644,0.01973164267838,0.01786351762712,0.0135439438745379,8.574448585510254,3.511550188064575,4.462161540985107,0.4764463901519775
1819,29801,96,6,7,plus,12,0.1,0.1,0.0183411631733179,0.0202701203525066,32257.0,10175529.0,206259.1974804215,114.45924633401565,3411.0,18.03076934814453,0.0031880333553999,0.013988914899528,0.0495886579155921,0.0488165244460105,0.0375402271747589,0.029685191810131,5.470731735229492,2.148503541946411,4.848639011383057,0.7454955577850342
1819,29801,97,6,1,center_duplicate,-1,0.0,0.0,0.0181871354579925,0.0181871354579925,8402.0,21051062.0,382858.5161285997,85.53404248179591,2549.0,96.47991180419922,0.0048798769712448,0.024111283943057,0.0158774796873331,0.0440637469291687,0.0474523864686489,0.024348696693778,1.714741349220276,2.418577194213867,1.9084950685501096,0.6177399754524231
1819,29801,97,6,2,center_duplicate,-1,0.0,0.0,0.0160542204976081,0.0160542204976081,19685.0,63187044.0,1014418.7369680704,100.93621019428878,3008.0,71.22661590576172,0.0039985030889511,0.0333226099610328,0.0489875711500644,0.01973164267838,0.01786351762712,0.0135439438745379,8.574448585510254,3.511550188064575,4.462161540985107,0.4764463901519775
1819,29801,97,6,7,center_duplicate,-1,0.0,0.0,0.0183411631733179,0.0183411631733179,30534.0,8753950.0,160557.6253610663,111.2378779235596,3315.0,18.03076934814453,0.0031880333553999,0.013988914899528,0.0495886579155921,0.0488165244460105,0.0375402271747589,0.029685191810131,5.470731735229492,2.148503541946411,4.848639011383057,0.7454955577850342
1819,29801,98,7,1,minus,0,-0.1,0.1,0.0056448862887918,0.0051077045500278,8644.0,5568736.0,28443.458205103874,92.31233851213048,2751.0,52.32191848754883,0.0019076890312135,0.0286573003977537,0.013177522458136,0.0204609222710132,0.0310771446675062,0.0496706366539001,6.481612205505371,0.2743898928165436,1.009099006652832,0.3861621022224426
1819,29801,98,7,2,minus,0,-0.1,0.1,0.0184797272086143,0.0167211480438709,1383.0,359.3574523925781,6.008869162124597,21.542901244924664,642.0,1.9274224042892456,0.0006420366116799,0.0207902882248163,0.027660297229886,0.0267481282353401,0.0303755011409521,0.0369464717805385,4.407487869262695,6.496186256408691,3.348017930984497,0.552773118019104
1819,29801,98,7,7,minus,0,-0.1,0.1,0.0064959600567817,0.0058777877129614,12007.0,5367713.5,31550.28045699722,73.65524646823931,2195.0,81.40618896484375,0.00259933876805,0.0167889948934316,0.0406710132956504,0.0367401391267776,0.0125564150512218,0.0494534410536289,7.482505321502685,6.37372636795044,0.6165230870246887,0.23225137591362
1819,29801,99,7,1,minus,1,-0.05,0.05,0.0056448862887918,0.0053695822134613,8860.0,6795107.0,36486.88568576705,93.52035166605148,2787.0,52.32191848754883,0.0019076890312135,0.0286573003977537,0.013177522458136,0.0204609222710132,0.0310771446675062,0.0496706366539001,6.481612205505371,0.2743898928165436,1.009099006652832,0.3861621022224426
1819,29801,99,7,2,minus,1,-0.05,0.05,0.0184797272086143,0.0175784602761268,1400.0,-50.43202590942383,-0.8865173640934074,22.851582161672425,681.0,1.9274224042892456,0.0006420366116799,0.0207902882248163,0.027660297229886,0.0267481282353401,0.0303755011409521,0.0369464717805385,4.407487869262695,6.496186256408691,3.348017930984497,0.552773118019104
1819,29801,99,7,7,minus,1,-0.05,0.05,0.0064959600567817,0.0061791483312845,12241.0,5276470.5,32604.093885147013,74.66192409650682,2225.0,81.40618896484375,0.00259933876805,0.0167889948934316,0.0406710132956504,0.0367401391267776,0.0125564150512218,0.0494534410536289,7.482505321502685,6.37372636795044,0.6165230870246887,0.23225137591362
1819,29801,100,7,1,minus,2,-0.02,0.02,0.0056448862887918,0.0055331098847091,9193.0,6829949.0,37790.85832395917,94.32569376866547,2811.0,52.32191848754883,0.0019076890312135,0.0286573003977537,0.013177522458136,0.0204609222710132,0.0310771446675062,0.0496706366539001,6.481612205505371,0.2743898928165436,1.009099006652832,0.3861621022224426
1819,29801,100,7,2,minus,2,-0.02,0.02,0.0184797272086143,0.0181138049811124,1432.0,439.79833984375,7.966421358946718,23.992483473708933,715.0,1.9274224042892456,0.0006420366116799,0.0207902882248163,0.027660297229886,0.0267481282353401,0.0303755011409521,0.0369464717805385,4.407487869262695,6.496186256408691,3.348017930984497,0.552773118019104
1819,29801,100,7,7,minus,2,-0.02,0.02,0.0064959600567817,0.0063673313707113,12582.0,6471060.0,41203.38333975524,75.36659843629408,2246.0,81.40618896484375,0.00259933876805,0.0167889948934316,0.0406710132956504,0.0367401391267776,0.0125564150512218,0.0494534410536289,7.482505321502685,6.37372636795044,0.6165230870246887,0.23225137591362
1819,29801,101,7,1,minus,3,-0.01,0.01,0.0056448862887918,0.0055887186899781,9268.0,7038478.0,39336.07354759984,94.52702929431898,2817.0,52.32191848754883,0.0019076890312135,0.0286573003977537,0.013177522458136,0.0204609222710132,0.0310771446675062,0.0496706366539001,6.481612205505371,0.2743898928165436,1.009099006652832,0.3861621022224426
1819,29801,101,7,2,minus,3,-0.01,0.01,0.0184797272086143,0.0182958506047725,1478.0,267.2021484375,4.888690589086764,24.395154525015936,727.0,1.9274224042892456,0.0006420366116799,0.0207902882248163,0.027660297229886,0.0267481282353401,0.0303755011409521,0.0369464717805385,4.407487869262695,6.496186256408691,3.348017930984497,0.552773118019104
1819,29801,101,7,7,minus,3,-0.01,0.01,0.0064959600567817,0.0064313244074583,12722.0,6576480.0,42295.4763391614,75.43371027817858,2248.0,81.40618896484375,0.00259933876805,0.0167889948934316,0.0406710132956504,0.0367401391267776,0.0125564150512218,0.0494534410536289,7.482505321502685,6.37372636795044,0.6165230870246887,0.23225137591362
1819,29801,102,7,1,minus,4,-0.005,0.005,0.0056448862887918,0.0056167324073612,9298.0,7360932.0,41344.3853127826,94.79547666185698,2825.0,52.32191848754883,0.0019076890312135,0.0286573003977537,0.013177522458136,0.0204609222710132,0.0310771446675062,0.0496706366539001,6.481612205505371,0.2743898928165436,1.009099006652832,0.3861621022224426
1819,29801,102,7,2,minus,4,-0.005,0.005,0.0184797272086143,0.0183875579386949,1494.0,268.0328674316406,4.928469879373836,24.663601892553935,735.0,1.9274224042892456,0.0006420366116799,0.0207902882248163,0.027660297229886,0.0267481282353401,0.0303755011409521,0.0369464717805385,4.407487869262695,6.496186256408691,3.348017930984497,0.552773118019104
1819,29801,102,7,7,minus,4,-0.005,0.005,0.0064959600567817,0.006463561207056,12726.0,6574202.0,42492.75701455027,75.63504580383209,2254.0,81.40618896484375,0.00259933876805,0.0167889948934316,0.0406710132956504,0.0367401391267776,0.0125564150512218,0.0494534410536289,7.482505321502685,6.37372636795044,0.6165230870246887,0.23225137591362
1819,29801,103,7,1,minus,5,-0.0025,0.0025,0.0056448862887918,0.0056307916529476,9279.0,7557298.5,42553.573312633904,94.89614442468373,2828.0,52.32191848754883,0.0019076890312135,0.0286573003977537,0.013177522458136,0.0204609222710132,0.0310771446675062,0.0496706366539001,6.481612205505371,0.2743898928165436,1.009099006652832,0.3861621022224426
1819,29801,103,7,2,minus,5,-0.0025,0.0025,0.0184797272086143,0.0184335857629776,1499.0,268.0323181152344,4.940796723226868,24.69715781349619,736.0,1.9274224042892456,0.0006420366116799,0.0207902882248163,0.027660297229886,0.0267481282353401,0.0303755011409521,0.0369464717805385,4.407487869262695,6.496186256408691,3.348017930984497,0.552773118019104
1819,29801,103,7,7,minus,5,-0.0025,0.0025,0.0064959600567817,0.0064797401428222,12765.0,6502630.0,42135.35264492035,75.73571356665883,2257.0,81.40618896484375,0.00259933876805,0.0167889948934316,0.0406710132956504,0.0367401391267776,0.0125564150512218,0.0494534410536289,7.482505321502685,6.37372636795044,0.6165230870246887,0.23225137591362
1819,29801,104,7,1,center,6,0.0,0.0,0.0056448862887918,0.0056448862887918,9255.0,7640557.0,43130.07544803293,94.96325626656822,2830.0,52.32191848754883,0.0019076890312135,0.0286573003977537,0.013177522458136,0.0204609222710132,0.0310771446675062,0.0496706366539001,6.481612205505371,0.2743898928165436,1.009099006652832,0.3861621022224426
1819,29801,104,7,2,center,6,0.0,0.0,0.0184797272086143,0.0184797272086143,1479.0,194.0419921875,3.5858430826410768,24.69715781349619,736.0,1.9274224042892456,0.0006420366116799,0.0207902882248163,0.027660297229886,0.0267481282353401,0.0303755011409521,0.0369464717805385,4.407487869262695,6.496186256408691,3.348017930984497,0.552773118019104
1819,29801,104,7,7,center,6,0.0,0.0,0.0064959600567817,0.0064959600567817,12776.0,6705567.0,43559.09539007396,75.70215764571658,2256.0,81.40618896484375,0.00259933876805,0.0167889948934316,0.0406710132956504,0.0367401391267776,0.0125564150512218,0.0494534410536289,7.482505321502685,6.37372636795044,0.6165230870246887,0.23225137591362
1819,29801,105,7,1,plus,7,0.0025,0.0025,0.0056448862887918,0.0056590163148939,9239.0,7606376.0,43044.60588121787,94.82903258279924,2826.0,52.32191848754883,0.0019076890312135,0.0286573003977537,0.013177522458136,0.0204609222710132,0.0310771446675062,0.0496706366539001,6.481612205505371,0.2743898928165436,1.009099006652832,0.3861621022224426
1819,29801,105,7,2,plus,7,0.0025,0.0025,0.0184797272086143,0.0185259841382503,1481.0,199.1715545654297,3.689849060669815,24.76426965538069,738.0,1.9274224042892456,0.0006420366116799,0.0207902882248163,0.027660297229886,0.0267481282353401,0.0303755011409521,0.0369464717805385,4.407487869262695,6.496186256408691,3.348017930984497,0.552773118019104
1819,29801,105,7,7,plus,7,0.0025,0.0025,0.0064959600567817,0.0065122204832732,12850.0,6748758.0,43949.40008425433,75.90349317137009,2262.0,81.40618896484375,0.00259933876805,0.0167889948934316,0.0406710132956504,0.0367401391267776,0.0125564150512218,0.0494534410536289,7.482505321502685,6.37372636795044,0.6165230870246887,0.23225137591362
1819,29801,106,7,1,plus,8,0.005,0.005,0.0056448862887918,0.0056731812655925,9182.0,7509121.0,42600.60457826778,94.79547666185698,2825.0,52.32191848754883,0.0019076890312135,0.0286573003977537,0.013177522458136,0.0204609222710132,0.0310771446675062,0.0496706366539001,6.481612205505371,0.2743898928165436,1.009099006652832,0.3861621022224426
1819,29801,106,7,2,plus,8,0.005,0.005,0.0184797272086143,0.0185723565518856,1503.0,187.577880859375,3.4837632845674307,24.83138149726519,740.0,1.9274224042892456,0.0006420366116799,0.0207902882248163,0.027660297229886,0.0267481282353401,0.0303755011409521,0.0369464717805385,4.407487869262695,6.496186256408691,3.348017930984497,0.552773118019104
1819,29801,106,7,7,plus,8,0.005,0.005,0.0064959600567817,0.0065285209566354,12896.0,6814590.0,44489.19362587854,76.03771685513908,2266.0,81.40618896484375,0.00259933876805,0.0167889948934316,0.0406710132956504,0.0367401391267776,0.0125564150512218,0.0494534410536289,7.482505321502685,6.37372636795044,0.6165230870246887,0.23225137591362
1819,29801,107,7,1,plus,9,0.01,0.01,0.0056448862887918,0.0057016182690858,9251.0,7684156.0,43812.12423210591,94.89614442468373,2828.0,52.32191848754883,0.0019076890312135,0.0286573003977537,0.013177522458136,0.0204609222710132,0.0310771446675062,0.0496706366539001,6.481612205505371,0.2743898928165436,1.009099006652832,0.3861621022224426
1819,29801,107,7,2,plus,9,0.01,0.01,0.0184797272086143,0.0186654515564441,1498.0,370.23150634765625,6.910538246401529,24.93204926009194,743.0,1.9274224042892456,0.0006420366116799,0.0207902882248163,0.027660297229886,0.0267481282353401,0.0303755011409521,0.0369464717805385,4.407487869262695,6.496186256408691,3.348017930984497,0.552773118019104
1819,29801,107,7,7,plus,9,0.01,0.01,0.0064959600567817,0.0065612457692623,12963.0,7020735.0,46064.76781586185,76.13838461796584,2269.0,81.40618896484375,0.00259933876805,0.0167889948934316,0.0406710132956504,0.0367401391267776,0.0125564150512218,0.0494534410536289,7.482505321502685,6.37372636795044,0.6165230870246887,0.23225137591362
1819,29801,108,7,1,plus,10,0.02,0.02,0.0056448862887918,0.0057589206844568,9271.0,8044314.0,46326.56628686562,95.50015100164424,2846.0,52.32191848754883,0.0019076890312135,0.0286573003977537,0.013177522458136,0.0204609222710132,0.0310771446675062,0.0496706366539001,6.481612205505371,0.2743898928165436,1.009099006652832,0.3861621022224426
1819,29801,108,7,2,plus,10,0.02,0.02,0.0184797272086143,0.0188530422747135,1548.0,428.8424377441406,8.084984607981482,25.334720311398943,755.0,1.9274224042892456,0.0006420366116799,0.0207902882248163,0.027660297229886,0.0267481282353401,0.0303755011409521,0.0369464717805385,4.407487869262695,6.496186256408691,3.348017930984497,0.552773118019104
1819,29801,108,7,7,plus,10,0.02,0.02,0.0064959600567817,0.0066271871328353,12901.0,7205820.0,47754.3175855279,76.00416093419683,2265.0,81.40618896484375,0.00259933876805,0.0167889948934316,0.0406710132956504,0.0367401391267776,0.0125564150512218,0.0494534410536289,7.482505321502685,6.37372636795044,0.6165230870246887,0.23225137591362
1819,29801,109,7,1,plus,11,0.05,0.05,0.0056448862887918,0.0059343054890632,9545.0,8605686.0,51068.76966695488,96.43971678802724,2874.0,52.32191848754883,0.0019076890312135,0.0286573003977537,0.013177522458136,0.0204609222710132,0.0310771446675062,0.0496706366539001,6.481612205505371,0.2743898928165436,1.009099006652832,0.3861621022224426
1819,29801,109,7,2,plus,11,0.05,0.05,0.0184797272086143,0.0194272026419639,1635.0,930.525146484375,18.07750058419515,26.2407301768397,782.0,1.9274224042892456,0.0006420366116799,0.0207902882248163,0.027660297229886,0.0267481282353401,0.0303755011409521,0.0369464717805385,4.407487869262695,6.496186256408691,3.348017930984497,0.552773118019104
1819,29801,109,7,7,plus,11,0.05,0.05,0.0064959600567817,0.0068290149793028,13244.0,7311202.5,49928.31138921669,76.50749974833059,2280.0,81.40618896484375,0.00259933876805,0.0167889948934316,0.0406710132956504,0.0367401391267776,0.0125564150512218,0.0494534410536289,7.482505321502685,6.37372636795044,0.6165230870246887,0.23225137591362
1819,29801,110,7,1,plus,12,0.1,0.1,0.0056448862887918,0.0062385643832385,9909.0,9221171.0,57526.86897235224,97.71484178383275,2912.0,52.32191848754883,0.0019076890312135,0.0286573003977537,0.013177522458136,0.0204609222710132,0.0310771446675062,0.0496706366539001,6.481612205505371,0.2743898928165436,1.009099006652832,0.3861621022224426
1819,29801,110,7,2,plus,12,0.1,0.1,0.0184797272086143,0.0204232577234506,1830.0,1529.0538330078125,31.228260504548643,28.086305828663463,837.0,1.9274224042892456,0.0006420366116799,0.0207902882248163,0.027660297229886,0.0267481282353401,0.0303755011409521,0.0369464717805385,4.407487869262695,6.496186256408691,3.348017930984497,0.552773118019104
1819,29801,110,7,7,plus,12,0.1,0.1,0.0064959600567817,0.0071791466325521,13442.0,7801696.0,56009.519566595554,77.2457300090601,2302.0,81.40618896484375,0.00259933876805,0.0167889948934316,0.0406710132956504,0.0367401391267776,0.0125564150512218,0.0494534410536289,7.482505321502685,6.37372636795044,0.6165230870246887,0.23225137591362
1819,29801,111,7,1,center_duplicate,-1,0.0,0.0,0.0056448862887918,0.0056448862887918,9255.0,7640557.0,43130.07544803293,94.96325626656822,2830.0,52.32191848754883,0.0019076890312135,0.0286573003977537,0.013177522458136,0.0204609222710132,0.0310771446675062,0.0496706366539001,6.481612205505371,0.2743898928165436,1.009099006652832,0.3861621022224426
1819,29801,111,7,2,center_duplicate,-1,0.0,0.0,0.0184797272086143,0.0184797272086143,1479.0,194.0419921875,3.5858430826410768,24.69715781349619,736.0,1.9274224042892456,0.0006420366116799,0.0207902882248163,0.027660297229886,0.0267481282353401,0.0303755011409521,0.0369464717805385,4.407487869262695,6.496186256408691,3.348017930984497,0.552773118019104
1819,29801,111,7,7,center_duplicate,-1,0.0,0.0,0.0064959600567817,0.0064959600567817,12776.0,6705567.0,43559.09539007396,75.70215764571658,2256.0,81.40618896484375,0.00259933876805,0.0167889948934316,0.0406710132956504,0.0367401391267776,0.0125564150512218,0.0494534410536289,7.482505321502685,6.37372636795044,0.6165230870246887,0.23225137591362
