seed,sim_len,row_index,init_id,cell,row_kind,offset_index,log_offset,epsilon,center_gain,gain,loss,analytic_gradient_gain,analytic_gradient_log_gain,firing_rate_hz,spike_count,center_Strf_alpha,center_output_ad,center_on_ron_gSYN,center_off_ron_gSYN,center_on_sonoff_gSYN,center_off_sonoff_gSYN,center_sonoff_ron_gSYN,center_abs_ref,center_rel_ref_a,center_rel_ref_b,center_rel_ref_c
1415,29801,0,0,1,minus,0,-0.1,0.1,0.010369358584284782,0.009382584132254124,5775.0,-13800.3037109375,-129.4825106185299,34.831045938055766,1038.0,6.626354694366455,0.0035706069320440292,0.017586013302206993,0.0440235361456871,0.036416418850421906,0.015820348635315895,0.03075505420565605,9.734742164611816,4.234930515289307,6.025596618652344,0.5770443677902222
1415,29801,0,0,2,minus,0,-0.1,0.1,0.0017865144181996584,0.0016165050910785794,8886.0,5759299.0,9309.936154543771,69.02452937820878,2057.0,59.34796905517578,0.003477817866951227,0.03811865672469139,0.019889790564775467,0.039781637489795685,0.045002952218055725,0.024391407147049904,3.5100626945495605,4.31492280960083,8.399785995483398,0.2598817050457001
1415,29801,0,0,7,minus,0,-0.1,0.1,0.015980957075953484,0.014460167847573757,42257.0,177259264.0,2563198.7099773884,133.31767390356026,3973.0,59.11423873901367,0.004803546704351902,0.04223012551665306,0.038019679486751556,0.04160550981760025,0.04478614404797554,0.020792031660676003,4.51259708404541,8.273573875427246,6.738358020782471,0.34646177291870117
1415,29801,1,0,1,minus,1,-0.05,0.05,0.010369358584284782,0.009863639250397682,5540.0,-17518.796875,-172.79909247599426,36.27395053857253,1081.0,6.626354694366455,0.0035706069320440292,0.017586013302206993,0.0440235361456871,0.036416418850421906,0.015820348635315895,0.03075505420565605,9.734742164611816,4.234930515289307,6.025596618652344,0.5770443677902222
1415,29801,1,0,2,minus,1,-0.05,0.05,0.0017865144181996584,0.0016993851168081164,9373.0,5809843.5,9873.161574884376,70.73588134626354,2108.0,59.34796905517578,0.003477817866951227,0.03811865672469139,0.019889790564775467,0.039781637489795685,0.045002952218055725,0.024391407147049904,3.5100626945495605,4.31492280960083,8.399785995483398,0.2598817050457001
1415,29801,1,0,7,minus,1,-0.05,0.05,0.015980957075953484,0.01520155742764473,43557.0,201041568.0,3056144.941295743,135.0625817925573,4025.0,59.11423873901367,0.004803546704351902,0.04223012551665306,0.038019679486751556,0.04160550981760025,0.04478614404797554,0.020792031660676003,4.51259708404541,8.273573875427246,6.738358020782471,0.34646177291870117
1415,29801,2,0,1,minus,2,-0.02,0.02,0.010369358584284782,0.010164031758904457,5430.0,-28346.033203125,-288.10998171552274,36.743733431764035,1095.0,6.626354694366455,0.0035706069320440292,0.017586013302206993,0.0440235361456871,0.036416418850421906,0.015820348635315895,0.03075505420565605,9.734742164611816,4.234930515289307,6.025596618652344,0.5770443677902222
1415,29801,2,0,2,minus,2,-0.02,0.02,0.0017865144181996584,0.001751139061525464,9870.0,6196895.5,10851.625770241371,71.9774504211268,2145.0,59.34796905517578,0.003477817866951227,0.03811865672469139,0.019889790564775467,0.039781637489795685,0.045002952218055725,0.024391407147049904,3.5100626945495605,4.31492280960083,8.399785995483398,0.2598817050457001
1415,29801,2,0,7,minus,2,-0.02,0.02,0.015980957075953484,0.015664512291550636,43965.0,213123040.0,3338468.479692638,135.39814100197978,4035.0,59.11423873901367,0.004803546704351902,0.04223012551665306,0.038019679486751556,0.04160550981760025,0.04478614404797554,0.020792031660676003,4.51259708404541,8.273573875427246,6.738358020782471,0.34646177291870117
1415,29801,3,0,1,minus,3,-0.01,0.01,0.010369358584284782,0.010266182012856007,5444.0,-25390.2421875,-260.66084764737025,37.01218079930204,1103.0,6.626354694366455,0.0035706069320440292,0.017586013302206993,0.0440235361456871,0.036416418850421906,0.015820348635315895,0.03075505420565605,9.734742164611816,4.234930515289307,6.025596618652344,0.5770443677902222
1415,29801,3,0,2,minus,3,-0.01,0.01,0.0017865144181996584,0.0017687382642179728,10021.0,6067401.0,10731.644313054392,72.34656555149155,2156.0,59.34796905517578,0.003477817866951227,0.03811865672469139,0.019889790564775467,0.039781637489795685,0.045002952218055725,0.024391407147049904,3.5100626945495605,4.31492280960083,8.399785995483398,0.2598817050457001
1415,29801,3,0,7,minus,3,-0.01,0.01,0.015980957075953484,0.015821943059563637,44232.0,218144160.0,3451464.4782963395,135.83436797422905,4048.0,59.11423873901367,0.004803546704351902,0.04223012551665306,0.038019679486751556,0.04160550981760025,0.04478614404797554,0.020792031660676003,4.51259708404541,8.273573875427246,6.738358020782471,0.34646177291870117
1415,29801,4,0,1,minus,4,-0.005,0.005,0.010369358584284782,0.01031764131039381,5440.0,-27586.48828125,-284.62749109931974,37.079292641186534,1105.0,6.626354694366455,0.0035706069320440292,0.017586013302206993,0.0440235361456871,0.036416418850421906,0.015820348635315895,0.03075505420565605,9.734742164611816,4.234930515289307,6.025596618652344,0.5770443677902222
1415,29801,4,0,2,minus,4,-0.005,0.005,0.0017865144181996584,0.0017776041058823466,10101.0,6190442.0,11004.155116426526,72.61501291902955,2164.0,59.34796905517578,0.003477817866951227,0.03811865672469139,0.019889790564775467,0.039781637489795685,0.045002952218055725,0.024391407147049904,3.5100626945495605,4.31492280960083,8.399785995483398,0.2598817050457001
1415,29801,4,0,7,minus,4,-0.005,0.005,0.015980957075953484,0.015901250764727592,44148.0,223079024.0,3547235.500974685,135.70014429046003,4044.0,59.11423873901367,0.004803546704351902,0.04223012551665306,0.038019679486751556,0.04160550981760025,0.04478614404797554,0.020792031660676003,4.51259708404541,8.273573875427246,6.738358020782471,0.34646177291870117
1415,29801,5,0,1,minus,5,-0.0025,0.0025,0.010369358584284782,0.010343467816710472,5447.0,-26863.158203125,-277.85821232922535,37.045736720244285,1104.0,6.626354694366455,0.0035706069320440292,0.017586013302206993,0.0440235361456871,0.036416418850421906,0.015820348635315895,0.03075505420565605,9.734742164611816,4.234930515289307,6.025596618652344,0.5770443677902222
1415,29801,5,0,2,minus,5,-0.0025,0.0025,0.0017865144181996584,0.001782053615897894,10123.0,6014188.0,10717.605472089723,72.68212476091406,2166.0,59.34796905517578,0.003477817866951227,0.03811865672469139,0.019889790564775467,0.039781637489795685,0.045002952218055725,0.024391407147049904,3.5100626945495605,4.31492280960083,8.399785995483398,0.2598817050457001
1415,29801,5,0,7,minus,5,-0.0025,0.0025,0.015980957075953484,0.01594105362892151,44127.0,227189392.0,3621638.281794071,135.6665883695178,4043.0,59.11423873901367,0.004803546704351902,0.04223012551665306,0.038019679486751556,0.04160550981760025,0.04478614404797554,0.020792031660676003,4.51259708404541,8.273573875427246,6.738358020782471,0.34646177291870117
1415,29801,6,0,1,center,6,0.0,0.0,0.010369358584284782,0.010369358584284782,5437.0,-25607.2890625,-265.5311626604962,36.97862487835978,1102.0,6.626354694366455,0.0035706069320440292,0.017586013302206993,0.0440235361456871,0.036416418850421906,0.015820348635315895,0.03075505420565605,9.734742164611816,4.234930515289307,6.025596618652344,0.5770443677902222
1415,29801,6,0,2,center,6,0.0,0.0,0.0017865144181996584,0.0017865144181996584,10187.0,5801506.0,10364.474116271827,72.68212476091406,2166.0,59.34796905517578,0.003477817866951227,0.03811865672469139,0.019889790564775467,0.039781637489795685,0.045002952218055725,0.024391407147049904,3.5100626945495605,4.31492280960083,8.399785995483398,0.2598817050457001
1415,29801,6,0,7,center,6,0.0,0.0,0.015980957075953484,0.015980957075953484,44037.0,225013120.0,3595925.0122463703,135.7337002114023,4045.0,59.11423873901367,0.004803546704351902,0.04223012551665306,0.038019679486751556,0.04160550981760025,0.04478614404797554,0.020792031660676003,4.51259708404541,8.273573875427246,6.738358020782471,0.34646177291870117
1415,29801,7,0,1,plus,7,0.0025,0.0025,0.010369358584284782,0.010395314544439316,5439.0,-25508.537109375,-265.16926682045596,36.97862487835978,1102.0,6.626354694366455,0.0035706069320440292,0.017586013302206993,0.0440235361456871,0.036416418850421906,0.015820348635315895,0.03075505420565605,9.734742164611816,4.234930515289307,6.025596618652344,0.5770443677902222
1415,29801,7,0,2,plus,7,0.0025,0.0025,0.0017865144181996584,0.0017909863963723183,10274.0,5825981.5,10434.253612016793,72.9170162075098,2173.0,59.34796905517578,0.003477817866951227,0.03811865672469139,0.019889790564775467,0.039781637489795685,0.045002952218055725,0.024391407147049904,3.5100626945495605,4.31492280960083,8.399785995483398,0.2598817050457001
1415,29801,7,0,7,plus,7,0.0025,0.0025,0.015980957075953484,0.016020959243178368,44103.0,227220496.0,3640290.3056307733,135.7337002114023,4045.0,59.11423873901367,0.004803546704351902,0.04223012551665306,0.038019679486751556,0.04160550981760025,0.04478614404797554,0.020792031660676003,4.51259708404541,8.273573875427246,6.738358020782471,0.34646177291870117
1415,29801,8,0,1,plus,8,0.005,0.005,0.010369358584284782,0.010421334765851498,5420.0,-26277.3515625,-273.8450773927834,37.079292641186534,1105.0,6.626354694366455,0.0035706069320440292,0.017586013302206993,0.0440235361456871,0.036416418850421906,0.015820348635315895,0.03075505420565605,9.734742164611816,4.234930515289307,6.025596618652344,0.5770443677902222
1415,29801,8,0,2,plus,8,0.005,0.005,0.0017865144181996584,0.0017954693175852299,10274.0,5780084.5,10377.964372799965,72.9170162075098,2173.0,59.34796905517578,0.003477817866951227,0.03811865672469139,0.019889790564775467,0.039781637489795685,0.045002952218055725,0.024391407147049904,3.5100626945495605,4.31492280960083,8.399785995483398,0.2598817050457001
1415,29801,8,0,7,plus,8,0.005,0.005,0.015980957075953484,0.01606106199324131,44128.0,232689024.0,3737232.839610815,135.83436797422905,4048.0,59.11423873901367,0.004803546704351902,0.04223012551665306,0.038019679486751556,0.04160550981760025,0.04478614404797554,0.020792031660676003,4.51259708404541,8.273573875427246,6.738358020782471,0.34646177291870117
1415,29801,9,0,1,plus,9,0.01,0.01,0.010369358584284782,0.01047357264906168,5375.0,-26287.728515625,-275.3264343872088,37.045736720244285,1104.0,6.626354694366455,0.0035706069320440292,0.017586013302206993,0.0440235361456871,0.036416418850421906,0.015820348635315895,0.03075505420565605,9.734742164611816,4.234930515289307,6.025596618652344,0.5770443677902222
1415,29801,9,0,2,plus,9,0.01,0.01,0.0017865144181996584,0.0018044691532850266,10241.0,5831715.5,10523.150730484165,72.88346028656755,2172.0,59.34796905517578,0.003477817866951227,0.03811865672469139,0.019889790564775467,0.039781637489795685,0.045002952218055725,0.024391407147049904,3.5100626945495605,4.31492280960083,8.399785995483398,0.2598817050457001
1415,29801,9,0,7,plus,9,0.01,0.01,0.015980957075953484,0.01614156924188137,44294.0,235295520.0,3798038.928384483,136.03570349988254,4054.0,59.11423873901367,0.004803546704351902,0.04223012551665306,0.038019679486751556,0.04160550981760025,0.04478614404797554,0.020792031660676003,4.51259708404541,8.273573875427246,6.738358020782471,0.34646177291870117
1415,29801,10,0,1,plus,10,0.02,0.02,0.010369358584284782,0.010578833520412445,5430.0,-25416.568359375,-268.8776453340106,37.213516324955535,1109.0,6.626354694366455,0.0035706069320440292,0.017586013302206993,0.0440235361456871,0.036416418850421906,0.015820348635315895,0.03075505420565605,9.734742164611816,4.234930515289307,6.025596618652344,0.5770443677902222
1415,29801,10,0,2,plus,10,0.02,0.02,0.0017865144181996584,0.0018226043321192265,10497.0,6098526.5,11115.200818443904,73.62169054729706,2194.0,59.34796905517578,0.003477817866951227,0.03811865672469139,0.019889790564775467,0.039781637489795685,0.045002952218055725,0.024391407147049904,3.5100626945495605,4.31492280960083,8.399785995483398,0.2598817050457001
1415,29801,10,0,7,plus,10,0.02,0.02,0.015980957075953484,0.01630379445850849,44553.0,242655584.0,3956206.765745342,136.4048186302473,4065.0,59.11423873901367,0.004803546704351902,0.04223012551665306,0.038019679486751556,0.04160550981760025,0.04478614404797554,0.020792031660676003,4.51259708404541,8.273573875427246,6.738358020782471,0.34646177291870117
1415,29801,11,0,1,plus,11,0.05,0.05,0.010369358584284782,0.010901006869971752,5367.0,-23281.177734375,-253.78827842345527,37.78396698097379,1126.0,6.626354694366455,0.0035706069320440292,0.017586013302206993,0.0440235361456871,0.036416418850421906,0.015820348635315895,0.03075505420565605,9.734742164611816,4.234930515289307,6.025596618652344,0.5770443677902222
1415,29801,11,0,2,plus,11,0.05,0.05,0.0017865144181996584,0.0018781109247356653,10700.0,6502022.0,12211.51855107164,74.32636488708432,2215.0,59.34796905517578,0.003477817866951227,0.03811865672469139,0.019889790564775467,0.039781637489795685,0.045002952218055725,0.024391407147049904,3.5100626945495605,4.31492280960083,8.399785995483398,0.2598817050457001
1415,29801,11,0,7,plus,11,0.05,0.05,0.015980957075953484,0.01680031791329384,44964.0,254686656.0,4278816.789073706,136.84104560249656,4078.0,59.11423873901367,0.004803546704351902,0.04223012551665306,0.038019679486751556,0.04160550981760025,0.04478614404797554,0.020792031660676003,4.51259708404541,8.273573875427246,6.738358020782471,0.34646177291870117
1415,29801,12,0,1,plus,12,0.1,0.1,0.010369358584284782,0.011459914036095142,5286.0,-6414.45068359375,-73.5090534227561,39.394651186201806,1174.0,6.626354694366455,0.0035706069320440292,0.017586013302206993,0.0440235361456871,0.036416418850421906,0.015820348635315895,0.03075505420565605,9.734742164611816,4.234930515289307,6.025596618652344,0.5770443677902222
1415,29801,12,0,2,plus,12,0.1,0.1,0.0017865144181996584,0.0019744038581848145,11351.0,7162039.0,14140.75743407011,76.50749974833059,2280.0,59.34796905517578,0.003477817866951227,0.03811865672469139,0.019889790564775467,0.039781637489795685,0.045002952218055725,0.024391407147049904,3.5100626945495605,4.31492280960083,8.399785995483398,0.2598817050457001
1415,29801,12,0,7,plus,12,0.1,0.1,0.015980957075953484,0.01766168884932995,45375.0,290627232.0,5132967.742726028,137.5457199422838,4099.0,59.11423873901367,0.004803546704351902,0.04223012551665306,0.038019679486751556,0.04160550981760025,0.04478614404797554,0.020792031660676003,4.51259708404541,8.273573875427246,6.738358020782471,0.34646177291870117
1415,29801,13,0,1,center_duplicate,-1,0.0,0.0,0.010369358584284782,0.010369358584284782,5437.0,-25607.2890625,-265.5311626604962,36.97862487835978,1102.0,6.626354694366455,0.0035706069320440292,0.017586013302206993,0.0440235361456871,0.036416418850421906,0.015820348635315895,0.03075505420565605,9.734742164611816,4.234930515289307,6.025596618652344,0.5770443677902222
1415,29801,13,0,2,center_duplicate,-1,0.0,0.0,0.0017865144181996584,0.0017865144181996584,10187.0,5801506.0,10364.474116271827,72.68212476091406,2166.0,59.34796905517578,0.003477817866951227,0.03811865672469139,0.019889790564775467,0.039781637489795685,0.045002952218055725,0.024391407147049904,3.5100626945495605,4.31492280960083,8.399785995483398,0.2598817050457001
1415,29801,13,0,7,center_duplicate,-1,0.0,0.0,0.015980957075953484,0.015980957075953484,44037.0,225013120.0,3595925.0122463703,135.7337002114023,4045.0,59.11423873901367,0.004803546704351902,0.04223012551665306,0.038019679486751556,0.04160550981760025,0.04478614404797554,0.020792031660676003,4.51259708404541,8.273573875427246,6.738358020782471,0.34646177291870117
1415,29801,14,1,1,minus,0,-0.1,0.1,0.00654630409553647,0.005923341028392315,40704.0,41659656.0,246764.34961351007,156.06858830240594,4651.0,82.565185546875,0.0040601445361971855,0.0467863455414772,0.03732769191265106,0.025265473872423172,0.03627234324812889,0.04088784381747246,1.3129640817642212,5.302206039428711,8.969371795654297,0.42847421765327454
1415,29801,14,1,2,minus,0,-0.1,0.1,0.005940642673522234,0.005375315900892019,3970.0,835339.3125,4490.2126891214575,48.95808865474313,1459.0,22.052663803100586,0.004763214383274317,0.012258819304406643,0.038533229380846024,0.03268948569893837,0.03575180843472481,0.025060711428523064,9.433023452758789,8.444083213806152,6.955045700073242,0.8759985566139221
1415,29801,14,1,7,minus,0,-0.1,0.1,0.005434128455817699,0.004917002748697996,15827.0,6312984.0,31040.95968048647,85.6682661655649,2553.0,74.29742431640625,0.0021332968026399612,0.03313383460044861,0.024333057925105095,0.031500790268182755,0.029038436710834503,0.030220912769436836,8.710350036621094,3.6867733001708984,8.966926574707031,0.9366800785064697
1415,29801,15,1,1,minus,1,-0.05,0.05,0.00654630409553647,0.006227037403732538,41511.0,46131084.0,287259.98554272763,158.28327908459445,4717.0,82.565185546875,0.0040601445361971855,0.0467863455414772,0.03732769191265106,0.025265473872423172,0.03627234324812889,0.04088784381747246,1.3129640817642212,5.302206039428711,8.969371795654297,0.42847421765327454
1415,29801,15,1,2,minus,1,-0.05,0.05,0.005940642673522234,0.005650914274156094,4181.0,806295.5,4556.306750137825,49.79698667829938,1484.0,22.052663803100586,0.004763214383274317,0.012258819304406643,0.038533229380846024,0.03268948569893837,0.03575180843472481,0.025060711428523064,9.433023452758789,8.444083213806152,6.955045700073242,0.8759985566139221
1415,29801,15,1,7,minus,1,-0.05,0.05,0.005434128455817699,0.005169102922081947,16250.0,6825583.0,35282.141030212864,86.70849971477466,2584.0,74.29742431640625,0.0021332968026399612,0.03313383460044861,0.024333057925105095,0.031500790268182755,0.029038436710834503,0.030220912769436836,8.710350036621094,3.6867733001708984,8.966926574707031,0.9366800785064697
1415,29801,16,1,1,minus,2,-0.02,0.02,0.00654630409553647,0.006416678428649902,42279.0,49755800.0,319266.9685602188,159.52484815945772,4754.0,82.565185546875,0.0040601445361971855,0.0467863455414772,0.03732769191265106,0.025265473872423172,0.03627234324812889,0.04088784381747246,1.3129640817642212,5.302206039428711,8.969371795654297,0.42847421765327454
1415,29801,16,1,2,minus,2,-0.02,0.02,0.005940642673522234,0.005823010113090277,4380.0,880680.625,5128.212185777666,50.70299654374014,1511.0,22.052663803100586,0.004763214383274317,0.012258819304406643,0.038533229380846024,0.03268948569893837,0.03575180843472481,0.025060711428523064,9.433023452758789,8.444083213806152,6.955045700073242,0.8759985566139221
1415,29801,16,1,7,minus,2,-0.02,0.02,0.005434128455817699,0.005326525773853064,16323.0,6888170.5,36690.017702944344,86.80916747760142,2587.0,74.29742431640625,0.0021332968026399612,0.03313383460044861,0.024333057925105095,0.031500790268182755,0.029038436710834503,0.030220912769436836,8.710350036621094,3.6867733001708984,8.966926574707031,0.9366800785064697
1415,29801,17,1,1,minus,3,-0.01,0.01,0.00654630409553647,0.006481167394667864,42822.0,49818132.0,322879.65278165974,160.36374618301397,4779.0,82.565185546875,0.0040601445361971855,0.0467863455414772,0.03732769191265106,0.025265473872423172,0.03627234324812889,0.04088784381747246,1.3129640817642212,5.302206039428711,8.969371795654297,0.42847421765327454
1415,29801,17,1,2,minus,3,-0.01,0.01,0.005940642673522234,0.005881532095372677,4366.0,877066.375,5158.494034334668,50.50166101808664,1505.0,22.052663803100586,0.004763214383274317,0.012258819304406643,0.038533229380846024,0.03268948569893837,0.03575180843472481,0.025060711428523064,9.433023452758789,8.444083213806152,6.955045700073242,0.8759985566139221
1415,29801,17,1,7,minus,3,-0.01,0.01,0.005434128455817699,0.005380058195441961,16362.0,7280621.0,39170.16467895685,87.04405892419717,2594.0,74.29742431640625,0.0021332968026399612,0.03313383460044861,0.024333057925105095,0.031500790268182755,0.029038436710834503,0.030220912769436836,8.710350036621094,3.6867733001708984,8.966926574707031,0.9366800785064697
1415,29801,18,1,1,minus,4,-0.005,0.005,0.00654630409553647,0.006513654254376888,43181.0,48961400.0,318917.6314102486,160.79997315526325,4792.0,82.565185546875,0.0040601445361971855,0.0467863455414772,0.03732769191265106,0.025265473872423172,0.03627234324812889,0.04088784381747246,1.3129640817642212,5.302206039428711,8.969371795654297,0.42847421765327454
1415,29801,18,1,2,minus,4,-0.005,0.005,0.005940642673522234,0.005911013577133417,4402.0,850841.9375,5029.338244557002,50.70299654374014,1511.0,22.052663803100586,0.004763214383274317,0.012258819304406643,0.038533229380846024,0.03268948569893837,0.03575180843472481,0.025060711428523064,9.433023452758789,8.444083213806152,6.955045700073242,0.8759985566139221
1415,29801,18,1,7,minus,4,-0.005,0.005,0.005434128455817699,0.005407025571912527,16437.0,7482845.5,40459.93696917058,87.14472668702392,2597.0,74.29742431640625,0.0021332968026399612,0.03313383460044861,0.024333057925105095,0.031500790268182755,0.029038436710834503,0.030220912769436836,8.710350036621094,3.6867733001708984,8.966926574707031,0.9366800785064697
1415,29801,19,1,1,minus,5,-0.0025,0.0025,0.00654630409553647,0.006529958453029394,43082.0,49676216.0,324383.62658371404,160.6993053924365,4789.0,82.565185546875,0.0040601445361971855,0.0467863455414772,0.03732769191265106,0.025265473872423172,0.03627234324812889,0.04088784381747246,1.3129640817642212,5.302206039428711,8.969371795654297,0.42847421765327454
1415,29801,19,1,2,minus,5,-0.0025,0.0025,0.005940642673522234,0.005925809498876333,4401.0,842638.125,4993.313005240343,50.73655246468239,1512.0,22.052663803100586,0.004763214383274317,0.012258819304406643,0.038533229380846024,0.03268948569893837,0.03575180843472481,0.025060711428523064,9.433023452758789,8.444083213806152,6.955045700073242,0.8759985566139221
1415,29801,19,1,7,minus,5,-0.0025,0.0025,0.005434128455817699,0.0054205600172281265,16563.0,7265215.0,39381.53394556604,87.34606221267742,2603.0,74.29742431640625,0.0021332968026399612,0.03313383460044861,0.024333057925105095,0.031500790268182755,0.029038436710834503,0.030220912769436836,8.710350036621094,3.6867733001708984,8.966926574707031,0.9366800785064697
1415,29801,20,1,1,center,6,0.0,0.0,0.00654630409553647,0.00654630409553647,43254.0,50371432.0,329746.7115996368,160.90064091808998,4795.0,82.565185546875,0.0040601445361971855,0.0467863455414772,0.03732769191265106,0.025265473872423172,0.03627234324812889,0.04088784381747246,1.3129640817642212,5.302206039428711,8.969371795654297,0.42847421765327454
1415,29801,20,1,2,center,6,0.0,0.0,0.005940642673522234,0.005940642673522234,4450.0,837290.375,4974.042931854434,50.90433206939364,1517.0,22.052663803100586,0.004763214383274317,0.012258819304406643,0.038533229380846024,0.03268948569893837,0.03575180843472481,0.025060711428523064,9.433023452758789,8.444083213806152,6.955045700073242,0.8759985566139221
1415,29801,20,1,7,center,6,0.0,0.0,0.005434128455817699,0.005434128455817699,16631.0,7039601.0,38254.09611170273,87.48028589644642,2607.0,74.29742431640625,0.0021332968026399612,0.03313383460044861,0.024333057925105095,0.031500790268182755,0.029038436710834503,0.030220912769436836,8.710350036621094,3.6867733001708984,8.966926574707031,0.9366800785064697
1415,29801,21,1,1,plus,7,0.0025,0.0025,0.00654630409553647,0.00656269071623683,43360.0,50129112.0,328981.85793559626,161.1019764437435,4801.0,82.565185546875,0.0040601445361971855,0.0467863455414772,0.03732769191265106,0.025265473872423172,0.03627234324812889,0.04088784381747246,1.3129640817642212,5.302206039428711,8.969371795654297,0.42847421765327454
1415,29801,21,1,2,plus,7,0.0025,0.0025,0.005940642673522234,0.005955513101071119,4433.0,849792.125,5060.948133624566,51.00499983222039,1520.0,22.052663803100586,0.004763214383274317,0.012258819304406643,0.038533229380846024,0.03268948569893837,0.03575180843472481,0.025060711428523064,9.433023452758789,8.444083213806152,6.955045700073242,0.8759985566139221
1415,29801,21,1,7,plus,7,0.0025,0.0025,0.005434128455817699,0.005447730887681246,16683.0,7348384.5,40032.02121520811,87.61450958021543,2611.0,74.29742431640625,0.0021332968026399612,0.03313383460044861,0.024333057925105095,0.031500790268182755,0.029038436710834503,0.030220912769436836,8.710350036621094,3.6867733001708984,8.966926574707031,0.9366800785064697
1415,29801,22,1,1,plus,8,0.005,0.005,0.00654630409553647,0.006579117383807898,43565.0,50354452.0,331287.85050532036,161.303311969397,4807.0,82.565185546875,0.0040601445361971855,0.0467863455414772,0.03732769191265106,0.025265473872423172,0.03627234324812889,0.04088784381747246,1.3129640817642212,5.302206039428711,8.969371795654297,0.42847421765327454
1415,29801,22,1,2,plus,8,0.005,0.005,0.005940642673522234,0.005970420315861702,4447.0,852590.125,5090.321403403068,51.13922351598939,1524.0,22.052663803100586,0.004763214383274317,0.012258819304406643,0.038533229380846024,0.03268948569893837,0.03575180843472481,0.025060711428523064,9.433023452758789,8.444083213806152,6.955045700073242,0.8759985566139221
1415,29801,22,1,7,plus,8,0.005,0.005,0.005434128455817699,0.005461367312818766,16669.0,7411233.5,40475.468384567415,87.61450958021543,2611.0,74.29742431640625,0.0021332968026399612,0.03313383460044861,0.024333057925105095,0.031500790268182755,0.029038436710834503,0.030220912769436836,8.710350036621094,3.6867733001708984,8.966926574707031,0.9366800785064697
1415,29801,23,1,1,plus,9,0.01,0.01,0.00654630409553647,0.006612095516175032,43462.0,51369472.0,339659.85547947884,161.169088285628,4803.0,82.565185546875,0.0040601445361971855,0.0467863455414772,0.03732769191265106,0.025265473872423172,0.03627234324812889,0.04088784381747246,1.3129640817642212,5.302206039428711,8.969371795654297,0.42847421765327454
1415,29801,23,1,2,plus,9,0.01,0.01,0.005940642673522234,0.0060003469698131084,4417.0,878981.0625,5274.1913548949815,51.13922351598939,1524.0,22.052663803100586,0.004763214383274317,0.012258819304406643,0.038533229380846024,0.03268948569893837,0.03575180843472481,0.025060711428523064,9.433023452758789,8.444083213806152,6.955045700073242,0.8759985566139221
1415,29801,23,1,7,plus,9,0.01,0.01,0.005434128455817699,0.005488742608577013,16738.0,7477196.5,41040.40702225291,87.84940102681118,2618.0,74.29742431640625,0.0021332968026399612,0.03313383460044861,0.024333057925105095,0.031500790268182755,0.029038436710834503,0.030220912769436836,8.710350036621094,3.6867733001708984,8.966926574707031,0.9366800785064697
1415,29801,24,1,1,plus,10,0.02,0.02,0.00654630409553647,0.00667854817584157,43340.0,54989664.0,367251.12019734085,161.2362001275125,4805.0,82.565185546875,0.0040601445361971855,0.0467863455414772,0.03732769191265106,0.025265473872423172,0.03627234324812889,0.04088784381747246,1.3129640817642212,5.302206039428711,8.969371795654297,0.42847421765327454
1415,29801,24,1,2,plus,10,0.02,0.02,0.005940642673522234,0.006060651503503323,4485.0,894301.0,5420.046700234525,51.4747827254119,1534.0,22.052663803100586,0.004763214383274317,0.012258819304406643,0.038533229380846024,0.03268948569893837,0.03575180843472481,0.025060711428523064,9.433023452758789,8.444083213806152,6.955045700073242,0.8759985566139221
1415,29801,24,1,7,plus,10,0.02,0.02,0.005434128455817699,0.005543904844671488,16768.0,7701802.5,42698.06019245298,87.84940102681118,2618.0,74.29742431640625,0.0021332968026399612,0.03313383460044861,0.024333057925105095,0.031500790268182755,0.029038436710834503,0.030220912769436836,8.710350036621094,3.6867733001708984,8.966926574707031,0.9366800785064697
1415,29801,25,1,1,plus,11,0.05,0.05,0.00654630409553647,0.0068819401785731316,44262.0,57336900.0,394589.1158248298,162.4442132814335,4841.0,82.565185546875,0.0040601445361971855,0.0467863455414772,0.03732769191265106,0.025265473872423172,0.03627234324812889,0.04088784381747246,1.3129640817642212,5.302206039428711,8.969371795654297,0.42847421765327454
1415,29801,25,1,2,plus,11,0.05,0.05,0.005940642673522234,0.006245225667953491,4653.0,989522.8125,6179.79326765053,52.414348511794906,1562.0,22.052663803100586,0.004763214383274317,0.012258819304406643,0.038533229380846024,0.03268948569893837,0.03575180843472481,0.025060711428523064,9.433023452758789,8.444083213806152,6.955045700073242,0.8759985566139221
1415,29801,25,1,7,plus,11,0.05,0.05,0.005434128455817699,0.005712741985917091,16894.0,8414702.0,48071.02141438052,88.65474312942519,2642.0,74.29742431640625,0.0021332968026399612,0.03313383460044861,0.024333057925105095,0.031500790268182755,0.029038436710834503,0.030220912769436836,8.710350036621094,3.6867733001708984,8.966926574707031,0.9366800785064697
1415,29801,26,1,1,plus,12,0.1,0.1,0.00654630409553647,0.0072347852401435375,45507.0,61277532.0,443329.7840660233,164.22267709137276,4894.0,82.565185546875,0.0040601445361971855,0.0467863455414772,0.03732769191265106,0.025265473872423172,0.03627234324812889,0.04088784381747246,1.3129640817642212,5.302206039428711,8.969371795654297,0.42847421765327454
1415,29801,26,1,2,plus,12,0.1,0.1,0.005940642673522234,0.006565426010638475,4920.0,927633.5,6090.309109239606,53.25324653535116,1587.0,22.052663803100586,0.004763214383274317,0.012258819304406643,0.038533229380846024,0.03268948569893837,0.03575180843472481,0.025060711428523064,9.433023452758789,8.444083213806152,6.955045700073242,0.8759985566139221
1415,29801,26,1,7,plus,12,0.1,0.1,0.005434128455817699,0.00600564107298851,17503.0,9054137.0,54375.89704766497,89.96342404617295,2681.0,74.29742431640625,0.0021332968026399612,0.03313383460044861,0.024333057925105095,0.031500790268182755,0.029038436710834503,0.030220912769436836,8.710350036621094,3.6867733001708984,8.966926574707031,0.9366800785064697
1415,29801,27,1,1,center_duplicate,-1,0.0,0.0,0.00654630409553647,0.00654630409553647,43254.0,50371432.0,329746.7115996368,160.90064091808998,4795.0,82.565185546875,0.0040601445361971855,0.0467863455414772,0.03732769191265106,0.025265473872423172,0.03627234324812889,0.04088784381747246,1.3129640817642212,5.302206039428711,8.969371795654297,0.42847421765327454
1415,29801,27,1,2,center_duplicate,-1,0.0,0.0,0.005940642673522234,0.005940642673522234,4450.0,837290.375,4974.042931854434,50.90433206939364,1517.0,22.052663803100586,0.004763214383274317,0.012258819304406643,0.038533229380846024,0.03268948569893837,0.03575180843472481,0.025060711428523064,9.433023452758789,8.444083213806152,6.955045700073242,0.8759985566139221
1415,29801,27,1,7,center_duplicate,-1,0.0,0.0,0.005434128455817699,0.005434128455817699,16631.0,7039601.0,38254.09611170273,87.48028589644642,2607.0,74.29742431640625,0.0021332968026399612,0.03313383460044861,0.024333057925105095,0.031500790268182755,0.029038436710834503,0.030220912769436836,8.710350036621094,3.6867733001708984,8.966926574707031,0.9366800785064697
1415,29801,28,2,1,minus,0,-0.1,0.1,0.01662660576403141,0.015044375322759151,81502.0,169142816.0,2544648.007052392,216.40213415657192,6449.0,48.48685836791992,0.0011892077745869756,0.04431956261396408,0.030409296974539757,0.045158885419368744,0.02953779138624668,0.03650172799825668,3.901416301727295,9.861052513122559,3.3765461444854736,0.8627018332481384
1415,29801,28,2,2,minus,0,-0.1,0.1,0.01005376223474741,0.009097020141780376,230387.0,185570720.0,1688140.5775646865,297.1041240226838,8854.0,75.7269058227539,0.0007651544292457402,0.04488987848162651,0.021788086742162704,0.04174017533659935,0.025246916338801384,0.03339438885450363,2.15057635307312,6.021400451660156,0.422410249710083,0.3041475713253021
1415,29801,28,2,7,minus,0,-0.1,0.1,0.002189736580476165,0.0019813557155430317,12500.0,2767242.25,5482.891248329659,76.30616422267708,2274.0,47.99076843261719,0.00030573076219297945,0.025789793580770493,0.03251266852021217,0.021878911182284355,0.045277129858732224,0.017795966938138008,8.833017349243164,8.9212064743042,2.1577820777893066,0.5844389796257019
1415,29801,29,2,1,minus,1,-0.05,0.05,0.01662660576403141,0.015815716236829758,82888.0,179431280.0,2837834.2084911466,217.7443709942619,6489.0,48.48685836791992,0.0011892077745869756,0.04431956261396408,0.030409296974539757,0.045158885419368744,0.02953779138624668,0.03650172799825668,3.901416301727295,9.861052513122559,3.3765461444854736,0.8627018332481384
1415,29801,29,2,2,minus,1,-0.05,0.05,0.01005376223474741,0.00956343486905098,237611.0,191789632.0,1834167.6541912556,301.49994966611854,8985.0,75.7269058227539,0.0007651544292457402,0.04488987848162651,0.021788086742162704,0.04174017533659935,0.025246916338801384,0.03339438885450363,2.15057635307312,6.021400451660156,0.422410249710083,0.3041475713253021
1415,29801,29,2,7,minus,1,-0.05,0.05,0.002189736580476165,0.002082941820845008,13253.0,2615792.0,5448.542551431805,78.48729908392335,2339.0,47.99076843261719,0.00030573076219297945,0.025789793580770493,0.03251266852021217,0.021878911182284355,0.045277129858732224,0.017795966938138008,8.833017349243164,8.9212064743042,2.1577820777893066,0.5844389796257019
1415,29801,30,2,1,minus,2,-0.02,0.02,0.01662660576403141,0.01629737764596939,83562.0,187846880.0,3061411.5429770947,218.48260125499144,6511.0,48.48685836791992,0.0011892077745869756,0.04431956261396408,0.030409296974539757,0.045158885419368744,0.02953779138624668,0.03650172799825668,3.901416301727295,9.861052513122559,3.3765461444854736,0.8627018332481384
1415,29801,30,2,2,minus,2,-0.02,0.02,0.01005376223474741,0.009854684583842754,241428.0,209638448.0,2065920.781686321,303.8488641320761,9055.0,75.7269058227539,0.0007651544292457402,0.04488987848162651,0.021788086742162704,0.04174017533659935,0.025246916338801384,0.03339438885450363,2.15057635307312,6.021400451660156,0.422410249710083,0.3041475713253021
1415,29801,30,2,7,minus,2,-0.02,0.02,0.002189736580476165,0.002146376995369792,13526.0,2892742.5,6208.9159555285005,78.78930237240361,2348.0,47.99076843261719,0.00030573076219297945,0.025789793580770493,0.03251266852021217,0.021878911182284355,0.045277129858732224,0.017795966938138008,8.833017349243164,8.9212064743042,2.1577820777893066,0.5844389796257019
1415,29801,31,2,1,minus,3,-0.01,0.01,0.01662660576403141,0.016461167484521866,83974.0,196842416.0,3240255.9778339267,218.75104862252942,6519.0,48.48685836791992,0.0011892077745869756,0.04431956261396408,0.030409296974539757,0.045158885419368744,0.02953779138624668,0.03650172799825668,3.901416301727295,9.861052513122559,3.3765461444854736,0.8627018332481384
1415,29801,31,2,2,minus,3,-0.01,0.01,0.01005376223474741,0.009953726083040237,242326.0,214542240.0,2135494.6902018785,304.5199825509211,9075.0,75.7269058227539,0.0007651544292457402,0.04488987848162651,0.021788086742162704,0.04174017533659935,0.025246916338801384,0.03339438885450363,2.15057635307312,6.021400451660156,0.422410249710083,0.3041475713253021
1415,29801,31,2,7,minus,3,-0.01,0.01,0.002189736580476165,0.0021679482888430357,13512.0,2891234.75,6268.047428906022,78.9235260561726,2352.0,47.99076843261719,0.00030573076219297945,0.025789793580770493,0.03251266852021217,0.021878911182284355,0.045277129858732224,0.017795966938138008,8.833017349243164,8.9212064743042,2.1577820777893066,0.5844389796257019
1415,29801,32,2,1,minus,4,-0.005,0.005,0.01662660576403141,0.016543680801987648,84051.0,200509664.0,3317167.878929794,218.95238414818294,6525.0,48.48685836791992,0.0011892077745869756,0.04431956261396408,0.030409296974539757,0.045158885419368744,0.02953779138624668,0.03650172799825668,3.901416301727295,9.861052513122559,3.3765461444854736,0.8627018332481384
1415,29801,32,2,2,minus,4,-0.005,0.005,0.01005376223474741,0.010003618896007538,243013.0,215652352.0,2157303.943435669,304.95620952317034,9088.0,75.7269058227539,0.0007651544292457402,0.04488987848162651,0.021788086742162704,0.04174017533659935,0.025246916338801384,0.03339438885450363,2.15057635307312,6.021400451660156,0.422410249710083,0.3041475713253021
1415,29801,32,2,7,minus,4,-0.005,0.005,0.002189736580476165,0.0021788151934742928,13520.0,2890237.75,6297.293922452955,78.85641421428811,2350.0,47.99076843261719,0.00030573076219297945,0.025789793580770493,0.03251266852021217,0.021878911182284355,0.045277129858732224,0.017795966938138008,8.833017349243164,8.9212064743042,2.1577820777893066,0.5844389796257019
1415,29801,33,2,1,minus,5,-0.0025,0.0025,0.01662660576403141,0.01658509112894535,84352.0,202562352.0,3359515.0672135055,219.12016375289417,6530.0,48.48685836791992,0.0011892077745869756,0.04431956261396408,0.030409296974539757,0.045158885419368744,0.02953779138624668,0.03650172799825668,3.901416301727295,9.861052513122559,3.3765461444854736,0.8627018332481384
1415,29801,33,2,2,minus,5,-0.0025,0.0025,0.01005376223474741,0.010028659366071224,243471.0,216395088.0,2170152.626043007,305.22465689070833,9096.0,75.7269058227539,0.0007651544292457402,0.04488987848162651,0.021788086742162704,0.04174017533659935,0.025246916338801384,0.03339438885450363,2.15057635307312,6.021400451660156,0.422410249710083,0.3041475713253021
1415,29801,33,2,7,minus,5,-0.0025,0.0025,0.002189736580476165,0.002184269018471241,13611.0,3063657.5,6691.852160457056,79.15841750276836,2359.0,47.99076843261719,0.00030573076219297945,0.025789793580770493,0.03251266852021217,0.021878911182284355,0.045277129858732224,0.017795966938138008,8.833017349243164,8.9212064743042,2.1577820777893066,0.5844389796257019
1415,29801,34,2,1,center,6,0.0,0.0,0.01662660576403141,0.01662660576403141,84326.0,202258960.0,3362879.9901629984,219.12016375289417,6530.0,48.48685836791992,0.0011892077745869756,0.04431956261396408,0.030409296974539757,0.045158885419368744,0.02953779138624668,0.03650172799825668,3.901416301727295,9.861052513122559,3.3765461444854736,0.8627018332481384
1415,29801,34,2,2,center,6,0.0,0.0,0.01005376223474741,0.01005376223474741,243958.0,217486368.0,2186556.2331707776,305.4595483373041,9103.0,75.7269058227539,0.0007651544292457402,0.04488987848162651,0.021788086742162704,0.04174017533659935,0.025246916338801384,0.03339438885450363,2.15057635307312,6.021400451660156,0.422410249710083,0.3041475713253021
1415,29801,34,2,7,center,6,0.0,0.0,0.002189736580476165,0.002189736580476165,13683.0,3157707.75,6914.548170628084,79.35975302842186,2365.0,47.99076843261719,0.00030573076219297945,0.025789793580770493,0.03251266852021217,0.021878911182284355,0.045277129858732224,0.017795966938138008,8.833017349243164,8.9212064743042,2.1577820777893066,0.5844389796257019
1415,29801,35,2,1,plus,7,0.0025,0.0025,0.01662660576403141,0.016668224707245827,84329.0,203732448.0,3395858.2234212756,219.12016375289417,6530.0,48.48685836791992,0.0011892077745869756,0.04431956261396408,0.030409296974539757,0.045158885419368744,0.02953779138624668,0.03650172799825668,3.901416301727295,9.861052513122559,3.3765461444854736,0.8627018332481384
1415,29801,35,2,2,plus,7,0.0025,0.0025,0.01005376223474741,0.01007892843335867,243837.0,219161440.0,2208912.46911183,305.42599241636185,9102.0,75.7269058227539,0.0007651544292457402,0.04488987848162651,0.021788086742162704,0.04174017533659935,0.025246916338801384,0.03339438885450363,2.15057635307312,6.021400451660156,0.422410249710083,0.3041475713253021
1415,29801,35,2,7,plus,7,0.0025,0.0025,0.002189736580476165,0.002195217879489064,13687.0,3252105.75,7139.080688389193,79.35975302842186,2365.0,47.99076843261719,0.00030573076219297945,0.025789793580770493,0.03251266852021217,0.021878911182284355,0.045277129858732224,0.017795966938138008,8.833017349243164,8.9212064743042,2.1577820777893066,0.5844389796257019
1415,29801,36,2,1,plus,8,0.005,0.005,0.01662660576403141,0.01670994609594345,84275.0,203339568.0,3397793.220452428,219.05305191100967,6528.0,48.48685836791992,0.0011892077745869756,0.04431956261396408,0.030409296974539757,0.045158885419368744,0.02953779138624668,0.03650172799825668,3.901416301727295,9.861052513122559,3.3765461444854736,0.8627018332481384
1415,29801,36,2,2,plus,8,0.005,0.005,0.01005376223474741,0.010104157030582428,244274.0,220180992.0,2224743.3183174133,305.7279957048421,9111.0,75.7269058227539,0.0007651544292457402,0.04488987848162651,0.021788086742162704,0.04174017533659935,0.025246916338801384,0.03339438885450363,2.15057635307312,6.021400451660156,0.422410249710083,0.3041475713253021
1415,29801,36,2,7,plus,8,0.005,0.005,0.002189736580476165,0.0022007126826792955,13735.0,3225610.75,7098.6424869116745,79.42686487030636,2367.0,47.99076843261719,0.00030573076219297945,0.025789793580770493,0.03251266852021217,0.021878911182284355,0.045277129858732224,0.017795966938138008,8.833017349243164,8.9212064743042,2.1577820777893066,0.5844389796257019
1415,29801,37,2,1,plus,9,0.01,0.01,0.01662660576403141,0.01679370552301407,84567.0,209461408.0,3517633.204387903,219.3214992785477,6536.0,48.48685836791992,0.0011892077745869756,0.04431956261396408,0.030409296974539757,0.045158885419368744,0.02953779138624668,0.03650172799825668,3.901416301727295,9.861052513122559,3.3765461444854736,0.8627018332481384
1415,29801,37,2,2,plus,9,0.01,0.01,0.01005376223474741,0.010154804214835167,245101.0,223676528.0,2271391.349294096,306.16422267709135,9124.0,75.7269058227539,0.0007651544292457402,0.04488987848162651,0.021788086742162704,0.04174017533659935,0.025246916338801384,0.03339438885450363,2.15057635307312,6.021400451660156,0.422410249710083,0.3041475713253021
1415,29801,37,2,7,plus,9,0.01,0.01,0.002189736580476165,0.0022117437329143286,13881.0,3241573.75,7169.5304263420985,79.69531223784436,2375.0,47.99076843261719,0.00030573076219297945,0.025789793580770493,0.03251266852021217,0.021878911182284355,0.045277129858732224,0.017795966938138008,8.833017349243164,8.9212064743042,2.1577820777893066,0.5844389796257019
1415,29801,38,2,1,plus,10,0.02,0.02,0.01662660576403141,0.016962485387921333,84703.0,212318480.0,3601449.114585668,219.58994664608568,6544.0,48.48685836791992,0.0011892077745869756,0.04431956261396408,0.030409296974539757,0.045158885419368744,0.02953779138624668,0.03650172799825668,3.901416301727295,9.861052513122559,3.3765461444854736,0.8627018332481384
1415,29801,38,2,2,plus,10,0.02,0.02,0.01005376223474741,0.010256861336529255,245647.0,223683072.0,2294286.2528328896,306.43267004462933,9132.0,75.7269058227539,0.0007651544292457402,0.04488987848162651,0.021788086742162704,0.04174017533659935,0.025246916338801384,0.03339438885450363,2.15057635307312,6.021400451660156,0.422410249710083,0.3041475713253021
1415,29801,38,2,7,plus,10,0.02,0.02,0.002189736580476165,0.0022339720744639635,13818.0,3367665.75,7523.2712416287395,79.72886815878661,2376.0,47.99076843261719,0.00030573076219297945,0.025789793580770493,0.03251266852021217,0.021878911182284355,0.045277129858732224,0.017795966938138008,8.833017349243164,8.9212064743042,2.1577820777893066,0.5844389796257019
1415,29801,39,2,1,plus,11,0.05,0.05,0.01662660576403141,0.017479069530963898,85109.0,223864736.0,3912947.286074877,219.9926176973927,6556.0,48.48685836791992,0.0011892077745869756,0.04431956261396408,0.030409296974539757,0.045158885419368744,0.02953779138624668,0.03650172799825668,3.901416301727295,9.861052513122559,3.3765461444854736,0.8627018332481384
1415,29801,39,2,2,plus,11,0.05,0.05,0.01005376223474741,0.01056922972202301,250347.0,237314560.0,2508232.101020813,309.18425556189385,9214.0,75.7269058227539,0.0007651544292457402,0.04488987848162651,0.021788086742162704,0.04174017533659935,0.025246916338801384,0.03339438885450363,2.15057635307312,6.021400451660156,0.422410249710083,0.3041475713253021
1415,29801,39,2,7,plus,11,0.05,0.05,0.002189736580476165,0.00230200681835413,14191.0,3262357.75,7509.969784410438,80.56776618234287,2401.0,47.99076843261719,0.00030573076219297945,0.025789793580770493,0.03251266852021217,0.021878911182284355,0.045277129858732224,0.017795966938138008,8.833017349243164,8.9212064743042,2.1577820777893066,0.5844389796257019
1415,29801,40,2,1,plus,12,0.1,0.1,0.01662660576403141,0.01837524212896824,85830.0,251113424.0,4614269.967834264,220.89862756283344,6583.0,48.48685836791992,0.0011892077745869756,0.04431956261396408,0.030409296974539757,0.045158885419368744,0.02953779138624668,0.03650172799825668,3.901416301727295,9.861052513122559,3.3765461444854736,0.8627018332481384
1415,29801,40,2,2,plus,12,0.1,0.1,0.01005376223474741,0.011111126281321049,256567.0,254780128.0,2830894.176179141,312.8418509445992,9323.0,75.7269058227539,0.0007651544292457402,0.04488987848162651,0.021788086742162704,0.04174017533659935,0.025246916338801384,0.03339438885450363,2.15057635307312,6.021400451660156,0.422410249710083,0.3041475713253021
1415,29801,40,2,7,plus,12,0.1,0.1,0.002189736580476165,0.0024200333282351494,14311.0,3401505.25,8231.756071166834,81.03754907553437,2415.0,47.99076843261719,0.00030573076219297945,0.025789793580770493,0.03251266852021217,0.021878911182284355,0.045277129858732224,0.017795966938138008,8.833017349243164,8.9212064743042,2.1577820777893066,0.5844389796257019
1415,29801,41,2,1,center_duplicate,-1,0.0,0.0,0.01662660576403141,0.01662660576403141,84326.0,202258960.0,3362879.9901629984,219.12016375289417,6530.0,48.48685836791992,0.0011892077745869756,0.04431956261396408,0.030409296974539757,0.045158885419368744,0.02953779138624668,0.03650172799825668,3.901416301727295,9.861052513122559,3.3765461444854736,0.8627018332481384
1415,29801,41,2,2,center_duplicate,-1,0.0,0.0,0.01005376223474741,0.01005376223474741,243958.0,217486368.0,2186556.2331707776,305.4595483373041,9103.0,75.7269058227539,0.0007651544292457402,0.04488987848162651,0.021788086742162704,0.04174017533659935,0.025246916338801384,0.03339438885450363,2.15057635307312,6.021400451660156,0.422410249710083,0.3041475713253021
1415,29801,41,2,7,center_duplicate,-1,0.0,0.0,0.002189736580476165,0.002189736580476165,13683.0,3157707.75,6914.548170628084,79.35975302842186,2365.0,47.99076843261719,0.00030573076219297945,0.025789793580770493,0.03251266852021217,0.021878911182284355,0.045277129858732224,0.017795966938138008,8.833017349243164,8.9212064743042,2.1577820777893066,0.5844389796257019
1415,29801,42,3,1,minus,0,-0.1,0.1,0.0030624063219875097,0.0027709798887372017,4093.0,1781086.625,4935.355217973818,58.72286164893795,1750.0,68.69004821777344,0.0025674765929579735,0.011978385969996452,0.04919338971376419,0.03444961458444595,0.010044421069324017,0.013519922271370888,6.216831684112549,3.313960075378418,6.2783660888671875,0.7253406047821045
1415,29801,42,3,2,minus,0,-0.1,0.1,0.015210271812975407,0.013762823306024075,53350.0,62616216.0,861775.9168998376,153.78678567833293,4583.0,96.0049057006836,0.0020888946019113064,0.04925193637609482,0.033308882266283035,0.021827764809131622,0.023698577657341957,0.018696226179599762,5.5608625411987305,0.15370473265647888,5.821068286895752,0.7542546987533569
1415,29801,42,3,7,minus,0,-0.1,0.1,0.013987557031214237,0.01265646517276764,147073.0,119490224.0,1512323.858542204,238.01214724338107,7093.0,89.26822662353516,0.0008241399773396552,0.04868676885962486,0.017292654141783714,0.013185249641537666,0.031820982694625854,0.03805147856473923,3.277904748916626,5.072831630706787,3.0204687118530273,0.4343680143356323
1415,29801,43,3,1,minus,1,-0.05,0.05,0.0030624063219875097,0.002913051052019,4341.0,1724293.875,5022.956086558668,59.99798664474346,1788.0,68.69004821777344,0.0025674765929579735,0.011978385969996452,0.04919338971376419,0.03444961458444595,0.010044421069324017,0.013519922271370888,6.216831684112549,3.313960075378418,6.2783660888671875,0.7253406047821045
1415,29801,43,3,2,minus,1,-0.05,0.05,0.015210271812975407,0.014468458481132984,54283.0,69516768.0,1005800.471550554,154.9612429113117,4618.0,96.0049057006836,0.0020888946019113064,0.04925193637609482,0.033308882266283035,0.021827764809131622,0.023698577657341957,0.018696226179599762,5.5608625411987305,0.15370473265647888,5.821068286895752,0.7542546987533569
1415,29801,43,3,7,minus,1,-0.05,0.05,0.013987557031214237,0.013305376283824444,149959.0,126102904.0,1677846.5882029906,240.2268380255696,7159.0,89.26822662353516,0.0008241399773396552,0.04868676885962486,0.017292654141783714,0.013185249641537666,0.031820982694625854,0.03805147856473923,3.277904748916626,5.072831630706787,3.0204687118530273,0.4343680143356323
1415,29801,44,3,1,minus,2,-0.02,0.02,0.0030624063219875097,0.0030017667450010777,4305.0,1887866.875,5666.936004364106,60.80332874735747,1812.0,68.69004821777344,0.0025674765929579735,0.011978385969996452,0.04919338971376419,0.03444961458444595,0.010044421069324017,0.013519922271370888,6.216831684112549,3.313960075378418,6.2783660888671875,0.7253406047821045
1415,29801,44,3,2,minus,2,-0.02,0.02,0.015210271812975407,0.014909088611602783,54715.0,72293112.0,1077824.4128165245,155.6994731720412,4640.0,96.0049057006836,0.0020888946019113064,0.04925193637609482,0.033308882266283035,0.021827764809131622,0.023698577657341957,0.018696226179599762,5.5608625411987305,0.15370473265647888,5.821068286895752,0.7542546987533569
1415,29801,44,3,7,minus,2,-0.02,0.02,0.013987557031214237,0.013710585422813892,152129.0,130387120.0,1787683.7467946857,242.0388577564511,7213.0,89.26822662353516,0.0008241399773396552,0.04868676885962486,0.017292654141783714,0.013185249641537666,0.031820982694625854,0.03805147856473923,3.277904748916626,5.072831630706787,3.0204687118530273,0.4343680143356323
1415,29801,45,3,1,minus,3,-0.01,0.01,0.0030624063219875097,0.003031934844329953,4249.0,2031492.0,6159.351380777545,60.93755243112647,1816.0,68.69004821777344,0.0025674765929579735,0.011978385969996452,0.04919338971376419,0.03444961458444595,0.010044421069324017,0.013519922271370888,6.216831684112549,3.313960075378418,6.2783660888671875,0.7253406047821045
1415,29801,45,3,2,minus,3,-0.01,0.01,0.015210271812975407,0.015058927237987518,54968.0,72008072.0,1084364.3167957664,155.80014093486795,4643.0,96.0049057006836,0.0020888946019113064,0.04925193637609482,0.033308882266283035,0.021827764809131622,0.023698577657341957,0.018696226179599762,5.5608625411987305,0.15370473265647888,5.821068286895752,0.7542546987533569
1415,29801,45,3,7,minus,3,-0.01,0.01,0.013987557031214237,0.013848378323018551,152881.0,132655800.0,1837067.7051426843,242.44152880775812,7225.0,89.26822662353516,0.0008241399773396552,0.04868676885962486,0.017292654141783714,0.013185249641537666,0.031820982694625854,0.03805147856473923,3.277904748916626,5.072831630706787,3.0204687118530273,0.4343680143356323
1415,29801,46,3,1,minus,4,-0.005,0.005,0.0030624063219875097,0.0030471323989331722,4275.0,1969297.875,6000.711358062748,60.870440589241966,1814.0,68.69004821777344,0.0025674765929579735,0.011978385969996452,0.04919338971376419,0.03444961458444595,0.010044421069324017,0.013519922271370888,6.216831684112549,3.313960075378418,6.2783660888671875,0.7253406047821045
1415,29801,46,3,2,minus,4,-0.005,0.005,0.015210271812975407,0.015134410001337528,55129.0,73238936.0,1108428.0854857191,155.90080869769469,4646.0,96.0049057006836,0.0020888946019113064,0.04925193637609482,0.033308882266283035,0.021827764809131622,0.023698577657341957,0.018696226179599762,5.5608625411987305,0.15370473265647888,5.821068286895752,0.7542546987533569
1415,29801,46,3,7,minus,4,-0.005,0.005,0.013987557031214237,0.013917793519794941,152848.0,132589072.0,1845347.3270772249,242.40797288681586,7224.0,89.26822662353516,0.0008241399773396552,0.04868676885962486,0.017292654141783714,0.013185249641537666,0.031820982694625854,0.03805147856473923,3.277904748916626,5.072831630706787,3.0204687118530273,0.4343680143356323
1415,29801,47,3,1,minus,5,-0.0025,0.0025,0.0030624063219875097,0.0030547596979886293,4255.0,1815869.5,5547.044965406763,61.13888795677997,1822.0,68.69004821777344,0.0025674765929579735,0.011978385969996452,0.04919338971376419,0.03444961458444595,0.010044421069324017,0.013519922271370888,6.216831684112549,3.313960075378418,6.2783660888671875,0.7253406047821045
1415,29801,47,3,2,minus,5,-0.0025,0.0025,0.015210271812975407,0.015172293409705162,54964.0,73920984.0,1121550.8583821207,155.80014093486795,4643.0,96.0049057006836,0.0020888946019113064,0.04925193637609482,0.033308882266283035,0.021827764809131622,0.023698577657341957,0.018696226179599762,5.5608625411987305,0.15370473265647888,5.821068286895752,0.7542546987533569
1415,29801,47,3,7,minus,5,-0.0025,0.0025,0.013987557031214237,0.013952631503343582,153201.0,131585792.0,1835968.066851616,242.7099761752961,7233.0,89.26822662353516,0.0008241399773396552,0.04868676885962486,0.017292654141783714,0.013185249641537666,0.031820982694625854,0.03805147856473923,3.277904748916626,5.072831630706787,3.0204687118530273,0.4343680143356323
1415,29801,48,3,1,center,6,0.0,0.0,0.0030624063219875097,0.0030624063219875097,4285.0,1833741.0,5615.660031287698,61.20599979866447,1824.0,68.69004821777344,0.0025674765929579735,0.011978385969996452,0.04919338971376419,0.03444961458444595,0.010044421069324017,0.013519922271370888,6.216831684112549,3.313960075378418,6.2783660888671875,0.7253406047821045
1415,29801,48,3,2,center,6,0.0,0.0,0.015210271812975407,0.015210271812975407,55208.0,72815744.0,1107547.258504033,156.06858830240594,4651.0,96.0049057006836,0.0020888946019113064,0.04925193637609482,0.033308882266283035,0.021827764809131622,0.023698577657341957,0.018696226179599762,5.5608625411987305,0.15370473265647888,5.821068286895752,0.7542546987533569
1415,29801,48,3,7,center,6,0.0,0.0,0.013987557031214237,0.013987557031214237,152939.0,134536896.0,1881842.5056025386,242.44152880775812,7225.0,89.26822662353516,0.0008241399773396552,0.04868676885962486,0.017292654141783714,0.013185249641537666,0.031820982694625854,0.03805147856473923,3.277904748916626,5.072831630706787,3.0204687118530273,0.4343680143356323
1415,29801,49,3,1,plus,7,0.0025,0.0025,0.0030624063219875097,0.0030700720380991697,4287.0,1880106.25,5772.061626780487,61.34022348243347,1828.0,68.69004821777344,0.0025674765929579735,0.011978385969996452,0.04919338971376419,0.03444961458444595,0.010044421069324017,0.013519922271370888,6.216831684112549,3.313960075378418,6.2783660888671875,0.7253406047821045
1415,29801,49,3,2,plus,7,0.0025,0.0025,0.015210271812975407,0.015248345211148262,55245.0,72629752.0,1107483.531096086,156.1021442233482,4652.0,96.0049057006836,0.0020888946019113064,0.04925193637609482,0.033308882266283035,0.021827764809131622,0.023698577657341957,0.018696226179599762,5.5608625411987305,0.15370473265647888,5.821068286895752,0.7542546987533569
1415,29801,49,3,7,plus,7,0.0025,0.0025,0.013987557031214237,0.014022570103406906,153049.0,137725616.0,1931267.1053948998,242.5757524915271,7229.0,89.26822662353516,0.0008241399773396552,0.04868676885962486,0.017292654141783714,0.013185249641537666,0.031820982694625854,0.03805147856473923,3.277904748916626,5.072831630706787,3.0204687118530273,0.4343680143356323
1415,29801,50,3,1,plus,8,0.005,0.005,0.0030624063219875097,0.0030777566134929657,4279.0,1928732.625,5936.169592253398,61.34022348243347,1828.0,68.69004821777344,0.0025674765929579735,0.011978385969996452,0.04919338971376419,0.03444961458444595,0.010044421069324017,0.013519922271370888,6.216831684112549,3.313960075378418,6.2783660888671875,0.7253406047821045
1415,29801,50,3,2,plus,8,0.005,0.005,0.015210271812975407,0.015286513604223728,55207.0,74138744.0,1133322.9187560603,156.1021442233482,4652.0,96.0049057006836,0.0020888946019113064,0.04925193637609482,0.033308882266283035,0.021827764809131622,0.023698577657341957,0.018696226179599762,5.5608625411987305,0.15370473265647888,5.821068286895752,0.7542546987533569
1415,29801,50,3,7,plus,8,0.005,0.005,0.013987557031214237,0.014057669788599014,153370.0,137897328.0,1938515.101754129,242.87775578000736,7238.0,89.26822662353516,0.0008241399773396552,0.04868676885962486,0.017292654141783714,0.013185249641537666,0.031820982694625854,0.03805147856473923,3.277904748916626,5.072831630706787,3.0204687118530273,0.4343680143356323
1415,29801,51,3,1,plus,9,0.01,0.01,0.0030624063219875097,0.003093183971941471,4282.0,2041614.875,6315.09040822729,61.34022348243347,1828.0,68.69004821777344,0.0025674765929579735,0.011978385969996452,0.04919338971376419,0.03444961458444595,0.010044421069324017,0.013519922271370888,6.216831684112549,3.313960075378418,6.2783660888671875,0.7253406047821045
1415,29801,51,3,2,plus,9,0.01,0.01,0.015210271812975407,0.015363138169050217,55267.0,74740176.0,1148243.650667131,156.3034797490017,4658.0,96.0049057006836,0.0020888946019113064,0.04925193637609482,0.033308882266283035,0.021827764809131622,0.023698577657341957,0.018696226179599762,5.5608625411987305,0.15370473265647888,5.821068286895752,0.7542546987533569
1415,29801,51,3,7,plus,9,0.01,0.01,0.013987557031214237,0.014128134585916996,153506.0,136462304.0,1927957.7968163192,243.01197946377636,7242.0,89.26822662353516,0.0008241399773396552,0.04868676885962486,0.017292654141783714,0.013185249641537666,0.031820982694625854,0.03805147856473923,3.277904748916626,5.072831630706787,3.0204687118530273,0.4343680143356323
1415,29801,52,3,1,plus,10,0.02,0.02,0.0030624063219875097,0.0031242710538208485,4254.0,2112660.5,6600.524046700681,61.742894533740476,1840.0,68.69004821777344,0.0025674765929579735,0.011978385969996452,0.04919338971376419,0.03444961458444595,0.010044421069324017,0.013519922271370888,6.216831684112549,3.313960075378418,6.2783660888671875,0.7253406047821045
1415,29801,52,3,2,plus,10,0.02,0.02,0.015210271812975407,0.015517539344727993,55728.0,75569248.0,1172648.7790915072,156.73970672125097,4671.0,96.0049057006836,0.0020888946019113064,0.04925193637609482,0.033308882266283035,0.021827764809131622,0.023698577657341957,0.018696226179599762,5.5608625411987305,0.15370473265647888,5.821068286895752,0.7542546987533569
1415,29801,52,3,7,plus,10,0.02,0.02,0.013987557031214237,0.014270124025642872,154256.0,141008640.0,2012210.7814872265,243.54887419885236,7258.0,89.26822662353516,0.0008241399773396552,0.04868676885962486,0.017292654141783714,0.013185249641537666,0.031820982694625854,0.03805147856473923,3.277904748916626,5.072831630706787,3.0204687118530273,0.4343680143356323
1415,29801,53,3,1,plus,11,0.05,0.05,0.0030624063219875097,0.0032194191589951515,4364.0,2292826.25,7381.568757497007,62.85023992483473,1873.0,68.69004821777344,0.0025674765929579735,0.011978385969996452,0.04919338971376419,0.03444961458444595,0.010044421069324017,0.013519922271370888,6.216831684112549,3.313960075378418,6.2783660888671875,0.7253406047821045
1415,29801,53,3,2,plus,11,0.05,0.05,0.015210271812975407,0.01599011942744255,56064.0,77834344.0,1244580.4561166465,157.20948961444245,4685.0,96.0049057006836,0.0020888946019113064,0.04925193637609482,0.033308882266283035,0.021827764809131622,0.023698577657341957,0.018696226179599762,5.5608625411987305,0.15370473265647888,5.821068286895752,0.7542546987533569
1415,29801,53,3,7,plus,11,0.05,0.05,0.013987557031214237,0.01470471452921629,156413.0,147082224.0,2162802.116242245,245.12600248313814,7305.0,89.26822662353516,0.0008241399773396552,0.04868676885962486,0.017292654141783714,0.013185249641537666,0.031820982694625854,0.03805147856473923,3.277904748916626,5.072831630706787,3.0204687118530273,0.4343680143356323
1415,29801,54,3,1,plus,12,0.1,0.1,0.0030624063219875097,0.003384482581168413,4550.0,2805525.25,9495.251339653158,64.12536492064024,1911.0,68.69004821777344,0.0025674765929579735,0.011978385969996452,0.04919338971376419,0.03444961458444595,0.010044421069324017,0.013519922271370888,6.216831684112549,3.313960075378418,6.2783660888671875,0.7253406047821045
1415,29801,54,3,2,plus,12,0.1,0.1,0.015210271812975407,0.01680995151400566,56826.0,78602736.0,1321308.1810281873,158.01483171705647,4709.0,96.0049057006836,0.0020888946019113064,0.04925193637609482,0.033308882266283035,0.021827764809131622,0.023698577657341957,0.018696226179599762,5.5608625411987305,0.15370473265647888,5.821068286895752,0.7542546987533569
1415,29801,54,3,7,plus,12,0.1,0.1,0.013987557031214237,0.015458641573786736,158926.0,155833056.0,2408967.3580518365,246.9715781349619,7360.0,89.26822662353516,0.0008241399773396552,0.04868676885962486,0.017292654141783714,0.013185249641537666,0.031820982694625854,0.03805147856473923,3.277904748916626,5.072831630706787,3.0204687118530273,0.4343680143356323
1415,29801,55,3,1,center_duplicate,-1,0.0,0.0,0.0030624063219875097,0.0030624063219875097,4285.0,1833741.0,5615.660031287698,61.20599979866447,1824.0,68.69004821777344,0.0025674765929579735,0.011978385969996452,0.04919338971376419,0.03444961458444595,0.010044421069324017,0.013519922271370888,6.216831684112549,3.313960075378418,6.2783660888671875,0.7253406047821045
1415,29801,55,3,2,center_duplicate,-1,0.0,0.0,0.015210271812975407,0.015210271812975407,55208.0,72815744.0,1107547.258504033,156.06858830240594,4651.0,96.0049057006836,0.0020888946019113064,0.04925193637609482,0.033308882266283035,0.021827764809131622,0.023698577657341957,0.018696226179599762,5.5608625411987305,0.15370473265647888,5.821068286895752,0.7542546987533569
1415,29801,55,3,7,center_duplicate,-1,0.0,0.0,0.013987557031214237,0.013987557031214237,152939.0,134536896.0,1881842.5056025386,242.44152880775812,7225.0,89.26822662353516,0.0008241399773396552,0.04868676885962486,0.017292654141783714,0.013185249641537666,0.031820982694625854,0.03805147856473923,3.277904748916626,5.072831630706787,3.0204687118530273,0.4343680143356323
1415,29801,56,4,1,minus,0,-0.1,0.1,0.010890581645071507,0.009854205884039402,115971.0,34705196.0,341992.1466299407,248.5822623401899,7408.0,33.49873733520508,0.0002443856210447848,0.03864887356758118,0.02860582061111927,0.017027685418725014,0.04247899726033211,0.029159093275666237,3.1278157234191895,7.227877616882324,7.630624294281006,0.9706724286079407
1415,29801,56,4,2,minus,0,-0.1,0.1,0.011665408499538898,0.010555298067629337,125181.0,121439352.0,1281828.557499759,208.0467098419516,6200.0,38.7281608581543,0.0025844236370176077,0.0295098964124918,0.04058080539107323,0.046412743628025055,0.04167976975440979,0.04483244940638542,0.7273001670837402,9.898069381713867,9.137249946594238,0.9603471159934998
1415,29801,56,4,7,minus,0,-0.1,0.1,0.009829248301684856,0.008893871679902077,4223.0,6222.2021484375,55.33946747461414,24.663601892553938,735.0,4.61674165725708,0.003882353426888585,0.021245166659355164,0.026909608393907547,0.019780367612838745,0.019337840378284454,0.011820243671536446,1.170051097869873,1.0662606954574585,7.525685787200928,0.8699729442596436
1415,29801,57,4,1,minus,1,-0.05,0.05,0.010890581645071507,0.010359441861510277,118396.0,39734436.0,411626.57964190096,250.89762088520519,7477.0,33.49873733520508,0.0002443856210447848,0.03864887356758118,0.02860582061111927,0.017027685418725014,0.04247899726033211,0.029159093275666237,3.1278157234191895,7.227877616882324,7.630624294281006,0.9706724286079407
1415,29801,57,4,2,minus,1,-0.05,0.05,0.011665408499538898,0.011096480302512646,129152.0,132794944.0,1473556.4803692698,210.49629207073588,6273.0,38.7281608581543,0.0025844236370176077,0.0295098964124918,0.04058080539107323,0.046412743628025055,0.04167976975440979,0.04483244940638542,0.7273001670837402,9.898069381713867,9.137249946594238,0.9603471159934998
1415,29801,57,4,7,minus,1,-0.05,0.05,0.009829248301684856,0.00934987049549818,4238.0,8062.62060546875,75.38445851546794,25.569611757994696,762.0,4.61674165725708,0.003882353426888585,0.021245166659355164,0.026909608393907547,0.019780367612838745,0.019337840378284454,0.011820243671536446,1.170051097869873,1.0662606954574585,7.525685787200928,0.8699729442596436
1415,29801,58,4,1,minus,2,-0.02,0.02,0.010890581645071507,0.010674933902919292,120436.0,40053544.0,427568.9347776696,252.5754169323177,7527.0,33.49873733520508,0.0002443856210447848,0.03864887356758118,0.02860582061111927,0.017027685418725014,0.04247899726033211,0.029159093275666237,3.1278157234191895,7.227877616882324,7.630624294281006,0.9706724286079407
1415,29801,58,4,2,minus,2,-0.02,0.02,0.011665408499538898,0.011434418149292469,131218.0,143138768.0,1636708.526686564,212.50964732727087,6333.0,38.7281608581543,0.0025844236370176077,0.0295098964124918,0.04058080539107323,0.046412743628025055,0.04167976975440979,0.04483244940638542,0.7273001670837402,9.898069381713867,9.137249946594238,0.9603471159934998
1415,29801,58,4,7,minus,2,-0.02,0.02,0.009829248301684856,0.00963461585342884,4193.0,8535.076171875,82.23218019576962,25.87161504647495,771.0,4.61674165725708,0.003882353426888585,0.021245166659355164,0.026909608393907547,0.019780367612838745,0.019337840378284454,0.011820243671536446,1.170051097869873,1.0662606954574585,7.525685787200928,0.8699729442596436
1415,29801,59,4,1,minus,3,-0.01,0.01,0.010890581645071507,0.010782218538224697,120911.0,41119596.0,443360.4702755101,252.87742022079794,7536.0,33.49873733520508,0.0002443856210447848,0.03864887356758118,0.02860582061111927,0.017027685418725014,0.04247899726033211,0.029159093275666237,3.1278157234191895,7.227877616882324,7.630624294281006,0.9706724286079407
1415,29801,59,4,2,minus,3,-0.01,0.01,0.011665408499538898,0.011549335904419422,132256.0,147110544.0,1699029.0877378732,213.2478775880004,6355.0,38.7281608581543,0.0025844236370176077,0.0295098964124918,0.04058080539107323,0.046412743628025055,0.04167976975440979,0.04483244940638542,0.7273001670837402,9.898069381713867,9.137249946594238,0.9603471159934998
1415,29801,59,4,7,minus,3,-0.01,0.01,0.009829248301684856,0.009731445461511612,4271.0,8420.6474609375,81.94507151672951,26.274286097781953,783.0,4.61674165725708,0.003882353426888585,0.021245166659355164,0.026909608393907547,0.019780367612838745,0.019337840378284454,0.011820243671536446,1.170051097869873,1.0662606954574585,7.525685787200928,0.8699729442596436
1415,29801,60,4,1,minus,4,-0.005,0.005,0.010890581645071507,0.010836264118552208,121301.0,40261144.0,436280.3900990635,253.21297943022046,7546.0,33.49873733520508,0.0002443856210447848,0.03864887356758118,0.02860582061111927,0.017027685418725014,0.04247899726033211,0.029159093275666237,3.1278157234191895,7.227877616882324,7.630624294281006,0.9706724286079407
1415,29801,60,4,2,minus,4,-0.005,0.005,0.011665408499538898,0.01160722691565752,132745.0,144667184.0,1679184.831937179,213.61699271836514,6366.0,38.7281608581543,0.0025844236370176077,0.0295098964124918,0.04058080539107323,0.046412743628025055,0.04167976975440979,0.04483244940638542,0.7273001670837402,9.898069381713867,9.137249946594238,0.9603471159934998
1415,29801,60,4,7,minus,4,-0.005,0.005,0.009829248301684856,0.009780224412679672,4329.0,11321.8291015625,110.73002937528872,26.408509781550954,787.0,4.61674165725708,0.003882353426888585,0.021245166659355164,0.026909608393907547,0.019780367612838745,0.019337840378284454,0.011820243671536446,1.170051097869873,1.0662606954574585,7.525685787200928,0.8699729442596436
1415,29801,61,4,1,minus,5,-0.0025,0.0025,0.010890581645071507,0.010863388888537884,121247.0,41369172.0,449409.40343281254,253.21297943022046,7546.0,33.49873733520508,0.0002443856210447848,0.03864887356758118,0.02860582061111927,0.017027685418725014,0.04247899726033211,0.029159093275666237,3.1278157234191895,7.227877616882324,7.630624294281006,0.9706724286079407
1415,29801,61,4,2,minus,5,-0.0025,0.0025,0.011665408499538898,0.0116362813860178,132888.0,146082224.0,1699853.8639592826,213.7847723230764,6371.0,38.7281608581543,0.0025844236370176077,0.0295098964124918,0.04058080539107323,0.046412743628025055,0.04167976975440979,0.04483244940638542,0.7273001670837402,9.898069381713867,9.137249946594238,0.9603471159934998
1415,29801,61,4,7,minus,5,-0.0025,0.0025,0.009829248301684856,0.00980470608919859,4352.0,12121.66796875,118.84939174444662,26.509177544377703,790.0,4.61674165725708,0.003882353426888585,0.021245166659355164,0.026909608393907547,0.019780367612838745,0.019337840378284454,0.011820243671536446,1.170051097869873,1.0662606954574585,7.525685787200928,0.8699729442596436
1415,29801,62,4,1,center,6,0.0,0.0,0.010890581645071507,0.010890581645071507,121495.0,41580612.0,452837.04983804,253.41431495587395,7552.0,33.49873733520508,0.0002443856210447848,0.03864887356758118,0.02860582061111927,0.017027685418725014,0.04247899726033211,0.029159093275666237,3.1278157234191895,7.227877616882324,7.630624294281006,0.9706724286079407
1415,29801,62,4,2,center,6,0.0,0.0,0.011665408499538898,0.011665408499538898,132989.0,148855248.0,1736457.2752201706,214.01966376967215,6378.0,38.7281608581543,0.0025844236370176077,0.0295098964124918,0.04058080539107323,0.046412743628025055,0.04167976975440979,0.04483244940638542,0.7273001670837402,9.898069381713867,9.137249946594238,0.9603471159934998
1415,29801,62,4,7,center,6,0.0,0.0,0.009829248301684856,0.009829248301684856,4351.0,11862.89453125,116.60333592435563,26.676957149088956,795.0,4.61674165725708,0.003882353426888585,0.021245166659355164,0.026909608393907547,0.019780367612838745,0.019337840378284454,0.011820243671536446,1.170051097869873,1.0662606954574585,7.525685787200928,0.8699729442596436
1415,29801,63,4,1,plus,7,0.0025,0.0025,0.010890581645071507,0.010917842388153076,121755.0,41785112.0,456203.26698732376,253.61565048152744,7558.0,33.49873733520508,0.0002443856210447848,0.03864887356758118,0.02860582061111927,0.017027685418725014,0.04247899726033211,0.029159093275666237,3.1278157234191895,7.227877616882324,7.630624294281006,0.9706724286079407
1415,29801,63,4,2,plus,7,0.0025,0.0025,0.011665408499538898,0.011694609187543392,133308.0,151429520.0,1770909.0558572859,214.1203315324989,6381.0,38.7281608581543,0.0025844236370176077,0.0295098964124918,0.04058080539107323,0.046412743628025055,0.04167976975440979,0.04483244940638542,0.7273001670837402,9.898069381713867,9.137249946594238,0.9603471159934998
1415,29801,63,4,7,plus,7,0.0025,0.0025,0.009829248301684856,0.009853852912783623,4354.0,12521.03125,123.38040025386726,26.710513070031205,796.0,4.61674165725708,0.003882353426888585,0.021245166659355164,0.026909608393907547,0.019780367612838745,0.019337840378284454,0.011820243671536446,1.170051097869873,1.0662606954574585,7.525685787200928,0.8699729442596436
1415,29801,64,4,1,plus,8,0.005,0.005,0.010890581645071507,0.010945171117782593,121706.0,41607200.0,455397.9237318039,253.5820945605852,7557.0,33.49873733520508,0.0002443856210447848,0.03864887356758118,0.02860582061111927,0.017027685418725014,0.04247899726033211,0.029159093275666237,3.1278157234191895,7.227877616882324,7.630624294281006,0.9706724286079407
1415,29801,64,4,2,plus,8,0.005,0.005,0.011665408499538898,0.011723881587386131,133667.0,151890192.0,1780742.6252933443,214.28811113721014,6386.0,38.7281608581543,0.0025844236370176077,0.0295098964124918,0.04058080539107323,0.046412743628025055,0.04167976975440979,0.04483244940638542,0.7273001670837402,9.898069381713867,9.137249946594238,0.9603471159934998
1415,29801,64,4,7,plus,8,0.005,0.005,0.009829248301684856,0.009878517128527164,4362.0,13868.4580078125,136.9997999764355,26.777624911915705,798.0,4.61674165725708,0.003882353426888585,0.021245166659355164,0.026909608393907547,0.019780367612838745,0.019337840378284454,0.011820243671536446,1.170051097869873,1.0662606954574585,7.525685787200928,0.8699729442596436
1415,29801,65,4,1,plus,9,0.01,0.01,0.010890581645071507,0.011000033468008041,122014.0,40833000.0,449164.36659917235,253.8505419281232,7565.0,33.49873733520508,0.0002443856210447848,0.03864887356758118,0.02860582061111927,0.017027685418725014,0.04247899726033211,0.029159093275666237,3.1278157234191895,7.227877616882324,7.630624294281006,0.9706724286079407
1415,29801,65,4,2,plus,9,0.01,0.01,0.011665408499538898,0.011782648041844368,134016.0,155314352.0,1830014.345463127,214.3216670581524,6387.0,38.7281608581543,0.0025844236370176077,0.0295098964124918,0.04058080539107323,0.046412743628025055,0.04167976975440979,0.04483244940638542,0.7273001670837402,9.898069381713867,9.137249946594238,0.9603471159934998
1415,29801,65,4,7,plus,9,0.01,0.01,0.009829248301684856,0.00992803368717432,4301.0,13382.919921875,132.86607981713132,26.878292674742458,801.0,4.61674165725708,0.003882353426888585,0.021245166659355164,0.026909608393907547,0.019780367612838745,0.019337840378284454,0.011820243671536446,1.170051097869873,1.0662606954574585,7.525685787200928,0.8699729442596436
1415,29801,66,4,1,plus,10,0.02,0.02,0.010890581645071507,0.011110586114227772,123008.0,40363744.0,448464.85360464454,254.52166034696822,7585.0,33.49873733520508,0.0002443856210447848,0.03864887356758118,0.02860582061111927,0.017027685418725014,0.04247899726033211,0.029159093275666237,3.1278157234191895,7.227877616882324,7.630624294281006,0.9706724286079407
1415,29801,66,4,2,plus,10,0.02,0.02,0.011665408499538898,0.011901064775884151,134796.0,153677168.0,1828921.930942431,214.7914499513439,6401.0,38.7281608581543,0.0025844236370176077,0.0295098964124918,0.04058080539107323,0.046412743628025055,0.04167976975440979,0.04483244940638542,0.7273001670837402,9.898069381713867,9.137249946594238,0.9603471159934998
1415,29801,66,4,7,plus,10,0.02,0.02,0.009829248301684856,0.010027811862528324,4286.0,13956.259765625,139.95074723426114,27.046072279453707,806.0,4.61674165725708,0.003882353426888585,0.021245166659355164,0.026909608393907547,0.019780367612838745,0.019337840378284454,0.011820243671536446,1.170051097869873,1.0662606954574585,7.525685787200928,0.8699729442596436
1415,29801,67,4,1,plus,11,0.05,0.05,0.010890581645071507,0.011448953300714493,124980.0,42422552.0,485693.8167451322,256.23301231502296,7636.0,33.49873733520508,0.0002443856210447848,0.03864887356758118,0.02860582061111927,0.017027685418725014,0.04247899726033211,0.029159093275666237,3.1278157234191895,7.227877616882324,7.630624294281006,0.9706724286079407
1415,29801,67,4,2,plus,11,0.05,0.05,0.011665408499538898,0.012263506650924683,136587.0,163471072.0,2004728.5787057877,216.56991376128317,6454.0,38.7281608581543,0.0025844236370176077,0.0295098964124918,0.04058080539107323,0.046412743628025055,0.04167976975440979,0.04483244940638542,0.7273001670837402,9.898069381713867,9.137249946594238,0.9603471159934998
1415,29801,67,4,7,plus,11,0.05,0.05,0.009829248301684856,0.01033320464193821,4513.0,20174.87890625,208.47115236460377,27.549411093587462,821.0,4.61674165725708,0.003882353426888585,0.021245166659355164,0.026909608393907547,0.019780367612838745,0.019337840378284454,0.011820243671536446,1.170051097869873,1.0662606954574585,7.525685787200928,0.8699729442596436
1415,29801,68,4,1,plus,12,0.1,0.1,0.010890581645071507,0.012035954743623734,128049.0,49613036.0,597140.2559897751,258.7161504647495,7710.0,33.49873733520508,0.0002443856210447848,0.03864887356758118,0.02860582061111927,0.017027685418725014,0.04247899726033211,0.029159093275666237,3.1278157234191895,7.227877616882324,7.630624294281006,0.9706724286079407
1415,29801,68,4,2,plus,12,0.1,0.1,0.011665408499538898,0.01289227046072483,140591.0,170393792.0,2196762.851292491,219.45572296231668,6540.0,38.7281608581543,0.0025844236370176077,0.0295098964124918,0.04058080539107323,0.046412743628025055,0.04167976975440979,0.04483244940638542,0.7273001670837402,9.898069381713867,9.137249946594238,0.9603471159934998
1415,29801,68,4,7,plus,12,0.1,0.1,0.009829248301684856,0.010862999595701694,4557.0,21689.673828125,235.6149180258235,28.69031240562397,855.0,4.61674165725708,0.003882353426888585,0.021245166659355164,0.026909608393907547,0.019780367612838745,0.019337840378284454,0.011820243671536446,1.170051097869873,1.0662606954574585,7.525685787200928,0.8699729442596436
1415,29801,69,4,1,center_duplicate,-1,0.0,0.0,0.010890581645071507,0.010890581645071507,121495.0,41580612.0,452837.04983804,253.41431495587395,7552.0,33.49873733520508,0.0002443856210447848,0.03864887356758118,0.02860582061111927,0.017027685418725014,0.04247899726033211,0.029159093275666237,3.1278157234191895,7.227877616882324,7.630624294281006,0.9706724286079407
1415,29801,69,4,2,center_duplicate,-1,0.0,0.0,0.011665408499538898,0.011665408499538898,132989.0,148855248.0,1736457.2752201706,214.01966376967215,6378.0,38.7281608581543,0.0025844236370176077,0.0295098964124918,0.04058080539107323,0.046412743628025055,0.04167976975440979,0.04483244940638542,0.7273001670837402,9.898069381713867,9.137249946594238,0.9603471159934998
1415,29801,69,4,7,center_duplicate,-1,0.0,0.0,0.009829248301684856,0.009829248301684856,4351.0,11862.89453125,116.60333592435563,26.676957149088956,795.0,4.61674165725708,0.003882353426888585,0.021245166659355164,0.026909608393907547,0.019780367612838745,0.019337840378284454,0.011820243671536446,1.170051097869873,1.0662606954574585,7.525685787200928,0.8699729442596436
1415,29801,70,5,1,minus,0,-0.1,0.1,0.012977655045688152,0.011742668226361275,7413.0,1171169.375,13752.653407499893,89.05741418073218,2654.0,24.337238311767578,0.002409239998087287,0.03230954334139824,0.022391311824321747,0.01260021235793829,0.024699371308088303,0.01829836703836918,7.951542377471924,8.247520446777344,4.818588733673096,0.26707765460014343
1415,29801,70,5,2,minus,0,-0.1,0.1,0.004819092340767384,0.004360495135188103,5584.0,1211705.625,5283.6364830925595,57.95107546726619,1727.0,31.63585090637207,0.0015944018959999084,0.017833586782217026,0.01037081889808178,0.013387742452323437,0.014229283668100834,0.0478997603058815,6.824490547180176,1.2873531579971313,2.1796975135803223,0.67423015832901
1415,29801,70,5,7,minus,0,-0.1,0.1,0.012707182206213474,0.011497934348881245,68062.0,12685643.0,145858.69038734492,164.62534814267977,4906.0,26.436113357543945,0.0015469755744561553,0.037771038711071014,0.013894619420170784,0.02938656508922577,0.021010667085647583,0.04061645269393921,2.290356397628784,4.109940528869629,6.244213104248047,0.661459743976593
1415,29801,71,5,1,minus,1,-0.05,0.05,0.012977655045688152,0.012344727292656898,7541.0,1265832.0,15626.350838318467,89.79564444146169,2676.0,24.337238311767578,0.002409239998087287,0.03230954334139824,0.022391311824321747,0.01260021235793829,0.024699371308088303,0.01829836703836918,7.951542377471924,8.247520446777344,4.818588733673096,0.26707765460014343
1415,29801,71,5,2,minus,1,-0.05,0.05,0.004819092340767384,0.0045840623788535595,6139.0,1212944.0,5560.210958056152,59.12553270024495,1762.0,31.63585090637207,0.0015944018959999084,0.017833586782217026,0.01037081889808178,0.013387742452323437,0.014229283668100834,0.0478997603058815,6.824490547180176,1.2873531579971313,2.1796975135803223,0.67423015832901
1415,29801,71,5,7,minus,1,-0.05,0.05,0.012707182206213474,0.012087445706129074,70683.0,13394069.0,161900.08182164654,167.67893694842454,4997.0,26.436113357543945,0.0015469755744561553,0.037771038711071014,0.013894619420170784,0.02938656508922577,0.021010667085647583,0.04061645269393921,2.290356397628784,4.109940528869629,6.244213104248047,0.661459743976593
1415,29801,72,5,1,minus,2,-0.02,0.02,0.012977655045688152,0.012720680795609951,7607.0,1230981.125,15658.917956545833,90.39965101842219,2694.0,24.337238311767578,0.002409239998087287,0.03230954334139824,0.022391311824321747,0.01260021235793829,0.024699371308088303,0.01829836703836918,7.951542377471924,8.247520446777344,4.818588733673096,0.26707765460014343
1415,29801,72,5,2,minus,2,-0.02,0.02,0.004819092340767384,0.004723668098449707,6390.0,1159803.75,5478.527974337339,60.09865440757021,1791.0,31.63585090637207,0.0015944018959999084,0.017833586782217026,0.01037081889808178,0.013387742452323437,0.014229283668100834,0.0478997603058815,6.824490547180176,1.2873531579971313,2.1796975135803223,0.67423015832901
1415,29801,72,5,7,minus,2,-0.02,0.02,0.012707182206213474,0.012455563060939312,73385.0,14872021.0,185239.39540911373,170.16207509815106,5071.0,26.436113357543945,0.0015469755744561553,0.037771038711071014,0.013894619420170784,0.02938656508922577,0.021010667085647583,0.04061645269393921,2.290356397628784,4.109940528869629,6.244213104248047,0.661459743976593
1415,29801,73,5,1,minus,3,-0.01,0.01,0.012977655045688152,0.012848525308072567,7620.0,1298082.5,16678.445853216108,90.8023220697292,2706.0,24.337238311767578,0.002409239998087287,0.03230954334139824,0.022391311824321747,0.01260021235793829,0.024699371308088303,0.01829836703836918,7.951542377471924,8.247520446777344,4.818588733673096,0.26707765460014343
1415,29801,73,5,2,minus,3,-0.01,0.01,0.004819092340767384,0.004771141801029444,6356.0,1198527.625,5718.345251326042,60.16576624945471,1793.0,31.63585090637207,0.0015944018959999084,0.017833586782217026,0.01037081889808178,0.013387742452323437,0.014229283668100834,0.0478997603058815,6.824490547180176,1.2873531579971313,2.1796975135803223,0.67423015832901
1415,29801,73,5,7,minus,3,-0.01,0.01,0.012707182206213474,0.012580743990838528,73988.0,15308497.0,192592.28164151963,170.86674943793832,5092.0,26.436113357543945,0.0015469755744561553,0.037771038711071014,0.013894619420170784,0.02938656508922577,0.021010667085647583,0.04061645269393921,2.290356397628784,4.109940528869629,6.244213104248047,0.661459743976593
1415,29801,74,5,1,minus,4,-0.005,0.005,0.012977655045688152,0.012912928126752377,7648.0,1299686.375,16782.756747694337,91.0036575953827,2712.0,24.337238311767578,0.002409239998087287,0.03230954334139824,0.022391311824321747,0.01260021235793829,0.024699371308088303,0.01829836703836918,7.951542377471924,8.247520446777344,4.818588733673096,0.26707765460014343
1415,29801,74,5,2,minus,4,-0.005,0.005,0.004819092340767384,0.004795056767761707,6391.0,1264398.5,6062.862584572751,60.400657696050466,1800.0,31.63585090637207,0.0015944018959999084,0.017833586782217026,0.01037081889808178,0.013387742452323437,0.014229283668100834,0.0478997603058815,6.824490547180176,1.2873531579971313,2.1796975135803223,0.67423015832901
1415,29801,74,5,7,minus,4,-0.005,0.005,0.012707182206213474,0.012643804773688316,74244.0,14932689.0,188806.004462203,171.2023086473608,5102.0,26.436113357543945,0.0015469755744561553,0.037771038711071014,0.013894619420170784,0.02938656508922577,0.021010667085647583,0.04061645269393921,2.290356397628784,4.109940528869629,6.244213104248047,0.661459743976593
1415,29801,75,5,1,minus,5,-0.0025,0.0025,0.012977655045688152,0.012945251539349556,7666.0,1334823.375,17279.62434997852,91.0707694372672,2714.0,24.337238311767578,0.002409239998087287,0.03230954334139824,0.022391311824321747,0.01260021235793829,0.024699371308088303,0.01829836703836918,7.951542377471924,8.247520446777344,4.818588733673096,0.26707765460014343
1415,29801,75,5,2,minus,5,-0.0025,0.0025,0.004819092340767384,0.004807059653103352,6435.0,1264771.625,6079.832648927462,60.46776953793496,1802.0,31.63585090637207,0.0015944018959999084,0.017833586782217026,0.01037081889808178,0.013387742452323437,0.014229283668100834,0.0478997603058815,6.824490547180176,1.2873531579971313,2.1796975135803223,0.67423015832901
1415,29801,75,5,7,minus,5,-0.0025,0.0025,0.012707182206213474,0.012675453908741474,74467.0,15174120.0,192338.85866571218,171.43720009395656,5109.0,26.436113357543945,0.0015469755744561553,0.037771038711071014,0.013894619420170784,0.02938656508922577,0.021010667085647583,0.04061645269393921,2.290356397628784,4.109940528869629,6.244213104248047,0.661459743976593
1415,29801,76,5,1,center,6,0.0,0.0,0.012977655045688152,0.012977655045688152,7701.0,1364081.375,17702.577538997983,91.30566088386296,2721.0,24.337238311767578,0.002409239998087287,0.03230954334139824,0.022391311824321747,0.01260021235793829,0.024699371308088303,0.01829836703836918,7.951542377471924,8.247520446777344,4.818588733673096,0.26707765460014343
1415,29801,76,5,2,center,6,0.0,0.0,0.004819092340767384,0.004819092340767384,6495.0,1245221.25,6000.836188435787,60.66910506358847,1808.0,31.63585090637207,0.0015944018959999084,0.017833586782217026,0.01037081889808178,0.013387742452323437,0.014229283668100834,0.0478997603058815,6.824490547180176,1.2873531579971313,2.1796975135803223,0.67423015832901
1415,29801,76,5,7,center,6,0.0,0.0,0.012707182206213474,0.012707182206213474,74607.0,15314099.0,194599.04631699156,171.57142377772556,5113.0,26.436113357543945,0.0015469755744561553,0.037771038711071014,0.013894619420170784,0.02938656508922577,0.021010667085647583,0.04061645269393921,2.290356397628784,4.109940528869629,6.244213104248047,0.661459743976593
1415,29801,77,5,1,plus,7,0.0025,0.0025,0.012977655045688152,0.013010140508413315,7678.0,1409624.75,18339.41606163699,91.10432535820945,2715.0,24.337238311767578,0.002409239998087287,0.03230954334139824,0.022391311824321747,0.01260021235793829,0.024699371308088303,0.01829836703836918,7.951542377471924,8.247520446777344,4.818588733673096,0.26707765460014343
1415,29801,77,5,2,plus,7,0.0025,0.0025,0.004819092340767384,0.0048311552964150906,6521.0,1208464.375,5838.279065810202,60.80332874735747,1812.0,31.63585090637207,0.0015944018959999084,0.017833586782217026,0.01037081889808178,0.013387742452323437,0.014229283668100834,0.0478997603058815,6.824490547180176,1.2873531579971313,2.1796975135803223,0.67423015832901
1415,29801,77,5,7,plus,7,0.0025,0.0025,0.012707182206213474,0.012738990597426891,74593.0,15345647.0,195488.05284443218,171.57142377772556,5113.0,26.436113357543945,0.0015469755744561553,0.037771038711071014,0.013894619420170784,0.02938656508922577,0.021010667085647583,0.04061645269393921,2.290356397628784,4.109940528869629,6.244213104248047,0.661459743976593
1415,29801,78,5,1,plus,8,0.005,0.005,0.012977655045688152,0.013042706064879894,7839.0,1448234.75,18888.900157194817,91.27210496292071,2720.0,24.337238311767578,0.002409239998087287,0.03230954334139824,0.022391311824321747,0.01260021235793829,0.024699371308088303,0.01829836703836918,7.951542377471924,8.247520446777344,4.818588733673096,0.26707765460014343
1415,29801,78,5,2,plus,8,0.005,0.005,0.004819092340767384,0.004843248054385185,6556.0,1217271.5,5895.547824033536,60.97110835206872,1817.0,31.63585090637207,0.0015944018959999084,0.017833586782217026,0.01037081889808178,0.013387742452323437,0.014229283668100834,0.0478997603058815,6.824490547180176,1.2873531579971313,2.1796975135803223,0.67423015832901
1415,29801,78,5,7,plus,8,0.005,0.005,0.012707182206213474,0.012770877219736576,74667.0,15420119.0,196928.44646272715,171.70564746149458,5117.0,26.436113357543945,0.0015469755744561553,0.037771038711071014,0.013894619420170784,0.02938656508922577,0.021010667085647583,0.04061645269393921,2.290356397628784,4.109940528869629,6.244213104248047,0.661459743976593
1415,29801,79,5,1,plus,9,0.01,0.01,0.012977655045688152,0.013108083046972752,7867.0,1436831.75,18834.10990352719,91.4063286466897,2724.0,24.337238311767578,0.002409239998087287,0.03230954334139824,0.022391311824321747,0.01260021235793829,0.024699371308088303,0.01829836703836918,7.951542377471924,8.247520446777344,4.818588733673096,0.26707765460014343
1415,29801,79,5,2,plus,9,0.01,0.01,0.004819092340767384,0.004867525305598974,6520.0,1265815.75,6161.390195350745,61.10533203583772,1821.0,31.63585090637207,0.0015944018959999084,0.017833586782217026,0.01037081889808178,0.013387742452323437,0.014229283668100834,0.0478997603058815,6.824490547180176,1.2873531579971313,2.1796975135803223,0.67423015832901
1415,29801,79,5,7,plus,9,0.01,0.01,0.012707182206213474,0.012834891676902771,75138.0,15374659.0,197332.08283431828,172.20898627562832,5132.0,26.436113357543945,0.0015469755744561553,0.037771038711071014,0.013894619420170784,0.02938656508922577,0.021010667085647583,0.04061645269393921,2.290356397628784,4.109940528869629,6.244213104248047,0.661459743976593
1415,29801,80,5,1,plus,10,0.02,0.02,0.012977655045688152,0.01323982048779726,7821.0,1419971.625,18800.16941276577,91.54055233045871,2728.0,24.337238311767578,0.002409239998087287,0.03230954334139824,0.022391311824321747,0.01260021235793829,0.024699371308088303,0.01829836703836918,7.951542377471924,8.247520446777344,4.818588733673096,0.26707765460014343
1415,29801,80,5,2,plus,10,0.02,0.02,0.004819092340767384,0.004916444420814514,6467.0,1287334.5,6329.108520247042,60.93755243112647,1816.0,31.63585090637207,0.0015944018959999084,0.017833586782217026,0.01037081889808178,0.013387742452323437,0.014229283668100834,0.0478997603058815,6.824490547180176,1.2873531579971313,2.1796975135803223,0.67423015832901
1415,29801,80,5,7,plus,10,0.02,0.02,0.012707182206213474,0.012963884510099888,75512.0,15624995.0,202560.6306508882,172.74588101070432,5148.0,26.436113357543945,0.0015469755744561553,0.037771038711071014,0.013894619420170784,0.02938656508922577,0.021010667085647583,0.04061645269393921,2.290356397628784,4.109940528869629,6.244213104248047,0.661459743976593
1415,29801,81,5,1,plus,11,0.05,0.05,0.012977655045688152,0.013643033802509308,8099.0,1349023.75,18404.776621637866,92.41300627495721,2754.0,24.337238311767578,0.002409239998087287,0.03230954334139824,0.022391311824321747,0.01260021235793829,0.024699371308088303,0.01829836703836918,7.951542377471924,8.247520446777344,4.818588733673096,0.26707765460014343
1415,29801,81,5,2,plus,11,0.05,0.05,0.004819092340767384,0.00506617221981287,6574.0,1240241.875,6283.278932973626,61.84356229656723,1843.0,31.63585090637207,0.0015944018959999084,0.017833586782217026,0.01037081889808178,0.013387742452323437,0.014229283668100834,0.0478997603058815,6.824490547180176,1.2873531579971313,2.1796975135803223,0.67423015832901
1415,29801,81,5,7,plus,11,0.05,0.05,0.012707182206213474,0.013358693569898605,77190.0,16734638.0,223552.90104518086,174.55790074158585,5202.0,26.436113357543945,0.0015469755744561553,0.037771038711071014,0.013894619420170784,0.02938656508922577,0.021010667085647583,0.04061645269393921,2.290356397628784,4.109940528869629,6.244213104248047,0.661459743976593
1415,29801,82,5,1,plus,12,0.1,0.1,0.012977655045688152,0.014342527836561203,8227.0,1445164.75,20727.31565529201,93.41968390322472,2784.0,24.337238311767578,0.002409239998087287,0.03230954334139824,0.022391311824321747,0.01260021235793829,0.024699371308088303,0.01829836703836918,7.951542377471924,8.247520446777344,4.818588733673096,0.26707765460014343
1415,29801,82,5,2,plus,12,0.1,0.1,0.004819092340767384,0.005325920879840851,6924.0,1583454.5,8433.353383827955,63.32002281802624,1887.0,31.63585090637207,0.0015944018959999084,0.017833586782217026,0.01037081889808178,0.013387742452323437,0.014229283668100834,0.0478997603058815,6.824490547180176,1.2873531579971313,2.1796975135803223,0.67423015832901
1415,29801,82,5,7,plus,12,0.1,0.1,0.012707182206213474,0.01404360868036747,80235.0,19314288.0,271242.30261191726,178.34971980806012,5315.0,26.436113357543945,0.0015469755744561553,0.037771038711071014,0.013894619420170784,0.02938656508922577,0.021010667085647583,0.04061645269393921,2.290356397628784,4.109940528869629,6.244213104248047,0.661459743976593
1415,29801,83,5,1,center_duplicate,-1,0.0,0.0,0.012977655045688152,0.012977655045688152,7701.0,1364081.375,17702.577538997983,91.30566088386296,2721.0,24.337238311767578,0.002409239998087287,0.03230954334139824,0.022391311824321747,0.01260021235793829,0.024699371308088303,0.01829836703836918,7.951542377471924,8.247520446777344,4.818588733673096,0.26707765460014343
1415,29801,83,5,2,center_duplicate,-1,0.0,0.0,0.004819092340767384,0.004819092340767384,6495.0,1245221.25,6000.836188435787,60.66910506358847,1808.0,31.63585090637207,0.0015944018959999084,0.017833586782217026,0.01037081889808178,0.013387742452323437,0.014229283668100834,0.0478997603058815,6.824490547180176,1.2873531579971313,2.1796975135803223,0.67423015832901
1415,29801,83,5,7,center_duplicate,-1,0.0,0.0,0.012707182206213474,0.012707182206213474,74607.0,15314099.0,194599.04631699156,171.57142377772556,5113.0,26.436113357543945,0.0015469755744561553,0.037771038711071014,0.013894619420170784,0.02938656508922577,0.021010667085647583,0.04061645269393921,2.290356397628784,4.109940528869629,6.244213104248047,0.661459743976593
1415,29801,84,6,1,minus,0,-0.1,0.1,0.018187135457992554,0.016456400975584984,8209.0,17704372.0,291350.2446529195,84.29247340693264,2512.0,96.47991180419922,0.004879876971244812,0.02411128394305706,0.015877479687333107,0.0440637469291687,0.04745238646864891,0.024348696693778038,1.7147413492202759,2.418577194213867,1.9084950685501099,0.6177399754524231
1415,29801,84,6,2,minus,0,-0.1,0.1,0.016054220497608185,0.014526459388434887,19339.0,58404116.0,848405.0191914402,99.79530888225227,2974.0,71.22661590576172,0.003998503088951111,0.03332260996103287,0.04898757115006447,0.019731642678380013,0.017863517627120018,0.013543943874537945,8.574448585510254,3.511550188064575,4.462161540985107,0.47644639015197754
1415,29801,84,6,7,minus,0,-0.1,0.1,0.01834116317331791,0.01659577153623104,29055.0,7261491.0,120510.04564839788,108.28495688064159,3227.0,18.03076934814453,0.0031880333553999662,0.013988914899528027,0.049588657915592194,0.04881652444601059,0.03754022717475891,0.029685191810131073,5.470731735229492,2.148503541946411,4.848639011383057,0.7454955577850342
1415,29801,85,6,1,minus,1,-0.05,0.05,0.018187135457992554,0.017300138249993324,8304.0,19237418.0,332809.9909729101,84.7958122210664,2527.0,96.47991180419922,0.004879876971244812,0.02411128394305706,0.015877479687333107,0.0440637469291687,0.04745238646864891,0.024348696693778038,1.7147413492202759,2.418577194213867,1.9084950685501099,0.6177399754524231
1415,29801,85,6,2,minus,1,-0.05,0.05,0.016054220497608185,0.015271247364580631,19632.0,62256476.0,950734.0450430773,100.56709506392403,2997.0,71.22661590576172,0.003998503088951111,0.03332260996103287,0.04898757115006447,0.019731642678380013,0.017863517627120018,0.013543943874537945,8.574448585510254,3.511550188064575,4.462161540985107,0.47644639015197754
1415,29801,85,6,7,minus,1,-0.05,0.05,0.01834116317331791,0.01744665391743183,29534.0,8162769.0,142413.0057509411,109.25807858796684,3256.0,18.03076934814453,0.0031880333553999662,0.013988914899528027,0.049588657915592194,0.04881652444601059,0.03754022717475891,0.029685191810131073,5.470731735229492,2.148503541946411,4.848639011383057,0.7454955577850342
1415,29801,86,6,1,minus,2,-0.02,0.02,0.018187135457992554,0.017827006056904793,8398.0,21215128.0,378202.21535401046,85.1313714304889,2537.0,96.47991180419922,0.004879876971244812,0.02411128394305706,0.015877479687333107,0.0440637469291687,0.04745238646864891,0.024348696693778038,1.7147413492202759,2.418577194213867,1.9084950685501099,0.6177399754524231
1415,29801,86,6,2,minus,2,-0.02,0.02,0.016054220497608185,0.015736326575279236,19765.0,69387232.0,1091900.1429066658,100.93621019428878,3008.0,71.22661590576172,0.003998503088951111,0.03332260996103287,0.04898757115006447,0.019731642678380013,0.017863517627120018,0.013543943874537945,8.574448585510254,3.511550188064575,4.462161540985107,0.47644639015197754
1415,29801,86,6,7,minus,2,-0.02,0.02,0.01834116317331791,0.017977984622120857,30423.0,8080618.5,145273.2351302253,110.7009831884836,3299.0,18.03076934814453,0.0031880333553999662,0.013988914899528027,0.049588657915592194,0.04881652444601059,0.03754022717475891,0.029685191810131073,5.470731735229492,2.148503541946411,4.848639011383057,0.7454955577850342
1415,29801,87,6,1,minus,3,-0.01,0.01,0.018187135457992554,0.01800617016851902,8395.0,21704798.0,390820.2862613313,85.16492735143116,2538.0,96.47991180419922,0.004879876971244812,0.02411128394305706,0.015877479687333107,0.0440637469291687,0.04745238646864891,0.024348696693778038,1.7147413492202759,2.418577194213867,1.9084950685501099,0.6177399754524231
1415,29801,87,6,2,minus,3,-0.01,0.01,0.016054220497608185,0.01589447818696499,19792.0,70951352.0,1127734.7166996747,101.03687795711552,3011.0,71.22661590576172,0.003998503088951111,0.03332260996103287,0.04898757115006447,0.019731642678380013,0.017863517627120018,0.013543943874537945,8.574448585510254,3.511550188064575,4.462161540985107,0.47644639015197754
1415,29801,87,6,7,minus,3,-0.01,0.01,0.01834116317331791,0.01815866492688656,30491.0,8378546.5,152143.21846783813,110.9023187141371,3305.0,18.03076934814453,0.0031880333553999662,0.013988914899528027,0.049588657915592194,0.04881652444601059,0.03754022717475891,0.029685191810131073,5.470731735229492,2.148503541946411,4.848639011383057,0.7454955577850342
1415,29801,88,6,1,minus,4,-0.005,0.005,0.018187135457992554,0.018096426501870155,8378.0,22790386.0,412424.54519825056,85.2655951142579,2541.0,96.47991180419922,0.004879876971244812,0.02411128394305706,0.015877479687333107,0.0440637469291687,0.04745238646864891,0.024348696693778038,1.7147413492202759,2.418577194213867,1.9084950685501099,0.6177399754524231
1415,29801,88,6,2,minus,4,-0.005,0.005,0.016054220497608185,0.015974149107933044,19811.0,72393720.0,1156428.0777579546,101.07043387805777,3012.0,71.22661590576172,0.003998503088951111,0.03332260996103287,0.04898757115006447,0.019731642678380013,0.017863517627120018,0.013543943874537945,8.574448585510254,3.511550188064575,4.462161540985107,0.47644639015197754
1415,29801,88,6,7,minus,4,-0.005,0.005,0.01834116317331791,0.018249686807394028,30767.0,8508263.0,155273.13502493873,111.3049897654441,3317.0,18.03076934814453,0.0031880333553999662,0.013988914899528027,0.049588657915592194,0.04881652444601059,0.03754022717475891,0.029685191810131073,5.470731735229492,2.148503541946411,4.848639011383057,0.7454955577850342
1415,29801,89,6,1,minus,5,-0.0025,0.0025,0.018187135457992554,0.018141724169254303,8382.0,22872064.0,414938.67626953125,85.2655951142579,2541.0,96.47991180419922,0.004879876971244812,0.02411128394305706,0.015877479687333107,0.0440637469291687,0.04745238646864891,0.024348696693778038,1.7147413492202759,2.418577194213867,1.9084950685501099,0.6177399754524231
1415,29801,89,6,2,minus,5,-0.0025,0.0025,0.016054220497608185,0.016014134511351585,19811.0,72589256.0,1162454.1096629351,101.07043387805777,3012.0,71.22661590576172,0.003998503088951111,0.03332260996103287,0.04898757115006447,0.019731642678380013,0.017863517627120018,0.013543943874537945,8.574448585510254,3.511550188064575,4.462161540985107,0.47644639015197754
1415,29801,89,6,7,minus,5,-0.0025,0.0025,0.01834116317331791,0.018295366317033768,30773.0,8547057.0,156371.53874756768,111.3721016073286,3319.0,18.03076934814453,0.0031880333553999662,0.013988914899528027,0.049588657915592194,0.04881652444601059,0.03754022717475891,0.029685191810131073,5.470731735229492,2.148503541946411,4.848639011383057,0.7454955577850342
1415,29801,90,6,1,center,6,0.0,0.0,0.018187135457992554,0.018187135457992554,8485.0,23006706.0,418426.07846421003,85.23203919331566,2540.0,96.47991180419922,0.004879876971244812,0.02411128394305706,0.015877479687333107,0.0440637469291687,0.04745238646864891,0.024348696693778038,1.7147413492202759,2.418577194213867,1.9084950685501099,0.6177399754524231
1415,29801,90,6,2,center,6,0.0,0.0,0.016054220497608185,0.016054220497608185,19794.0,73574816.0,1181186.3191349506,101.03687795711552,3011.0,71.22661590576172,0.003998503088951111,0.03332260996103287,0.04898757115006447,0.019731642678380013,0.017863517627120018,0.013543943874537945,8.574448585510254,3.511550188064575,4.462161540985107,0.47644639015197754
1415,29801,90,6,7,center,6,0.0,0.0,0.01834116317331791,0.01834116317331791,30773.0,8473058.0,155405.7393549867,111.50632529109761,3323.0,18.03076934814453,0.0031880333553999662,0.013988914899528027,0.049588657915592194,0.04881652444601059,0.03754022717475891,0.029685191810131073,5.470731735229492,2.148503541946411,4.848639011383057,0.7454955577850342
1415,29801,91,6,1,plus,7,0.0025,0.0025,0.018187135457992554,0.018232660368084908,8534.0,22491974.0,410088.52294979617,85.19848327237341,2539.0,96.47991180419922,0.004879876971244812,0.02411128394305706,0.015877479687333107,0.0440637469291687,0.04745238646864891,0.024348696693778038,1.7147413492202759,2.418577194213867,1.9084950685501099,0.6177399754524231
1415,29801,91,6,2,plus,7,0.0025,0.0025,0.016054220497608185,0.016094407066702843,19815.0,73394176.0,1181235.7448692322,101.07043387805777,3012.0,71.22661590576172,0.003998503088951111,0.03332260996103287,0.04898757115006447,0.019731642678380013,0.017863517627120018,0.013543943874537945,8.574448585510254,3.511550188064575,4.462161540985107,0.47644639015197754
1415,29801,91,6,7,plus,7,0.0025,0.0025,0.01834116317331791,0.018387073650956154,30731.0,8614869.0,158402.230796339,111.50632529109761,3323.0,18.03076934814453,0.0031880333553999662,0.013988914899528027,0.049588657915592194,0.04881652444601059,0.03754022717475891,0.029685191810131073,5.470731735229492,2.148503541946411,4.848639011383057,0.7454955577850342
1415,29801,92,6,1,plus,8,0.005,0.005,0.018187135457992554,0.018278298899531364,8538.0,22696958.0,414861.7824341096,85.19848327237341,2539.0,96.47991180419922,0.004879876971244812,0.02411128394305706,0.015877479687333107,0.0440637469291687,0.04745238646864891,0.024348696693778038,1.7147413492202759,2.418577194213867,1.9084950685501099,0.6177399754524231
1415,29801,92,6,2,plus,8,0.005,0.005,0.016054220497608185,0.01613469235599041,19856.0,72803320.0,1174659.1706947237,101.10398979900003,3013.0,71.22661590576172,0.003998503088951111,0.03332260996103287,0.04898757115006447,0.019731642678380013,0.017863517627120018,0.013543943874537945,8.574448585510254,3.511550188064575,4.462161540985107,0.47644639015197754
1415,29801,92,6,7,plus,8,0.005,0.005,0.01834116317331791,0.0184330977499485,30733.0,8621471.0,158920.41769134626,111.57343713298211,3325.0,18.03076934814453,0.0031880333553999662,0.013988914899528027,0.049588657915592194,0.04881652444601059,0.03754022717475891,0.029685191810131073,5.470731735229492,2.148503541946411,4.848639011383057,0.7454955577850342
1415,29801,93,6,1,plus,9,0.01,0.01,0.018187135457992554,0.018369918689131737,8543.0,23861504.0,438333.8882803917,85.36626287708465,2544.0,96.47991180419922,0.004879876971244812,0.02411128394305706,0.015877479687333107,0.0440637469291687,0.04745238646864891,0.024348696693778038,1.7147413492202759,2.418577194213867,1.9084950685501099,0.6177399754524231
1415,29801,93,6,2,plus,9,0.01,0.01,0.016054220497608185,0.016215568408370018,19944.0,74570296.0,1209199.7360204011,101.17110164088453,3015.0,71.22661590576172,0.003998503088951111,0.03332260996103287,0.04898757115006447,0.019731642678380013,0.017863517627120018,0.013543943874537945,8.574448585510254,3.511550188064575,4.462161540985107,0.47644639015197754
1415,29801,93,6,7,plus,9,0.01,0.01,0.01834116317331791,0.018525494262576103,30976.0,8892249.0,164733.3078308981,111.94255226334685,3336.0,18.03076934814453,0.0031880333553999662,0.013988914899528027,0.049588657915592194,0.04881652444601059,0.03754022717475891,0.029685191810131073,5.470731735229492,2.148503541946411,4.848639011383057,0.7454955577850342
1415,29801,94,6,1,plus,10,0.02,0.02,0.018187135457992554,0.01855454035103321,8571.0,23198908.0,430445.07458590716,85.50048656085366,2548.0,96.47991180419922,0.004879876971244812,0.02411128394305706,0.015877479687333107,0.0440637469291687,0.04745238646864891,0.024348696693778038,1.7147413492202759,2.418577194213867,1.9084950685501099,0.6177399754524231
1415,29801,94,6,2,plus,10,0.02,0.02,0.016054220497608185,0.016378536820411682,19967.0,76412088.0,1251518.1968325377,101.33888124559577,3020.0,71.22661590576172,0.003998503088951111,0.03332260996103287,0.04898757115006447,0.019731642678380013,0.017863517627120018,0.013543943874537945,8.574448585510254,3.511550188064575,4.462161540985107,0.47644639015197754
1415,29801,94,6,7,plus,10,0.02,0.02,0.01834116317331791,0.018711678683757782,31049.0,9109152.0,170447.52530550957,112.24455555182712,3345.0,18.03076934814453,0.0031880333553999662,0.013988914899528027,0.049588657915592194,0.04881652444601059,0.03754022717475891,0.029685191810131073,5.470731735229492,2.148503541946411,4.848639011383057,0.7454955577850342
1415,29801,95,6,1,plus,11,0.05,0.05,0.018187135457992554,0.019119609147310257,8384.0,24954636.0,477122.88673339784,85.80248984933391,2557.0,96.47991180419922,0.004879876971244812,0.02411128394305706,0.015877479687333107,0.0440637469291687,0.04745238646864891,0.024348696693778038,1.7147413492202759,2.418577194213867,1.9084950685501099,0.6177399754524231
1415,29801,95,6,2,plus,11,0.05,0.05,0.016054220497608185,0.01687733829021454,19966.0,79253248.0,1337583.8770942688,101.57377269219153,3027.0,71.22661590576172,0.003998503088951111,0.03332260996103287,0.04898757115006447,0.019731642678380013,0.017863517627120018,0.013543943874537945,8.574448585510254,3.511550188064575,4.462161540985107,0.47644639015197754
1415,29801,95,6,7,plus,11,0.05,0.05,0.01834116317331791,0.019281534478068352,31240.0,8792986.0,169542.26272417232,112.74789436596086,3360.0,18.03076934814453,0.0031880333553999662,0.013988914899528027,0.049588657915592194,0.04881652444601059,0.03754022717475891,0.029685191810131073,5.470731735229492,2.148503541946411,4.848639011383057,0.7454955577850342
1415,29801,96,6,1,plus,12,0.1,0.1,0.018187135457992554,0.02009989321231842,8732.0,26505698.0,532761.6993179619,86.54072011006342,2579.0,96.47991180419922,0.004879876971244812,0.02411128394305706,0.015877479687333107,0.0440637469291687,0.04745238646864891,0.024348696693778038,1.7147413492202759,2.418577194213867,1.9084950685501099,0.6177399754524231
1415,29801,96,6,2,plus,12,0.1,0.1,0.016054220497608185,0.017742658033967018,20192.0,89461320.0,1587281.6080272943,101.90933190161404,3037.0,71.22661590576172,0.003998503088951111,0.03332260996103287,0.04898757115006447,0.019731642678380013,0.017863517627120018,0.013543943874537945,8.574448585510254,3.511550188064575,4.462161540985107,0.47644639015197754
1415,29801,96,6,7,plus,12,0.1,0.1,0.01834116317331791,0.020270120352506638,32320.0,9759983.0,197836.0300484188,114.69413778061138,3418.0,18.03076934814453,0.0031880333553999662,0.013988914899528027,0.049588657915592194,0.04881652444601059,0.03754022717475891,0.029685191810131073,5.470731735229492,2.148503541946411,4.848639011383057,0.7454955577850342
1415,29801,97,6,1,center_duplicate,-1,0.0,0.0,0.018187135457992554,0.018187135457992554,8485.0,23006706.0,418426.07846421003,85.23203919331566,2540.0,96.47991180419922,0.004879876971244812,0.02411128394305706,0.015877479687333107,0.0440637469291687,0.04745238646864891,0.024348696693778038,1.7147413492202759,2.418577194213867,1.9084950685501099,0.6177399754524231
1415,29801,97,6,2,center_duplicate,-1,0.0,0.0,0.016054220497608185,0.016054220497608185,19794.0,73574816.0,1181186.3191349506,101.03687795711552,3011.0,71.22661590576172,0.003998503088951111,0.03332260996103287,0.04898757115006447,0.019731642678380013,0.017863517627120018,0.013543943874537945,8.574448585510254,3.511550188064575,4.462161540985107,0.47644639015197754
1415,29801,97,6,7,center_duplicate,-1,0.0,0.0,0.01834116317331791,0.01834116317331791,30773.0,8473058.0,155405.7393549867,111.50632529109761,3323.0,18.03076934814453,0.0031880333553999662,0.013988914899528027,0.049588657915592194,0.04881652444601059,0.03754022717475891,0.029685191810131073,5.470731735229492,2.148503541946411,4.848639011383057,0.7454955577850342
1415,29801,98,7,1,minus,0,-0.1,0.1,0.005644886288791895,0.005107704550027847,8590.0,6048778.0,30895.370912708342,92.44656219589946,2755.0,52.32191848754883,0.001907689031213522,0.028657300397753716,0.013177522458136082,0.02046092227101326,0.031077144667506218,0.049670636653900146,6.481612205505371,0.2743898928165436,1.009099006652832,0.3861621022224426
1415,29801,98,7,2,minus,0,-0.1,0.1,0.01847972720861435,0.016721148043870926,1350.0,375.1670837402344,6.27322434840778,22.18046374282742,661.0,1.9274224042892456,0.0006420366116799414,0.020790288224816322,0.027660297229886055,0.02674812823534012,0.03037550114095211,0.03694647178053856,4.407487869262695,6.496186256408691,3.348017930984497,0.552773118019104
1415,29801,98,7,7,minus,0,-0.1,0.1,0.006495960056781769,0.005877787712961435,12500.0,6339150.5,37260.18091951334,74.22569712425756,2212.0,81.40618896484375,0.0025993387680500746,0.016788994893431664,0.04067101329565048,0.03674013912677765,0.012556415051221848,0.04945344105362892,7.4825053215026855,6.3737263679504395,0.6165230870246887,0.23225137591362
1415,29801,99,7,1,minus,1,-0.05,0.05,0.005644886288791895,0.005369582213461399,8829.0,6918694.5,37150.49892757321,93.41968390322472,2784.0,52.32191848754883,0.001907689031213522,0.028657300397753716,0.013177522458136082,0.02046092227101326,0.031077144667506218,0.049670636653900146,6.481612205505371,0.2743898928165436,1.009099006652832,0.3861621022224426
1415,29801,99,7,2,minus,1,-0.05,0.05,0.01847972720861435,0.01757846027612686,1364.0,344.73614501953125,6.059930630970939,23.38847689674843,697.0,1.9274224042892456,0.0006420366116799414,0.020790288224816322,0.027660297229886055,0.02674812823534012,0.03037550114095211,0.03694647178053856,4.407487869262695,6.496186256408691,3.348017930984497,0.552773118019104
1415,29801,99,7,7,minus,1,-0.05,0.05,0.006495960056781769,0.006179148331284523,12732.0,7022265.0,43391.61705658771,75.23237475252508,2242.0,81.40618896484375,0.0025993387680500746,0.016788994893431664,0.04067101329565048,0.03674013912677765,0.012556415051221848,0.04945344105362892,7.4825053215026855,6.3737263679504395,0.6165230870246887,0.23225137591362
1415,29801,100,7,1,minus,2,-0.02,0.02,0.005644886288791895,0.00553310988470912,9071.0,7797085.5,43142.13085197215,95.09747995033723,2834.0,52.32191848754883,0.001907689031213522,0.028657300397753716,0.013177522458136082,0.02046092227101326,0.031077144667506218,0.049670636653900146,6.481612205505371,0.2743898928165436,1.009099006652832,0.3861621022224426
1415,29801,100,7,2,minus,2,-0.02,0.02,0.01847972720861435,0.01811380498111248,1375.0,381.2155456542969,6.905264049750315,24.160263078420186,720.0,1.9274224042892456,0.0006420366116799414,0.020790288224816322,0.027660297229886055,0.02674812823534012,0.03037550114095211,0.03694647178053856,4.407487869262695,6.496186256408691,3.348017930984497,0.552773118019104
1415,29801,100,7,7,minus,2,-0.02,0.02,0.006495960056781769,0.006367331370711327,12597.0,7265660.0,46262.86484692246,75.66860172477433,2255.0,81.40618896484375,0.0025993387680500746,0.016788994893431664,0.04067101329565048,0.03674013912677765,0.012556415051221848,0.04945344105362892,7.4825053215026855,6.3737263679504395,0.6165230870246887,0.23225137591362
1415,29801,101,7,1,minus,3,-0.01,0.01,0.005644886288791895,0.005588718689978123,9081.0,7689929.5,42976.85272126412,95.09747995033723,2834.0,52.32191848754883,0.001907689031213522,0.028657300397753716,0.013177522458136082,0.02046092227101326,0.031077144667506218,0.049670636653900146,6.481612205505371,0.2743898928165436,1.009099006652832,0.3861621022224426
1415,29801,101,7,2,minus,3,-0.01,0.01,0.01847972720861435,0.018295850604772568,1402.0,387.1122131347656,7.082547218796549,24.328042683131436,725.0,1.9274224042892456,0.0006420366116799414,0.020790288224816322,0.027660297229886055,0.02674812823534012,0.03037550114095211,0.03694647178053856,4.407487869262695,6.496186256408691,3.348017930984497,0.552773118019104
1415,29801,101,7,7,minus,3,-0.01,0.01,0.006495960056781769,0.006431324407458305,12912.0,7252942.0,46646.022910479456,75.97060501325458,2264.0,81.40618896484375,0.0025993387680500746,0.016788994893431664,0.04067101329565048,0.03674013912677765,0.012556415051221848,0.04945344105362892,7.4825053215026855,6.3737263679504395,0.6165230870246887,0.23225137591362
1415,29801,102,7,1,minus,4,-0.005,0.005,0.005644886288791895,0.005616732407361269,9002.0,7661297.5,43031.45795068587,94.92970034562597,2829.0,52.32191848754883,0.001907689031213522,0.028657300397753716,0.013177522458136082,0.02046092227101326,0.031077144667506218,0.049670636653900146,6.481612205505371,0.2743898928165436,1.009099006652832,0.3861621022224426
1415,29801,102,7,2,minus,4,-0.005,0.005,0.01847972720861435,0.018387557938694954,1410.0,387.6697692871094,7.128300343847229,24.529378208784937,731.0,1.9274224042892456,0.0006420366116799414,0.020790288224816322,0.027660297229886055,0.02674812823534012,0.03037550114095211,0.03694647178053856,4.407487869262695,6.496186256408691,3.348017930984497,0.552773118019104
1415,29801,102,7,7,minus,4,-0.005,0.005,0.006495960056781769,0.0064635612070560455,12880.0,7454368.5,48181.76705970056,76.17194053890809,2270.0,81.40618896484375,0.0025993387680500746,0.016788994893431664,0.04067101329565048,0.03674013912677765,0.012556415051221848,0.04945344105362892,7.4825053215026855,6.3737263679504395,0.6165230870246887,0.23225137591362
1415,29801,103,7,1,minus,5,-0.0025,0.0025,0.005644886288791895,0.005630791652947664,8992.0,7700150.0,43357.94034644496,94.92970034562597,2829.0,52.32191848754883,0.001907689031213522,0.028657300397753716,0.013177522458136082,0.02046092227101326,0.031077144667506218,0.049670636653900146,6.481612205505371,0.2743898928165436,1.009099006652832,0.3861621022224426
1415,29801,103,7,2,minus,5,-0.0025,0.0025,0.01847972720861435,0.0184335857629776,1401.0,521.6687622070312,9.616225868009678,24.56293412972719,732.0,1.9274224042892456,0.0006420366116799414,0.020790288224816322,0.027660297229886055,0.02674812823534012,0.03037550114095211,0.03694647178053856,4.407487869262695,6.496186256408691,3.348017930984497,0.552773118019104
1415,29801,103,7,7,minus,5,-0.0025,0.0025,0.006495960056781769,0.006479740142822266,12912.0,7301221.0,47310.014805316925,76.17194053890809,2270.0,81.40618896484375,0.0025993387680500746,0.016788994893431664,0.04067101329565048,0.03674013912677765,0.012556415051221848,0.04945344105362892,7.4825053215026855,6.3737263679504395,0.6165230870246887,0.23225137591362
1415,29801,104,7,1,center,6,0.0,0.0,0.005644886288791895,0.005644886288791895,9078.0,7961968.0,44944.403994999826,95.33237139693298,2841.0,52.32191848754883,0.001907689031213522,0.028657300397753716,0.013177522458136082,0.02046092227101326,0.031077144667506218,0.049670636653900146,6.481612205505371,0.2743898928165436,1.009099006652832,0.3861621022224426
1415,29801,104,7,2,center,6,0.0,0.0,0.01847972720861435,0.01847972720861435,1401.0,521.669921875,9.64031784918916,24.56293412972719,732.0,1.9274224042892456,0.0006420366116799414,0.020790288224816322,0.027660297229886055,0.02674812823534012,0.03037550114095211,0.03694647178053856,4.407487869262695,6.496186256408691,3.348017930984497,0.552773118019104
1415,29801,104,7,7,center,6,0.0,0.0,0.006495960056781769,0.006495960056781769,12888.0,7381366.5,47949.061948467046,76.23905238079259,2272.0,81.40618896484375,0.0025993387680500746,0.016788994893431664,0.04067101329565048,0.03674013912677765,0.012556415051221848,0.04945344105362892,7.4825053215026855,6.3737263679504395,0.6165230870246887,0.23225137591362
1415,29801,105,7,1,plus,7,0.0025,0.0025,0.005644886288791895,0.005659016314893961,9066.0,7851637.5,44432.54471113323,95.26525955504849,2839.0,52.32191848754883,0.001907689031213522,0.028657300397753716,0.013177522458136082,0.02046092227101326,0.031077144667506218,0.049670636653900146,6.481612205505371,0.2743898928165436,1.009099006652832,0.3861621022224426
1415,29801,105,7,2,plus,7,0.0025,0.0025,0.01847972720861435,0.01852598413825035,1415.0,518.2859497070312,9.60175728335048,24.69715781349619,736.0,1.9274224042892456,0.0006420366116799414,0.020790288224816322,0.027660297229886055,0.02674812823534012,0.03037550114095211,0.03694647178053856,4.407487869262695,6.496186256408691,3.348017930984497,0.552773118019104
1415,29801,105,7,7,plus,7,0.0025,0.0025,0.006495960056781769,0.006512220483273268,12942.0,7526192.0,49012.2217034474,76.3732760645616,2276.0,81.40618896484375,0.0025993387680500746,0.016788994893431664,0.04067101329565048,0.03674013912677765,0.012556415051221848,0.04945344105362892,7.4825053215026855,6.3737263679504395,0.6165230870246887,0.23225137591362
1415,29801,106,7,1,plus,8,0.005,0.005,0.005644886288791895,0.005673181265592575,9057.0,7728960.0,43847.79107451439,95.29881547599074,2840.0,52.32191848754883,0.001907689031213522,0.028657300397753716,0.013177522458136082,0.02046092227101326,0.031077144667506218,0.049670636653900146,6.481612205505371,0.2743898928165436,1.009099006652832,0.3861621022224426
1415,29801,106,7,2,plus,8,0.005,0.005,0.01847972720861435,0.018572356551885605,1418.0,519.336669921875,9.645305804257987,24.73071373443844,737.0,1.9274224042892456,0.0006420366116799414,0.020790288224816322,0.027660297229886055,0.02674812823534012,0.03037550114095211,0.03694647178053856,4.407487869262695,6.496186256408691,3.348017930984497,0.552773118019104
1415,29801,106,7,7,plus,8,0.005,0.005,0.006495960056781769,0.006528520956635475,12949.0,7361549.0,48060.026919798926,76.40683198550384,2277.0,81.40618896484375,0.0025993387680500746,0.016788994893431664,0.04067101329565048,0.03674013912677765,0.012556415051221848,0.04945344105362892,7.4825053215026855,6.3737263679504395,0.6165230870246887,0.23225137591362
1415,29801,107,7,1,plus,9,0.01,0.01,0.005644886288791895,0.005701618269085884,9150.0,7592250.5,43288.11415427644,95.33237139693298,2841.0,52.32191848754883,0.001907689031213522,0.028657300397753716,0.013177522458136082,0.02046092227101326,0.031077144667506218,0.049670636653900146,6.481612205505371,0.2743898928165436,1.009099006652832,0.3861621022224426
1415,29801,107,7,2,plus,9,0.01,0.01,0.01847972720861435,0.018665451556444168,1394.0,711.9625244140625,13.289102009454382,24.86493741820744,741.0,1.9274224042892456,0.0006420366116799414,0.020790288224816322,0.027660297229886055,0.02674812823534012,0.03037550114095211,0.03694647178053856,4.407487869262695,6.496186256408691,3.348017930984497,0.552773118019104
1415,29801,107,7,7,plus,9,0.01,0.01,0.006495960056781769,0.006561245769262314,13025.0,7211297.0,47315.091932144016,76.67527935304184,2285.0,81.40618896484375,0.0025993387680500746,0.016788994893431664,0.04067101329565048,0.03674013912677765,0.012556415051221848,0.04945344105362892,7.4825053215026855,6.3737263679504395,0.6165230870246887,0.23225137591362
1415,29801,108,7,1,plus,10,0.02,0.02,0.005644886288791895,0.005758920684456825,9351.0,8188605.0,47157.52671134658,95.83571021106674,2856.0,52.32191848754883,0.001907689031213522,0.028657300397753716,0.013177522458136082,0.02046092227101326,0.031077144667506218,0.049670636653900146,6.481612205505371,0.2743898928165436,1.009099006652832,0.3861621022224426
1415,29801,108,7,2,plus,10,0.02,0.02,0.01847972720861435,0.018853042274713516,1419.0,713.641845703125,13.454319886045596,25.368276232341195,756.0,1.9274224042892456,0.0006420366116799414,0.020790288224816322,0.027660297229886055,0.02674812823534012,0.03037550114095211,0.03694647178053856,4.407487869262695,6.496186256408691,3.348017930984497,0.552773118019104
1415,29801,108,7,7,plus,10,0.02,0.02,0.006495960056781769,0.006627187132835388,13048.0,6864265.5,45490.77199796587,76.9101707996376,2292.0,81.40618896484375,0.0025993387680500746,0.016788994893431664,0.04067101329565048,0.03674013912677765,0.012556415051221848,0.04945344105362892,7.4825053215026855,6.3737263679504395,0.6165230870246887,0.23225137591362
1415,29801,109,7,1,plus,11,0.05,0.05,0.005644886288791895,0.005934305489063263,9556.0,8522272.0,50573.76550889015,96.6074963927385,2879.0,52.32191848754883,0.001907689031213522,0.028657300397753716,0.013177522458136082,0.02046092227101326,0.031077144667506218,0.049670636653900146,6.481612205505371,0.2743898928165436,1.009099006652832,0.3861621022224426
1415,29801,109,7,2,plus,11,0.05,0.05,0.01847972720861435,0.01942720264196396,1523.0,669.909423828125,13.014466128470303,26.1065064930707,778.0,1.9274224042892456,0.0006420366116799414,0.020790288224816322,0.027660297229886055,0.02674812823534012,0.03037550114095211,0.03694647178053856,4.407487869262695,6.496186256408691,3.348017930984497,0.552773118019104
1415,29801,109,7,7,plus,11,0.05,0.05,0.006495960056781769,0.006829014979302883,13398.0,7989351.5,54559.40106841596,77.5141773765981,2310.0,81.40618896484375,0.0025993387680500746,0.016788994893431664,0.04067101329565048,0.03674013912677765,0.012556415051221848,0.04945344105362892,7.4825053215026855,6.3737263679504395,0.6165230870246887,0.23225137591362
1415,29801,110,7,1,plus,12,0.1,0.1,0.005644886288791895,0.006238564383238554,9765.0,8935149.0,55742.50231032958,97.78195362571725,2914.0,52.32191848754883,0.001907689031213522,0.028657300397753716,0.013177522458136082,0.02046092227101326,0.031077144667506218,0.049670636653900146,6.481612205505371,0.2743898928165436,1.009099006652832,0.3861621022224426
1415,29801,110,7,2,plus,12,0.1,0.1,0.01847972720861435,0.02042325772345066,1637.0,533.2890014648438,10.89149871799816,27.046072279453707,806.0,1.9274224042892456,0.0006420366116799414,0.020790288224816322,0.027660297229886055,0.02674812823534012,0.03037550114095211,0.03694647178053856,4.407487869262695,6.496186256408691,3.348017930984497,0.552773118019104
1415,29801,110,7,7,plus,12,0.1,0.1,0.006495960056781769,0.007179146632552147,13836.0,8641653.0,62039.69403463416,78.7221905305191,2346.0,81.40618896484375,0.0025993387680500746,0.016788994893431664,0.04067101329565048,0.03674013912677765,0.012556415051221848,0.04945344105362892,7.4825053215026855,6.3737263679504395,0.6165230870246887,0.23225137591362
1415,29801,111,7,1,center_duplicate,-1,0.0,0.0,0.005644886288791895,0.005644886288791895,9078.0,7961968.0,44944.403994999826,95.33237139693298,2841.0,52.32191848754883,0.001907689031213522,0.028657300397753716,0.013177522458136082,0.02046092227101326,0.031077144667506218,0.049670636653900146,6.481612205505371,0.2743898928165436,1.009099006652832,0.3861621022224426
1415,29801,111,7,2,center_duplicate,-1,0.0,0.0,0.01847972720861435,0.01847972720861435,1401.0,521.669921875,9.64031784918916,24.56293412972719,732.0,1.9274224042892456,0.0006420366116799414,0.020790288224816322,0.027660297229886055,0.02674812823534012,0.03037550114095211,0.03694647178053856,4.407487869262695,6.496186256408691,3.348017930984497,0.552773118019104
1415,29801,111,7,7,center_duplicate,-1,0.0,0.0,0.006495960056781769,0.006495960056781769,12888.0,7381366.5,47949.061948467046,76.23905238079259,2272.0,81.40618896484375,0.0025993387680500746,0.016788994893431664,0.04067101329565048,0.03674013912677765,0.012556415051221848,0.04945344105362892,7.4825053215026855,6.3737263679504395,0.6165230870246887,0.23225137591362
