seed,sim_len,row_index,init_id,cell,row_kind,offset_index,log_offset,epsilon,center_gain,gain,loss,analytic_gradient_gain,analytic_gradient_log_gain,firing_rate_hz,spike_count,center_Strf_alpha,center_output_ad,center_on_ron_gSYN,center_off_ron_gSYN,center_on_sonoff_gSYN,center_off_sonoff_gSYN,center_sonoff_ron_gSYN,center_abs_ref,center_rel_ref_a,center_rel_ref_b,center_rel_ref_c
1819,29801,0,0,1,minus,0,-0.1,0.1,0.010369358584284782,0.009382584132254124,5615.0,3015.065185546875,28.289102767623945,34.62971041240227,1032.0,6.626354694366455,0.0035706069320440292,0.017586013302206993,0.0440235361456871,0.036416418850421906,0.015820348635315895,0.03075505420565605,9.734742164611816,4.234930515289307,6.025596618652344,0.5770443677902222
1819,29801,0,0,2,minus,0,-0.1,0.1,0.0017865144181996584,0.0016165050910785794,8527.0,5607690.0,9064.859434190439,68.11851951276802,2030.0,59.34796905517578,0.003477817866951227,0.03811865672469139,0.019889790564775467,0.039781637489795685,0.045002952218055725,0.024391407147049904,3.5100626945495605,4.31492280960083,8.399785995483398,0.2598817050457001
1819,29801,0,0,7,minus,0,-0.1,0.1,0.015980957075953484,0.014460167847573757,41998.0,181032160.0,2617755.419408828,133.31767390356026,3973.0,59.11423873901367,0.004803546704351902,0.04223012551665306,0.038019679486751556,0.04160550981760025,0.04478614404797554,0.020792031660676003,4.51259708404541,8.273573875427246,6.738358020782471,0.34646177291870117
1819,29801,1,0,1,minus,1,-0.05,0.05,0.010369358584284782,0.009863639250397682,5560.0,-5363.5556640625,-52.90417816973968,35.33438475218952,1053.0,6.626354694366455,0.0035706069320440292,0.017586013302206993,0.0440235361456871,0.036416418850421906,0.015820348635315895,0.03075505420565605,9.734742164611816,4.234930515289307,6.025596618652344,0.5770443677902222
1819,29801,1,0,2,minus,1,-0.05,0.05,0.0017865144181996584,0.0016993851168081164,9219.0,5526293.0,9391.300075320876,70.13187476930304,2090.0,59.34796905517578,0.003477817866951227,0.03811865672469139,0.019889790564775467,0.039781637489795685,0.045002952218055725,0.024391407147049904,3.5100626945495605,4.31492280960083,8.399785995483398,0.2598817050457001
1819,29801,1,0,7,minus,1,-0.05,0.05,0.015980957075953484,0.01520155742764473,42952.0,201512048.0,3063296.9700343013,134.5927988993658,4011.0,59.11423873901367,0.004803546704351902,0.04223012551665306,0.038019679486751556,0.04160550981760025,0.04478614404797554,0.020792031660676003,4.51259708404541,8.273573875427246,6.738358020782471,0.34646177291870117
1819,29801,2,0,1,minus,2,-0.02,0.02,0.010369358584284782,0.010164031758904457,5501.0,-12373.2197265625,-125.76179826068437,36.173282775745776,1078.0,6.626354694366455,0.0035706069320440292,0.017586013302206993,0.0440235361456871,0.036416418850421906,0.015820348635315895,0.03075505420565605,9.734742164611816,4.234930515289307,6.025596618652344,0.5770443677902222
1819,29801,2,0,2,minus,2,-0.02,0.02,0.0017865144181996584,0.001751139061525464,9517.0,5379216.5,9419.756133552291,71.20566423945505,2122.0,59.34796905517578,0.003477817866951227,0.03811865672469139,0.019889790564775467,0.039781637489795685,0.045002952218055725,0.024391407147049904,3.5100626945495605,4.31492280960083,8.399785995483398,0.2598817050457001
1819,29801,2,0,7,minus,2,-0.02,0.02,0.015980957075953484,0.015664512291550636,43473.0,216684208.0,3394252.4396009147,135.33102916009528,4033.0,59.11423873901367,0.004803546704351902,0.04223012551665306,0.038019679486751556,0.04160550981760025,0.04478614404797554,0.020792031660676003,4.51259708404541,8.273573875427246,6.738358020782471,0.34646177291870117
1819,29801,3,0,1,minus,3,-0.01,0.01,0.010369358584284782,0.010266182012856007,5474.0,-12288.9453125,-126.16054932415864,36.40817422234153,1085.0,6.626354694366455,0.0035706069320440292,0.017586013302206993,0.0440235361456871,0.036416418850421906,0.015820348635315895,0.03075505420565605,9.734742164611816,4.234930515289307,6.025596618652344,0.5770443677902222
1819,29801,3,0,2,minus,3,-0.01,0.01,0.0017865144181996584,0.0017687382642179728,9565.0,5164575.0,9134.781420923537,71.40699976510855,2128.0,59.34796905517578,0.003477817866951227,0.03811865672469139,0.019889790564775467,0.039781637489795685,0.045002952218055725,0.024391407147049904,3.5100626945495605,4.31492280960083,8.399785995483398,0.2598817050457001
1819,29801,3,0,7,minus,3,-0.01,0.01,0.015980957075953484,0.015821943059563637,43392.0,226560656.0,3584629.7987693846,135.16324955538403,4028.0,59.11423873901367,0.004803546704351902,0.04223012551665306,0.038019679486751556,0.04160550981760025,0.04478614404797554,0.020792031660676003,4.51259708404541,8.273573875427246,6.738358020782471,0.34646177291870117
1819,29801,4,0,1,minus,4,-0.005,0.005,0.010369358584284782,0.01031764131039381,5455.0,-10372.931640625,-107.02418800520354,36.64306566893728,1092.0,6.626354694366455,0.0035706069320440292,0.017586013302206993,0.0440235361456871,0.036416418850421906,0.015820348635315895,0.03075505420565605,9.734742164611816,4.234930515289307,6.025596618652344,0.5770443677902222
1819,29801,4,0,2,minus,4,-0.005,0.005,0.0017865144181996584,0.0017776041058823466,9632.0,5325609.5,9466.825313526031,71.5747793698198,2133.0,59.34796905517578,0.003477817866951227,0.03811865672469139,0.019889790564775467,0.039781637489795685,0.045002952218055725,0.024391407147049904,3.5100626945495605,4.31492280960083,8.399785995483398,0.2598817050457001
1819,29801,4,0,7,minus,4,-0.005,0.005,0.015980957075953484,0.015901250764727592,43655.0,229305504.0,3646244.320836246,135.46525284386428,4037.0,59.11423873901367,0.004803546704351902,0.04223012551665306,0.038019679486751556,0.04160550981760025,0.04478614404797554,0.020792031660676003,4.51259708404541,8.273573875427246,6.738358020782471,0.34646177291870117
1819,29801,5,0,1,minus,5,-0.0025,0.0025,0.010369358584284782,0.010343467816710472,5471.0,-13498.787109375,-139.6242700304465,36.57595382705278,1090.0,6.626354694366455,0.0035706069320440292,0.017586013302206993,0.0440235361456871,0.036416418850421906,0.015820348635315895,0.03075505420565605,9.734742164611816,4.234930515289307,6.025596618652344,0.5770443677902222
1819,29801,5,0,2,minus,5,-0.0025,0.0025,0.0017865144181996584,0.001782053615897894,9628.0,5342444.0,9520.521647932008,71.6418912117043,2135.0,59.34796905517578,0.003477817866951227,0.03811865672469139,0.019889790564775467,0.039781637489795685,0.045002952218055725,0.024391407147049904,3.5100626945495605,4.31492280960083,8.399785995483398,0.2598817050457001
1819,29801,5,0,7,minus,5,-0.0025,0.0025,0.015980957075953484,0.01594105362892151,43625.0,231617424.0,3692225.7773766518,135.39814100197978,4035.0,59.11423873901367,0.004803546704351902,0.04223012551665306,0.038019679486751556,0.04160550981760025,0.04478614404797554,0.020792031660676003,4.51259708404541,8.273573875427246,6.738358020782471,0.34646177291870117
1819,29801,6,0,1,center,6,0.0,0.0,0.010369358584284782,0.010369358584284782,5403.0,-11754.8818359375,-121.89058487273178,36.71017751082178,1094.0,6.626354694366455,0.0035706069320440292,0.017586013302206993,0.0440235361456871,0.036416418850421906,0.015820348635315895,0.03075505420565605,9.734742164611816,4.234930515289307,6.025596618652344,0.5770443677902222
1819,29801,6,0,2,center,6,0.0,0.0,0.0017865144181996584,0.0017865144181996584,9660.0,5515289.5,9853.144212295185,71.7090030535888,2137.0,59.34796905517578,0.003477817866951227,0.03811865672469139,0.019889790564775467,0.039781637489795685,0.045002952218055725,0.024391407147049904,3.5100626945495605,4.31492280960083,8.399785995483398,0.2598817050457001
1819,29801,6,0,7,center,6,0.0,0.0,0.015980957075953484,0.015980957075953484,43631.0,237838000.0,3800878.8690306246,135.46525284386428,4037.0,59.11423873901367,0.004803546704351902,0.04223012551665306,0.038019679486751556,0.04160550981760025,0.04478614404797554,0.020792031660676003,4.51259708404541,8.273573875427246,6.738358020782471,0.34646177291870117
1819,29801,7,0,1,plus,7,0.0025,0.0025,0.010369358584284782,0.010395314544439316,5392.0,-12264.8720703125,-127.49720301820707,36.81084527364853,1097.0,6.626354694366455,0.0035706069320440292,0.017586013302206993,0.0440235361456871,0.036416418850421906,0.015820348635315895,0.03075505420565605,9.734742164611816,4.234930515289307,6.025596618652344,0.5770443677902222
1819,29801,7,0,2,plus,7,0.0025,0.0025,0.0017865144181996584,0.0017909863963723183,9730.0,5573062.5,9981.279123632703,71.8432267373578,2141.0,59.34796905517578,0.003477817866951227,0.03811865672469139,0.019889790564775467,0.039781637489795685,0.045002952218055725,0.024391407147049904,3.5100626945495605,4.31492280960083,8.399785995483398,0.2598817050457001
1819,29801,7,0,7,plus,7,0.0025,0.0025,0.015980957075953484,0.016020959243178368,43751.0,235830016.0,3778223.0746541023,135.5994765276333,4041.0,59.11423873901367,0.004803546704351902,0.04223012551665306,0.038019679486751556,0.04160550981760025,0.04478614404797554,0.020792031660676003,4.51259708404541,8.273573875427246,6.738358020782471,0.34646177291870117
1819,29801,8,0,1,plus,8,0.005,0.005,0.010369358584284782,0.010421334765851498,5389.0,-12803.68359375,-133.43147296650932,36.84440119459078,1098.0,6.626354694366455,0.0035706069320440292,0.017586013302206993,0.0440235361456871,0.036416418850421906,0.015820348635315895,0.03075505420565605,9.734742164611816,4.234930515289307,6.025596618652344,0.5770443677902222
1819,29801,8,0,2,plus,8,0.005,0.005,0.0017865144181996584,0.0017954693175852299,9703.0,5541178.0,9949.015082278289,71.74255897453105,2138.0,59.34796905517578,0.003477817866951227,0.03811865672469139,0.019889790564775467,0.039781637489795685,0.045002952218055725,0.024391407147049904,3.5100626945495605,4.31492280960083,8.399785995483398,0.2598817050457001
1819,29801,8,0,7,plus,8,0.005,0.005,0.015980957075953484,0.01606106199324131,43864.0,237832496.0,3819842.462263316,135.70014429046003,4044.0,59.11423873901367,0.004803546704351902,0.04223012551665306,0.038019679486751556,0.04160550981760025,0.04478614404797554,0.020792031660676003,4.51259708404541,8.273573875427246,6.738358020782471,0.34646177291870117
1819,29801,9,0,1,plus,9,0.01,0.01,0.010369358584284782,0.01047357264906168,5348.0,-9686.2265625,-101.44939759761473,36.877957115533036,1099.0,6.626354694366455,0.0035706069320440292,0.017586013302206993,0.0440235361456871,0.036416418850421906,0.015820348635315895,0.03075505420565605,9.734742164611816,4.234930515289307,6.025596618652344,0.5770443677902222
1819,29801,9,0,2,plus,9,0.01,0.01,0.0017865144181996584,0.0018044691532850266,9763.0,5499924.5,9924.444105646573,72.01100634206905,2146.0,59.34796905517578,0.003477817866951227,0.03811865672469139,0.019889790564775467,0.039781637489795685,0.045002952218055725,0.024391407147049904,3.5100626945495605,4.31492280960083,8.399785995483398,0.2598817050457001
1819,29801,9,0,7,plus,9,0.01,0.01,0.015980957075953484,0.01614156924188137,43804.0,235499632.0,3801333.6163655818,135.63303244857553,4042.0,59.11423873901367,0.004803546704351902,0.04223012551665306,0.038019679486751556,0.04160550981760025,0.04478614404797554,0.020792031660676003,4.51259708404541,8.273573875427246,6.738358020782471,0.34646177291870117
1819,29801,10,0,1,plus,10,0.02,0.02,0.010369358584284782,0.010578833520412445,5409.0,-12687.4931640625,-134.21887797398813,37.179960404013286,1108.0,6.626354694366455,0.0035706069320440292,0.017586013302206993,0.0440235361456871,0.036416418850421906,0.015820348635315895,0.03075505420565605,9.734742164611816,4.234930515289307,6.025596618652344,0.5770443677902222
1819,29801,10,0,2,plus,10,0.02,0.02,0.0017865144181996584,0.0018226043321192265,9921.0,6000480.5,10936.501754096942,72.27945370960705,2154.0,59.34796905517578,0.003477817866951227,0.03811865672469139,0.019889790564775467,0.039781637489795685,0.045002952218055725,0.024391407147049904,3.5100626945495605,4.31492280960083,8.399785995483398,0.2598817050457001
1819,29801,10,0,7,plus,10,0.02,0.02,0.015980957075953484,0.01630379445850849,43996.0,242457872.0,3952983.309935361,136.0692594208248,4055.0,59.11423873901367,0.004803546704351902,0.04223012551665306,0.038019679486751556,0.04160550981760025,0.04478614404797554,0.020792031660676003,4.51259708404541,8.273573875427246,6.738358020782471,0.34646177291870117
1819,29801,11,0,1,plus,11,0.05,0.05,0.010369358584284782,0.010901006869971752,5495.0,-2699.1240234375,-29.423169522397984,37.515519613435785,1118.0,6.626354694366455,0.0035706069320440292,0.017586013302206993,0.0440235361456871,0.036416418850421906,0.015820348635315895,0.03075505420565605,9.734742164611816,4.234930515289307,6.025596618652344,0.5770443677902222
1819,29801,11,0,2,plus,11,0.05,0.05,0.0017865144181996584,0.0018781109247356653,10319.0,6138037.5,11527.915285187191,73.75591423106607,2198.0,59.34796905517578,0.003477817866951227,0.03811865672469139,0.019889790564775467,0.039781637489795685,0.045002952218055725,0.024391407147049904,3.5100626945495605,4.31492280960083,8.399785995483398,0.2598817050457001
1819,29801,11,0,7,plus,11,0.05,0.05,0.015980957075953484,0.01680031791329384,44628.0,258972128.0,4350814.081082225,136.97526928626556,4082.0,59.11423873901367,0.004803546704351902,0.04223012551665306,0.038019679486751556,0.04160550981760025,0.04478614404797554,0.020792031660676003,4.51259708404541,8.273573875427246,6.738358020782471,0.34646177291870117
1819,29801,12,0,1,plus,12,0.1,0.1,0.010369358584284782,0.011459914036095142,5233.0,4024.434814453125,46.11967701750132,38.9919801348948,1162.0,6.626354694366455,0.0035706069320440292,0.017586013302206993,0.0440235361456871,0.036416418850421906,0.015820348635315895,0.03075505420565605,9.734742164611816,4.234930515289307,6.025596618652344,0.5770443677902222
1819,29801,12,0,2,plus,12,0.1,0.1,0.0017865144181996584,0.0019744038581848145,10897.0,6392325.0,12621.031142771244,75.83638132948558,2260.0,59.34796905517578,0.003477817866951227,0.03811865672469139,0.019889790564775467,0.039781637489795685,0.045002952218055725,0.024391407147049904,3.5100626945495605,4.31492280960083,8.399785995483398,0.2598817050457001
1819,29801,12,0,7,plus,12,0.1,0.1,0.015980957075953484,0.01766168884932995,45165.0,295204960.0,5213818.150298893,137.8141673098218,4107.0,59.11423873901367,0.004803546704351902,0.04223012551665306,0.038019679486751556,0.04160550981760025,0.04478614404797554,0.020792031660676003,4.51259708404541,8.273573875427246,6.738358020782471,0.34646177291870117
1819,29801,13,0,1,center_duplicate,-1,0.0,0.0,0.010369358584284782,0.010369358584284782,5403.0,-11754.8818359375,-121.89058487273178,36.71017751082178,1094.0,6.626354694366455,0.0035706069320440292,0.017586013302206993,0.0440235361456871,0.036416418850421906,0.015820348635315895,0.03075505420565605,9.734742164611816,4.234930515289307,6.025596618652344,0.5770443677902222
1819,29801,13,0,2,center_duplicate,-1,0.0,0.0,0.0017865144181996584,0.0017865144181996584,9660.0,5515289.5,9853.144212295185,71.7090030535888,2137.0,59.34796905517578,0.003477817866951227,0.03811865672469139,0.019889790564775467,0.039781637489795685,0.045002952218055725,0.024391407147049904,3.5100626945495605,4.31492280960083,8.399785995483398,0.2598817050457001
1819,29801,13,0,7,center_duplicate,-1,0.0,0.0,0.015980957075953484,0.015980957075953484,43631.0,237838000.0,3800878.8690306246,135.46525284386428,4037.0,59.11423873901367,0.004803546704351902,0.04223012551665306,0.038019679486751556,0.04160550981760025,0.04478614404797554,0.020792031660676003,4.51259708404541,8.273573875427246,6.738358020782471,0.34646177291870117
1819,29801,14,1,1,minus,0,-0.1,0.1,0.00654630409553647,0.005923341028392315,40515.0,44502556.0,263603.8158231266,156.6390389584242,4668.0,82.565185546875,0.0040601445361971855,0.0467863455414772,0.03732769191265106,0.025265473872423172,0.03627234324812889,0.04088784381747246,1.3129640817642212,5.302206039428711,8.969371795654297,0.42847421765327454
1819,29801,14,1,2,minus,0,-0.1,0.1,0.005940642673522234,0.005375315900892019,4007.0,811793.625,4363.647180705273,48.65608536626287,1450.0,22.052663803100586,0.004763214383274317,0.012258819304406643,0.038533229380846024,0.03268948569893837,0.03575180843472481,0.025060711428523064,9.433023452758789,8.444083213806152,6.955045700073242,0.8759985566139221
1819,29801,14,1,7,minus,0,-0.1,0.1,0.005434128455817699,0.004917002748697996,15726.0,6841678.5,33640.55199020798,84.96359182577766,2532.0,74.29742431640625,0.0021332968026399612,0.03313383460044861,0.024333057925105095,0.031500790268182755,0.029038436710834503,0.030220912769436836,8.710350036621094,3.6867733001708984,8.966926574707031,0.9366800785064697
1819,29801,15,1,1,minus,1,-0.05,0.05,0.00654630409553647,0.006227037403732538,41634.0,48195020.0,300112.19221363775,158.68595013590146,4729.0,82.565185546875,0.0040601445361971855,0.0467863455414772,0.03732769191265106,0.025265473872423172,0.03627234324812889,0.04088784381747246,1.3129640817642212,5.302206039428711,8.969371795654297,0.42847421765327454
1819,29801,15,1,2,minus,1,-0.05,0.05,0.005940642673522234,0.005650914274156094,4124.0,814189.25,4600.913654689444,49.56209523170363,1477.0,22.052663803100586,0.004763214383274317,0.012258819304406643,0.038533229380846024,0.03268948569893837,0.03575180843472481,0.025060711428523064,9.433023452758789,8.444083213806152,6.955045700073242,0.8759985566139221
1819,29801,15,1,7,minus,1,-0.05,0.05,0.005434128455817699,0.005169102922081947,16222.0,7864217.5,40650.94965913799,85.90315761216065,2560.0,74.29742431640625,0.0021332968026399612,0.03313383460044861,0.024333057925105095,0.031500790268182755,0.029038436710834503,0.030220912769436836,8.710350036621094,3.6867733001708984,8.966926574707031,0.9366800785064697
1819,29801,16,1,1,minus,2,-0.02,0.02,0.00654630409553647,0.006416678428649902,42679.0,51462728.0,330219.77663707733,160.53152578772523,4784.0,82.565185546875,0.0040601445361971855,0.0467863455414772,0.03732769191265106,0.025265473872423172,0.03627234324812889,0.04088784381747246,1.3129640817642212,5.302206039428711,8.969371795654297,0.42847421765327454
1819,29801,16,1,2,minus,2,-0.02,0.02,0.005940642673522234,0.005823010113090277,4214.0,796537.6875,4638.2470097700425,50.098989966779634,1493.0,22.052663803100586,0.004763214383274317,0.012258819304406643,0.038533229380846024,0.03268948569893837,0.03575180843472481,0.025060711428523064,9.433023452758789,8.444083213806152,6.955045700073242,0.8759985566139221
1819,29801,16,1,7,minus,2,-0.02,0.02,0.005434128455817699,0.005326525773853064,16552.0,7690468.5,40963.47867825511,86.84272339854367,2588.0,74.29742431640625,0.0021332968026399612,0.03313383460044861,0.024333057925105095,0.031500790268182755,0.029038436710834503,0.030220912769436836,8.710350036621094,3.6867733001708984,8.966926574707031,0.9366800785064697
1819,29801,17,1,1,minus,3,-0.01,0.01,0.00654630409553647,0.006481167394667864,42791.0,52846684.0,342508.2052571159,160.59863762960973,4786.0,82.565185546875,0.0040601445361971855,0.0467863455414772,0.03732769191265106,0.025265473872423172,0.03627234324812889,0.04088784381747246,1.3129640817642212,5.302206039428711,8.969371795654297,0.42847421765327454
1819,29801,17,1,2,minus,3,-0.01,0.01,0.005940642673522234,0.005881532095372677,4246.0,845261.0,4971.429700466804,50.43454917620214,1503.0,22.052663803100586,0.004763214383274317,0.012258819304406643,0.038533229380846024,0.03268948569893837,0.03575180843472481,0.025060711428523064,9.433023452758789,8.444083213806152,6.955045700073242,0.8759985566139221
1819,29801,17,1,7,minus,3,-0.01,0.01,0.005434128455817699,0.005380058195441961,16582.0,7719257.5,41530.054575601825,87.11117076608167,2596.0,74.29742431640625,0.0021332968026399612,0.03313383460044861,0.024333057925105095,0.031500790268182755,0.029038436710834503,0.030220912769436836,8.710350036621094,3.6867733001708984,8.966926574707031,0.9366800785064697
1819,29801,18,1,1,minus,4,-0.005,0.005,0.00654630409553647,0.006513654254376888,43062.0,53403060.0,347849.0689657442,160.76641723432098,4791.0,82.565185546875,0.0040601445361971855,0.0467863455414772,0.03732769191265106,0.025265473872423172,0.03627234324812889,0.04088784381747246,1.3129640817642212,5.302206039428711,8.969371795654297,0.42847421765327454
1819,29801,18,1,2,minus,4,-0.005,0.005,0.005940642673522234,0.005911013577133417,4215.0,869539.0625,5139.857204285363,50.535216939028885,1506.0,22.052663803100586,0.004763214383274317,0.012258819304406643,0.038533229380846024,0.03268948569893837,0.03575180843472481,0.025060711428523064,9.433023452758789,8.444083213806152,6.955045700073242,0.8759985566139221
1819,29801,18,1,7,minus,4,-0.005,0.005,0.005434128455817699,0.005407025571912527,16667.0,7757564.0,41945.34692374803,87.27895037079293,2601.0,74.29742431640625,0.0021332968026399612,0.03313383460044861,0.024333057925105095,0.031500790268182755,0.029038436710834503,0.030220912769436836,8.710350036621094,3.6867733001708984,8.966926574707031,0.9366800785064697
1819,29801,19,1,1,minus,5,-0.0025,0.0025,0.00654630409553647,0.006529958453029394,42847.0,53116448.0,346848.19861249626,160.93419683903224,4796.0,82.565185546875,0.0040601445361971855,0.0467863455414772,0.03732769191265106,0.025265473872423172,0.03627234324812889,0.04088784381747246,1.3129640817642212,5.302206039428711,8.969371795654297,0.42847421765327454
1819,29801,19,1,2,minus,5,-0.0025,0.0025,0.005940642673522234,0.005925809498876333,4204.0,868517.4375,5146.668881077232,50.50166101808664,1505.0,22.052663803100586,0.004763214383274317,0.012258819304406643,0.038533229380846024,0.03268948569893837,0.03575180843472481,0.025060711428523064,9.433023452758789,8.444083213806152,6.955045700073242,0.8759985566139221
1819,29801,19,1,7,minus,5,-0.0025,0.0025,0.005434128455817699,0.0054205600172281265,16571.0,7760714.5,42067.41872382257,87.14472668702392,2597.0,74.29742431640625,0.0021332968026399612,0.03313383460044861,0.024333057925105095,0.031500790268182755,0.029038436710834503,0.030220912769436836,8.710350036621094,3.6867733001708984,8.966926574707031,0.9366800785064697
1819,29801,20,1,1,center,6,0.0,0.0,0.00654630409553647,0.00654630409553647,43076.0,54391444.0,356062.9326193426,161.034864601859,4799.0,82.565185546875,0.0040601445361971855,0.0467863455414772,0.03732769191265106,0.025265473872423172,0.03627234324812889,0.04088784381747246,1.3129640817642212,5.302206039428711,8.969371795654297,0.42847421765327454
1819,29801,20,1,2,center,6,0.0,0.0,0.005940642673522234,0.005940642673522234,4249.0,879826.5625,5226.735222485877,50.535216939028885,1506.0,22.052663803100586,0.004763214383274317,0.012258819304406643,0.038533229380846024,0.03268948569893837,0.03575180843472481,0.025060711428523064,9.433023452758789,8.444083213806152,6.955045700073242,0.8759985566139221
1819,29801,20,1,7,center,6,0.0,0.0,0.005434128455817699,0.005434128455817699,16588.0,7857792.0,42700.25110709667,87.24539444985066,2600.0,74.29742431640625,0.0021332968026399612,0.03313383460044861,0.024333057925105095,0.031500790268182755,0.029038436710834503,0.030220912769436836,8.710350036621094,3.6867733001708984,8.966926574707031,0.9366800785064697
1819,29801,21,1,1,plus,7,0.0025,0.0025,0.00654630409553647,0.00656269071623683,43248.0,53591624.0,351705.2532928549,161.37042381128148,4809.0,82.565185546875,0.0040601445361971855,0.0467863455414772,0.03732769191265106,0.025265473872423172,0.03627234324812889,0.04088784381747246,1.3129640817642212,5.302206039428711,8.969371795654297,0.42847421765327454
1819,29801,21,1,2,plus,7,0.0025,0.0025,0.005940642673522234,0.005955513101071119,4241.0,876973.4375,5222.826796322624,50.60232878091339,1508.0,22.052663803100586,0.004763214383274317,0.012258819304406643,0.038533229380846024,0.03268948569893837,0.03575180843472481,0.025060711428523064,9.433023452758789,8.444083213806152,6.955045700073242,0.8759985566139221
1819,29801,21,1,7,plus,7,0.0025,0.0025,0.005434128455817699,0.005447730887681246,16658.0,8126463.5,44270.786216564244,87.24539444985066,2600.0,74.29742431640625,0.0021332968026399612,0.03313383460044861,0.024333057925105095,0.031500790268182755,0.029038436710834503,0.030220912769436836,8.710350036621094,3.6867733001708984,8.966926574707031,0.9366800785064697
1819,29801,22,1,1,plus,8,0.005,0.005,0.00654630409553647,0.006579117383807898,43257.0,53748988.0,353620.9013128821,161.40397973222375,4810.0,82.565185546875,0.0040601445361971855,0.0467863455414772,0.03732769191265106,0.025265473872423172,0.03627234324812889,0.04088784381747246,1.3129640817642212,5.302206039428711,8.969371795654297,0.42847421765327454
1819,29801,22,1,2,plus,8,0.005,0.005,0.005940642673522234,0.005970420315861702,4278.0,873391.9375,5214.516967359814,50.63588470185564,1509.0,22.052663803100586,0.004763214383274317,0.012258819304406643,0.038533229380846024,0.03268948569893837,0.03575180843472481,0.025060711428523064,9.433023452758789,8.444083213806152,6.955045700073242,0.8759985566139221
1819,29801,22,1,7,plus,8,0.005,0.005,0.005434128455817699,0.005461367312818766,16635.0,8160105.0,44565.33071616897,87.21183852890842,2599.0,74.29742431640625,0.0021332968026399612,0.03313383460044861,0.024333057925105095,0.031500790268182755,0.029038436710834503,0.030220912769436836,8.710350036621094,3.6867733001708984,8.966926574707031,0.9366800785064697
1819,29801,23,1,1,plus,9,0.01,0.01,0.00654630409553647,0.006612095516175032,43388.0,53528148.0,353933.2273799535,161.43753565316598,4811.0,82.565185546875,0.0040601445361971855,0.0467863455414772,0.03732769191265106,0.025265473872423172,0.03627234324812889,0.04088784381747246,1.3129640817642212,5.302206039428711,8.969371795654297,0.42847421765327454
1819,29801,23,1,2,plus,9,0.01,0.01,0.005940642673522234,0.0060003469698131084,4319.0,871621.5625,5230.031801370642,50.937887990335895,1518.0,22.052663803100586,0.004763214383274317,0.012258819304406643,0.038533229380846024,0.03268948569893837,0.03575180843472481,0.025060711428523064,9.433023452758789,8.444083213806152,6.955045700073242,0.8759985566139221
1819,29801,23,1,7,plus,9,0.01,0.01,0.005434128455817699,0.005488742608577013,16644.0,7775304.0,42676.64235943928,87.31250629173518,2602.0,74.29742431640625,0.0021332968026399612,0.03313383460044861,0.024333057925105095,0.031500790268182755,0.029038436710834503,0.030220912769436836,8.710350036621094,3.6867733001708984,8.966926574707031,0.9366800785064697
1819,29801,24,1,1,plus,10,0.02,0.02,0.00654630409553647,0.00667854817584157,43373.0,53734292.0,358867.05781673826,161.73953894164623,4820.0,82.565185546875,0.0040601445361971855,0.0467863455414772,0.03732769191265106,0.025265473872423172,0.03627234324812889,0.04088784381747246,1.3129640817642212,5.302206039428711,8.969371795654297,0.42847421765327454
1819,29801,24,1,2,plus,10,0.02,0.02,0.005940642673522234,0.006060651503503323,4423.0,875780.8125,5307.8022980174865,51.2063353578739,1526.0,22.052663803100586,0.004763214383274317,0.012258819304406643,0.038533229380846024,0.03268948569893837,0.03575180843472481,0.025060711428523064,9.433023452758789,8.444083213806152,6.955045700073242,0.8759985566139221
1819,29801,24,1,7,plus,10,0.02,0.02,0.005434128455817699,0.005543904844671488,16713.0,7823057.0,43370.283602441195,87.68162142209992,2613.0,74.29742431640625,0.0021332968026399612,0.03313383460044861,0.024333057925105095,0.031500790268182755,0.029038436710834503,0.030220912769436836,8.710350036621094,3.6867733001708984,8.966926574707031,0.9366800785064697
1819,29801,25,1,1,plus,11,0.05,0.05,0.00654630409553647,0.0068819401785731316,44402.0,53855860.0,370632.8067856096,163.182443542163,4863.0,82.565185546875,0.0040601445361971855,0.0467863455414772,0.03732769191265106,0.025265473872423172,0.03627234324812889,0.04088784381747246,1.3129640817642212,5.302206039428711,8.969371795654297,0.42847421765327454
1819,29801,25,1,2,plus,11,0.05,0.05,0.005940642673522234,0.006245225667953491,4606.0,922630.1875,5762.033729003742,51.97812153954565,1549.0,22.052663803100586,0.004763214383274317,0.012258819304406643,0.038533229380846024,0.03268948569893837,0.03575180843472481,0.025060711428523064,9.433023452758789,8.444083213806152,6.955045700073242,0.8759985566139221
1819,29801,25,1,7,plus,11,0.05,0.05,0.005434128455817699,0.005712741985917091,16928.0,8289952.5,47358.35970800836,88.11784839434918,2626.0,74.29742431640625,0.0021332968026399612,0.03313383460044861,0.024333057925105095,0.031500790268182755,0.029038436710834503,0.030220912769436836,8.710350036621094,3.6867733001708984,8.966926574707031,0.9366800785064697
1819,29801,26,1,1,plus,12,0.1,0.1,0.00654630409553647,0.0072347852401435375,46966.0,63787984.0,461492.36514171213,165.53135800812052,4933.0,82.565185546875,0.0040601445361971855,0.0467863455414772,0.03732769191265106,0.025265473872423172,0.03627234324812889,0.04088784381747246,1.3129640817642212,5.302206039428711,8.969371795654297,0.42847421765327454
1819,29801,26,1,2,plus,12,0.1,0.1,0.005940642673522234,0.006565426010638475,4787.0,999976.5625,6565.272133466351,52.95124324687091,1578.0,22.052663803100586,0.004763214383274317,0.012258819304406643,0.038533229380846024,0.03268948569893837,0.03575180843472481,0.025060711428523064,9.433023452758789,8.444083213806152,6.955045700073242,0.8759985566139221
1819,29801,26,1,7,plus,12,0.1,0.1,0.005434128455817699,0.00600564107298851,17417.0,9618191.0,57763.40291744843,89.3929733901547,2664.0,74.29742431640625,0.0021332968026399612,0.03313383460044861,0.024333057925105095,0.031500790268182755,0.029038436710834503,0.030220912769436836,8.710350036621094,3.6867733001708984,8.966926574707031,0.9366800785064697
1819,29801,27,1,1,center_duplicate,-1,0.0,0.0,0.00654630409553647,0.00654630409553647,43076.0,54391444.0,356062.9326193426,161.034864601859,4799.0,82.565185546875,0.0040601445361971855,0.0467863455414772,0.03732769191265106,0.025265473872423172,0.03627234324812889,0.04088784381747246,1.3129640817642212,5.302206039428711,8.969371795654297,0.42847421765327454
1819,29801,27,1,2,center_duplicate,-1,0.0,0.0,0.005940642673522234,0.005940642673522234,4249.0,879826.5625,5226.735222485877,50.535216939028885,1506.0,22.052663803100586,0.004763214383274317,0.012258819304406643,0.038533229380846024,0.03268948569893837,0.03575180843472481,0.025060711428523064,9.433023452758789,8.444083213806152,6.955045700073242,0.8759985566139221
1819,29801,27,1,7,center_duplicate,-1,0.0,0.0,0.005434128455817699,0.005434128455817699,16588.0,7857792.0,42700.25110709667,87.24539444985066,2600.0,74.29742431640625,0.0021332968026399612,0.03313383460044861,0.024333057925105095,0.031500790268182755,0.029038436710834503,0.030220912769436836,8.710350036621094,3.6867733001708984,8.966926574707031,0.9366800785064697
1819,29801,28,2,1,minus,0,-0.1,0.1,0.01662660576403141,0.015044375322759151,81208.0,164396256.0,2473238.976920396,216.16724270997616,6442.0,48.48685836791992,0.0011892077745869756,0.04431956261396408,0.030409296974539757,0.045158885419368744,0.02953779138624668,0.03650172799825668,3.901416301727295,9.861052513122559,3.3765461444854736,0.8627018332481384
1819,29801,28,2,2,minus,0,-0.1,0.1,0.01005376223474741,0.009097020141780376,227720.0,179604816.0,1633868.6287127584,295.45988389651353,8805.0,75.7269058227539,0.0007651544292457402,0.04488987848162651,0.021788086742162704,0.04174017533659935,0.025246916338801384,0.03339438885450363,2.15057635307312,6.021400451660156,0.422410249710083,0.3041475713253021
1819,29801,28,2,7,minus,0,-0.1,0.1,0.002189736580476165,0.0019813557155430317,12747.0,3159347.0,6259.790235833731,76.47394382738834,2279.0,47.99076843261719,0.00030573076219297945,0.025789793580770493,0.03251266852021217,0.021878911182284355,0.045277129858732224,0.017795966938138008,8.833017349243164,8.9212064743042,2.1577820777893066,0.5844389796257019
1819,29801,29,2,1,minus,1,-0.05,0.05,0.01662660576403141,0.015815716236829758,82477.0,183710688.0,2905516.1110807657,217.54303546860842,6483.0,48.48685836791992,0.0011892077745869756,0.04431956261396408,0.030409296974539757,0.045158885419368744,0.02953779138624668,0.03650172799825668,3.901416301727295,9.861052513122559,3.3765461444854736,0.8627018332481384
1819,29801,29,2,2,minus,1,-0.05,0.05,0.01005376223474741,0.00956343486905098,233756.0,185559376.0,1774585.0067177415,299.21814704204553,8917.0,75.7269058227539,0.0007651544292457402,0.04488987848162651,0.021788086742162704,0.04174017533659935,0.025246916338801384,0.03339438885450363,2.15057635307312,6.021400451660156,0.422410249710083,0.3041475713253021
1819,29801,29,2,7,minus,1,-0.05,0.05,0.002189736580476165,0.002082941820845008,13078.0,3519197.75,7330.284169298655,77.7826247441361,2318.0,47.99076843261719,0.00030573076219297945,0.025789793580770493,0.03251266852021217,0.021878911182284355,0.045277129858732224,0.017795966938138008,8.833017349243164,8.9212064743042,2.1577820777893066,0.5844389796257019
1819,29801,30,2,1,minus,2,-0.02,0.02,0.01662660576403141,0.01629737764596939,82939.0,196650640.0,3204889.744401574,218.01281836179993,6497.0,48.48685836791992,0.0011892077745869756,0.04431956261396408,0.030409296974539757,0.045158885419368744,0.02953779138624668,0.03650172799825668,3.901416301727295,9.861052513122559,3.3765461444854736,0.8627018332481384
1819,29801,30,2,2,minus,2,-0.02,0.02,0.01005376223474741,0.009854684583842754,237358.0,201411536.0,1984847.15882729,301.5335055870608,8986.0,75.7269058227539,0.0007651544292457402,0.04488987848162651,0.021788086742162704,0.04174017533659935,0.025246916338801384,0.03339438885450363,2.15057635307312,6.021400451660156,0.422410249710083,0.3041475713253021
1819,29801,30,2,7,minus,2,-0.02,0.02,0.002189736580476165,0.002146376995369792,13530.0,3213133.0,6896.594754263526,79.05774973994161,2356.0,47.99076843261719,0.00030573076219297945,0.025789793580770493,0.03251266852021217,0.021878911182284355,0.045277129858732224,0.017795966938138008,8.833017349243164,8.9212064743042,2.1577820777893066,0.5844389796257019
1819,29801,31,2,1,minus,3,-0.01,0.01,0.01662660576403141,0.016461167484521866,83283.0,197580752.0,3252409.8503897786,218.31482165028018,6506.0,48.48685836791992,0.0011892077745869756,0.04431956261396408,0.030409296974539757,0.045158885419368744,0.02953779138624668,0.03650172799825668,3.901416301727295,9.861052513122559,3.3765461444854736,0.8627018332481384
1819,29801,31,2,2,minus,3,-0.01,0.01,0.01005376223474741,0.009953726083040237,238478.0,206578672.0,2056227.515686214,302.2717358477903,9008.0,75.7269058227539,0.0007651544292457402,0.04488987848162651,0.021788086742162704,0.04174017533659935,0.025246916338801384,0.03339438885450363,2.15057635307312,6.021400451660156,0.422410249710083,0.3041475713253021
1819,29801,31,2,7,minus,3,-0.01,0.01,0.002189736580476165,0.0021679482888430357,13655.0,3115638.5,6754.5431547284825,79.35975302842186,2365.0,47.99076843261719,0.00030573076219297945,0.025789793580770493,0.03251266852021217,0.021878911182284355,0.045277129858732224,0.017795966938138008,8.833017349243164,8.9212064743042,2.1577820777893066,0.5844389796257019
1819,29801,32,2,1,minus,4,-0.005,0.005,0.01662660576403141,0.016543680801987648,83228.0,195700160.0,3237600.979937911,218.28126572933792,6505.0,48.48685836791992,0.0011892077745869756,0.04431956261396408,0.030409296974539757,0.045158885419368744,0.02953779138624668,0.03650172799825668,3.901416301727295,9.861052513122559,3.3765461444854736,0.8627018332481384
1819,29801,32,2,2,minus,4,-0.005,0.005,0.01005376223474741,0.010003618896007538,239537.0,211291376.0,2113678.4015170336,302.8421865038086,9025.0,75.7269058227539,0.0007651544292457402,0.04488987848162651,0.021788086742162704,0.04174017533659935,0.025246916338801384,0.03339438885450363,2.15057635307312,6.021400451660156,0.422410249710083,0.3041475713253021
1819,29801,32,2,7,minus,4,-0.005,0.005,0.002189736580476165,0.0021788151934742928,13767.0,3186595.5,6943.002690856811,79.49397671219086,2369.0,47.99076843261719,0.00030573076219297945,0.025789793580770493,0.03251266852021217,0.021878911182284355,0.045277129858732224,0.017795966938138008,8.833017349243164,8.9212064743042,2.1577820777893066,0.5844389796257019
1819,29801,33,2,1,minus,5,-0.0025,0.0025,0.01662660576403141,0.01658509112894535,83355.0,199076736.0,3301705.8082129955,218.24770980839568,6504.0,48.48685836791992,0.0011892077745869756,0.04431956261396408,0.030409296974539757,0.045158885419368744,0.02953779138624668,0.03650172799825668,3.901416301727295,9.861052513122559,3.3765461444854736,0.8627018332481384
1819,29801,33,2,2,minus,5,-0.0025,0.0025,0.01005376223474741,0.010028659366071224,239309.0,214788576.0,2154041.464427501,302.7079628200396,9021.0,75.7269058227539,0.0007651544292457402,0.04488987848162651,0.021788086742162704,0.04174017533659935,0.025246916338801384,0.03339438885450363,2.15057635307312,6.021400451660156,0.422410249710083,0.3041475713253021
1819,29801,33,2,7,minus,5,-0.0025,0.0025,0.002189736580476165,0.002184269018471241,13784.0,3220955.75,7035.4338545918,79.5275326331331,2370.0,47.99076843261719,0.00030573076219297945,0.025789793580770493,0.03251266852021217,0.021878911182284355,0.045277129858732224,0.017795966938138008,8.833017349243164,8.9212064743042,2.1577820777893066,0.5844389796257019
1819,29801,34,2,1,center,6,0.0,0.0,0.01662660576403141,0.01662660576403141,83491.0,200181536.0,3328339.4803102612,218.44904533404917,6510.0,48.48685836791992,0.0011892077745869756,0.04431956261396408,0.030409296974539757,0.045158885419368744,0.02953779138624668,0.03650172799825668,3.901416301727295,9.861052513122559,3.3765461444854736,0.8627018332481384
1819,29801,34,2,2,center,6,0.0,0.0,0.01005376223474741,0.01005376223474741,239923.0,215484944.0,2166434.3921438605,303.14418979228884,9034.0,75.7269058227539,0.0007651544292457402,0.04488987848162651,0.021788086742162704,0.04174017533659935,0.025246916338801384,0.03339438885450363,2.15057635307312,6.021400451660156,0.422410249710083,0.3041475713253021
1819,29801,34,2,7,center,6,0.0,0.0,0.002189736580476165,0.002189736580476165,13764.0,3163841.25,6927.978919944435,79.2590852655951,2362.0,47.99076843261719,0.00030573076219297945,0.025789793580770493,0.03251266852021217,0.021878911182284355,0.045277129858732224,0.017795966938138008,8.833017349243164,8.9212064743042,2.1577820777893066,0.5844389796257019
1819,29801,35,2,1,plus,7,0.0025,0.0025,0.01662660576403141,0.016668224707245827,83593.0,202938784.0,3382629.253527224,218.51615717593367,6512.0,48.48685836791992,0.0011892077745869756,0.04431956261396408,0.030409296974539757,0.045158885419368744,0.02953779138624668,0.03650172799825668,3.901416301727295,9.861052513122559,3.3765461444854736,0.8627018332481384
1819,29801,35,2,2,plus,7,0.0025,0.0025,0.01005376223474741,0.01007892843335867,240407.0,217616608.0,2193342.2179422677,303.41263715982683,9042.0,75.7269058227539,0.0007651544292457402,0.04488987848162651,0.021788086742162704,0.04174017533659935,0.025246916338801384,0.03339438885450363,2.15057635307312,6.021400451660156,0.422410249710083,0.3041475713253021
1819,29801,35,2,7,plus,7,0.0025,0.0025,0.002189736580476165,0.002195217879489064,13800.0,3140276.5,6893.59111933934,79.5275326331331,2370.0,47.99076843261719,0.00030573076219297945,0.025789793580770493,0.03251266852021217,0.021878911182284355,0.045277129858732224,0.017795966938138008,8.833017349243164,8.9212064743042,2.1577820777893066,0.5844389796257019
1819,29801,36,2,1,plus,8,0.005,0.005,0.01662660576403141,0.01670994609594345,83532.0,203962688.0,3408205.522063732,218.34837757122241,6507.0,48.48685836791992,0.0011892077745869756,0.04431956261396408,0.030409296974539757,0.045158885419368744,0.02953779138624668,0.03650172799825668,3.901416301727295,9.861052513122559,3.3765461444854736,0.8627018332481384
1819,29801,36,2,2,plus,8,0.005,0.005,0.01005376223474741,0.010104157030582428,240442.0,216348656.0,2186020.793579459,303.41263715982683,9042.0,75.7269058227539,0.0007651544292457402,0.04488987848162651,0.021788086742162704,0.04174017533659935,0.025246916338801384,0.03339438885450363,2.15057635307312,6.021400451660156,0.422410249710083,0.3041475713253021
1819,29801,36,2,7,plus,8,0.005,0.005,0.002189736580476165,0.0022007126826792955,13748.0,3258228.75,7170.425333195308,79.46042079124861,2368.0,47.99076843261719,0.00030573076219297945,0.025789793580770493,0.03251266852021217,0.021878911182284355,0.045277129858732224,0.017795966938138008,8.833017349243164,8.9212064743042,2.1577820777893066,0.5844389796257019
1819,29801,37,2,1,plus,9,0.01,0.01,0.01662660576403141,0.01679370552301407,83617.0,206794208.0,3472841.03301692,218.51615717593367,6512.0,48.48685836791992,0.0011892077745869756,0.04431956261396408,0.030409296974539757,0.045158885419368744,0.02953779138624668,0.03650172799825668,3.901416301727295,9.861052513122559,3.3765461444854736,0.8627018332481384
1819,29801,37,2,2,plus,9,0.01,0.01,0.01005376223474741,0.010154804214835167,241689.0,214816784.0,2181422.3835805357,304.2850911043253,9068.0,75.7269058227539,0.0007651544292457402,0.04488987848162651,0.021788086742162704,0.04174017533659935,0.025246916338801384,0.03339438885450363,2.15057635307312,6.021400451660156,0.422410249710083,0.3041475713253021
1819,29801,37,2,7,plus,9,0.01,0.01,0.002189736580476165,0.0022117437329143286,13707.0,3148192.0,6962.993926011026,79.49397671219086,2369.0,47.99076843261719,0.00030573076219297945,0.025789793580770493,0.03251266852021217,0.021878911182284355,0.045277129858732224,0.017795966938138008,8.833017349243164,8.9212064743042,2.1577820777893066,0.5844389796257019
1819,29801,38,2,1,plus,10,0.02,0.02,0.01662660576403141,0.016962485387921333,83920.0,216327728.0,3669455.9252022207,218.81816046441392,6521.0,48.48685836791992,0.0011892077745869756,0.04431956261396408,0.030409296974539757,0.045158885419368744,0.02953779138624668,0.03650172799825668,3.901416301727295,9.861052513122559,3.3765461444854736,0.8627018332481384
1819,29801,38,2,2,plus,10,0.02,0.02,0.01005376223474741,0.010256861336529255,243097.0,217219056.0,2227985.737043783,304.9897654441126,9089.0,75.7269058227539,0.0007651544292457402,0.04488987848162651,0.021788086742162704,0.04174017533659935,0.025246916338801384,0.03339438885450363,2.15057635307312,6.021400451660156,0.422410249710083,0.3041475713253021
1819,29801,38,2,7,plus,10,0.02,0.02,0.002189736580476165,0.0022339720744639635,13901.0,3222474.25,7198.917485179205,79.82953592161337,2379.0,47.99076843261719,0.00030573076219297945,0.025789793580770493,0.03251266852021217,0.021878911182284355,0.045277129858732224,0.017795966938138008,8.833017349243164,8.9212064743042,2.1577820777893066,0.5844389796257019
1819,29801,39,2,1,plus,11,0.05,0.05,0.01662660576403141,0.017479069530963898,84717.0,224072992.0,3916587.407179117,219.65705848797018,6546.0,48.48685836791992,0.0011892077745869756,0.04431956261396408,0.030409296974539757,0.045158885419368744,0.02953779138624668,0.03650172799825668,3.901416301727295,9.861052513122559,3.3765461444854736,0.8627018332481384
1819,29801,39,2,2,plus,11,0.05,0.05,0.01005376223474741,0.01056922972202301,248242.0,227552960.0,2405059.508166313,308.0433542498574,9180.0,75.7269058227539,0.0007651544292457402,0.04488987848162651,0.021788086742162704,0.04174017533659935,0.025246916338801384,0.03339438885450363,2.15057635307312,6.021400451660156,0.422410249710083,0.3041475713253021
1819,29801,39,2,7,plus,11,0.05,0.05,0.002189736580476165,0.00230200681835413,14010.0,3267792.5,7522.480615966488,80.66843394516962,2404.0,47.99076843261719,0.00030573076219297945,0.025789793580770493,0.03251266852021217,0.021878911182284355,0.045277129858732224,0.017795966938138008,8.833017349243164,8.9212064743042,2.1577820777893066,0.5844389796257019
1819,29801,40,2,1,plus,12,0.1,0.1,0.01662660576403141,0.01837524212896824,85563.0,250791712.0,4608358.431938469,220.6637361162377,6576.0,48.48685836791992,0.0011892077745869756,0.04431956261396408,0.030409296974539757,0.045158885419368744,0.02953779138624668,0.03650172799825668,3.901416301727295,9.861052513122559,3.3765461444854736,0.8627018332481384
1819,29801,40,2,2,plus,12,0.1,0.1,0.01005376223474741,0.011111126281321049,253796.0,251176672.0,2790855.721513957,311.29827858125566,9277.0,75.7269058227539,0.0007651544292457402,0.04488987848162651,0.021788086742162704,0.04174017533659935,0.025246916338801384,0.03339438885450363,2.15057635307312,6.021400451660156,0.422410249710083,0.3041475713253021
1819,29801,40,2,7,plus,12,0.1,0.1,0.002189736580476165,0.0024200333282351494,14431.0,3276392.25,7928.97844137135,81.84289117814838,2439.0,47.99076843261719,0.00030573076219297945,0.025789793580770493,0.03251266852021217,0.021878911182284355,0.045277129858732224,0.017795966938138008,8.833017349243164,8.9212064743042,2.1577820777893066,0.5844389796257019
1819,29801,41,2,1,center_duplicate,-1,0.0,0.0,0.01662660576403141,0.01662660576403141,83491.0,200181536.0,3328339.4803102612,218.44904533404917,6510.0,48.48685836791992,0.0011892077745869756,0.04431956261396408,0.030409296974539757,0.045158885419368744,0.02953779138624668,0.03650172799825668,3.901416301727295,9.861052513122559,3.3765461444854736,0.8627018332481384
1819,29801,41,2,2,center_duplicate,-1,0.0,0.0,0.01005376223474741,0.01005376223474741,239923.0,215484944.0,2166434.3921438605,303.14418979228884,9034.0,75.7269058227539,0.0007651544292457402,0.04488987848162651,0.021788086742162704,0.04174017533659935,0.025246916338801384,0.03339438885450363,2.15057635307312,6.021400451660156,0.422410249710083,0.3041475713253021
1819,29801,41,2,7,center_duplicate,-1,0.0,0.0,0.002189736580476165,0.002189736580476165,13764.0,3163841.25,6927.978919944435,79.2590852655951,2362.0,47.99076843261719,0.00030573076219297945,0.025789793580770493,0.03251266852021217,0.021878911182284355,0.045277129858732224,0.017795966938138008,8.833017349243164,8.9212064743042,2.1577820777893066,0.5844389796257019
1819,29801,42,3,1,minus,0,-0.1,0.1,0.0030624063219875097,0.0027709798887372017,4615.0,2129230.0,5900.053508495912,59.12553270024495,1762.0,68.69004821777344,0.0025674765929579735,0.011978385969996452,0.04919338971376419,0.03444961458444595,0.010044421069324017,0.013519922271370888,6.216831684112549,3.313960075378418,6.2783660888671875,0.7253406047821045
1819,29801,42,3,2,minus,0,-0.1,0.1,0.015210271812975407,0.013762823306024075,53657.0,58606784.0,806594.8127263188,154.22301265058218,4596.0,96.0049057006836,0.0020888946019113064,0.04925193637609482,0.033308882266283035,0.021827764809131622,0.023698577657341957,0.018696226179599762,5.5608625411987305,0.15370473265647888,5.821068286895752,0.7542546987533569
1819,29801,42,3,7,minus,0,-0.1,0.1,0.013987557031214237,0.01265646517276764,146661.0,115209184.0,1458141.0248789787,238.11281500620782,7096.0,89.26822662353516,0.0008241399773396552,0.04868676885962486,0.017292654141783714,0.013185249641537666,0.031820982694625854,0.03805147856473923,3.277904748916626,5.072831630706787,3.0204687118530273,0.4343680143356323
1819,29801,43,3,1,minus,1,-0.05,0.05,0.0030624063219875097,0.002913051052019,4724.0,2878594.75,8385.49346482387,60.03154256568571,1789.0,68.69004821777344,0.0025674765929579735,0.011978385969996452,0.04919338971376419,0.03444961458444595,0.010044421069324017,0.013519922271370888,6.216831684112549,3.313960075378418,6.2783660888671875,0.7253406047821045
1819,29801,43,3,2,minus,1,-0.05,0.05,0.015210271812975407,0.014468458481132984,54779.0,66781248.0,966221.7140062451,155.5652494882722,4636.0,96.0049057006836,0.0020888946019113064,0.04925193637609482,0.033308882266283035,0.021827764809131622,0.023698577657341957,0.018696226179599762,5.5608625411987305,0.15370473265647888,5.821068286895752,0.7542546987533569
1819,29801,43,3,7,minus,1,-0.05,0.05,0.013987557031214237,0.013305376283824444,150005.0,131077312.0,1744032.9584322572,240.4281735512231,7165.0,89.26822662353516,0.0008241399773396552,0.04868676885962486,0.017292654141783714,0.013185249641537666,0.031820982694625854,0.03805147856473923,3.277904748916626,5.072831630706787,3.0204687118530273,0.4343680143356323
1819,29801,44,3,1,minus,2,-0.02,0.02,0.0030624063219875097,0.0030017667450010777,4830.0,3193099.5,9584.939892579569,61.00466427301097,1818.0,68.69004821777344,0.0025674765929579735,0.011978385969996452,0.04919338971376419,0.03444961458444595,0.010044421069324017,0.013519922271370888,6.216831684112549,3.313960075378418,6.2783660888671875,0.7253406047821045
1819,29801,44,3,2,minus,2,-0.02,0.02,0.015210271812975407,0.014909088611602783,54932.0,68774456.0,1025364.4587187767,155.80014093486795,4643.0,96.0049057006836,0.0020888946019113064,0.04925193637609482,0.033308882266283035,0.021827764809131622,0.023698577657341957,0.018696226179599762,5.5608625411987305,0.15370473265647888,5.821068286895752,0.7542546987533569
1819,29801,44,3,7,minus,2,-0.02,0.02,0.013987557031214237,0.013710585422813892,151357.0,131269176.0,1799777.2509303913,241.5690748632596,7199.0,89.26822662353516,0.0008241399773396552,0.04868676885962486,0.017292654141783714,0.013185249641537666,0.031820982694625854,0.03805147856473923,3.277904748916626,5.072831630706787,3.0204687118530273,0.4343680143356323
1819,29801,45,3,1,minus,3,-0.01,0.01,0.0030624063219875097,0.003031934844329953,4763.0,3166411.0,9600.351842369651,61.03822019395322,1819.0,68.69004821777344,0.0025674765929579735,0.011978385969996452,0.04919338971376419,0.03444961458444595,0.010044421069324017,0.013519922271370888,6.216831684112549,3.313960075378418,6.2783660888671875,0.7253406047821045
1819,29801,45,3,2,minus,3,-0.01,0.01,0.015210271812975407,0.015058927237987518,55388.0,68003896.0,1024065.7217636704,156.40414751182846,4661.0,96.0049057006836,0.0020888946019113064,0.04925193637609482,0.033308882266283035,0.021827764809131622,0.023698577657341957,0.018696226179599762,5.5608625411987305,0.15370473265647888,5.821068286895752,0.7542546987533569
1819,29801,45,3,7,minus,3,-0.01,0.01,0.013987557031214237,0.013848378323018551,151757.0,135081648.0,1870661.7660008222,241.90463407268211,7209.0,89.26822662353516,0.0008241399773396552,0.04868676885962486,0.017292654141783714,0.013185249641537666,0.031820982694625854,0.03805147856473923,3.277904748916626,5.072831630706787,3.0204687118530273,0.4343680143356323
1819,29801,46,3,1,minus,4,-0.005,0.005,0.0030624063219875097,0.0030471323989331722,4724.0,3029014.75,9229.808981571463,61.00466427301097,1818.0,68.69004821777344,0.0025674765929579735,0.011978385969996452,0.04919338971376419,0.03444961458444595,0.010044421069324017,0.013519922271370888,6.216831684112549,3.313960075378418,6.2783660888671875,0.7253406047821045
1819,29801,46,3,2,minus,4,-0.005,0.005,0.015210271812975407,0.015134410001337528,55505.0,69407560.0,1050442.4702324346,156.3705915908862,4660.0,96.0049057006836,0.0020888946019113064,0.04925193637609482,0.033308882266283035,0.021827764809131622,0.023698577657341957,0.018696226179599762,5.5608625411987305,0.15370473265647888,5.821068286895752,0.7542546987533569
1819,29801,46,3,7,minus,4,-0.005,0.005,0.013987557031214237,0.013917793519794941,152189.0,134327216.0,1869538.4563768953,242.2401932821046,7219.0,89.26822662353516,0.0008241399773396552,0.04868676885962486,0.017292654141783714,0.013185249641537666,0.031820982694625854,0.03805147856473923,3.277904748916626,5.072831630706787,3.0204687118530273,0.4343680143356323
1819,29801,47,3,1,minus,5,-0.0025,0.0025,0.0030624063219875097,0.0030547596979886293,4724.0,2938935.0,8977.740193008212,61.20599979866447,1824.0,68.69004821777344,0.0025674765929579735,0.011978385969996452,0.04919338971376419,0.03444961458444595,0.010044421069324017,0.013519922271370888,6.216831684112549,3.313960075378418,6.2783660888671875,0.7253406047821045
1819,29801,47,3,2,minus,5,-0.0025,0.0025,0.015210271812975407,0.015172293409705162,55538.0,69072888.0,1047994.1233917028,156.40414751182846,4661.0,96.0049057006836,0.0020888946019113064,0.04925193637609482,0.033308882266283035,0.021827764809131622,0.023698577657341957,0.018696226179599762,5.5608625411987305,0.15370473265647888,5.821068286895752,0.7542546987533569
1819,29801,47,3,7,minus,5,-0.0025,0.0025,0.013987557031214237,0.013952631503343582,152280.0,137261120.0,1915153.8270962238,242.27374920304686,7220.0,89.26822662353516,0.0008241399773396552,0.04868676885962486,0.017292654141783714,0.013185249641537666,0.031820982694625854,0.03805147856473923,3.277904748916626,5.072831630706787,3.0204687118530273,0.4343680143356323
1819,29801,48,3,1,center,6,0.0,0.0,0.0030624063219875097,0.0030624063219875097,4758.0,2838363.25,8692.221560897015,61.34022348243347,1828.0,68.69004821777344,0.0025674765929579735,0.011978385969996452,0.04919338971376419,0.03444961458444595,0.010044421069324017,0.013519922271370888,6.216831684112549,3.313960075378418,6.2783660888671875,0.7253406047821045
1819,29801,48,3,2,center,6,0.0,0.0,0.015210271812975407,0.015210271812975407,55621.0,70688384.0,1075189.5346599817,156.4377034327707,4662.0,96.0049057006836,0.0020888946019113064,0.04925193637609482,0.033308882266283035,0.021827764809131622,0.023698577657341957,0.018696226179599762,5.5608625411987305,0.15370473265647888,5.821068286895752,0.7542546987533569
1819,29801,48,3,7,center,6,0.0,0.0,0.013987557031214237,0.013987557031214237,152584.0,138617120.0,1938914.8715026677,242.47508472870035,7226.0,89.26822662353516,0.0008241399773396552,0.04868676885962486,0.017292654141783714,0.013185249641537666,0.031820982694625854,0.03805147856473923,3.277904748916626,5.072831630706787,3.0204687118530273,0.4343680143356323
1819,29801,49,3,1,plus,7,0.0025,0.0025,0.0030624063219875097,0.0030700720380991697,4742.0,2776514.75,8524.100297344907,61.474447166202474,1832.0,68.69004821777344,0.0025674765929579735,0.011978385969996452,0.04919338971376419,0.03444961458444595,0.010044421069324017,0.013519922271370888,6.216831684112549,3.313960075378418,6.2783660888671875,0.7253406047821045
1819,29801,49,3,2,plus,7,0.0025,0.0025,0.015210271812975407,0.015248345211148262,55584.0,70718520.0,1078340.4057814926,156.4377034327707,4662.0,96.0049057006836,0.0020888946019113064,0.04925193637609482,0.033308882266283035,0.021827764809131622,0.023698577657341957,0.018696226179599762,5.5608625411987305,0.15370473265647888,5.821068286895752,0.7542546987533569
1819,29801,49,3,7,plus,7,0.0025,0.0025,0.013987557031214237,0.014022570103406906,152650.0,141048576.0,1977863.5449457169,242.47508472870035,7226.0,89.26822662353516,0.0008241399773396552,0.04868676885962486,0.017292654141783714,0.013185249641537666,0.031820982694625854,0.03805147856473923,3.277904748916626,5.072831630706787,3.0204687118530273,0.4343680143356323
1819,29801,50,3,1,plus,8,0.005,0.005,0.0030624063219875097,0.0030777566134929657,4726.0,2858694.0,8798.36436445266,61.474447166202474,1832.0,68.69004821777344,0.0025674765929579735,0.011978385969996452,0.04919338971376419,0.03444961458444595,0.010044421069324017,0.013519922271370888,6.216831684112549,3.313960075378418,6.2783660888671875,0.7253406047821045
1819,29801,50,3,2,plus,8,0.005,0.005,0.015210271812975407,0.015286513604223728,55724.0,71975432.0,1100253.4204378799,156.6390389584242,4668.0,96.0049057006836,0.0020888946019113064,0.04925193637609482,0.033308882266283035,0.021827764809131622,0.023698577657341957,0.018696226179599762,5.5608625411987305,0.15370473265647888,5.821068286895752,0.7542546987533569
1819,29801,50,3,7,plus,8,0.005,0.005,0.013987557031214237,0.014057669788599014,152742.0,138508768.0,1947110.52336967,242.54219657058488,7228.0,89.26822662353516,0.0008241399773396552,0.04868676885962486,0.017292654141783714,0.013185249641537666,0.031820982694625854,0.03805147856473923,3.277904748916626,5.072831630706787,3.0204687118530273,0.4343680143356323
1819,29801,51,3,1,plus,9,0.01,0.01,0.0030624063219875097,0.003093183971941471,4738.0,2993830.75,9260.469290605513,61.608670849971475,1836.0,68.69004821777344,0.0025674765929579735,0.011978385969996452,0.04919338971376419,0.03444961458444595,0.010044421069324017,0.013519922271370888,6.216831684112549,3.313960075378418,6.2783660888671875,0.7253406047821045
1819,29801,51,3,2,plus,9,0.01,0.01,0.015210271812975407,0.015363138169050217,55712.0,70482472.0,1082831.9558322132,156.67259487936644,4669.0,96.0049057006836,0.0020888946019113064,0.04925193637609482,0.033308882266283035,0.021827764809131622,0.023698577657341957,0.018696226179599762,5.5608625411987305,0.15370473265647888,5.821068286895752,0.7542546987533569
1819,29801,51,3,7,plus,9,0.01,0.01,0.013987557031214237,0.014128134585916996,152840.0,140311136.0,1982334.6133109033,242.67642025435387,7232.0,89.26822662353516,0.0008241399773396552,0.04868676885962486,0.017292654141783714,0.013185249641537666,0.031820982694625854,0.03805147856473923,3.277904748916626,5.072831630706787,3.0204687118530273,0.4343680143356323
1819,29801,52,3,1,plus,10,0.02,0.02,0.0030624063219875097,0.0031242710538208485,4821.0,3124183.5,9760.796075874707,61.84356229656723,1843.0,68.69004821777344,0.0025674765929579735,0.011978385969996452,0.04919338971376419,0.03444961458444595,0.010044421069324017,0.013519922271370888,6.216831684112549,3.313960075378418,6.2783660888671875,0.7253406047821045
1819,29801,52,3,2,plus,10,0.02,0.02,0.015210271812975407,0.015517539344727993,55756.0,72627976.0,1127007.4751079604,156.67259487936644,4669.0,96.0049057006836,0.0020888946019113064,0.04925193637609482,0.033308882266283035,0.021827764809131622,0.023698577657341957,0.018696226179599762,5.5608625411987305,0.15370473265647888,5.821068286895752,0.7542546987533569
1819,29801,52,3,7,plus,10,0.02,0.02,0.013987557031214237,0.014270124025642872,153298.0,144827312.0,2066703.7045404762,242.94486762189186,7240.0,89.26822662353516,0.0008241399773396552,0.04868676885962486,0.017292654141783714,0.013185249641537666,0.031820982694625854,0.03805147856473923,3.277904748916626,5.072831630706787,3.0204687118530273,0.4343680143356323
1819,29801,53,3,1,plus,11,0.05,0.05,0.0030624063219875097,0.0032194191589951515,4809.0,3399187.0,10943.407752807252,62.85023992483473,1873.0,68.69004821777344,0.0025674765929579735,0.011978385969996452,0.04919338971376419,0.03444961458444595,0.010044421069324017,0.013519922271370888,6.216831684112549,3.313960075378418,6.2783660888671875,0.7253406047821045
1819,29801,53,3,2,plus,11,0.05,0.05,0.015210271812975407,0.01599011942744255,55925.0,75535240.0,1207817.5085805357,157.20948961444245,4685.0,96.0049057006836,0.0020888946019113064,0.04925193637609482,0.033308882266283035,0.021827764809131622,0.023698577657341957,0.018696226179599762,5.5608625411987305,0.15370473265647888,5.821068286895752,0.7542546987533569
1819,29801,53,3,7,plus,11,0.05,0.05,0.013987557031214237,0.01470471452921629,155676.0,155562288.0,2287499.036551729,244.6897755108889,7292.0,89.26822662353516,0.0008241399773396552,0.04868676885962486,0.017292654141783714,0.013185249641537666,0.031820982694625854,0.03805147856473923,3.277904748916626,5.072831630706787,3.0204687118530273,0.4343680143356323
1819,29801,54,3,1,plus,12,0.1,0.1,0.0030624063219875097,0.003384482581168413,4744.0,3042937.5,10298.768964334158,64.09180899969799,1910.0,68.69004821777344,0.0025674765929579735,0.011978385969996452,0.04919338971376419,0.03444961458444595,0.010044421069324017,0.013519922271370888,6.216831684112549,3.313960075378418,6.2783660888671875,0.7253406047821045
1819,29801,54,3,2,plus,12,0.1,0.1,0.015210271812975407,0.01680995151400566,57205.0,81792336.0,1374925.2023772597,158.71950605684373,4730.0,96.0049057006836,0.0020888946019113064,0.04925193637609482,0.033308882266283035,0.021827764809131622,0.023698577657341957,0.018696226179599762,5.5608625411987305,0.15370473265647888,5.821068286895752,0.7542546987533569
1819,29801,54,3,7,plus,12,0.1,0.1,0.013987557031214237,0.015458641573786736,158840.0,166323520.0,2571135.6809705496,247.3071373443844,7370.0,89.26822662353516,0.0008241399773396552,0.04868676885962486,0.017292654141783714,0.013185249641537666,0.031820982694625854,0.03805147856473923,3.277904748916626,5.072831630706787,3.0204687118530273,0.4343680143356323
1819,29801,55,3,1,center_duplicate,-1,0.0,0.0,0.0030624063219875097,0.0030624063219875097,4758.0,2838363.25,8692.221560897015,61.34022348243347,1828.0,68.69004821777344,0.0025674765929579735,0.011978385969996452,0.04919338971376419,0.03444961458444595,0.010044421069324017,0.013519922271370888,6.216831684112549,3.313960075378418,6.2783660888671875,0.7253406047821045
1819,29801,55,3,2,center_duplicate,-1,0.0,0.0,0.015210271812975407,0.015210271812975407,55621.0,70688384.0,1075189.5346599817,156.4377034327707,4662.0,96.0049057006836,0.0020888946019113064,0.04925193637609482,0.033308882266283035,0.021827764809131622,0.023698577657341957,0.018696226179599762,5.5608625411987305,0.15370473265647888,5.821068286895752,0.7542546987533569
1819,29801,55,3,7,center_duplicate,-1,0.0,0.0,0.013987557031214237,0.013987557031214237,152584.0,138617120.0,1938914.8715026677,242.47508472870035,7226.0,89.26822662353516,0.0008241399773396552,0.04868676885962486,0.017292654141783714,0.013185249641537666,0.031820982694625854,0.03805147856473923,3.277904748916626,5.072831630706787,3.0204687118530273,0.4343680143356323
1819,29801,56,4,1,minus,0,-0.1,0.1,0.010890581645071507,0.009854205884039402,115843.0,33883320.0,333893.21131478995,248.3138149726519,7400.0,33.49873733520508,0.0002443856210447848,0.03864887356758118,0.02860582061111927,0.017027685418725014,0.04247899726033211,0.029159093275666237,3.1278157234191895,7.227877616882324,7.630624294281006,0.9706724286079407
1819,29801,56,4,2,minus,0,-0.1,0.1,0.011665408499538898,0.010555298067629337,126004.0,120594072.0,1272906.3751491532,207.61048286970234,6187.0,38.7281608581543,0.0025844236370176077,0.0295098964124918,0.04058080539107323,0.046412743628025055,0.04167976975440979,0.04483244940638542,0.7273001670837402,9.898069381713867,9.137249946594238,0.9603471159934998
1819,29801,56,4,7,minus,0,-0.1,0.1,0.009829248301684856,0.008893871679902077,4080.0,11142.736328125,99.10206706532699,24.49582228784269,730.0,4.61674165725708,0.003882353426888585,0.021245166659355164,0.026909608393907547,0.019780367612838745,0.019337840378284454,0.011820243671536446,1.170051097869873,1.0662606954574585,7.525685787200928,0.8699729442596436
1819,29801,57,4,1,minus,1,-0.05,0.05,0.010890581645071507,0.010359441861510277,118843.0,40456556.0,419107.33979893476,250.93117680614742,7478.0,33.49873733520508,0.0002443856210447848,0.03864887356758118,0.02860582061111927,0.017027685418725014,0.04247899726033211,0.029159093275666237,3.1278157234191895,7.227877616882324,7.630624294281006,0.9706724286079407
1819,29801,57,4,2,minus,1,-0.05,0.05,0.011665408499538898,0.011096480302512646,130732.0,130551072.0,1448657.3989199102,210.89896312204286,6285.0,38.7281608581543,0.0025844236370176077,0.0295098964124918,0.04058080539107323,0.046412743628025055,0.04167976975440979,0.04483244940638542,0.7273001670837402,9.898069381713867,9.137249946594238,0.9603471159934998
1819,29801,57,4,7,minus,1,-0.05,0.05,0.009829248301684856,0.00934987049549818,4075.0,19943.5234375,186.4693613645577,25.401832153283443,757.0,4.61674165725708,0.003882353426888585,0.021245166659355164,0.026909608393907547,0.019780367612838745,0.019337840378284454,0.011820243671536446,1.170051097869873,1.0662606954574585,7.525685787200928,0.8699729442596436
1819,29801,58,4,1,minus,2,-0.02,0.02,0.010890581645071507,0.010674933902919292,120922.0,40458216.0,431888.78163003176,252.54186101137543,7526.0,33.49873733520508,0.0002443856210447848,0.03864887356758118,0.02860582061111927,0.017027685418725014,0.04247899726033211,0.029159093275666237,3.1278157234191895,7.227877616882324,7.630624294281006,0.9706724286079407
1819,29801,58,4,2,minus,2,-0.02,0.02,0.011665408499538898,0.011434418149292469,133208.0,143711136.0,1643253.2217338383,212.50964732727087,6333.0,38.7281608581543,0.0025844236370176077,0.0295098964124918,0.04058080539107323,0.046412743628025055,0.04167976975440979,0.04483244940638542,0.7273001670837402,9.898069381713867,9.137249946594238,0.9603471159934998
1819,29801,58,4,7,minus,2,-0.02,0.02,0.009829248301684856,0.00963461585342884,4042.0,18183.03125,175.18652114464203,26.1065064930707,778.0,4.61674165725708,0.003882353426888585,0.021245166659355164,0.026909608393907547,0.019780367612838745,0.019337840378284454,0.011820243671536446,1.170051097869873,1.0662606954574585,7.525685787200928,0.8699729442596436
1819,29801,59,4,1,minus,3,-0.01,0.01,0.010890581645071507,0.010782218538224697,121614.0,40932688.0,441345.1873729676,253.28009127210495,7548.0,33.49873733520508,0.0002443856210447848,0.03864887356758118,0.02860582061111927,0.017027685418725014,0.04247899726033211,0.029159093275666237,3.1278157234191895,7.227877616882324,7.630624294281006,0.9706724286079407
1819,29801,59,4,2,minus,3,-0.01,0.01,0.011665408499538898,0.011549335904419422,133781.0,141879920.0,1638618.8541721553,212.94587429952014,6346.0,38.7281608581543,0.0025844236370176077,0.0295098964124918,0.04058080539107323,0.046412743628025055,0.04167976975440979,0.04483244940638542,0.7273001670837402,9.898069381713867,9.137249946594238,0.9603471159934998
1819,29801,59,4,7,minus,3,-0.01,0.01,0.009829248301684856,0.009731445461511612,4016.0,17510.7109375,170.40452848057612,26.1065064930707,778.0,4.61674165725708,0.003882353426888585,0.021245166659355164,0.026909608393907547,0.019780367612838745,0.019337840378284454,0.011820243671536446,1.170051097869873,1.0662606954574585,7.525685787200928,0.8699729442596436
1819,29801,60,4,1,minus,4,-0.005,0.005,0.010890581645071507,0.010836264118552208,121657.0,40781688.0,441921.14236839116,253.3136471930472,7549.0,33.49873733520508,0.0002443856210447848,0.03864887356758118,0.02860582061111927,0.017027685418725014,0.04247899726033211,0.029159093275666237,3.1278157234191895,7.227877616882324,7.630624294281006,0.9706724286079407
1819,29801,60,4,2,minus,4,-0.005,0.005,0.011665408499538898,0.01160722691565752,134246.0,143085808.0,1660829.4418662041,213.1807657461159,6353.0,38.7281608581543,0.0025844236370176077,0.0295098964124918,0.04058080539107323,0.046412743628025055,0.04167976975440979,0.04483244940638542,0.7273001670837402,9.898069381713867,9.137249946594238,0.9603471159934998
1819,29801,60,4,7,minus,4,-0.005,0.005,0.009829248301684856,0.009780224412679672,3989.0,18810.0859375,183.9668616905401,26.274286097781953,783.0,4.61674165725708,0.003882353426888585,0.021245166659355164,0.026909608393907547,0.019780367612838745,0.019337840378284454,0.011820243671536446,1.170051097869873,1.0662606954574585,7.525685787200928,0.8699729442596436
1819,29801,61,4,1,minus,5,-0.0025,0.0025,0.010890581645071507,0.010863388888537884,122088.0,41867624.0,454824.281351082,253.54853863964294,7556.0,33.49873733520508,0.0002443856210447848,0.03864887356758118,0.02860582061111927,0.017027685418725014,0.04247899726033211,0.029159093275666237,3.1278157234191895,7.227877616882324,7.630624294281006,0.9706724286079407
1819,29801,61,4,2,minus,5,-0.0025,0.0025,0.011665408499538898,0.0116362813860178,134276.0,142757984.0,1661172.0719246268,213.44921311365388,6361.0,38.7281608581543,0.0025844236370176077,0.0295098964124918,0.04058080539107323,0.046412743628025055,0.04167976975440979,0.04483244940638542,0.7273001670837402,9.898069381713867,9.137249946594238,0.9603471159934998
1819,29801,61,4,7,minus,5,-0.0025,0.0025,0.009829248301684856,0.00980470608919859,3969.0,17943.978515625,175.9354354165971,26.274286097781953,783.0,4.61674165725708,0.003882353426888585,0.021245166659355164,0.026909608393907547,0.019780367612838745,0.019337840378284454,0.011820243671536446,1.170051097869873,1.0662606954574585,7.525685787200928,0.8699729442596436
1819,29801,62,4,1,center,6,0.0,0.0,0.010890581645071507,0.010890581645071507,122243.0,42563440.0,463540.61841510236,253.6492064024697,7559.0,33.49873733520508,0.0002443856210447848,0.03864887356758118,0.02860582061111927,0.017027685418725014,0.04247899726033211,0.029159093275666237,3.1278157234191895,7.227877616882324,7.630624294281006,0.9706724286079407
1819,29801,62,4,2,center,6,0.0,0.0,0.011665408499538898,0.011665408499538898,134315.0,144456848.0,1685148.1424757987,213.3149894298849,6357.0,38.7281608581543,0.0025844236370176077,0.0295098964124918,0.04058080539107323,0.046412743628025055,0.04167976975440979,0.04483244940638542,0.7273001670837402,9.898069381713867,9.137249946594238,0.9603471159934998
1819,29801,62,4,7,center,6,0.0,0.0,0.009829248301684856,0.009829248301684856,4000.0,19276.5625,189.474119215447,26.374953860608702,786.0,4.61674165725708,0.003882353426888585,0.021245166659355164,0.026909608393907547,0.019780367612838745,0.019337840378284454,0.011820243671536446,1.170051097869873,1.0662606954574585,7.525685787200928,0.8699729442596436
1819,29801,63,4,1,plus,7,0.0025,0.0025,0.010890581645071507,0.010917842388153076,122571.0,41942868.0,457925.62213110924,253.88409784906545,7566.0,33.49873733520508,0.0002443856210447848,0.03864887356758118,0.02860582061111927,0.017027685418725014,0.04247899726033211,0.029159093275666237,3.1278157234191895,7.227877616882324,7.630624294281006,0.9706724286079407
1819,29801,63,4,2,plus,7,0.0025,0.0025,0.011665408499538898,0.011694609187543392,134772.0,147017056.0,1719307.0138231814,213.61699271836514,6366.0,38.7281608581543,0.0025844236370176077,0.0295098964124918,0.04058080539107323,0.046412743628025055,0.04167976975440979,0.04483244940638542,0.7273001670837402,9.898069381713867,9.137249946594238,0.9603471159934998
1819,29801,63,4,7,plus,7,0.0025,0.0025,0.009829248301684856,0.009853852912783623,3983.0,20574.90625,202.74209988181246,26.475621623435455,789.0,4.61674165725708,0.003882353426888585,0.021245166659355164,0.026909608393907547,0.019780367612838745,0.019337840378284454,0.011820243671536446,1.170051097869873,1.0662606954574585,7.525685787200928,0.8699729442596436
1819,29801,64,4,1,plus,8,0.005,0.005,0.010890581645071507,0.010945171117782593,122572.0,42364936.0,463691.473913908,253.9176537700077,7567.0,33.49873733520508,0.0002443856210447848,0.03864887356758118,0.02860582061111927,0.017027685418725014,0.04247899726033211,0.029159093275666237,3.1278157234191895,7.227877616882324,7.630624294281006,0.9706724286079407
1819,29801,64,4,2,plus,8,0.005,0.005,0.011665408499538898,0.011723881587386131,134772.0,146541120.0,1718030.7385629416,213.75121640213413,6370.0,38.7281608581543,0.0025844236370176077,0.0295098964124918,0.04058080539107323,0.046412743628025055,0.04167976975440979,0.04483244940638542,0.7273001670837402,9.898069381713867,9.137249946594238,0.9603471159934998
1819,29801,64,4,7,plus,8,0.005,0.005,0.009829248301684856,0.009878517128527164,4008.0,19361.326171875,191.26119221986846,26.509177544377703,790.0,4.61674165725708,0.003882353426888585,0.021245166659355164,0.026909608393907547,0.019780367612838745,0.019337840378284454,0.011820243671536446,1.170051097869873,1.0662606954574585,7.525685787200928,0.8699729442596436
1819,29801,65,4,1,plus,9,0.01,0.01,0.010890581645071507,0.011000033468008041,122436.0,43039464.0,473435.54444512725,253.8505419281232,7565.0,33.49873733520508,0.0002443856210447848,0.03864887356758118,0.02860582061111927,0.017027685418725014,0.04247899726033211,0.029159093275666237,3.1278157234191895,7.227877616882324,7.630624294281006,0.9706724286079407
1819,29801,65,4,2,plus,9,0.01,0.01,0.011665408499538898,0.011782648041844368,135070.0,150618528.0,1774685.104004681,214.08677561155665,6380.0,38.7281608581543,0.0025844236370176077,0.0295098964124918,0.04058080539107323,0.046412743628025055,0.04167976975440979,0.04483244940638542,0.7273001670837402,9.898069381713867,9.137249946594238,0.9603471159934998
1819,29801,65,4,7,plus,9,0.01,0.01,0.009829248301684856,0.00992803368717432,4005.0,19028.29296875,188.91353360317225,26.542733465319955,791.0,4.61674165725708,0.003882353426888585,0.021245166659355164,0.026909608393907547,0.019780367612838745,0.019337840378284454,0.011820243671536446,1.170051097869873,1.0662606954574585,7.525685787200928,0.8699729442596436
1819,29801,66,4,1,plus,10,0.02,0.02,0.010890581645071507,0.011110586114227772,123243.0,42576420.0,473048.9808455296,254.55521626791045,7586.0,33.49873733520508,0.0002443856210447848,0.03864887356758118,0.02860582061111927,0.017027685418725014,0.04247899726033211,0.029159093275666237,3.1278157234191895,7.227877616882324,7.630624294281006,0.9706724286079407
1819,29801,66,4,2,plus,10,0.02,0.02,0.011665408499538898,0.011901064775884151,136114.0,153023792.0,1821146.060843423,214.62367034663265,6396.0,38.7281608581543,0.0025844236370176077,0.0295098964124918,0.04058080539107323,0.046412743628025055,0.04167976975440979,0.04483244940638542,0.7273001670837402,9.898069381713867,9.137249946594238,0.9603471159934998
1819,29801,66,4,7,plus,10,0.02,0.02,0.009829248301684856,0.010027811862528324,3978.0,19228.033203125,192.81509944738536,26.710513070031205,796.0,4.61674165725708,0.003882353426888585,0.021245166659355164,0.026909608393907547,0.019780367612838745,0.019337840378284454,0.011820243671536446,1.170051097869873,1.0662606954574585,7.525685787200928,0.8699729442596436
1819,29801,67,4,1,plus,11,0.05,0.05,0.010890581645071507,0.011448953300714493,124439.0,42639104.0,488173.11048030853,255.62900573806246,7618.0,33.49873733520508,0.0002443856210447848,0.03864887356758118,0.02860582061111927,0.017027685418725014,0.04247899726033211,0.029159093275666237,3.1278157234191895,7.227877616882324,7.630624294281006,0.9706724286079407
1819,29801,67,4,2,plus,11,0.05,0.05,0.011665408499538898,0.012263506650924683,137880.0,160264064.0,1965399.414768219,216.5363578403409,6453.0,38.7281608581543,0.0025844236370176077,0.0295098964124918,0.04058080539107323,0.046412743628025055,0.04167976975440979,0.04483244940638542,0.7273001670837402,9.898069381713867,9.137249946594238,0.9603471159934998
1819,29801,67,4,7,plus,11,0.05,0.05,0.009829248301684856,0.01033320464193821,4081.0,21579.705078125,222.9875086849388,27.817858461125464,829.0,4.61674165725708,0.003882353426888585,0.021245166659355164,0.026909608393907547,0.019780367612838745,0.019337840378284454,0.011820243671536446,1.170051097869873,1.0662606954574585,7.525685787200928,0.8699729442596436
1819,29801,68,4,1,plus,12,0.1,0.1,0.010890581645071507,0.012035954743623734,127304.0,44718880.0,538234.4158655405,258.0785879668467,7691.0,33.49873733520508,0.0002443856210447848,0.03864887356758118,0.02860582061111927,0.017027685418725014,0.04247899726033211,0.029159093275666237,3.1278157234191895,7.227877616882324,7.630624294281006,0.9706724286079407
1819,29801,68,4,2,plus,12,0.1,0.1,0.011665408499538898,0.01289227046072483,141002.0,177845200.0,2292828.4185416996,218.95238414818294,6525.0,38.7281608581543,0.0025844236370176077,0.0295098964124918,0.04058080539107323,0.046412743628025055,0.04167976975440979,0.04483244940638542,0.7273001670837402,9.898069381713867,9.137249946594238,0.9603471159934998
1819,29801,68,4,7,plus,12,0.1,0.1,0.009829248301684856,0.010862999595701694,4121.0,15146.4853515625,164.53626425032508,28.75742424750847,857.0,4.61674165725708,0.003882353426888585,0.021245166659355164,0.026909608393907547,0.019780367612838745,0.019337840378284454,0.011820243671536446,1.170051097869873,1.0662606954574585,7.525685787200928,0.8699729442596436
1819,29801,69,4,1,center_duplicate,-1,0.0,0.0,0.010890581645071507,0.010890581645071507,122243.0,42563440.0,463540.61841510236,253.6492064024697,7559.0,33.49873733520508,0.0002443856210447848,0.03864887356758118,0.02860582061111927,0.017027685418725014,0.04247899726033211,0.029159093275666237,3.1278157234191895,7.227877616882324,7.630624294281006,0.9706724286079407
1819,29801,69,4,2,center_duplicate,-1,0.0,0.0,0.011665408499538898,0.011665408499538898,134315.0,144456848.0,1685148.1424757987,213.3149894298849,6357.0,38.7281608581543,0.0025844236370176077,0.0295098964124918,0.04058080539107323,0.046412743628025055,0.04167976975440979,0.04483244940638542,0.7273001670837402,9.898069381713867,9.137249946594238,0.9603471159934998
1819,29801,69,4,7,center_duplicate,-1,0.0,0.0,0.009829248301684856,0.009829248301684856,4000.0,19276.5625,189.474119215447,26.374953860608702,786.0,4.61674165725708,0.003882353426888585,0.021245166659355164,0.026909608393907547,0.019780367612838745,0.019337840378284454,0.011820243671536446,1.170051097869873,1.0662606954574585,7.525685787200928,0.8699729442596436
1819,29801,70,5,1,minus,0,-0.1,0.1,0.012977655045688152,0.011742668226361275,7363.0,1158501.375,13603.897286408348,89.12452602261669,2656.0,24.337238311767578,0.002409239998087287,0.03230954334139824,0.022391311824321747,0.01260021235793829,0.024699371308088303,0.01829836703836918,7.951542377471924,8.247520446777344,4.818588733673096,0.26707765460014343
1819,29801,70,5,2,minus,0,-0.1,0.1,0.004819092340767384,0.004360495135188103,5673.0,1071332.75,4671.541244542692,58.58863796516895,1746.0,31.63585090637207,0.0015944018959999084,0.017833586782217026,0.01037081889808178,0.013387742452323437,0.014229283668100834,0.0478997603058815,6.824490547180176,1.2873531579971313,2.1796975135803223,0.67423015832901
1819,29801,70,5,7,minus,0,-0.1,0.1,0.012707182206213474,0.011497934348881245,68253.0,12503668.0,143766.35378420725,164.524680379853,4903.0,26.436113357543945,0.0015469755744561553,0.037771038711071014,0.013894619420170784,0.02938656508922577,0.021010667085647583,0.04061645269393921,2.290356397628784,4.109940528869629,6.244213104248047,0.661459743976593
1819,29801,71,5,1,minus,1,-0.05,0.05,0.012977655045688152,0.012344727292656898,7492.0,1246220.375,15384.250675927615,90.76876614878695,2705.0,24.337238311767578,0.002409239998087287,0.03230954334139824,0.022391311824321747,0.01260021235793829,0.024699371308088303,0.01829836703836918,7.951542377471924,8.247520446777344,4.818588733673096,0.26707765460014343
1819,29801,71,5,2,minus,1,-0.05,0.05,0.004819092340767384,0.0045840623788535595,6091.0,1092282.125,5007.089396306721,59.79665111908996,1782.0,31.63585090637207,0.0015944018959999084,0.017833586782217026,0.01037081889808178,0.013387742452323437,0.014229283668100834,0.0478997603058815,6.824490547180176,1.2873531579971313,2.1796975135803223,0.67423015832901
1819,29801,71,5,7,minus,1,-0.05,0.05,0.012707182206213474,0.012087445706129074,71357.0,13877777.0,167746.87600926682,168.01449615784705,5007.0,26.436113357543945,0.0015469755744561553,0.037771038711071014,0.013894619420170784,0.02938656508922577,0.021010667085647583,0.04061645269393921,2.290356397628784,4.109940528869629,6.244213104248047,0.661459743976593
1819,29801,72,5,1,minus,2,-0.02,0.02,0.012977655045688152,0.012720680795609951,7821.0,1287381.375,16376.367533588433,91.6076641723432,2730.0,24.337238311767578,0.002409239998087287,0.03230954334139824,0.022391311824321747,0.01260021235793829,0.024699371308088303,0.01829836703836918,7.951542377471924,8.247520446777344,4.818588733673096,0.26707765460014343
1819,29801,72,5,2,minus,2,-0.02,0.02,0.004819092340767384,0.004723668098449707,6146.0,1219248.125,5759.323472157121,60.16576624945471,1793.0,31.63585090637207,0.0015944018959999084,0.017833586782217026,0.01037081889808178,0.013387742452323437,0.014229283668100834,0.0478997603058815,6.824490547180176,1.2873531579971313,2.1796975135803223,0.67423015832901
1819,29801,72,5,7,minus,2,-0.02,0.02,0.012707182206213474,0.012455563060939312,73183.0,14916223.0,185789.95620753337,169.96073957249754,5065.0,26.436113357543945,0.0015469755744561553,0.037771038711071014,0.013894619420170784,0.02938656508922577,0.021010667085647583,0.04061645269393921,2.290356397628784,4.109940528869629,6.244213104248047,0.661459743976593
1819,29801,73,5,1,minus,3,-0.01,0.01,0.012977655045688152,0.012848525308072567,7875.0,1418031.875,18219.618433591095,91.6747760142277,2732.0,24.337238311767578,0.002409239998087287,0.03230954334139824,0.022391311824321747,0.01260021235793829,0.024699371308088303,0.01829836703836918,7.951542377471924,8.247520446777344,4.818588733673096,0.26707765460014343
1819,29801,73,5,2,minus,3,-0.01,0.01,0.004819092340767384,0.004771141801029444,6155.0,1116194.0,5325.519851458259,60.132210328512464,1792.0,31.63585090637207,0.0015944018959999084,0.017833586782217026,0.01037081889808178,0.013387742452323437,0.014229283668100834,0.0478997603058815,6.824490547180176,1.2873531579971313,2.1796975135803223,0.67423015832901
1819,29801,73,5,7,minus,3,-0.01,0.01,0.012707182206213474,0.012580743990838528,73405.0,14724176.0,185241.08873204887,170.43052246568905,5079.0,26.436113357543945,0.0015469755744561553,0.037771038711071014,0.013894619420170784,0.02938656508922577,0.021010667085647583,0.04061645269393921,2.290356397628784,4.109940528869629,6.244213104248047,0.661459743976593
1819,29801,74,5,1,minus,4,-0.005,0.005,0.012977655045688152,0.012912928126752377,7893.0,1408064.5,18182.23568633152,91.6076641723432,2730.0,24.337238311767578,0.002409239998087287,0.03230954334139824,0.022391311824321747,0.01260021235793829,0.024699371308088303,0.01829836703836918,7.951542377471924,8.247520446777344,4.818588733673096,0.26707765460014343
1819,29801,74,5,2,minus,4,-0.005,0.005,0.004819092340767384,0.004795056767761707,6335.0,1230593.25,5900.764491774375,60.736216905472965,1810.0,31.63585090637207,0.0015944018959999084,0.017833586782217026,0.01037081889808178,0.013387742452323437,0.014229283668100834,0.0478997603058815,6.824490547180176,1.2873531579971313,2.1796975135803223,0.67423015832901
1819,29801,74,5,7,minus,4,-0.005,0.005,0.012707182206213474,0.012643804773688316,73511.0,14778411.0,186855.34354932792,170.49763430757355,5081.0,26.436113357543945,0.0015469755744561553,0.037771038711071014,0.013894619420170784,0.02938656508922577,0.021010667085647583,0.04061645269393921,2.290356397628784,4.109940528869629,6.244213104248047,0.661459743976593
1819,29801,75,5,1,minus,5,-0.0025,0.0025,0.012977655045688152,0.012945251539349556,7878.0,1429116.75,18500.275807847735,91.70833193516995,2733.0,24.337238311767578,0.002409239998087287,0.03230954334139824,0.022391311824321747,0.01260021235793829,0.024699371308088303,0.01829836703836918,7.951542377471924,8.247520446777344,4.818588733673096,0.26707765460014343
1819,29801,75,5,2,minus,5,-0.0025,0.0025,0.004819092340767384,0.004807059653103352,6274.0,1165405.625,5602.174359437195,60.702660984530716,1809.0,31.63585090637207,0.0015944018959999084,0.017833586782217026,0.01037081889808178,0.013387742452323437,0.014229283668100834,0.0478997603058815,6.824490547180176,1.2873531579971313,2.1796975135803223,0.67423015832901
1819,29801,75,5,7,minus,5,-0.0025,0.0025,0.012707182206213474,0.012675453908741474,73488.0,14927483.0,189212.6227400219,170.5983020704003,5084.0,26.436113357543945,0.0015469755744561553,0.037771038711071014,0.013894619420170784,0.02938656508922577,0.021010667085647583,0.04061645269393921,2.290356397628784,4.109940528869629,6.244213104248047,0.661459743976593
1819,29801,76,5,1,center,6,0.0,0.0,0.012977655045688152,0.012977655045688152,7882.0,1440536.0,18694.779288895428,91.84255561893896,2737.0,24.337238311767578,0.002409239998087287,0.03230954334139824,0.022391311824321747,0.01260021235793829,0.024699371308088303,0.01829836703836918,7.951542377471924,8.247520446777344,4.818588733673096,0.26707765460014343
1819,29801,76,5,2,center,6,0.0,0.0,0.004819092340767384,0.004819092340767384,6245.0,1095107.5,5277.4241655669175,60.66910506358847,1808.0,31.63585090637207,0.0015944018959999084,0.017833586782217026,0.01037081889808178,0.013387742452323437,0.014229283668100834,0.0478997603058815,6.824490547180176,1.2873531579971313,2.1796975135803223,0.67423015832901
1819,29801,76,5,7,center,6,0.0,0.0,0.012707182206213474,0.012707182206213474,73764.0,14818909.0,188306.5767602967,170.7996375960538,5090.0,26.436113357543945,0.0015469755744561553,0.037771038711071014,0.013894619420170784,0.02938656508922577,0.021010667085647583,0.04061645269393921,2.290356397628784,4.109940528869629,6.244213104248047,0.661459743976593
1819,29801,77,5,1,plus,7,0.0025,0.0025,0.012977655045688152,0.013010140508413315,7870.0,1442457.75,18766.578004949726,91.90966746082346,2739.0,24.337238311767578,0.002409239998087287,0.03230954334139824,0.022391311824321747,0.01260021235793829,0.024699371308088303,0.01829836703836918,7.951542377471924,8.247520446777344,4.818588733673096,0.26707765460014343
1819,29801,77,5,2,plus,7,0.0025,0.0025,0.004819092340767384,0.0048311552964150906,6284.0,1145799.875,5535.537134737999,60.702660984530716,1809.0,31.63585090637207,0.0015944018959999084,0.017833586782217026,0.01037081889808178,0.013387742452323437,0.014229283668100834,0.0478997603058815,6.824490547180176,1.2873531579971313,2.1796975135803223,0.67423015832901
1819,29801,77,5,7,plus,7,0.0025,0.0025,0.012707182206213474,0.012738990597426891,73709.0,15068520.0,191957.73459713906,170.76608167511156,5089.0,26.436113357543945,0.0015469755744561553,0.037771038711071014,0.013894619420170784,0.02938656508922577,0.021010667085647583,0.04061645269393921,2.290356397628784,4.109940528869629,6.244213104248047,0.661459743976593
1819,29801,78,5,1,plus,8,0.005,0.005,0.012977655045688152,0.013042706064879894,7947.0,1445218.875,18849.564986041398,92.14455890741921,2746.0,24.337238311767578,0.002409239998087287,0.03230954334139824,0.022391311824321747,0.01260021235793829,0.024699371308088303,0.01829836703836918,7.951542377471924,8.247520446777344,4.818588733673096,0.26707765460014343
1819,29801,78,5,2,plus,8,0.005,0.005,0.004819092340767384,0.004843248054385185,6250.0,1124463.0,5446.053236978129,60.63554914264622,1807.0,31.63585090637207,0.0015944018959999084,0.017833586782217026,0.01037081889808178,0.013387742452323437,0.014229283668100834,0.0478997603058815,6.824490547180176,1.2873531579971313,2.1796975135803223,0.67423015832901
1819,29801,78,5,7,plus,8,0.005,0.005,0.012707182206213474,0.012770877219736576,74043.0,15220016.0,194372.9556184262,171.10164088453408,5099.0,26.436113357543945,0.0015469755744561553,0.037771038711071014,0.013894619420170784,0.02938656508922577,0.021010667085647583,0.04061645269393921,2.290356397628784,4.109940528869629,6.244213104248047,0.661459743976593
1819,29801,79,5,1,plus,9,0.01,0.01,0.012977655045688152,0.013108083046972752,8047.0,1524286.25,19980.47075235867,92.2787825911882,2750.0,24.337238311767578,0.002409239998087287,0.03230954334139824,0.022391311824321747,0.01260021235793829,0.024699371308088303,0.01829836703836918,7.951542377471924,8.247520446777344,4.818588733673096,0.26707765460014343
1819,29801,79,5,2,plus,9,0.01,0.01,0.004819092340767384,0.004867525305598974,6200.0,1138934.625,5543.793108610378,60.63554914264622,1807.0,31.63585090637207,0.0015944018959999084,0.017833586782217026,0.01037081889808178,0.013387742452323437,0.014229283668100834,0.0478997603058815,6.824490547180176,1.2873531579971313,2.1796975135803223,0.67423015832901
1819,29801,79,5,7,plus,9,0.01,0.01,0.012707182206213474,0.012834891676902771,74690.0,14963041.0,192049.01039205492,171.63853561961008,5115.0,26.436113357543945,0.0015469755744561553,0.037771038711071014,0.013894619420170784,0.02938656508922577,0.021010667085647583,0.04061645269393921,2.290356397628784,4.109940528869629,6.244213104248047,0.661459743976593
1819,29801,80,5,1,plus,10,0.02,0.02,0.012977655045688152,0.01323982048779726,8110.0,1602313.25,21214.339795219013,92.51367403778396,2757.0,24.337238311767578,0.002409239998087287,0.03230954334139824,0.022391311824321747,0.01260021235793829,0.024699371308088303,0.01829836703836918,7.951542377471924,8.247520446777344,4.818588733673096,0.26707765460014343
1819,29801,80,5,2,plus,10,0.02,0.02,0.004819092340767384,0.004916444420814514,6207.0,1143639.75,5622.641268309206,60.66910506358847,1808.0,31.63585090637207,0.0015944018959999084,0.017833586782217026,0.01037081889808178,0.013387742452323437,0.014229283668100834,0.0478997603058815,6.824490547180176,1.2873531579971313,2.1796975135803223,0.67423015832901
1819,29801,80,5,7,plus,10,0.02,0.02,0.012707182206213474,0.012963884510099888,75016.0,15539551.0,201452.94450280722,172.10831851280156,5129.0,26.436113357543945,0.0015469755744561553,0.037771038711071014,0.013894619420170784,0.02938656508922577,0.021010667085647583,0.04061645269393921,2.290356397628784,4.109940528869629,6.244213104248047,0.661459743976593
1819,29801,81,5,1,plus,11,0.05,0.05,0.012977655045688152,0.013643033802509308,8098.0,1381651.375,18849.916412408464,92.98345693097546,2771.0,24.337238311767578,0.002409239998087287,0.03230954334139824,0.022391311824321747,0.01260021235793829,0.024699371308088303,0.01829836703836918,7.951542377471924,8.247520446777344,4.818588733673096,0.26707765460014343
1819,29801,81,5,2,plus,11,0.05,0.05,0.004819092340767384,0.00506617221981287,6326.0,1190411.875,6030.831571260351,61.27311164054897,1826.0,31.63585090637207,0.0015944018959999084,0.017833586782217026,0.01037081889808178,0.013387742452323437,0.014229283668100834,0.0478997603058815,6.824490547180176,1.2873531579971313,2.1796975135803223,0.67423015832901
1819,29801,81,5,7,plus,11,0.05,0.05,0.012707182206213474,0.013358693569898605,76537.0,16125857.0,215420.3822150044,174.02100600650985,5186.0,26.436113357543945,0.0015469755744561553,0.037771038711071014,0.013894619420170784,0.02938656508922577,0.021010667085647583,0.04061645269393921,2.290356397628784,4.109940528869629,6.244213104248047,0.661459743976593
1819,29801,82,5,1,plus,12,0.1,0.1,0.012977655045688152,0.014342527836561203,8365.0,1605735.625,23030.3078997205,94.22502600583873,2808.0,24.337238311767578,0.002409239998087287,0.03230954334139824,0.022391311824321747,0.01260021235793829,0.024699371308088303,0.01829836703836918,7.951542377471924,8.247520446777344,4.818588733673096,0.26707765460014343
1819,29801,82,5,2,plus,12,0.1,0.1,0.004819092340767384,0.005325920879840851,6685.0,1282337.75,6829.629397733137,62.74957216200798,1870.0,31.63585090637207,0.0015944018959999084,0.017833586782217026,0.01037081889808178,0.013387742452323437,0.014229283668100834,0.0478997603058815,6.824490547180176,1.2873531579971313,2.1796975135803223,0.67423015832901
1819,29801,82,5,7,plus,12,0.1,0.1,0.012707182206213474,0.01404360868036747,80680.0,18216244.0,255821.80236209184,178.24905204523338,5312.0,26.436113357543945,0.0015469755744561553,0.037771038711071014,0.013894619420170784,0.02938656508922577,0.021010667085647583,0.04061645269393921,2.290356397628784,4.109940528869629,6.244213104248047,0.661459743976593
1819,29801,83,5,1,center_duplicate,-1,0.0,0.0,0.012977655045688152,0.012977655045688152,7882.0,1440536.0,18694.779288895428,91.84255561893896,2737.0,24.337238311767578,0.002409239998087287,0.03230954334139824,0.022391311824321747,0.01260021235793829,0.024699371308088303,0.01829836703836918,7.951542377471924,8.247520446777344,4.818588733673096,0.26707765460014343
1819,29801,83,5,2,center_duplicate,-1,0.0,0.0,0.004819092340767384,0.004819092340767384,6245.0,1095107.5,5277.4241655669175,60.66910506358847,1808.0,31.63585090637207,0.0015944018959999084,0.017833586782217026,0.01037081889808178,0.013387742452323437,0.014229283668100834,0.0478997603058815,6.824490547180176,1.2873531579971313,2.1796975135803223,0.67423015832901
1819,29801,83,5,7,center_duplicate,-1,0.0,0.0,0.012707182206213474,0.012707182206213474,73764.0,14818909.0,188306.5767602967,170.7996375960538,5090.0,26.436113357543945,0.0015469755744561553,0.037771038711071014,0.013894619420170784,0.02938656508922577,0.021010667085647583,0.04061645269393921,2.290356397628784,4.109940528869629,6.244213104248047,0.661459743976593
1819,29801,84,6,1,minus,0,-0.1,0.1,0.018187135457992554,0.016456400975584984,7957.0,17810950.0,293104.13495609537,84.35958524881715,2514.0,96.47991180419922,0.004879876971244812,0.02411128394305706,0.015877479687333107,0.0440637469291687,0.04745238646864891,0.024348696693778038,1.7147413492202759,2.418577194213867,1.9084950685501099,0.6177399754524231
1819,29801,84,6,2,minus,0,-0.1,0.1,0.016054220497608185,0.014526459388434887,19184.0,57405760.0,833902.4413022399,99.79530888225227,2974.0,71.22661590576172,0.003998503088951111,0.03332260996103287,0.04898757115006447,0.019731642678380013,0.017863517627120018,0.013543943874537945,8.574448585510254,3.511550188064575,4.462161540985107,0.47644639015197754
1819,29801,84,6,7,minus,0,-0.1,0.1,0.01834116317331791,0.01659577153623104,29123.0,7989089.0,132585.0958266165,108.15073319687258,3223.0,18.03076934814453,0.0031880333553999662,0.013988914899528027,0.049588657915592194,0.04881652444601059,0.03754022717475891,0.029685191810131073,5.470731735229492,2.148503541946411,4.848639011383057,0.7454955577850342
1819,29801,85,6,1,minus,1,-0.05,0.05,0.018187135457992554,0.017300138249993324,8177.0,19315116.0,334154.17711465806,84.62803261635516,2522.0,96.47991180419922,0.004879876971244812,0.02411128394305706,0.015877479687333107,0.0440637469291687,0.04745238646864891,0.024348696693778038,1.7147413492202759,2.418577194213867,1.9084950685501099,0.6177399754524231
1819,29801,85,6,2,minus,1,-0.05,0.05,0.016054220497608185,0.015271247364580631,19530.0,56819008.0,867697.1261780858,100.49998322203952,2995.0,71.22661590576172,0.003998503088951111,0.03332260996103287,0.04898757115006447,0.019731642678380013,0.017863517627120018,0.013543943874537945,8.574448585510254,3.511550188064575,4.462161540985107,0.47644639015197754
1819,29801,85,6,7,minus,1,-0.05,0.05,0.01834116317331791,0.01744665391743183,29941.0,8215133.0,143326.5823366735,109.6271937183316,3267.0,18.03076934814453,0.0031880333553999662,0.013988914899528027,0.049588657915592194,0.04881652444601059,0.03754022717475891,0.029685191810131073,5.470731735229492,2.148503541946411,4.848639011383057,0.7454955577850342
1819,29801,86,6,1,minus,2,-0.02,0.02,0.018187135457992554,0.017827006056904793,8349.0,20220154.0,360464.8078295477,85.16492735143116,2538.0,96.47991180419922,0.004879876971244812,0.02411128394305706,0.015877479687333107,0.0440637469291687,0.04745238646864891,0.024348696693778038,1.7147413492202759,2.418577194213867,1.9084950685501099,0.6177399754524231
1819,29801,86,6,2,minus,2,-0.02,0.02,0.016054220497608185,0.015736326575279236,19581.0,62380420.0,981638.6610230803,100.73487466863527,3002.0,71.22661590576172,0.003998503088951111,0.03332260996103287,0.04898757115006447,0.019731642678380013,0.017863517627120018,0.013543943874537945,8.574448585510254,3.511550188064575,4.462161540985107,0.47644639015197754
1819,29801,86,6,7,minus,2,-0.02,0.02,0.01834116317331791,0.017977984622120857,30165.0,8000723.5,143836.88404884096,110.60031542565685,3296.0,18.03076934814453,0.0031880333553999662,0.013988914899528027,0.049588657915592194,0.04881652444601059,0.03754022717475891,0.029685191810131073,5.470731735229492,2.148503541946411,4.848639011383057,0.7454955577850342
1819,29801,87,6,1,minus,3,-0.01,0.01,0.018187135457992554,0.01800617016851902,8384.0,21369458.0,384782.0971570201,85.1313714304889,2537.0,96.47991180419922,0.004879876971244812,0.02411128394305706,0.015877479687333107,0.0440637469291687,0.04745238646864891,0.024348696693778038,1.7147413492202759,2.418577194213867,1.9084950685501099,0.6177399754524231
1819,29801,87,6,2,minus,3,-0.01,0.01,0.016054220497608185,0.01589447818696499,19580.0,64656188.0,1027676.3698183075,100.76843058957752,3003.0,71.22661590576172,0.003998503088951111,0.03332260996103287,0.04898757115006447,0.019731642678380013,0.017863517627120018,0.013543943874537945,8.574448585510254,3.511550188064575,4.462161540985107,0.47644639015197754
1819,29801,87,6,7,minus,3,-0.01,0.01,0.01834116317331791,0.01815866492688656,30399.0,8322450.5,151124.5900000995,110.93587463507936,3306.0,18.03076934814453,0.0031880333553999662,0.013988914899528027,0.049588657915592194,0.04881652444601059,0.03754022717475891,0.029685191810131073,5.470731735229492,2.148503541946411,4.848639011383057,0.7454955577850342
1819,29801,88,6,1,minus,4,-0.005,0.005,0.018187135457992554,0.018096426501870155,8435.0,21117056.0,382143.2518398762,85.16492735143116,2538.0,96.47991180419922,0.004879876971244812,0.02411128394305706,0.015877479687333107,0.0440637469291687,0.04745238646864891,0.024348696693778038,1.7147413492202759,2.418577194213867,1.9084950685501099,0.6177399754524231
1819,29801,88,6,2,minus,4,-0.005,0.005,0.016054220497608185,0.015974149107933044,19634.0,64925132.0,1037123.7394202352,100.83554243146203,3005.0,71.22661590576172,0.003998503088951111,0.03332260996103287,0.04898757115006447,0.019731642678380013,0.017863517627120018,0.013543943874537945,8.574448585510254,3.511550188064575,4.462161540985107,0.47644639015197754
1819,29801,88,6,7,minus,4,-0.005,0.005,0.01834116317331791,0.018249686807394028,30361.0,8747607.0,159641.08806416765,111.00298647696386,3308.0,18.03076934814453,0.0031880333553999662,0.013988914899528027,0.049588657915592194,0.04881652444601059,0.03754022717475891,0.029685191810131073,5.470731735229492,2.148503541946411,4.848639011383057,0.7454955577850342
1819,29801,89,6,1,minus,5,-0.0025,0.0025,0.018187135457992554,0.018141724169254303,8533.0,20967892.0,380393.71307471395,85.36626287708465,2544.0,96.47991180419922,0.004879876971244812,0.02411128394305706,0.015877479687333107,0.0440637469291687,0.04745238646864891,0.024348696693778038,1.7147413492202759,2.418577194213867,1.9084950685501099,0.6177399754524231
1819,29801,89,6,2,minus,5,-0.0025,0.0025,0.016054220497608185,0.016014134511351585,19672.0,64907056.0,1039430.32551983,100.90265427334653,3007.0,71.22661590576172,0.003998503088951111,0.03332260996103287,0.04898757115006447,0.019731642678380013,0.017863517627120018,0.013543943874537945,8.574448585510254,3.511550188064575,4.462161540985107,0.47644639015197754
1819,29801,89,6,7,minus,5,-0.0025,0.0025,0.01834116317331791,0.018295366317033768,30403.0,8750422.0,160092.17591863126,111.13721016073285,3312.0,18.03076934814453,0.0031880333553999662,0.013988914899528027,0.049588657915592194,0.04881652444601059,0.03754022717475891,0.029685191810131073,5.470731735229492,2.148503541946411,4.848639011383057,0.7454955577850342
1819,29801,90,6,1,center,6,0.0,0.0,0.018187135457992554,0.018187135457992554,8402.0,21051062.0,382858.51612859964,85.53404248179591,2549.0,96.47991180419922,0.004879876971244812,0.02411128394305706,0.015877479687333107,0.0440637469291687,0.04745238646864891,0.024348696693778038,1.7147413492202759,2.418577194213867,1.9084950685501099,0.6177399754524231
1819,29801,90,6,2,center,6,0.0,0.0,0.016054220497608185,0.016054220497608185,19685.0,63187044.0,1014418.7369680703,100.93621019428878,3008.0,71.22661590576172,0.003998503088951111,0.03332260996103287,0.04898757115006447,0.019731642678380013,0.017863517627120018,0.013543943874537945,8.574448585510254,3.511550188064575,4.462161540985107,0.47644639015197754
1819,29801,90,6,7,center,6,0.0,0.0,0.01834116317331791,0.01834116317331791,30534.0,8753950.0,160557.6253610663,111.23787792355961,3315.0,18.03076934814453,0.0031880333553999662,0.013988914899528027,0.049588657915592194,0.04881652444601059,0.03754022717475891,0.029685191810131073,5.470731735229492,2.148503541946411,4.848639011383057,0.7454955577850342
1819,29801,91,6,1,plus,7,0.0025,0.0025,0.018187135457992554,0.018232660368084908,8450.0,21778266.0,397075.727383811,85.53404248179591,2549.0,96.47991180419922,0.004879876971244812,0.02411128394305706,0.015877479687333107,0.0440637469291687,0.04745238646864891,0.024348696693778038,1.7147413492202759,2.418577194213867,1.9084950685501099,0.6177399754524231
1819,29801,91,6,2,plus,7,0.0025,0.0025,0.016054220497608185,0.016094407066702843,19743.0,65208740.0,1049496.0058667883,101.07043387805777,3012.0,71.22661590576172,0.003998503088951111,0.03332260996103287,0.04898757115006447,0.019731642678380013,0.017863517627120018,0.013543943874537945,8.574448585510254,3.511550188064575,4.462161540985107,0.47644639015197754
1819,29801,91,6,7,plus,7,0.0025,0.0025,0.01834116317331791,0.018387073650956154,30588.0,8834888.0,162447.7363539487,111.20432200261736,3314.0,18.03076934814453,0.0031880333553999662,0.013988914899528027,0.049588657915592194,0.04881652444601059,0.03754022717475891,0.029685191810131073,5.470731735229492,2.148503541946411,4.848639011383057,0.7454955577850342
1819,29801,92,6,1,plus,8,0.005,0.005,0.018187135457992554,0.018278298899531364,8461.0,21560668.0,394092.3341775611,85.50048656085366,2548.0,96.47991180419922,0.004879876971244812,0.02411128394305706,0.015877479687333107,0.0440637469291687,0.04745238646864891,0.024348696693778038,1.7147413492202759,2.418577194213867,1.9084950685501099,0.6177399754524231
1819,29801,92,6,2,plus,8,0.005,0.005,0.016054220497608185,0.01613469235599041,19700.0,65475144.0,1056421.3054041713,101.10398979900003,3013.0,71.22661590576172,0.003998503088951111,0.03332260996103287,0.04898757115006447,0.019731642678380013,0.017863517627120018,0.013543943874537945,8.574448585510254,3.511550188064575,4.462161540985107,0.47644639015197754
1819,29801,92,6,7,plus,8,0.005,0.005,0.01834116317331791,0.0184330977499485,30535.0,8880359.0,163692.52550163493,111.33854568638635,3318.0,18.03076934814453,0.0031880333553999662,0.013988914899528027,0.049588657915592194,0.04881652444601059,0.03754022717475891,0.029685191810131073,5.470731735229492,2.148503541946411,4.848639011383057,0.7454955577850342
1819,29801,93,6,1,plus,9,0.01,0.01,0.018187135457992554,0.018369918689131737,8430.0,21855640.0,401486.32969893515,85.53404248179591,2549.0,96.47991180419922,0.004879876971244812,0.02411128394305706,0.015877479687333107,0.0440637469291687,0.04745238646864891,0.024348696693778038,1.7147413492202759,2.418577194213867,1.9084950685501099,0.6177399754524231
1819,29801,93,6,2,plus,9,0.01,0.01,0.016054220497608185,0.016215568408370018,19734.0,65612432.0,1063942.879535526,101.10398979900003,3013.0,71.22661590576172,0.003998503088951111,0.03332260996103287,0.04898757115006447,0.019731642678380013,0.017863517627120018,0.013543943874537945,8.574448585510254,3.511550188064575,4.462161540985107,0.47644639015197754
1819,29801,93,6,7,plus,9,0.01,0.01,0.01834116317331791,0.018525494262576103,30486.0,9099504.0,168572.8091442883,111.3049897654441,3317.0,18.03076934814453,0.0031880333553999662,0.013988914899528027,0.049588657915592194,0.04881652444601059,0.03754022717475891,0.029685191810131073,5.470731735229492,2.148503541946411,4.848639011383057,0.7454955577850342
1819,29801,94,6,1,plus,10,0.02,0.02,0.018187135457992554,0.01855454035103321,8197.0,22184036.0,411614.5911107734,85.43337471896916,2546.0,96.47991180419922,0.004879876971244812,0.02411128394305706,0.015877479687333107,0.0440637469291687,0.04745238646864891,0.024348696693778038,1.7147413492202759,2.418577194213867,1.9084950685501099,0.6177399754524231
1819,29801,94,6,2,plus,10,0.02,0.02,0.016054220497608185,0.016378536820411682,19595.0,67646656.0,1107953.2460737228,101.00332203617327,3010.0,71.22661590576172,0.003998503088951111,0.03332260996103287,0.04898757115006447,0.019731642678380013,0.017863517627120018,0.013543943874537945,8.574448585510254,3.511550188064575,4.462161540985107,0.47644639015197754
1819,29801,94,6,7,plus,10,0.02,0.02,0.01834116317331791,0.018711678683757782,30603.0,8894317.0,166427.60181548446,111.60699305392436,3326.0,18.03076934814453,0.0031880333553999662,0.013988914899528027,0.049588657915592194,0.04881652444601059,0.03754022717475891,0.029685191810131073,5.470731735229492,2.148503541946411,4.848639011383057,0.7454955577850342
1819,29801,95,6,1,plus,11,0.05,0.05,0.018187135457992554,0.019119609147310257,8372.0,23731352.0,453734.17477723956,85.80248984933391,2557.0,96.47991180419922,0.004879876971244812,0.02411128394305706,0.015877479687333107,0.0440637469291687,0.04745238646864891,0.024348696693778038,1.7147413492202759,2.418577194213867,1.9084950685501099,0.6177399754524231
1819,29801,95,6,2,plus,11,0.05,0.05,0.016054220497608185,0.01687733829021454,19723.0,76503152.0,1291169.576571703,101.20465756182678,3016.0,71.22661590576172,0.003998503088951111,0.03332260996103287,0.04898757115006447,0.019731642678380013,0.017863517627120018,0.013543943874537945,8.574448585510254,3.511550188064575,4.462161540985107,0.47644639015197754
1819,29801,95,6,7,plus,11,0.05,0.05,0.01834116317331791,0.019281534478068352,31323.0,9029176.0,174096.3683525473,112.64722660313411,3357.0,18.03076934814453,0.0031880333553999662,0.013988914899528027,0.049588657915592194,0.04881652444601059,0.03754022717475891,0.029685191810131073,5.470731735229492,2.148503541946411,4.848639011383057,0.7454955577850342
1819,29801,96,6,1,plus,12,0.1,0.1,0.018187135457992554,0.02009989321231842,8454.0,26507562.0,532799.1655189097,86.60783195194792,2581.0,96.47991180419922,0.004879876971244812,0.02411128394305706,0.015877479687333107,0.0440637469291687,0.04745238646864891,0.024348696693778038,1.7147413492202759,2.418577194213867,1.9084950685501099,0.6177399754524231
1819,29801,96,6,2,plus,12,0.1,0.1,0.016054220497608185,0.017742658033967018,20019.0,82717392.0,1467626.3997175992,101.80866413878728,3034.0,71.22661590576172,0.003998503088951111,0.03332260996103287,0.04898757115006447,0.019731642678380013,0.017863517627120018,0.013543943874537945,8.574448585510254,3.511550188064575,4.462161540985107,0.47644639015197754
1819,29801,96,6,7,plus,12,0.1,0.1,0.01834116317331791,0.020270120352506638,32257.0,10175529.0,206259.1974804215,114.45924633401563,3411.0,18.03076934814453,0.0031880333553999662,0.013988914899528027,0.049588657915592194,0.04881652444601059,0.03754022717475891,0.029685191810131073,5.470731735229492,2.148503541946411,4.848639011383057,0.7454955577850342
1819,29801,97,6,1,center_duplicate,-1,0.0,0.0,0.018187135457992554,0.018187135457992554,8402.0,21051062.0,382858.51612859964,85.53404248179591,2549.0,96.47991180419922,0.004879876971244812,0.02411128394305706,0.015877479687333107,0.0440637469291687,0.04745238646864891,0.024348696693778038,1.7147413492202759,2.418577194213867,1.9084950685501099,0.6177399754524231
1819,29801,97,6,2,center_duplicate,-1,0.0,0.0,0.016054220497608185,0.016054220497608185,19685.0,63187044.0,1014418.7369680703,100.93621019428878,3008.0,71.22661590576172,0.003998503088951111,0.03332260996103287,0.04898757115006447,0.019731642678380013,0.017863517627120018,0.013543943874537945,8.574448585510254,3.511550188064575,4.462161540985107,0.47644639015197754
1819,29801,97,6,7,center_duplicate,-1,0.0,0.0,0.01834116317331791,0.01834116317331791,30534.0,8753950.0,160557.6253610663,111.23787792355961,3315.0,18.03076934814453,0.0031880333553999662,0.013988914899528027,0.049588657915592194,0.04881652444601059,0.03754022717475891,0.029685191810131073,5.470731735229492,2.148503541946411,4.848639011383057,0.7454955577850342
1819,29801,98,7,1,minus,0,-0.1,0.1,0.005644886288791895,0.005107704550027847,8644.0,5568736.0,28443.458205103874,92.31233851213047,2751.0,52.32191848754883,0.001907689031213522,0.028657300397753716,0.013177522458136082,0.02046092227101326,0.031077144667506218,0.049670636653900146,6.481612205505371,0.2743898928165436,1.009099006652832,0.3861621022224426
1819,29801,98,7,2,minus,0,-0.1,0.1,0.01847972720861435,0.016721148043870926,1383.0,359.3574523925781,6.008869162124597,21.542901244924664,642.0,1.9274224042892456,0.0006420366116799414,0.020790288224816322,0.027660297229886055,0.02674812823534012,0.03037550114095211,0.03694647178053856,4.407487869262695,6.496186256408691,3.348017930984497,0.552773118019104
1819,29801,98,7,7,minus,0,-0.1,0.1,0.006495960056781769,0.005877787712961435,12007.0,5367713.5,31550.28045699722,73.65524646823931,2195.0,81.40618896484375,0.0025993387680500746,0.016788994893431664,0.04067101329565048,0.03674013912677765,0.012556415051221848,0.04945344105362892,7.4825053215026855,6.3737263679504395,0.6165230870246887,0.23225137591362
1819,29801,99,7,1,minus,1,-0.05,0.05,0.005644886288791895,0.005369582213461399,8860.0,6795107.0,36486.88568576705,93.52035166605147,2787.0,52.32191848754883,0.001907689031213522,0.028657300397753716,0.013177522458136082,0.02046092227101326,0.031077144667506218,0.049670636653900146,6.481612205505371,0.2743898928165436,1.009099006652832,0.3861621022224426
1819,29801,99,7,2,minus,1,-0.05,0.05,0.01847972720861435,0.01757846027612686,1400.0,-50.43202590942383,-0.8865173640934074,22.851582161672425,681.0,1.9274224042892456,0.0006420366116799414,0.020790288224816322,0.027660297229886055,0.02674812823534012,0.03037550114095211,0.03694647178053856,4.407487869262695,6.496186256408691,3.348017930984497,0.552773118019104
1819,29801,99,7,7,minus,1,-0.05,0.05,0.006495960056781769,0.006179148331284523,12241.0,5276470.5,32604.093885147013,74.66192409650682,2225.0,81.40618896484375,0.0025993387680500746,0.016788994893431664,0.04067101329565048,0.03674013912677765,0.012556415051221848,0.04945344105362892,7.4825053215026855,6.3737263679504395,0.6165230870246887,0.23225137591362
1819,29801,100,7,1,minus,2,-0.02,0.02,0.005644886288791895,0.00553310988470912,9193.0,6829949.0,37790.85832395917,94.32569376866547,2811.0,52.32191848754883,0.001907689031213522,0.028657300397753716,0.013177522458136082,0.02046092227101326,0.031077144667506218,0.049670636653900146,6.481612205505371,0.2743898928165436,1.009099006652832,0.3861621022224426
1819,29801,100,7,2,minus,2,-0.02,0.02,0.01847972720861435,0.01811380498111248,1432.0,439.79833984375,7.966421358946718,23.992483473708933,715.0,1.9274224042892456,0.0006420366116799414,0.020790288224816322,0.027660297229886055,0.02674812823534012,0.03037550114095211,0.03694647178053856,4.407487869262695,6.496186256408691,3.348017930984497,0.552773118019104
1819,29801,100,7,7,minus,2,-0.02,0.02,0.006495960056781769,0.006367331370711327,12582.0,6471060.0,41203.38333975524,75.36659843629408,2246.0,81.40618896484375,0.0025993387680500746,0.016788994893431664,0.04067101329565048,0.03674013912677765,0.012556415051221848,0.04945344105362892,7.4825053215026855,6.3737263679504395,0.6165230870246887,0.23225137591362
1819,29801,101,7,1,minus,3,-0.01,0.01,0.005644886288791895,0.005588718689978123,9268.0,7038478.0,39336.07354759984,94.52702929431898,2817.0,52.32191848754883,0.001907689031213522,0.028657300397753716,0.013177522458136082,0.02046092227101326,0.031077144667506218,0.049670636653900146,6.481612205505371,0.2743898928165436,1.009099006652832,0.3861621022224426
1819,29801,101,7,2,minus,3,-0.01,0.01,0.01847972720861435,0.018295850604772568,1478.0,267.2021484375,4.888690589086764,24.395154525015936,727.0,1.9274224042892456,0.0006420366116799414,0.020790288224816322,0.027660297229886055,0.02674812823534012,0.03037550114095211,0.03694647178053856,4.407487869262695,6.496186256408691,3.348017930984497,0.552773118019104
1819,29801,101,7,7,minus,3,-0.01,0.01,0.006495960056781769,0.006431324407458305,12722.0,6576480.0,42295.476339161396,75.43371027817858,2248.0,81.40618896484375,0.0025993387680500746,0.016788994893431664,0.04067101329565048,0.03674013912677765,0.012556415051221848,0.04945344105362892,7.4825053215026855,6.3737263679504395,0.6165230870246887,0.23225137591362
1819,29801,102,7,1,minus,4,-0.005,0.005,0.005644886288791895,0.005616732407361269,9298.0,7360932.0,41344.3853127826,94.79547666185698,2825.0,52.32191848754883,0.001907689031213522,0.028657300397753716,0.013177522458136082,0.02046092227101326,0.031077144667506218,0.049670636653900146,6.481612205505371,0.2743898928165436,1.009099006652832,0.3861621022224426
1819,29801,102,7,2,minus,4,-0.005,0.005,0.01847972720861435,0.018387557938694954,1494.0,268.0328674316406,4.928469879373836,24.663601892553938,735.0,1.9274224042892456,0.0006420366116799414,0.020790288224816322,0.027660297229886055,0.02674812823534012,0.03037550114095211,0.03694647178053856,4.407487869262695,6.496186256408691,3.348017930984497,0.552773118019104
1819,29801,102,7,7,minus,4,-0.005,0.005,0.006495960056781769,0.0064635612070560455,12726.0,6574202.0,42492.75701455027,75.63504580383209,2254.0,81.40618896484375,0.0025993387680500746,0.016788994893431664,0.04067101329565048,0.03674013912677765,0.012556415051221848,0.04945344105362892,7.4825053215026855,6.3737263679504395,0.6165230870246887,0.23225137591362
1819,29801,103,7,1,minus,5,-0.0025,0.0025,0.005644886288791895,0.005630791652947664,9279.0,7557298.5,42553.573312633904,94.89614442468373,2828.0,52.32191848754883,0.001907689031213522,0.028657300397753716,0.013177522458136082,0.02046092227101326,0.031077144667506218,0.049670636653900146,6.481612205505371,0.2743898928165436,1.009099006652832,0.3861621022224426
1819,29801,103,7,2,minus,5,-0.0025,0.0025,0.01847972720861435,0.0184335857629776,1499.0,268.0323181152344,4.9407967232268675,24.69715781349619,736.0,1.9274224042892456,0.0006420366116799414,0.020790288224816322,0.027660297229886055,0.02674812823534012,0.03037550114095211,0.03694647178053856,4.407487869262695,6.496186256408691,3.348017930984497,0.552773118019104
1819,29801,103,7,7,minus,5,-0.0025,0.0025,0.006495960056781769,0.006479740142822266,12765.0,6502630.0,42135.35264492035,75.73571356665883,2257.0,81.40618896484375,0.0025993387680500746,0.016788994893431664,0.04067101329565048,0.03674013912677765,0.012556415051221848,0.04945344105362892,7.4825053215026855,6.3737263679504395,0.6165230870246887,0.23225137591362
1819,29801,104,7,1,center,6,0.0,0.0,0.005644886288791895,0.005644886288791895,9255.0,7640557.0,43130.075448032934,94.96325626656822,2830.0,52.32191848754883,0.001907689031213522,0.028657300397753716,0.013177522458136082,0.02046092227101326,0.031077144667506218,0.049670636653900146,6.481612205505371,0.2743898928165436,1.009099006652832,0.3861621022224426
1819,29801,104,7,2,center,6,0.0,0.0,0.01847972720861435,0.01847972720861435,1479.0,194.0419921875,3.5858430826410768,24.69715781349619,736.0,1.9274224042892456,0.0006420366116799414,0.020790288224816322,0.027660297229886055,0.02674812823534012,0.03037550114095211,0.03694647178053856,4.407487869262695,6.496186256408691,3.348017930984497,0.552773118019104
1819,29801,104,7,7,center,6,0.0,0.0,0.006495960056781769,0.006495960056781769,12776.0,6705567.0,43559.095390073955,75.70215764571658,2256.0,81.40618896484375,0.0025993387680500746,0.016788994893431664,0.04067101329565048,0.03674013912677765,0.012556415051221848,0.04945344105362892,7.4825053215026855,6.3737263679504395,0.6165230870246887,0.23225137591362
1819,29801,105,7,1,plus,7,0.0025,0.0025,0.005644886288791895,0.005659016314893961,9239.0,7606376.0,43044.60588121787,94.82903258279923,2826.0,52.32191848754883,0.001907689031213522,0.028657300397753716,0.013177522458136082,0.02046092227101326,0.031077144667506218,0.049670636653900146,6.481612205505371,0.2743898928165436,1.009099006652832,0.3861621022224426
1819,29801,105,7,2,plus,7,0.0025,0.0025,0.01847972720861435,0.01852598413825035,1481.0,199.1715545654297,3.6898490606698147,24.76426965538069,738.0,1.9274224042892456,0.0006420366116799414,0.020790288224816322,0.027660297229886055,0.02674812823534012,0.03037550114095211,0.03694647178053856,4.407487869262695,6.496186256408691,3.348017930984497,0.552773118019104
1819,29801,105,7,7,plus,7,0.0025,0.0025,0.006495960056781769,0.006512220483273268,12850.0,6748758.0,43949.40008425433,75.90349317137009,2262.0,81.40618896484375,0.0025993387680500746,0.016788994893431664,0.04067101329565048,0.03674013912677765,0.012556415051221848,0.04945344105362892,7.4825053215026855,6.3737263679504395,0.6165230870246887,0.23225137591362
1819,29801,106,7,1,plus,8,0.005,0.005,0.005644886288791895,0.005673181265592575,9182.0,7509121.0,42600.60457826778,94.79547666185698,2825.0,52.32191848754883,0.001907689031213522,0.028657300397753716,0.013177522458136082,0.02046092227101326,0.031077144667506218,0.049670636653900146,6.481612205505371,0.2743898928165436,1.009099006652832,0.3861621022224426
1819,29801,106,7,2,plus,8,0.005,0.005,0.01847972720861435,0.018572356551885605,1503.0,187.577880859375,3.4837632845674307,24.83138149726519,740.0,1.9274224042892456,0.0006420366116799414,0.020790288224816322,0.027660297229886055,0.02674812823534012,0.03037550114095211,0.03694647178053856,4.407487869262695,6.496186256408691,3.348017930984497,0.552773118019104
1819,29801,106,7,7,plus,8,0.005,0.005,0.006495960056781769,0.006528520956635475,12896.0,6814590.0,44489.19362587854,76.03771685513908,2266.0,81.40618896484375,0.0025993387680500746,0.016788994893431664,0.04067101329565048,0.03674013912677765,0.012556415051221848,0.04945344105362892,7.4825053215026855,6.3737263679504395,0.6165230870246887,0.23225137591362
1819,29801,107,7,1,plus,9,0.01,0.01,0.005644886288791895,0.005701618269085884,9251.0,7684156.0,43812.12423210591,94.89614442468373,2828.0,52.32191848754883,0.001907689031213522,0.028657300397753716,0.013177522458136082,0.02046092227101326,0.031077144667506218,0.049670636653900146,6.481612205505371,0.2743898928165436,1.009099006652832,0.3861621022224426
1819,29801,107,7,2,plus,9,0.01,0.01,0.01847972720861435,0.018665451556444168,1498.0,370.23150634765625,6.910538246401529,24.93204926009194,743.0,1.9274224042892456,0.0006420366116799414,0.020790288224816322,0.027660297229886055,0.02674812823534012,0.03037550114095211,0.03694647178053856,4.407487869262695,6.496186256408691,3.348017930984497,0.552773118019104
1819,29801,107,7,7,plus,9,0.01,0.01,0.006495960056781769,0.006561245769262314,12963.0,7020735.0,46064.76781586185,76.13838461796584,2269.0,81.40618896484375,0.0025993387680500746,0.016788994893431664,0.04067101329565048,0.03674013912677765,0.012556415051221848,0.04945344105362892,7.4825053215026855,6.3737263679504395,0.6165230870246887,0.23225137591362
1819,29801,108,7,1,plus,10,0.02,0.02,0.005644886288791895,0.005758920684456825,9271.0,8044314.0,46326.56628686562,95.50015100164424,2846.0,52.32191848754883,0.001907689031213522,0.028657300397753716,0.013177522458136082,0.02046092227101326,0.031077144667506218,0.049670636653900146,6.481612205505371,0.2743898928165436,1.009099006652832,0.3861621022224426
1819,29801,108,7,2,plus,10,0.02,0.02,0.01847972720861435,0.018853042274713516,1548.0,428.8424377441406,8.084984607981482,25.334720311398943,755.0,1.9274224042892456,0.0006420366116799414,0.020790288224816322,0.027660297229886055,0.02674812823534012,0.03037550114095211,0.03694647178053856,4.407487869262695,6.496186256408691,3.348017930984497,0.552773118019104
1819,29801,108,7,7,plus,10,0.02,0.02,0.006495960056781769,0.006627187132835388,12901.0,7205820.0,47754.3175855279,76.00416093419683,2265.0,81.40618896484375,0.0025993387680500746,0.016788994893431664,0.04067101329565048,0.03674013912677765,0.012556415051221848,0.04945344105362892,7.4825053215026855,6.3737263679504395,0.6165230870246887,0.23225137591362
1819,29801,109,7,1,plus,11,0.05,0.05,0.005644886288791895,0.005934305489063263,9545.0,8605686.0,51068.769666954875,96.43971678802724,2874.0,52.32191848754883,0.001907689031213522,0.028657300397753716,0.013177522458136082,0.02046092227101326,0.031077144667506218,0.049670636653900146,6.481612205505371,0.2743898928165436,1.009099006652832,0.3861621022224426
1819,29801,109,7,2,plus,11,0.05,0.05,0.01847972720861435,0.01942720264196396,1635.0,930.525146484375,18.07750058419515,26.2407301768397,782.0,1.9274224042892456,0.0006420366116799414,0.020790288224816322,0.027660297229886055,0.02674812823534012,0.03037550114095211,0.03694647178053856,4.407487869262695,6.496186256408691,3.348017930984497,0.552773118019104
1819,29801,109,7,7,plus,11,0.05,0.05,0.006495960056781769,0.006829014979302883,13244.0,7311202.5,49928.31138921669,76.50749974833059,2280.0,81.40618896484375,0.0025993387680500746,0.016788994893431664,0.04067101329565048,0.03674013912677765,0.012556415051221848,0.04945344105362892,7.4825053215026855,6.3737263679504395,0.6165230870246887,0.23225137591362
1819,29801,110,7,1,plus,12,0.1,0.1,0.005644886288791895,0.006238564383238554,9909.0,9221171.0,57526.86897235224,97.71484178383275,2912.0,52.32191848754883,0.001907689031213522,0.028657300397753716,0.013177522458136082,0.02046092227101326,0.031077144667506218,0.049670636653900146,6.481612205505371,0.2743898928165436,1.009099006652832,0.3861621022224426
1819,29801,110,7,2,plus,12,0.1,0.1,0.01847972720861435,0.02042325772345066,1830.0,1529.0538330078125,31.228260504548643,28.086305828663466,837.0,1.9274224042892456,0.0006420366116799414,0.020790288224816322,0.027660297229886055,0.02674812823534012,0.03037550114095211,0.03694647178053856,4.407487869262695,6.496186256408691,3.348017930984497,0.552773118019104
1819,29801,110,7,7,plus,12,0.1,0.1,0.006495960056781769,0.007179146632552147,13442.0,7801696.0,56009.519566595554,77.2457300090601,2302.0,81.40618896484375,0.0025993387680500746,0.016788994893431664,0.04067101329565048,0.03674013912677765,0.012556415051221848,0.04945344105362892,7.4825053215026855,6.3737263679504395,0.6165230870246887,0.23225137591362
1819,29801,111,7,1,center_duplicate,-1,0.0,0.0,0.005644886288791895,0.005644886288791895,9255.0,7640557.0,43130.075448032934,94.96325626656822,2830.0,52.32191848754883,0.001907689031213522,0.028657300397753716,0.013177522458136082,0.02046092227101326,0.031077144667506218,0.049670636653900146,6.481612205505371,0.2743898928165436,1.009099006652832,0.3861621022224426
1819,29801,111,7,2,center_duplicate,-1,0.0,0.0,0.01847972720861435,0.01847972720861435,1479.0,194.0419921875,3.5858430826410768,24.69715781349619,736.0,1.9274224042892456,0.0006420366116799414,0.020790288224816322,0.027660297229886055,0.02674812823534012,0.03037550114095211,0.03694647178053856,4.407487869262695,6.496186256408691,3.348017930984497,0.552773118019104
1819,29801,111,7,7,center_duplicate,-1,0.0,0.0,0.006495960056781769,0.006495960056781769,12776.0,6705567.0,43559.095390073955,75.70215764571658,2256.0,81.40618896484375,0.0025993387680500746,0.016788994893431664,0.04067101329565048,0.03674013912677765,0.012556415051221848,0.04945344105362892,7.4825053215026855,6.3737263679504395,0.6165230870246887,0.23225137591362
