seed,sim_len,row_index,init_id,cell,row_kind,offset_index,log_offset,epsilon,center_gain,gain,loss,analytic_gradient_gain,analytic_gradient_log_gain,firing_rate_hz,spike_count,center_Strf_alpha,center_output_ad,center_on_ron_gSYN,center_off_ron_gSYN,center_on_sonoff_gSYN,center_off_sonoff_gSYN,center_sonoff_ron_gSYN,center_abs_ref,center_rel_ref_a,center_rel_ref_b,center_rel_ref_c
1617,29801,0,0,1,minus,0,-0.1,0.1,0.010369358584284782,0.009382584132254124,5422.0,7072.29296875,66.35638378724616,35.60283211972752,1061.0,6.626354694366455,0.0035706069320440292,0.017586013302206993,0.0440235361456871,0.036416418850421906,0.015820348635315895,0.03075505420565605,9.734742164611816,4.234930515289307,6.025596618652344,0.5770443677902222
1617,29801,0,0,2,minus,0,-0.1,0.1,0.0017865144181996584,0.0016165050910785794,8694.0,4125614.0,6669.076034825062,68.15207543371028,2031.0,59.34796905517578,0.003477817866951227,0.03811865672469139,0.019889790564775467,0.039781637489795685,0.045002952218055725,0.024391407147049904,3.5100626945495605,4.31492280960083,8.399785995483398,0.2598817050457001
1617,29801,0,0,7,minus,0,-0.1,0.1,0.015980957075953484,0.014460167847573757,41830.0,179918304.0,2601648.874690801,132.94855877319551,3962.0,59.11423873901367,0.004803546704351902,0.04223012551665306,0.038019679486751556,0.04160550981760025,0.04478614404797554,0.020792031660676003,4.51259708404541,8.273573875427246,6.738358020782471,0.34646177291870117
1617,29801,1,0,1,minus,1,-0.05,0.05,0.010369358584284782,0.009863639250397682,5375.0,3840.37841796875,37.88010729985672,36.743733431764035,1095.0,6.626354694366455,0.0035706069320440292,0.017586013302206993,0.0440235361456871,0.036416418850421906,0.015820348635315895,0.03075505420565605,9.734742164611816,4.234930515289307,6.025596618652344,0.5770443677902222
1617,29801,1,0,2,minus,1,-0.05,0.05,0.0017865144181996584,0.0016993851168081164,9402.0,5079508.0,8632.040295907762,69.96409516459178,2085.0,59.34796905517578,0.003477817866951227,0.03811865672469139,0.019889790564775467,0.039781637489795685,0.045002952218055725,0.024391407147049904,3.5100626945495605,4.31492280960083,8.399785995483398,0.2598817050457001
1617,29801,1,0,7,minus,1,-0.05,0.05,0.015980957075953484,0.01520155742764473,42492.0,205703888.0,3127019.4665217996,134.15657192711654,3998.0,59.11423873901367,0.004803546704351902,0.04223012551665306,0.038019679486751556,0.04160550981760025,0.04478614404797554,0.020792031660676003,4.51259708404541,8.273573875427246,6.738358020782471,0.34646177291870117
1617,29801,2,0,1,minus,2,-0.02,0.02,0.010369358584284782,0.010164031758904457,5399.0,716.1825561523438,7.2793022459057966,37.24707224589778,1110.0,6.626354694366455,0.0035706069320440292,0.017586013302206993,0.0440235361456871,0.036416418850421906,0.015820348635315895,0.03075505420565605,9.734742164611816,4.234930515289307,6.025596618652344,0.5770443677902222
1617,29801,2,0,2,minus,2,-0.02,0.02,0.0017865144181996584,0.001751139061525464,9707.0,5163219.0,9041.514474110445,70.66876950437904,2106.0,59.34796905517578,0.003477817866951227,0.03811865672469139,0.019889790564775467,0.039781637489795685,0.045002952218055725,0.024391407147049904,3.5100626945495605,4.31492280960083,8.399785995483398,0.2598817050457001
1617,29801,2,0,7,minus,2,-0.02,0.02,0.015980957075953484,0.015664512291550636,42827.0,212491312.0,3328572.768671721,134.5927988993658,4011.0,59.11423873901367,0.004803546704351902,0.04223012551665306,0.038019679486751556,0.04160550981760025,0.04478614404797554,0.020792031660676003,4.51259708404541,8.273573875427246,6.738358020782471,0.34646177291870117
1617,29801,3,0,1,minus,3,-0.01,0.01,0.010369358584284782,0.010266182012856007,5361.0,13233.1826171875,135.8542613574091,37.44840777155129,1116.0,6.626354694366455,0.0035706069320440292,0.017586013302206993,0.0440235361456871,0.036416418850421906,0.015820348635315895,0.03075505420565605,9.734742164611816,4.234930515289307,6.025596618652344,0.5770443677902222
1617,29801,3,0,2,minus,3,-0.01,0.01,0.0017865144181996584,0.0017687382642179728,9684.0,5011580.0,8864.173310189508,70.9707727928593,2115.0,59.34796905517578,0.003477817866951227,0.03811865672469139,0.019889790564775467,0.039781637489795685,0.045002952218055725,0.024391407147049904,3.5100626945495605,4.31492280960083,8.399785995483398,0.2598817050457001
1617,29801,3,0,7,minus,3,-0.01,0.01,0.015980957075953484,0.015821943059563637,43296.0,216901456.0,3431802.4863684475,135.02902587161503,4024.0,59.11423873901367,0.004803546704351902,0.04223012551665306,0.038019679486751556,0.04160550981760025,0.04478614404797554,0.020792031660676003,4.51259708404541,8.273573875427246,6.738358020782471,0.34646177291870117
1617,29801,4,0,1,minus,4,-0.005,0.005,0.010369358584284782,0.01031764131039381,5412.0,11217.73828125,115.74059989981106,37.48196369249354,1117.0,6.626354694366455,0.0035706069320440292,0.017586013302206993,0.0440235361456871,0.036416418850421906,0.015820348635315895,0.03075505420565605,9.734742164611816,4.234930515289307,6.025596618652344,0.5770443677902222
1617,29801,4,0,2,minus,4,-0.005,0.005,0.0017865144181996584,0.0017776041058823466,9744.0,5011772.0,8908.94648494618,71.1721083185128,2121.0,59.34796905517578,0.003477817866951227,0.03811865672469139,0.019889790564775467,0.039781637489795685,0.045002952218055725,0.024391407147049904,3.5100626945495605,4.31492280960083,8.399785995483398,0.2598817050457001
1617,29801,4,0,7,minus,4,-0.005,0.005,0.015980957075953484,0.015901250764727592,43351.0,224610368.0,3571585.785925746,135.1296936344418,4027.0,59.11423873901367,0.004803546704351902,0.04223012551665306,0.038019679486751556,0.04160550981760025,0.04478614404797554,0.020792031660676003,4.51259708404541,8.273573875427246,6.738358020782471,0.34646177291870117
1617,29801,5,0,1,minus,5,-0.0025,0.0025,0.010369358584284782,0.010343467816710472,5386.0,10958.8740234375,113.35276076881019,37.61618737626254,1121.0,6.626354694366455,0.0035706069320440292,0.017586013302206993,0.0440235361456871,0.036416418850421906,0.015820348635315895,0.03075505420565605,9.734742164611816,4.234930515289307,6.025596618652344,0.5770443677902222
1617,29801,5,0,2,minus,5,-0.0025,0.0025,0.0017865144181996584,0.001782053615897894,9890.0,5075489.5,9044.794415926794,71.3734438441663,2127.0,59.34796905517578,0.003477817866951227,0.03811865672469139,0.019889790564775467,0.039781637489795685,0.045002952218055725,0.024391407147049904,3.5100626945495605,4.31492280960083,8.399785995483398,0.2598817050457001
1617,29801,5,0,7,minus,5,-0.0025,0.0025,0.015980957075953484,0.01594105362892151,43463.0,223932928.0,3569726.814529419,135.2639173182108,4031.0,59.11423873901367,0.004803546704351902,0.04223012551665306,0.038019679486751556,0.04160550981760025,0.04478614404797554,0.020792031660676003,4.51259708404541,8.273573875427246,6.738358020782471,0.34646177291870117
1617,29801,6,0,1,center,6,0.0,0.0,0.010369358584284782,0.010369358584284782,5369.0,12164.8193359375,126.14137380737702,37.649743297204786,1122.0,6.626354694366455,0.0035706069320440292,0.017586013302206993,0.0440235361456871,0.036416418850421906,0.015820348635315895,0.03075505420565605,9.734742164611816,4.234930515289307,6.025596618652344,0.5770443677902222
1617,29801,6,0,2,center,6,0.0,0.0,0.0017865144181996584,0.0017865144181996584,9870.0,5146324.5,9193.982919984148,71.4405556860508,2129.0,59.34796905517578,0.003477817866951227,0.03811865672469139,0.019889790564775467,0.039781637489795685,0.045002952218055725,0.024391407147049904,3.5100626945495605,4.31492280960083,8.399785995483398,0.2598817050457001
1617,29801,6,0,7,center,6,0.0,0.0,0.015980957075953484,0.015980957075953484,43578.0,223138112.0,3565960.589881301,135.49880876480654,4038.0,59.11423873901367,0.004803546704351902,0.04223012551665306,0.038019679486751556,0.04160550981760025,0.04478614404797554,0.020792031660676003,4.51259708404541,8.273573875427246,6.738358020782471,0.34646177291870117
1617,29801,7,0,1,plus,7,0.0025,0.0025,0.010369358584284782,0.010395314544439316,5385.0,13600.8447265625,141.38505900269593,37.58263145532029,1120.0,6.626354694366455,0.0035706069320440292,0.017586013302206993,0.0440235361456871,0.036416418850421906,0.015820348635315895,0.03075505420565605,9.734742164611816,4.234930515289307,6.025596618652344,0.5770443677902222
1617,29801,7,0,2,plus,7,0.0025,0.0025,0.0017865144181996584,0.0017909863963723183,9948.0,5181788.0,9280.511816885322,71.5747793698198,2133.0,59.34796905517578,0.003477817866951227,0.03811865672469139,0.019889790564775467,0.039781637489795685,0.045002952218055725,0.024391407147049904,3.5100626945495605,4.31492280960083,8.399785995483398,0.2598817050457001
1617,29801,7,0,7,plus,7,0.0025,0.0025,0.015980957075953484,0.016020959243178368,43562.0,225472320.0,3612282.8491848707,135.49880876480654,4038.0,59.11423873901367,0.004803546704351902,0.04223012551665306,0.038019679486751556,0.04160550981760025,0.04478614404797554,0.020792031660676003,4.51259708404541,8.273573875427246,6.738358020782471,0.34646177291870117
1617,29801,8,0,1,plus,8,0.005,0.005,0.010369358584284782,0.010421334765851498,5342.0,9859.556640625,102.74974039482731,37.68329921814704,1123.0,6.626354694366455,0.0035706069320440292,0.017586013302206993,0.0440235361456871,0.036416418850421906,0.015820348635315895,0.03075505420565605,9.734742164611816,4.234930515289307,6.025596618652344,0.5770443677902222
1617,29801,8,0,2,plus,8,0.005,0.005,0.0017865144181996584,0.0017954693175852299,9993.0,5327522.0,9565.402289760299,71.80967081641555,2140.0,59.34796905517578,0.003477817866951227,0.03811865672469139,0.019889790564775467,0.039781637489795685,0.045002952218055725,0.024391407147049904,3.5100626945495605,4.31492280960083,8.399785995483398,0.2598817050457001
1617,29801,8,0,7,plus,8,0.005,0.005,0.015980957075953484,0.01606106199324131,43665.0,230574880.0,3703277.441764176,135.5323646857488,4039.0,59.11423873901367,0.004803546704351902,0.04223012551665306,0.038019679486751556,0.04160550981760025,0.04478614404797554,0.020792031660676003,4.51259708404541,8.273573875427246,6.738358020782471,0.34646177291870117
1617,29801,9,0,1,plus,9,0.01,0.01,0.010369358584284782,0.01047357264906168,5302.0,11254.04296875,117.87003662886491,37.88463474380054,1129.0,6.626354694366455,0.0035706069320440292,0.017586013302206993,0.0440235361456871,0.036416418850421906,0.015820348635315895,0.03075505420565605,9.734742164611816,4.234930515289307,6.025596618652344,0.5770443677902222
1617,29801,9,0,2,plus,9,0.01,0.01,0.0017865144181996584,0.0018044691532850266,10052.0,5436431.0,9809.87204346247,71.9774504211268,2145.0,59.34796905517578,0.003477817866951227,0.03811865672469139,0.019889790564775467,0.039781637489795685,0.045002952218055725,0.024391407147049904,3.5100626945495605,4.31492280960083,8.399785995483398,0.2598817050457001
1617,29801,9,0,7,plus,9,0.01,0.01,0.015980957075953484,0.01614156924188137,43762.0,233050704.0,3761804.0754851997,135.70014429046003,4044.0,59.11423873901367,0.004803546704351902,0.04223012551665306,0.038019679486751556,0.04160550981760025,0.04478614404797554,0.020792031660676003,4.51259708404541,8.273573875427246,6.738358020782471,0.34646177291870117
1617,29801,10,0,1,plus,10,0.02,0.02,0.010369358584284782,0.010578833520412445,5284.0,11614.193359375,122.86461802270787,38.01885842756954,1133.0,6.626354694366455,0.0035706069320440292,0.017586013302206993,0.0440235361456871,0.036416418850421906,0.015820348635315895,0.03075505420565605,9.734742164611816,4.234930515289307,6.025596618652344,0.5770443677902222
1617,29801,10,0,2,plus,10,0.02,0.02,0.0017865144181996584,0.0018226043321192265,10144.0,6018847.0,10969.97661656281,72.3801214724338,2157.0,59.34796905517578,0.003477817866951227,0.03811865672469139,0.019889790564775467,0.039781637489795685,0.045002952218055725,0.024391407147049904,3.5100626945495605,4.31492280960083,8.399785995483398,0.2598817050457001
1617,29801,10,0,7,plus,10,0.02,0.02,0.015980957075953484,0.01630379445850849,43755.0,241743904.0,3941342.9224134088,135.83436797422905,4048.0,59.11423873901367,0.004803546704351902,0.04223012551665306,0.038019679486751556,0.04160550981760025,0.04478614404797554,0.020792031660676003,4.51259708404541,8.273573875427246,6.738358020782471,0.34646177291870117
1617,29801,11,0,1,plus,11,0.05,0.05,0.010369358584284782,0.010901006869971752,5316.0,17842.888671875,194.50545199225053,38.89131237206805,1159.0,6.626354694366455,0.0035706069320440292,0.017586013302206993,0.0440235361456871,0.036416418850421906,0.015820348635315895,0.03075505420565605,9.734742164611816,4.234930515289307,6.025596618652344,0.5770443677902222
1617,29801,11,0,2,plus,11,0.05,0.05,0.0017865144181996584,0.0018781109247356653,10491.0,5858928.5,11003.717623095145,73.75591423106607,2198.0,59.34796905517578,0.003477817866951227,0.03811865672469139,0.019889790564775467,0.039781637489795685,0.045002952218055725,0.024391407147049904,3.5100626945495605,4.31492280960083,8.399785995483398,0.2598817050457001
1617,29801,11,0,7,plus,11,0.05,0.05,0.015980957075953484,0.01680031791329384,44272.0,259439264.0,4358662.114390969,136.30415086742056,4062.0,59.11423873901367,0.004803546704351902,0.04223012551665306,0.038019679486751556,0.04160550981760025,0.04478614404797554,0.020792031660676003,4.51259708404541,8.273573875427246,6.738358020782471,0.34646177291870117
1617,29801,12,0,1,plus,12,0.1,0.1,0.010369358584284782,0.011459914036095142,5207.0,3010.747802734375,34.50291100369827,40.13288144693131,1196.0,6.626354694366455,0.0035706069320440292,0.017586013302206993,0.0440235361456871,0.036416418850421906,0.015820348635315895,0.03075505420565605,9.734742164611816,4.234930515289307,6.025596618652344,0.5770443677902222
1617,29801,12,0,2,plus,12,0.1,0.1,0.0017865144181996584,0.0019744038581848145,11070.0,6445655.5,12726.32708773017,75.60148988288984,2253.0,59.34796905517578,0.003477817866951227,0.03811865672469139,0.019889790564775467,0.039781637489795685,0.045002952218055725,0.024391407147049904,3.5100626945495605,4.31492280960083,8.399785995483398,0.2598817050457001
1617,29801,12,0,7,plus,12,0.1,0.1,0.015980957075953484,0.01766168884932995,45000.0,293491200.0,5183550.254416466,137.51216402134156,4098.0,59.11423873901367,0.004803546704351902,0.04223012551665306,0.038019679486751556,0.04160550981760025,0.04478614404797554,0.020792031660676003,4.51259708404541,8.273573875427246,6.738358020782471,0.34646177291870117
1617,29801,13,0,1,center_duplicate,-1,0.0,0.0,0.010369358584284782,0.010369358584284782,5369.0,12164.8193359375,126.14137380737702,37.649743297204786,1122.0,6.626354694366455,0.0035706069320440292,0.017586013302206993,0.0440235361456871,0.036416418850421906,0.015820348635315895,0.03075505420565605,9.734742164611816,4.234930515289307,6.025596618652344,0.5770443677902222
1617,29801,13,0,2,center_duplicate,-1,0.0,0.0,0.0017865144181996584,0.0017865144181996584,9870.0,5146324.5,9193.982919984148,71.4405556860508,2129.0,59.34796905517578,0.003477817866951227,0.03811865672469139,0.019889790564775467,0.039781637489795685,0.045002952218055725,0.024391407147049904,3.5100626945495605,4.31492280960083,8.399785995483398,0.2598817050457001
1617,29801,13,0,7,center_duplicate,-1,0.0,0.0,0.015980957075953484,0.015980957075953484,43578.0,223138112.0,3565960.589881301,135.49880876480654,4038.0,59.11423873901367,0.004803546704351902,0.04223012551665306,0.038019679486751556,0.04160550981760025,0.04478614404797554,0.020792031660676003,4.51259708404541,8.273573875427246,6.738358020782471,0.34646177291870117
1617,29801,14,1,1,minus,0,-0.1,0.1,0.00654630409553647,0.005923341028392315,40009.0,41391580.0,245176.44404398277,156.3705915908862,4660.0,82.565185546875,0.0040601445361971855,0.0467863455414772,0.03732769191265106,0.025265473872423172,0.03627234324812889,0.04088784381747246,1.3129640817642212,5.302206039428711,8.969371795654297,0.42847421765327454
1617,29801,14,1,2,minus,0,-0.1,0.1,0.005940642673522234,0.005375315900892019,4031.0,734281.625,3946.995694595331,49.46142746887688,1474.0,22.052663803100586,0.004763214383274317,0.012258819304406643,0.038533229380846024,0.03268948569893837,0.03575180843472481,0.025060711428523064,9.433023452758789,8.444083213806152,6.955045700073242,0.8759985566139221
1617,29801,14,1,7,minus,0,-0.1,0.1,0.005434128455817699,0.004917002748697996,15779.0,6165739.5,30316.95806925581,85.2655951142579,2541.0,74.29742431640625,0.0021332968026399612,0.03313383460044861,0.024333057925105095,0.031500790268182755,0.029038436710834503,0.030220912769436836,8.710350036621094,3.6867733001708984,8.966926574707031,0.9366800785064697
1617,29801,15,1,1,minus,1,-0.05,0.05,0.00654630409553647,0.006227037403732538,41645.0,47035152.0,292889.6507942453,158.5181705311902,4724.0,82.565185546875,0.0040601445361971855,0.0467863455414772,0.03732769191265106,0.025265473872423172,0.03627234324812889,0.04088784381747246,1.3129640817642212,5.302206039428711,8.969371795654297,0.42847421765327454
1617,29801,15,1,2,minus,1,-0.05,0.05,0.005940642673522234,0.005650914274156094,4310.0,733394.8125,4144.351214548282,50.77010838562464,1513.0,22.052663803100586,0.004763214383274317,0.012258819304406643,0.038533229380846024,0.03268948569893837,0.03575180843472481,0.025060711428523064,9.433023452758789,8.444083213806152,6.955045700073242,0.8759985566139221
1617,29801,15,1,7,minus,1,-0.05,0.05,0.005434128455817699,0.005169102922081947,16256.0,7302187.5,37745.75874384027,86.23871682158317,2570.0,74.29742431640625,0.0021332968026399612,0.03313383460044861,0.024333057925105095,0.031500790268182755,0.029038436710834503,0.030220912769436836,8.710350036621094,3.6867733001708984,8.966926574707031,0.9366800785064697
1617,29801,16,1,1,minus,2,-0.02,0.02,0.00654630409553647,0.006416678428649902,42324.0,48467828.0,311002.46641111374,159.82685144793797,4763.0,82.565185546875,0.0040601445361971855,0.0467863455414772,0.03732769191265106,0.025265473872423172,0.03627234324812889,0.04088784381747246,1.3129640817642212,5.302206039428711,8.969371795654297,0.42847421765327454
1617,29801,16,1,2,minus,2,-0.02,0.02,0.005940642673522234,0.005823010113090277,4429.0,751059.875,4373.429247661319,51.273447199758394,1528.0,22.052663803100586,0.004763214383274317,0.012258819304406643,0.038533229380846024,0.03268948569893837,0.03575180843472481,0.025060711428523064,9.433023452758789,8.444083213806152,6.955045700073242,0.8759985566139221
1617,29801,16,1,7,minus,2,-0.02,0.02,0.005434128455817699,0.005326525773853064,16567.0,7730566.0,41177.05904547218,87.01050300325493,2593.0,74.29742431640625,0.0021332968026399612,0.03313383460044861,0.024333057925105095,0.031500790268182755,0.029038436710834503,0.030220912769436836,8.710350036621094,3.6867733001708984,8.966926574707031,0.9366800785064697
1617,29801,17,1,1,minus,3,-0.01,0.01,0.00654630409553647,0.006481167394667864,42640.0,49938224.0,323657.9891364202,160.39730210395624,4780.0,82.565185546875,0.0040601445361971855,0.0467863455414772,0.03732769191265106,0.025265473872423172,0.03627234324812889,0.04088784381747246,1.3129640817642212,5.302206039428711,8.969371795654297,0.42847421765327454
1617,29801,17,1,2,minus,3,-0.01,0.01,0.005940642673522234,0.005881532095372677,4467.0,793704.0,4668.195550225675,51.273447199758394,1528.0,22.052663803100586,0.004763214383274317,0.012258819304406643,0.038533229380846024,0.03268948569893837,0.03575180843472481,0.025060711428523064,9.433023452758789,8.444083213806152,6.955045700073242,0.8759985566139221
1617,29801,17,1,7,minus,3,-0.01,0.01,0.005434128455817699,0.005380058195441961,16607.0,7704240.0,41449.259551651776,87.14472668702392,2597.0,74.29742431640625,0.0021332968026399612,0.03313383460044861,0.024333057925105095,0.031500790268182755,0.029038436710834503,0.030220912769436836,8.710350036621094,3.6867733001708984,8.966926574707031,0.9366800785064697
1617,29801,18,1,1,minus,4,-0.005,0.005,0.00654630409553647,0.006513654254376888,42779.0,52083312.0,339252.68679083884,160.29663434112948,4777.0,82.565185546875,0.0040601445361971855,0.0467863455414772,0.03732769191265106,0.025265473872423172,0.03627234324812889,0.04088784381747246,1.3129640817642212,5.302206039428711,8.969371795654297,0.42847421765327454
1617,29801,18,1,2,minus,4,-0.005,0.005,0.005940642673522234,0.005911013577133417,4463.0,783597.6875,4631.8565698228485,51.407670883527395,1532.0,22.052663803100586,0.004763214383274317,0.012258819304406643,0.038533229380846024,0.03268948569893837,0.03575180843472481,0.025060711428523064,9.433023452758789,8.444083213806152,6.955045700073242,0.8759985566139221
1617,29801,18,1,7,minus,4,-0.005,0.005,0.005434128455817699,0.005407025571912527,16702.0,7710243.0,41689.48106665956,87.31250629173518,2602.0,74.29742431640625,0.0021332968026399612,0.03313383460044861,0.024333057925105095,0.031500790268182755,0.029038436710834503,0.030220912769436836,8.710350036621094,3.6867733001708984,8.966926574707031,0.9366800785064697
1617,29801,19,1,1,minus,5,-0.0025,0.0025,0.00654630409553647,0.006529958453029394,42981.0,53050180.0,346415.4713257309,160.497969866783,4783.0,82.565185546875,0.0040601445361971855,0.0467863455414772,0.03732769191265106,0.025265473872423172,0.03627234324812889,0.04088784381747246,1.3129640817642212,5.302206039428711,8.969371795654297,0.42847421765327454
1617,29801,19,1,2,minus,5,-0.0025,0.0025,0.005940642673522234,0.005925809498876333,4484.0,803001.9375,4758.4365088536,51.50833864635415,1535.0,22.052663803100586,0.004763214383274317,0.012258819304406643,0.038533229380846024,0.03268948569893837,0.03575180843472481,0.025060711428523064,9.433023452758789,8.444083213806152,6.955045700073242,0.8759985566139221
1617,29801,19,1,7,minus,5,-0.0025,0.0025,0.005434128455817699,0.0054205600172281265,16694.0,7955396.5,43122.70418909658,87.37961813361967,2604.0,74.29742431640625,0.0021332968026399612,0.03313383460044861,0.024333057925105095,0.031500790268182755,0.029038436710834503,0.030220912769436836,8.710350036621094,3.6867733001708984,8.966926574707031,0.9366800785064697
1617,29801,20,1,1,center,6,0.0,0.0,0.00654630409553647,0.00654630409553647,43029.0,52507672.0,343731.18826068565,160.6993053924365,4789.0,82.565185546875,0.0040601445361971855,0.0467863455414772,0.03732769191265106,0.025265473872423172,0.03627234324812889,0.04088784381747246,1.3129640817642212,5.302206039428711,8.969371795654297,0.42847421765327454
1617,29801,20,1,2,center,6,0.0,0.0,0.005940642673522234,0.005940642673522234,4482.0,815708.5625,4845.833095544978,51.50833864635415,1535.0,22.052663803100586,0.004763214383274317,0.012258819304406643,0.038533229380846024,0.03268948569893837,0.03575180843472481,0.025060711428523064,9.433023452758789,8.444083213806152,6.955045700073242,0.8759985566139221
1617,29801,20,1,7,center,6,0.0,0.0,0.005434128455817699,0.005434128455817699,16700.0,8082492.5,43921.30248818314,87.44672997550417,2606.0,74.29742431640625,0.0021332968026399612,0.03313383460044861,0.024333057925105095,0.031500790268182755,0.029038436710834503,0.030220912769436836,8.710350036621094,3.6867733001708984,8.966926574707031,0.9366800785064697
1617,29801,21,1,1,plus,7,0.0025,0.0025,0.00654630409553647,0.00656269071623683,43120.0,52527056.0,344718.82276245207,161.06842052280123,4800.0,82.565185546875,0.0040601445361971855,0.0467863455414772,0.03732769191265106,0.025265473872423172,0.03627234324812889,0.04088784381747246,1.3129640817642212,5.302206039428711,8.969371795654297,0.42847421765327454
1617,29801,21,1,2,plus,7,0.0025,0.0025,0.005940642673522234,0.005955513101071119,4494.0,838315.875,4992.601176398399,51.575450488238644,1537.0,22.052663803100586,0.004763214383274317,0.012258819304406643,0.038533229380846024,0.03268948569893837,0.03575180843472481,0.025060711428523064,9.433023452758789,8.444083213806152,6.955045700073242,0.8759985566139221
1617,29801,21,1,7,plus,7,0.0025,0.0025,0.005434128455817699,0.005447730887681246,16659.0,8005433.5,43611.44734722818,87.41317405456192,2605.0,74.29742431640625,0.0021332968026399612,0.03313383460044861,0.024333057925105095,0.031500790268182755,0.029038436710834503,0.030220912769436836,8.710350036621094,3.6867733001708984,8.966926574707031,0.9366800785064697
1617,29801,22,1,1,plus,8,0.005,0.005,0.00654630409553647,0.006579117383807898,43029.0,53244612.0,350302.5524033066,161.034864601859,4799.0,82.565185546875,0.0040601445361971855,0.0467863455414772,0.03732769191265106,0.025265473872423172,0.03627234324812889,0.04088784381747246,1.3129640817642212,5.302206039428711,8.969371795654297,0.42847421765327454
1617,29801,22,1,2,plus,8,0.005,0.005,0.005940642673522234,0.005970420315861702,4492.0,822253.125,4909.1967622807715,51.64256233012315,1539.0,22.052663803100586,0.004763214383274317,0.012258819304406643,0.038533229380846024,0.03268948569893837,0.03575180843472481,0.025060711428523064,9.433023452758789,8.444083213806152,6.955045700073242,0.8759985566139221
1617,29801,22,1,7,plus,8,0.005,0.005,0.005434128455817699,0.005461367312818766,16657.0,7923281.5,43271.95059436164,87.41317405456192,2605.0,74.29742431640625,0.0021332968026399612,0.03313383460044861,0.024333057925105095,0.031500790268182755,0.029038436710834503,0.030220912769436836,8.710350036621094,3.6867733001708984,8.966926574707031,0.9366800785064697
1617,29801,23,1,1,plus,9,0.01,0.01,0.00654630409553647,0.006612095516175032,42991.0,52376264.0,346316.8603483997,161.1019764437435,4801.0,82.565185546875,0.0040601445361971855,0.0467863455414772,0.03732769191265106,0.025265473872423172,0.03627234324812889,0.04088784381747246,1.3129640817642212,5.302206039428711,8.969371795654297,0.42847421765327454
1617,29801,23,1,2,plus,9,0.01,0.01,0.005940642673522234,0.0060003469698131084,4511.0,789413.875,4736.757152784674,51.8103419348344,1544.0,22.052663803100586,0.004763214383274317,0.012258819304406643,0.038533229380846024,0.03268948569893837,0.03575180843472481,0.025060711428523064,9.433023452758789,8.444083213806152,6.955045700073242,0.8759985566139221
1617,29801,23,1,7,plus,9,0.01,0.01,0.005434128455817699,0.005488742608577013,16761.0,7754463.5,42562.254219105234,87.68162142209992,2613.0,74.29742431640625,0.0021332968026399612,0.03313383460044861,0.024333057925105095,0.031500790268182755,0.029038436710834503,0.030220912769436836,8.710350036621094,3.6867733001708984,8.966926574707031,0.9366800785064697
1617,29801,24,1,1,plus,10,0.02,0.02,0.00654630409553647,0.00667854817584157,43303.0,55792320.0,372611.69696196914,161.2362001275125,4805.0,82.565185546875,0.0040601445361971855,0.0467863455414772,0.03732769191265106,0.025265473872423172,0.03627234324812889,0.04088784381747246,1.3129640817642212,5.302206039428711,8.969371795654297,0.42847421765327454
1617,29801,24,1,2,plus,10,0.02,0.02,0.005940642673522234,0.006060651503503323,4539.0,811274.875,4916.85429092322,52.0116774604879,1550.0,22.052663803100586,0.004763214383274317,0.012258819304406643,0.038533229380846024,0.03268948569893837,0.03575180843472481,0.025060711428523064,9.433023452758789,8.444083213806152,6.955045700073242,0.8759985566139221
1617,29801,24,1,7,plus,10,0.02,0.02,0.005434128455817699,0.005543904844671488,16774.0,7806569.0,43278.87569936225,87.98362471058017,2622.0,74.29742431640625,0.0021332968026399612,0.03313383460044861,0.024333057925105095,0.031500790268182755,0.029038436710834503,0.030220912769436836,8.710350036621094,3.6867733001708984,8.966926574707031,0.9366800785064697
1617,29801,25,1,1,plus,11,0.05,0.05,0.00654630409553647,0.0068819401785731316,44212.0,60810248.0,418492.4889801964,162.47776920237575,4842.0,82.565185546875,0.0040601445361971855,0.0467863455414772,0.03732769191265106,0.025265473872423172,0.03627234324812889,0.04088784381747246,1.3129640817642212,5.302206039428711,8.969371795654297,0.42847421765327454
1617,29801,25,1,2,plus,11,0.05,0.05,0.005940642673522234,0.006245225667953491,4544.0,890887.9375,5563.796214545146,52.31368074896815,1559.0,22.052663803100586,0.004763214383274317,0.012258819304406643,0.038533229380846024,0.03268948569893837,0.03575180843472481,0.025060711428523064,9.433023452758789,8.444083213806152,6.955045700073242,0.8759985566139221
1617,29801,25,1,7,plus,11,0.05,0.05,0.005434128455817699,0.005712741985917091,16983.0,7481863.0,42741.95289297961,88.35273984094493,2633.0,74.29742431640625,0.0021332968026399612,0.03313383460044861,0.024333057925105095,0.031500790268182755,0.029038436710834503,0.030220912769436836,8.710350036621094,3.6867733001708984,8.966926574707031,0.9366800785064697
1617,29801,26,1,1,plus,12,0.1,0.1,0.00654630409553647,0.0072347852401435375,45805.0,63315768.0,458075.9837947525,164.89379551021776,4914.0,82.565185546875,0.0040601445361971855,0.0467863455414772,0.03732769191265106,0.025265473872423172,0.03627234324812889,0.04088784381747246,1.3129640817642212,5.302206039428711,8.969371795654297,0.42847421765327454
1617,29801,26,1,2,plus,12,0.1,0.1,0.005940642673522234,0.006565426010638475,4896.0,942610.8125,6188.641546296567,53.85725311231166,1605.0,22.052663803100586,0.004763214383274317,0.012258819304406643,0.038533229380846024,0.03268948569893837,0.03575180843472481,0.025060711428523064,9.433023452758789,8.444083213806152,6.955045700073242,0.8759985566139221
1617,29801,26,1,7,plus,12,0.1,0.1,0.005434128455817699,0.00600564107298851,17279.0,8701888.0,52260.41598534584,89.25874970638569,2660.0,74.29742431640625,0.0021332968026399612,0.03313383460044861,0.024333057925105095,0.031500790268182755,0.029038436710834503,0.030220912769436836,8.710350036621094,3.6867733001708984,8.966926574707031,0.9366800785064697
1617,29801,27,1,1,center_duplicate,-1,0.0,0.0,0.00654630409553647,0.00654630409553647,43029.0,52507672.0,343731.18826068565,160.6993053924365,4789.0,82.565185546875,0.0040601445361971855,0.0467863455414772,0.03732769191265106,0.025265473872423172,0.03627234324812889,0.04088784381747246,1.3129640817642212,5.302206039428711,8.969371795654297,0.42847421765327454
1617,29801,27,1,2,center_duplicate,-1,0.0,0.0,0.005940642673522234,0.005940642673522234,4482.0,815708.5625,4845.833095544978,51.50833864635415,1535.0,22.052663803100586,0.004763214383274317,0.012258819304406643,0.038533229380846024,0.03268948569893837,0.03575180843472481,0.025060711428523064,9.433023452758789,8.444083213806152,6.955045700073242,0.8759985566139221
1617,29801,27,1,7,center_duplicate,-1,0.0,0.0,0.005434128455817699,0.005434128455817699,16700.0,8082492.5,43921.30248818314,87.44672997550417,2606.0,74.29742431640625,0.0021332968026399612,0.03313383460044861,0.024333057925105095,0.031500790268182755,0.029038436710834503,0.030220912769436836,8.710350036621094,3.6867733001708984,8.966926574707031,0.9366800785064697
1617,29801,28,2,1,minus,0,-0.1,0.1,0.01662660576403141,0.015044375322759151,81404.0,167179888.0,2515116.981488839,216.26791047280292,6445.0,48.48685836791992,0.0011892077745869756,0.04431956261396408,0.030409296974539757,0.045158885419368744,0.02953779138624668,0.03650172799825668,3.901416301727295,9.861052513122559,3.3765461444854736,0.8627018332481384
1617,29801,28,2,2,minus,0,-0.1,0.1,0.01005376223474741,0.009097020141780376,228878.0,181658832.0,1652554.0536362976,296.198114157243,8827.0,75.7269058227539,0.0007651544292457402,0.04488987848162651,0.021788086742162704,0.04174017533659935,0.025246916338801384,0.03339438885450363,2.15057635307312,6.021400451660156,0.422410249710083,0.3041475713253021
1617,29801,28,2,7,minus,0,-0.1,0.1,0.002189736580476165,0.0019813557155430317,12709.0,2739530.5,5427.984414079459,76.94372672057985,2293.0,47.99076843261719,0.00030573076219297945,0.025789793580770493,0.03251266852021217,0.021878911182284355,0.045277129858732224,0.017795966938138008,8.833017349243164,8.9212064743042,2.1577820777893066,0.5844389796257019
1617,29801,29,2,1,minus,1,-0.05,0.05,0.01662660576403141,0.015815716236829758,82456.0,188128688.0,2975389.9454150796,217.47592362672393,6481.0,48.48685836791992,0.0011892077745869756,0.04431956261396408,0.030409296974539757,0.045158885419368744,0.02953779138624668,0.03650172799825668,3.901416301727295,9.861052513122559,3.3765461444854736,0.8627018332481384
1617,29801,29,2,2,minus,1,-0.05,0.05,0.01005376223474741,0.00956343486905098,236884.0,193502480.0,1850548.3644798398,301.09727861481156,8973.0,75.7269058227539,0.0007651544292457402,0.04488987848162651,0.021788086742162704,0.04174017533659935,0.025246916338801384,0.03339438885450363,2.15057635307312,6.021400451660156,0.422410249710083,0.3041475713253021
1617,29801,29,2,7,minus,1,-0.05,0.05,0.002189736580476165,0.002082941820845008,13059.0,2978854.25,6204.78009552689,78.42018724203885,2337.0,47.99076843261719,0.00030573076219297945,0.025789793580770493,0.03251266852021217,0.021878911182284355,0.045277129858732224,0.017795966938138008,8.833017349243164,8.9212064743042,2.1577820777893066,0.5844389796257019
1617,29801,30,2,1,minus,2,-0.02,0.02,0.01662660576403141,0.01629737764596939,83467.0,193683488.0,3156532.9477245808,218.51615717593367,6512.0,48.48685836791992,0.0011892077745869756,0.04431956261396408,0.030409296974539757,0.045158885419368744,0.02953779138624668,0.03650172799825668,3.901416301727295,9.861052513122559,3.3765461444854736,0.8627018332481384
1617,29801,30,2,2,minus,2,-0.02,0.02,0.01005376223474741,0.009854684583842754,240567.0,208532640.0,2055023.392636031,303.27841347605784,9038.0,75.7269058227539,0.0007651544292457402,0.04488987848162651,0.021788086742162704,0.04174017533659935,0.025246916338801384,0.03339438885450363,2.15057635307312,6.021400451660156,0.422410249710083,0.3041475713253021
1617,29801,30,2,7,minus,2,-0.02,0.02,0.002189736580476165,0.002146376995369792,13402.0,3231988.25,6937.065229105472,79.1919734237106,2360.0,47.99076843261719,0.00030573076219297945,0.025789793580770493,0.03251266852021217,0.021878911182284355,0.045277129858732224,0.017795966938138008,8.833017349243164,8.9212064743042,2.1577820777893066,0.5844389796257019
1617,29801,31,2,1,minus,3,-0.01,0.01,0.01662660576403141,0.016461167484521866,83554.0,198300064.0,3264250.565695405,218.68393678064493,6517.0,48.48685836791992,0.0011892077745869756,0.04431956261396408,0.030409296974539757,0.045158885419368744,0.02953779138624668,0.03650172799825668,3.901416301727295,9.861052513122559,3.3765461444854736,0.8627018332481384
1617,29801,31,2,2,minus,3,-0.01,0.01,0.01005376223474741,0.009953726083040237,241345.0,212694608.0,2117103.8673716187,303.74819636924934,9052.0,75.7269058227539,0.0007651544292457402,0.04488987848162651,0.021788086742162704,0.04174017533659935,0.025246916338801384,0.03339438885450363,2.15057635307312,6.021400451660156,0.422410249710083,0.3041475713253021
1617,29801,31,2,7,minus,3,-0.01,0.01,0.002189736580476165,0.0021679482888430357,13514.0,3231898.25,7006.588280802302,79.39330894936411,2366.0,47.99076843261719,0.00030573076219297945,0.025789793580770493,0.03251266852021217,0.021878911182284355,0.045277129858732224,0.017795966938138008,8.833017349243164,8.9212064743042,2.1577820777893066,0.5844389796257019
1617,29801,32,2,1,minus,4,-0.005,0.005,0.01662660576403141,0.016543680801987648,83500.0,202651056.0,3352594.384649724,218.68393678064493,6517.0,48.48685836791992,0.0011892077745869756,0.04431956261396408,0.030409296974539757,0.045158885419368744,0.02953779138624668,0.03650172799825668,3.901416301727295,9.861052513122559,3.3765461444854736,0.8627018332481384
1617,29801,32,2,2,minus,4,-0.005,0.005,0.01005376223474741,0.010003618896007538,242415.0,208636976.0,2087124.7955194712,304.3857588671521,9071.0,75.7269058227539,0.0007651544292457402,0.04488987848162651,0.021788086742162704,0.04174017533659935,0.025246916338801384,0.03339438885450363,2.15057635307312,6.021400451660156,0.422410249710083,0.3041475713253021
1617,29801,32,2,7,minus,4,-0.005,0.005,0.002189736580476165,0.0021788151934742928,13562.0,3154901.0,6873.94623270724,79.59464447501762,2372.0,47.99076843261719,0.00030573076219297945,0.025789793580770493,0.03251266852021217,0.021878911182284355,0.045277129858732224,0.017795966938138008,8.833017349243164,8.9212064743042,2.1577820777893066,0.5844389796257019
1617,29801,33,2,1,minus,5,-0.0025,0.0025,0.01662660576403141,0.01658509112894535,83677.0,207255392.0,3437349.563285291,218.7846045434717,6520.0,48.48685836791992,0.0011892077745869756,0.04431956261396408,0.030409296974539757,0.045158885419368744,0.02953779138624668,0.03650172799825668,3.901416301727295,9.861052513122559,3.3765461444854736,0.8627018332481384
1617,29801,33,2,2,minus,5,-0.0025,0.0025,0.01005376223474741,0.010028659366071224,243028.0,209315488.0,2099153.729194969,304.68776215563236,9080.0,75.7269058227539,0.0007651544292457402,0.04488987848162651,0.021788086742162704,0.04174017533659935,0.025246916338801384,0.03339438885450363,2.15057635307312,6.021400451660156,0.422410249710083,0.3041475713253021
1617,29801,33,2,7,minus,5,-0.0025,0.0025,0.002189736580476165,0.002184269018471241,13621.0,3170978.25,6926.269549721153,79.69531223784436,2375.0,47.99076843261719,0.00030573076219297945,0.025789793580770493,0.03251266852021217,0.021878911182284355,0.045277129858732224,0.017795966938138008,8.833017349243164,8.9212064743042,2.1577820777893066,0.5844389796257019
1617,29801,34,2,1,center,6,0.0,0.0,0.01662660576403141,0.01662660576403141,83819.0,210981744.0,3507910.2808957994,218.85171638535618,6522.0,48.48685836791992,0.0011892077745869756,0.04431956261396408,0.030409296974539757,0.045158885419368744,0.02953779138624668,0.03650172799825668,3.901416301727295,9.861052513122559,3.3765461444854736,0.8627018332481384
1617,29801,34,2,2,center,6,0.0,0.0,0.01005376223474741,0.01005376223474741,243106.0,210265056.0,2113954.8792998493,304.82198583940135,9084.0,75.7269058227539,0.0007651544292457402,0.04488987848162651,0.021788086742162704,0.04174017533659935,0.025246916338801384,0.03339438885450363,2.15057635307312,6.021400451660156,0.422410249710083,0.3041475713253021
1617,29801,34,2,7,center,6,0.0,0.0,0.002189736580476165,0.002189736580476165,13672.0,3264154.5,7147.6385129758855,79.86309184255562,2380.0,47.99076843261719,0.00030573076219297945,0.025789793580770493,0.03251266852021217,0.021878911182284355,0.045277129858732224,0.017795966938138008,8.833017349243164,8.9212064743042,2.1577820777893066,0.5844389796257019
1617,29801,35,2,1,plus,7,0.0025,0.0025,0.01662660576403141,0.016668224707245827,83963.0,205833104.0,3430872.4296619,218.85171638535618,6522.0,48.48685836791992,0.0011892077745869756,0.04431956261396408,0.030409296974539757,0.045158885419368744,0.02953779138624668,0.03650172799825668,3.901416301727295,9.861052513122559,3.3765461444854736,0.8627018332481384
1617,29801,35,2,2,plus,7,0.0025,0.0025,0.01005376223474741,0.01007892843335867,243187.0,210524560.0,2121861.973704323,304.7548739975168,9082.0,75.7269058227539,0.0007651544292457402,0.04488987848162651,0.021788086742162704,0.04174017533659935,0.025246916338801384,0.03339438885450363,2.15057635307312,6.021400451660156,0.422410249710083,0.3041475713253021
1617,29801,35,2,7,plus,7,0.0025,0.0025,0.002189736580476165,0.002195217879489064,13642.0,3224818.0,7079.178131698165,79.86309184255562,2380.0,47.99076843261719,0.00030573076219297945,0.025789793580770493,0.03251266852021217,0.021878911182284355,0.045277129858732224,0.017795966938138008,8.833017349243164,8.9212064743042,2.1577820777893066,0.5844389796257019
1617,29801,36,2,1,plus,8,0.005,0.005,0.01662660576403141,0.01670994609594345,84160.0,203315600.0,3397392.7164644003,218.95238414818294,6525.0,48.48685836791992,0.0011892077745869756,0.04431956261396408,0.030409296974539757,0.045158885419368744,0.02953779138624668,0.03650172799825668,3.901416301727295,9.861052513122559,3.3765461444854736,0.8627018332481384
1617,29801,36,2,2,plus,8,0.005,0.005,0.01005376223474741,0.010104157030582428,243490.0,214942816.0,2171815.965459585,304.9897654441126,9089.0,75.7269058227539,0.0007651544292457402,0.04488987848162651,0.021788086742162704,0.04174017533659935,0.025246916338801384,0.03339438885450363,2.15057635307312,6.021400451660156,0.422410249710083,0.3041475713253021
1617,29801,36,2,7,plus,8,0.005,0.005,0.002189736580476165,0.0022007126826792955,13601.0,3374167.75,7425.573760912463,79.96375960538236,2383.0,47.99076843261719,0.00030573076219297945,0.025789793580770493,0.03251266852021217,0.021878911182284355,0.045277129858732224,0.017795966938138008,8.833017349243164,8.9212064743042,2.1577820777893066,0.5844389796257019
1617,29801,37,2,1,plus,9,0.01,0.01,0.01662660576403141,0.01679370552301407,84141.0,202024992.0,3392748.223937273,218.91882822724068,6524.0,48.48685836791992,0.0011892077745869756,0.04431956261396408,0.030409296974539757,0.045158885419368744,0.02953779138624668,0.03650172799825668,3.901416301727295,9.861052513122559,3.3765461444854736,0.8627018332481384
1617,29801,37,2,2,plus,9,0.01,0.01,0.01005376223474741,0.010154804214835167,244266.0,219724368.0,2231257.9382683933,305.5266601791886,9105.0,75.7269058227539,0.0007651544292457402,0.04488987848162651,0.021788086742162704,0.04174017533659935,0.025246916338801384,0.03339438885450363,2.15057635307312,6.021400451660156,0.422410249710083,0.3041475713253021
1617,29801,37,2,7,plus,9,0.01,0.01,0.002189736580476165,0.0022117437329143286,13654.0,3041745.5,6727.561546745361,80.06442736820911,2386.0,47.99076843261719,0.00030573076219297945,0.025789793580770493,0.03251266852021217,0.021878911182284355,0.045277129858732224,0.017795966938138008,8.833017349243164,8.9212064743042,2.1577820777893066,0.5844389796257019
1617,29801,38,2,1,plus,10,0.02,0.02,0.01662660576403141,0.016962485387921333,84119.0,205551632.0,3486666.554263383,219.1872755947787,6532.0,48.48685836791992,0.0011892077745869756,0.04431956261396408,0.030409296974539757,0.045158885419368744,0.02953779138624668,0.03650172799825668,3.901416301727295,9.861052513122559,3.3765461444854736,0.8627018332481384
1617,29801,38,2,2,plus,10,0.02,0.02,0.01005376223474741,0.010256861336529255,245197.0,222345696.0,2280568.9726460874,306.02999899332235,9120.0,75.7269058227539,0.0007651544292457402,0.04488987848162651,0.021788086742162704,0.04174017533659935,0.025246916338801384,0.03339438885450363,2.15057635307312,6.021400451660156,0.422410249710083,0.3041475713253021
1617,29801,38,2,7,plus,10,0.02,0.02,0.002189736580476165,0.0022339720744639635,13646.0,3052823.75,6819.923005760356,79.93020368444012,2382.0,47.99076843261719,0.00030573076219297945,0.025789793580770493,0.03251266852021217,0.021878911182284355,0.045277129858732224,0.017795966938138008,8.833017349243164,8.9212064743042,2.1577820777893066,0.5844389796257019
1617,29801,39,2,1,plus,11,0.05,0.05,0.01662660576403141,0.017479069530963898,84790.0,225501824.0,3941562.0610551834,219.69061440891244,6547.0,48.48685836791992,0.0011892077745869756,0.04431956261396408,0.030409296974539757,0.045158885419368744,0.02953779138624668,0.03650172799825668,3.901416301727295,9.861052513122559,3.3765461444854736,0.8627018332481384
1617,29801,39,2,2,plus,11,0.05,0.05,0.01005376223474741,0.01056922972202301,249811.0,229304000.0,2423566.6521787643,308.81514043152913,9203.0,75.7269058227539,0.0007651544292457402,0.04488987848162651,0.021788086742162704,0.04174017533659935,0.025246916338801384,0.03339438885450363,2.15057635307312,6.021400451660156,0.422410249710083,0.3041475713253021
1617,29801,39,2,7,plus,11,0.05,0.05,0.002189736580476165,0.00230200681835413,13812.0,3174431.0,7307.561806394719,80.39998657763162,2396.0,47.99076843261719,0.00030573076219297945,0.025789793580770493,0.03251266852021217,0.021878911182284355,0.045277129858732224,0.017795966938138008,8.833017349243164,8.9212064743042,2.1577820777893066,0.5844389796257019
1617,29801,40,2,1,plus,12,0.1,0.1,0.01662660576403141,0.01837524212896824,85805.0,249533024.0,4585229.735173643,220.8650716418912,6582.0,48.48685836791992,0.0011892077745869756,0.04431956261396408,0.030409296974539757,0.045158885419368744,0.02953779138624668,0.03650172799825668,3.901416301727295,9.861052513122559,3.3765461444854736,0.8627018332481384
1617,29801,40,2,2,plus,12,0.1,0.1,0.01005376223474741,0.011111126281321049,255411.0,246967680.0,2744089.0798848867,312.1371766048119,9302.0,75.7269058227539,0.0007651544292457402,0.04488987848162651,0.021788086742162704,0.04174017533659935,0.025246916338801384,0.03339438885450363,2.15057635307312,6.021400451660156,0.422410249710083,0.3041475713253021
1617,29801,40,2,7,plus,12,0.1,0.1,0.002189736580476165,0.0024200333282351494,14422.0,3691810.25,8934.303846520139,81.94355894097512,2442.0,47.99076843261719,0.00030573076219297945,0.025789793580770493,0.03251266852021217,0.021878911182284355,0.045277129858732224,0.017795966938138008,8.833017349243164,8.9212064743042,2.1577820777893066,0.5844389796257019
1617,29801,41,2,1,center_duplicate,-1,0.0,0.0,0.01662660576403141,0.01662660576403141,83819.0,210981744.0,3507910.2808957994,218.85171638535618,6522.0,48.48685836791992,0.0011892077745869756,0.04431956261396408,0.030409296974539757,0.045158885419368744,0.02953779138624668,0.03650172799825668,3.901416301727295,9.861052513122559,3.3765461444854736,0.8627018332481384
1617,29801,41,2,2,center_duplicate,-1,0.0,0.0,0.01005376223474741,0.01005376223474741,243106.0,210265056.0,2113954.8792998493,304.82198583940135,9084.0,75.7269058227539,0.0007651544292457402,0.04488987848162651,0.021788086742162704,0.04174017533659935,0.025246916338801384,0.03339438885450363,2.15057635307312,6.021400451660156,0.422410249710083,0.3041475713253021
1617,29801,41,2,7,center_duplicate,-1,0.0,0.0,0.002189736580476165,0.002189736580476165,13672.0,3264154.5,7147.6385129758855,79.86309184255562,2380.0,47.99076843261719,0.00030573076219297945,0.025789793580770493,0.03251266852021217,0.021878911182284355,0.045277129858732224,0.017795966938138008,8.833017349243164,8.9212064743042,2.1577820777893066,0.5844389796257019
1617,29801,42,3,1,minus,0,-0.1,0.1,0.0030624063219875097,0.0027709798887372017,4433.0,1567836.75,4344.444103073096,57.783295862554944,1722.0,68.69004821777344,0.0025674765929579735,0.011978385969996452,0.04919338971376419,0.03444961458444595,0.010044421069324017,0.013519922271370888,6.216831684112549,3.313960075378418,6.2783660888671875,0.7253406047821045
1617,29801,42,3,2,minus,0,-0.1,0.1,0.015210271812975407,0.013762823306024075,53610.0,61395168.0,844970.8490276635,153.92100936210193,4587.0,96.0049057006836,0.0020888946019113064,0.04925193637609482,0.033308882266283035,0.021827764809131622,0.023698577657341957,0.018696226179599762,5.5608625411987305,0.15370473265647888,5.821068286895752,0.7542546987533569
1617,29801,42,3,7,minus,0,-0.1,0.1,0.013987557031214237,0.01265646517276764,147445.0,118315976.0,1497462.0296260118,238.5490419784571,7109.0,89.26822662353516,0.0008241399773396552,0.04868676885962486,0.017292654141783714,0.013185249641537666,0.031820982694625854,0.03805147856473923,3.277904748916626,5.072831630706787,3.0204687118530273,0.4343680143356323
1617,29801,43,3,1,minus,1,-0.05,0.05,0.0030624063219875097,0.002913051052019,4390.0,2055067.125,5986.515450450912,59.058420858360456,1760.0,68.69004821777344,0.0025674765929579735,0.011978385969996452,0.04919338971376419,0.03444961458444595,0.010044421069324017,0.013519922271370888,6.216831684112549,3.313960075378418,6.2783660888671875,0.7253406047821045
1617,29801,43,3,2,minus,1,-0.05,0.05,0.015210271812975407,0.014468458481132984,54580.0,64266408.0,929835.8558795527,155.26324619979195,4627.0,96.0049057006836,0.0020888946019113064,0.04925193637609482,0.033308882266283035,0.021827764809131622,0.023698577657341957,0.018696226179599762,5.5608625411987305,0.15370473265647888,5.821068286895752,0.7542546987533569
1617,29801,43,3,7,minus,1,-0.05,0.05,0.013987557031214237,0.013305376283824444,149867.0,130044512.0,1730291.1658063233,240.39461763028083,7164.0,89.26822662353516,0.0008241399773396552,0.04868676885962486,0.017292654141783714,0.013185249641537666,0.031820982694625854,0.03805147856473923,3.277904748916626,5.072831630706787,3.0204687118530273,0.4343680143356323
1617,29801,44,3,1,minus,2,-0.02,0.02,0.0030624063219875097,0.0030017667450010777,4350.0,2507528.25,7527.0149130007485,60.19932217039696,1794.0,68.69004821777344,0.0025674765929579735,0.011978385969996452,0.04919338971376419,0.03444961458444595,0.010044421069324017,0.013519922271370888,6.216831684112549,3.313960075378418,6.2783660888671875,0.7253406047821045
1617,29801,44,3,2,minus,2,-0.02,0.02,0.015210271812975407,0.014909088611602783,55104.0,67260944.0,1002799.3741960526,155.80014093486795,4643.0,96.0049057006836,0.0020888946019113064,0.04925193637609482,0.033308882266283035,0.021827764809131622,0.023698577657341957,0.018696226179599762,5.5608625411987305,0.15370473265647888,5.821068286895752,0.7542546987533569
1617,29801,44,3,7,minus,2,-0.02,0.02,0.013987557031214237,0.013710585422813892,151865.0,131969720.0,1809382.119284831,241.9717459145666,7211.0,89.26822662353516,0.0008241399773396552,0.04868676885962486,0.017292654141783714,0.013185249641537666,0.031820982694625854,0.03805147856473923,3.277904748916626,5.072831630706787,3.0204687118530273,0.4343680143356323
1617,29801,45,3,1,minus,3,-0.01,0.01,0.0030624063219875097,0.003031934844329953,4438.0,2600324.0,7884.012942147441,60.400657696050466,1800.0,68.69004821777344,0.0025674765929579735,0.011978385969996452,0.04919338971376419,0.03444961458444595,0.010044421069324017,0.013519922271370888,6.216831684112549,3.313960075378418,6.2783660888671875,0.7253406047821045
1617,29801,45,3,2,minus,3,-0.01,0.01,0.015210271812975407,0.015058927237987518,55190.0,69155472.0,1041407.2209566832,156.00147646052145,4649.0,96.0049057006836,0.0020888946019113064,0.04925193637609482,0.033308882266283035,0.021827764809131622,0.023698577657341957,0.018696226179599762,5.5608625411987305,0.15370473265647888,5.821068286895752,0.7542546987533569
1617,29801,45,3,7,minus,3,-0.01,0.01,0.013987557031214237,0.013848378323018551,152550.0,133508768.0,1848879.9287041128,242.40797288681586,7224.0,89.26822662353516,0.0008241399773396552,0.04868676885962486,0.017292654141783714,0.013185249641537666,0.031820982694625854,0.03805147856473923,3.277904748916626,5.072831630706787,3.0204687118530273,0.4343680143356323
1617,29801,46,3,1,minus,4,-0.005,0.005,0.0030624063219875097,0.0030471323989331722,4363.0,2547614.75,7762.919444725034,60.568437300761715,1805.0,68.69004821777344,0.0025674765929579735,0.011978385969996452,0.04919338971376419,0.03444961458444595,0.010044421069324017,0.013519922271370888,6.216831684112549,3.313960075378418,6.2783660888671875,0.7253406047821045
1617,29801,46,3,2,minus,4,-0.005,0.005,0.015210271812975407,0.015134410001337528,55241.0,68563736.0,1037671.6918474659,156.1021442233482,4652.0,96.0049057006836,0.0020888946019113064,0.04925193637609482,0.033308882266283035,0.021827764809131622,0.023698577657341957,0.018696226179599762,5.5608625411987305,0.15370473265647888,5.821068286895752,0.7542546987533569
1617,29801,46,3,7,minus,4,-0.005,0.005,0.013987557031214237,0.013917793519794941,152586.0,135755696.0,1889419.746064052,242.40797288681586,7224.0,89.26822662353516,0.0008241399773396552,0.04868676885962486,0.017292654141783714,0.013185249641537666,0.031820982694625854,0.03805147856473923,3.277904748916626,5.072831630706787,3.0204687118530273,0.4343680143356323
1617,29801,47,3,1,minus,5,-0.0025,0.0025,0.0030624063219875097,0.0030547596979886293,4342.0,2610574.25,7974.677007506893,60.601993221703964,1806.0,68.69004821777344,0.0025674765929579735,0.011978385969996452,0.04919338971376419,0.03444961458444595,0.010044421069324017,0.013519922271370888,6.216831684112549,3.313960075378418,6.2783660888671875,0.7253406047821045
1617,29801,47,3,2,minus,5,-0.0025,0.0025,0.015210271812975407,0.015172293409705162,55336.0,69021240.0,1047210.5047816783,156.20281198617496,4655.0,96.0049057006836,0.0020888946019113064,0.04925193637609482,0.033308882266283035,0.021827764809131622,0.023698577657341957,0.018696226179599762,5.5608625411987305,0.15370473265647888,5.821068286895752,0.7542546987533569
1617,29801,47,3,7,minus,5,-0.0025,0.0025,0.013987557031214237,0.013952631503343582,152544.0,135400624.0,1889195.011994779,242.40797288681586,7224.0,89.26822662353516,0.0008241399773396552,0.04868676885962486,0.017292654141783714,0.013185249641537666,0.031820982694625854,0.03805147856473923,3.277904748916626,5.072831630706787,3.0204687118530273,0.4343680143356323
1617,29801,48,3,1,center,6,0.0,0.0,0.0030624063219875097,0.0030624063219875097,4387.0,2485904.5,7612.849656657199,60.66910506358847,1808.0,68.69004821777344,0.0025674765929579735,0.011978385969996452,0.04919338971376419,0.03444961458444595,0.010044421069324017,0.013519922271370888,6.216831684112549,3.313960075378418,6.2783660888671875,0.7253406047821045
1617,29801,48,3,2,center,6,0.0,0.0,0.015210271812975407,0.015210271812975407,55306.0,68539936.0,1042511.0566039383,156.20281198617496,4655.0,96.0049057006836,0.0020888946019113064,0.04925193637609482,0.033308882266283035,0.021827764809131622,0.023698577657341957,0.018696226179599762,5.5608625411987305,0.15370473265647888,5.821068286895752,0.7542546987533569
1617,29801,48,3,7,center,6,0.0,0.0,0.013987557031214237,0.013987557031214237,152819.0,140029952.0,1958676.9396781921,242.6428643334116,7231.0,89.26822662353516,0.0008241399773396552,0.04868676885962486,0.017292654141783714,0.013185249641537666,0.031820982694625854,0.03805147856473923,3.277904748916626,5.072831630706787,3.0204687118530273,0.4343680143356323
1617,29801,49,3,1,plus,7,0.0025,0.0025,0.0030624063219875097,0.0030700720380991697,4385.0,2469496.75,7581.532920351776,60.702660984530716,1809.0,68.69004821777344,0.0025674765929579735,0.011978385969996452,0.04919338971376419,0.03444961458444595,0.010044421069324017,0.013519922271370888,6.216831684112549,3.313960075378418,6.2783660888671875,0.7253406047821045
1617,29801,49,3,2,plus,7,0.0025,0.0025,0.015210271812975407,0.015248345211148262,55311.0,69055008.0,1052974.600542605,156.2363679071172,4656.0,96.0049057006836,0.0020888946019113064,0.04925193637609482,0.033308882266283035,0.021827764809131622,0.023698577657341957,0.018696226179599762,5.5608625411987305,0.15370473265647888,5.821068286895752,0.7542546987533569
1617,29801,49,3,7,plus,7,0.0025,0.0025,0.013987557031214237,0.014022570103406906,153007.0,139308704.0,1953466.067854762,242.7770880171806,7235.0,89.26822662353516,0.0008241399773396552,0.04868676885962486,0.017292654141783714,0.013185249641537666,0.031820982694625854,0.03805147856473923,3.277904748916626,5.072831630706787,3.0204687118530273,0.4343680143356323
1617,29801,50,3,1,plus,8,0.005,0.005,0.0030624063219875097,0.0030777566134929657,4387.0,2433969.25,7491.164956226014,60.90399651018422,1815.0,68.69004821777344,0.0025674765929579735,0.011978385969996452,0.04919338971376419,0.03444961458444595,0.010044421069324017,0.013519922271370888,6.216831684112549,3.313960075378418,6.2783660888671875,0.7253406047821045
1617,29801,50,3,2,plus,8,0.005,0.005,0.015210271812975407,0.015286513604223728,55377.0,70167296.0,1072613.3248755932,156.3705915908862,4660.0,96.0049057006836,0.0020888946019113064,0.04925193637609482,0.033308882266283035,0.021827764809131622,0.023698577657341957,0.018696226179599762,5.5608625411987305,0.15370473265647888,5.821068286895752,0.7542546987533569
1617,29801,50,3,7,plus,8,0.005,0.005,0.013987557031214237,0.014057669788599014,153169.0,138145216.0,1941999.8294026852,242.91131170094962,7239.0,89.26822662353516,0.0008241399773396552,0.04868676885962486,0.017292654141783714,0.013185249641537666,0.031820982694625854,0.03805147856473923,3.277904748916626,5.072831630706787,3.0204687118530273,0.4343680143356323
1617,29801,51,3,1,plus,9,0.01,0.01,0.0030624063219875097,0.003093183971941471,4404.0,2296915.25,7104.781436207937,61.07177611489547,1820.0,68.69004821777344,0.0025674765929579735,0.011978385969996452,0.04919338971376419,0.03444961458444595,0.010044421069324017,0.013519922271370888,6.216831684112549,3.313960075378418,6.2783660888671875,0.7253406047821045
1617,29801,51,3,2,plus,9,0.01,0.01,0.015210271812975407,0.015363138169050217,55672.0,68470240.0,1051917.757588029,156.53837119559745,4665.0,96.0049057006836,0.0020888946019113064,0.04925193637609482,0.033308882266283035,0.021827764809131622,0.023698577657341957,0.018696226179599762,5.5608625411987305,0.15370473265647888,5.821068286895752,0.7542546987533569
1617,29801,51,3,7,plus,9,0.01,0.01,0.013987557031214237,0.014128134585916996,153367.0,141957488.0,2005594.495942697,243.11264722660312,7245.0,89.26822662353516,0.0008241399773396552,0.04868676885962486,0.017292654141783714,0.013185249641537666,0.031820982694625854,0.03805147856473923,3.277904748916626,5.072831630706787,3.0204687118530273,0.4343680143356323
1617,29801,52,3,1,plus,10,0.02,0.02,0.0030624063219875097,0.0031242710538208485,4442.0,2105961.75,6579.595335978898,61.34022348243347,1828.0,68.69004821777344,0.0025674765929579735,0.011978385969996452,0.04919338971376419,0.03444961458444595,0.010044421069324017,0.013519922271370888,6.216831684112549,3.313960075378418,6.2783660888671875,0.7253406047821045
1617,29801,52,3,2,plus,10,0.02,0.02,0.015210271812975407,0.015517539344727993,55608.0,69110928.0,1072431.5443906635,156.73970672125097,4671.0,96.0049057006836,0.0020888946019113064,0.04925193637609482,0.033308882266283035,0.021827764809131622,0.023698577657341957,0.018696226179599762,5.5608625411987305,0.15370473265647888,5.821068286895752,0.7542546987533569
1617,29801,52,3,7,plus,10,0.02,0.02,0.013987557031214237,0.014270124025642872,154161.0,140459024.0,2004367.6930007488,243.61598604073689,7260.0,89.26822662353516,0.0008241399773396552,0.04868676885962486,0.017292654141783714,0.013185249641537666,0.031820982694625854,0.03805147856473923,3.277904748916626,5.072831630706787,3.0204687118530273,0.4343680143356323
1617,29801,53,3,1,plus,11,0.05,0.05,0.0030624063219875097,0.0032194191589951515,4388.0,2048945.375,6596.413996009505,62.24623334787423,1855.0,68.69004821777344,0.0025674765929579735,0.011978385969996452,0.04919338971376419,0.03444961458444595,0.010044421069324017,0.013519922271370888,6.216831684112549,3.313960075378418,6.2783660888671875,0.7253406047821045
1617,29801,53,3,2,plus,11,0.05,0.05,0.015210271812975407,0.01599011942744255,56092.0,74888192.0,1197471.1337852478,157.34371329821147,4689.0,96.0049057006836,0.0020888946019113064,0.04925193637609482,0.033308882266283035,0.021827764809131622,0.023698577657341957,0.018696226179599762,5.5608625411987305,0.15370473265647888,5.821068286895752,0.7542546987533569
1617,29801,53,3,7,plus,11,0.05,0.05,0.013987557031214237,0.01470471452921629,156051.0,152756688.0,2246243.4894685596,244.92466695748465,7299.0,89.26822662353516,0.0008241399773396552,0.04868676885962486,0.017292654141783714,0.013185249641537666,0.031820982694625854,0.03805147856473923,3.277904748916626,5.072831630706787,3.0204687118530273,0.4343680143356323
1617,29801,54,3,1,plus,12,0.1,0.1,0.0030624063219875097,0.003384482581168413,4578.0,2460745.75,8328.351127559203,63.85691755310224,1903.0,68.69004821777344,0.0025674765929579735,0.011978385969996452,0.04919338971376419,0.03444961458444595,0.010044421069324017,0.013519922271370888,6.216831684112549,3.313960075378418,6.2783660888671875,0.7253406047821045
1617,29801,54,3,2,plus,12,0.1,0.1,0.015210271812975407,0.01680995151400566,57188.0,78984976.0,1327733.6168949008,158.55172645213247,4725.0,96.0049057006836,0.0020888946019113064,0.04925193637609482,0.033308882266283035,0.021827764809131622,0.023698577657341957,0.018696226179599762,5.5608625411987305,0.15370473265647888,5.821068286895752,0.7542546987533569
1617,29801,54,3,7,plus,12,0.1,0.1,0.013987557031214237,0.015458641573786736,158986.0,161345968.0,2494189.4886876643,247.2400255024999,7368.0,89.26822662353516,0.0008241399773396552,0.04868676885962486,0.017292654141783714,0.013185249641537666,0.031820982694625854,0.03805147856473923,3.277904748916626,5.072831630706787,3.0204687118530273,0.4343680143356323
1617,29801,55,3,1,center_duplicate,-1,0.0,0.0,0.0030624063219875097,0.0030624063219875097,4387.0,2485904.5,7612.849656657199,60.66910506358847,1808.0,68.69004821777344,0.0025674765929579735,0.011978385969996452,0.04919338971376419,0.03444961458444595,0.010044421069324017,0.013519922271370888,6.216831684112549,3.313960075378418,6.2783660888671875,0.7253406047821045
1617,29801,55,3,2,center_duplicate,-1,0.0,0.0,0.015210271812975407,0.015210271812975407,55306.0,68539936.0,1042511.0566039383,156.20281198617496,4655.0,96.0049057006836,0.0020888946019113064,0.04925193637609482,0.033308882266283035,0.021827764809131622,0.023698577657341957,0.018696226179599762,5.5608625411987305,0.15370473265647888,5.821068286895752,0.7542546987533569
1617,29801,55,3,7,center_duplicate,-1,0.0,0.0,0.013987557031214237,0.013987557031214237,152819.0,140029952.0,1958676.9396781921,242.6428643334116,7231.0,89.26822662353516,0.0008241399773396552,0.04868676885962486,0.017292654141783714,0.013185249641537666,0.031820982694625854,0.03805147856473923,3.277904748916626,5.072831630706787,3.0204687118530273,0.4343680143356323
1617,29801,56,4,1,minus,0,-0.1,0.1,0.010890581645071507,0.009854205884039402,114839.0,34973040.0,344631.53655074537,247.7769202375759,7384.0,33.49873733520508,0.0002443856210447848,0.03864887356758118,0.02860582061111927,0.017027685418725014,0.04247899726033211,0.029159093275666237,3.1278157234191895,7.227877616882324,7.630624294281006,0.9706724286079407
1617,29801,56,4,2,minus,0,-0.1,0.1,0.011665408499538898,0.010555298067629337,127746.0,136711680.0,1443032.5317263603,208.34871313043186,6209.0,38.7281608581543,0.0025844236370176077,0.0295098964124918,0.04058080539107323,0.046412743628025055,0.04167976975440979,0.04483244940638542,0.7273001670837402,9.898069381713867,9.137249946594238,0.9603471159934998
1617,29801,56,4,7,minus,0,-0.1,0.1,0.009829248301684856,0.008893871679902077,4252.0,8658.18359375,77.00477386384591,24.42871044595819,728.0,4.61674165725708,0.003882353426888585,0.021245166659355164,0.026909608393907547,0.019780367612838745,0.019337840378284454,0.011820243671536446,1.170051097869873,1.0662606954574585,7.525685787200928,0.8699729442596436
1617,29801,57,4,1,minus,1,-0.05,0.05,0.010890581645071507,0.010359441861510277,117819.0,39048680.0,404522.5302287191,250.39428207107142,7462.0,33.49873733520508,0.0002443856210447848,0.03864887356758118,0.02860582061111927,0.017027685418725014,0.04247899726033211,0.029159093275666237,3.1278157234191895,7.227877616882324,7.630624294281006,0.9706724286079407
1617,29801,57,4,2,minus,1,-0.05,0.05,0.011665408499538898,0.011096480302512646,131048.0,148925040.0,1652543.7729109079,211.06674272675411,6290.0,38.7281608581543,0.0025844236370176077,0.0295098964124918,0.04058080539107323,0.046412743628025055,0.04167976975440979,0.04483244940638542,0.7273001670837402,9.898069381713867,9.137249946594238,0.9603471159934998
1617,29801,57,4,7,minus,1,-0.05,0.05,0.009829248301684856,0.00934987049549818,4283.0,12577.2119140625,117.59530259092116,25.334720311398943,755.0,4.61674165725708,0.003882353426888585,0.021245166659355164,0.026909608393907547,0.019780367612838745,0.019337840378284454,0.011820243671536446,1.170051097869873,1.0662606954574585,7.525685787200928,0.8699729442596436
1617,29801,58,4,1,minus,2,-0.02,0.02,0.010890581645071507,0.010674933902919292,119415.0,40418028.0,431459.77738634124,251.80363075064594,7504.0,33.49873733520508,0.0002443856210447848,0.03864887356758118,0.02860582061111927,0.017027685418725014,0.04247899726033211,0.029159093275666237,3.1278157234191895,7.227877616882324,7.630624294281006,0.9706724286079407
1617,29801,58,4,2,minus,2,-0.02,0.02,0.011665408499538898,0.011434418149292469,133156.0,150548720.0,1721437.0163207501,212.50964732727087,6333.0,38.7281608581543,0.0025844236370176077,0.0295098964124918,0.04058080539107323,0.046412743628025055,0.04167976975440979,0.04483244940638542,0.7273001670837402,9.898069381713867,9.137249946594238,0.9603471159934998
1617,29801,58,4,7,minus,2,-0.02,0.02,0.009829248301684856,0.00963461585342884,4448.0,14188.0322265625,136.69624021899835,26.1065064930707,778.0,4.61674165725708,0.003882353426888585,0.021245166659355164,0.026909608393907547,0.019780367612838745,0.019337840378284454,0.011820243671536446,1.170051097869873,1.0662606954574585,7.525685787200928,0.8699729442596436
1617,29801,59,4,1,minus,3,-0.01,0.01,0.010890581645071507,0.010782218538224697,120216.0,40007440.0,431368.9612349123,252.4411932485487,7523.0,33.49873733520508,0.0002443856210447848,0.03864887356758118,0.02860582061111927,0.017027685418725014,0.04247899726033211,0.029159093275666237,3.1278157234191895,7.227877616882324,7.630624294281006,0.9706724286079407
1617,29801,59,4,2,minus,3,-0.01,0.01,0.011665408499538898,0.011549335904419422,134700.0,152424032.0,1760396.345473975,213.3149894298849,6357.0,38.7281608581543,0.0025844236370176077,0.0295098964124918,0.04058080539107323,0.046412743628025055,0.04167976975440979,0.04483244940638542,0.7273001670837402,9.898069381713867,9.137249946594238,0.9603471159934998
1617,29801,59,4,7,minus,3,-0.01,0.01,0.009829248301684856,0.009731445461511612,4421.0,17349.888671875,168.8394953736497,26.274286097781953,783.0,4.61674165725708,0.003882353426888585,0.021245166659355164,0.026909608393907547,0.019780367612838745,0.019337840378284454,0.011820243671536446,1.170051097869873,1.0662606954574585,7.525685787200928,0.8699729442596436
1617,29801,60,4,1,minus,4,-0.005,0.005,0.010890581645071507,0.010836264118552208,120294.0,40176904.0,435367.5432097167,252.5754169323177,7527.0,33.49873733520508,0.0002443856210447848,0.03864887356758118,0.02860582061111927,0.017027685418725014,0.04247899726033211,0.029159093275666237,3.1278157234191895,7.227877616882324,7.630624294281006,0.9706724286079407
1617,29801,60,4,2,minus,4,-0.005,0.005,0.011665408499538898,0.01160722691565752,134813.0,153835376.0,1785602.116887495,213.61699271836514,6366.0,38.7281608581543,0.0025844236370176077,0.0295098964124918,0.04058080539107323,0.046412743628025055,0.04167976975440979,0.04483244940638542,0.7273001670837402,9.898069381713867,9.137249946594238,0.9603471159934998
1617,29801,60,4,7,minus,4,-0.005,0.005,0.009829248301684856,0.009780224412679672,4472.0,16705.255859375,163.3811511759195,26.442065702493203,788.0,4.61674165725708,0.003882353426888585,0.021245166659355164,0.026909608393907547,0.019780367612838745,0.019337840378284454,0.011820243671536446,1.170051097869873,1.0662606954574585,7.525685787200928,0.8699729442596436
1617,29801,61,4,1,minus,5,-0.0025,0.0025,0.010890581645071507,0.010863388888537884,120365.0,40767016.0,442867.9486332461,252.67608469514445,7530.0,33.49873733520508,0.0002443856210447848,0.03864887356758118,0.02860582061111927,0.017027685418725014,0.04247899726033211,0.029159093275666237,3.1278157234191895,7.227877616882324,7.630624294281006,0.9706724286079407
1617,29801,61,4,2,minus,5,-0.0025,0.0025,0.011665408499538898,0.0116362813860178,135314.0,154389824.0,1796523.435201764,213.6505486393074,6367.0,38.7281608581543,0.0025844236370176077,0.0295098964124918,0.04058080539107323,0.046412743628025055,0.04167976975440979,0.04483244940638542,0.7273001670837402,9.898069381713867,9.137249946594238,0.9603471159934998
1617,29801,61,4,7,minus,5,-0.0025,0.0025,0.009829248301684856,0.00980470608919859,4503.0,16669.685546875,163.44136738647103,26.542733465319955,791.0,4.61674165725708,0.003882353426888585,0.021245166659355164,0.026909608393907547,0.019780367612838745,0.019337840378284454,0.011820243671536446,1.170051097869873,1.0662606954574585,7.525685787200928,0.8699729442596436
1617,29801,62,4,1,center,6,0.0,0.0,0.010890581645071507,0.010890581645071507,120557.0,41542880.0,452426.1264114082,252.81030837891345,7534.0,33.49873733520508,0.0002443856210447848,0.03864887356758118,0.02860582061111927,0.017027685418725014,0.04247899726033211,0.029159093275666237,3.1278157234191895,7.227877616882324,7.630624294281006,0.9706724286079407
1617,29801,62,4,2,center,6,0.0,0.0,0.011665408499538898,0.011665408499538898,135532.0,154075696.0,1797355.9336907715,213.9189960068454,6375.0,38.7281608581543,0.0025844236370176077,0.0295098964124918,0.04058080539107323,0.046412743628025055,0.04167976975440979,0.04483244940638542,0.7273001670837402,9.898069381713867,9.137249946594238,0.9603471159934998
1617,29801,62,4,7,center,6,0.0,0.0,0.009829248301684856,0.009829248301684856,4531.0,16834.216796875,165.46769686087828,26.542733465319955,791.0,4.61674165725708,0.003882353426888585,0.021245166659355164,0.026909608393907547,0.019780367612838745,0.019337840378284454,0.011820243671536446,1.170051097869873,1.0662606954574585,7.525685787200928,0.8699729442596436
1617,29801,63,4,1,plus,7,0.0025,0.0025,0.010890581645071507,0.010917842388153076,120528.0,40316064.0,440164.43246269226,252.9109761417402,7537.0,33.49873733520508,0.0002443856210447848,0.03864887356758118,0.02860582061111927,0.017027685418725014,0.04247899726033211,0.029159093275666237,3.1278157234191895,7.227877616882324,7.630624294281006,0.9706724286079407
1617,29801,63,4,2,plus,7,0.0025,0.0025,0.011665408499538898,0.011694609187543392,135919.0,156417776.0,1829244.7603047043,214.15388745344114,6382.0,38.7281608581543,0.0025844236370176077,0.0295098964124918,0.04058080539107323,0.046412743628025055,0.04167976975440979,0.04483244940638542,0.7273001670837402,9.898069381713867,9.137249946594238,0.9603471159934998
1617,29801,63,4,7,plus,7,0.0025,0.0025,0.009829248301684856,0.009853852912783623,4572.0,17443.087890625,171.8816224189759,26.643401228146704,794.0,4.61674165725708,0.003882353426888585,0.021245166659355164,0.026909608393907547,0.019780367612838745,0.019337840378284454,0.011820243671536446,1.170051097869873,1.0662606954574585,7.525685787200928,0.8699729442596436
1617,29801,64,4,1,plus,8,0.005,0.005,0.010890581645071507,0.010945171117782593,120583.0,40891768.0,447567.39806866646,253.01164390456694,7540.0,33.49873733520508,0.0002443856210447848,0.03864887356758118,0.02860582061111927,0.017027685418725014,0.04247899726033211,0.029159093275666237,3.1278157234191895,7.227877616882324,7.630624294281006,0.9706724286079407
1617,29801,64,4,2,plus,8,0.005,0.005,0.011665408499538898,0.011723881587386131,136883.0,157590368.0,1847570.8137446046,214.42233482097916,6390.0,38.7281608581543,0.0025844236370176077,0.0295098964124918,0.04058080539107323,0.046412743628025055,0.04167976975440979,0.04483244940638542,0.7273001670837402,9.898069381713867,9.137249946594238,0.9603471159934998
1617,29801,64,4,7,plus,8,0.005,0.005,0.009829248301684856,0.009878517128527164,4601.0,18380.634765625,181.57341536542845,26.676957149088956,795.0,4.61674165725708,0.003882353426888585,0.021245166659355164,0.026909608393907547,0.019780367612838745,0.019337840378284454,0.011820243671536446,1.170051097869873,1.0662606954574585,7.525685787200928,0.8699729442596436
1617,29801,65,4,1,plus,9,0.01,0.01,0.010890581645071507,0.011000033468008041,120914.0,41963772.0,461602.89644385874,253.3136471930472,7549.0,33.49873733520508,0.0002443856210447848,0.03864887356758118,0.02860582061111927,0.017027685418725014,0.04247899726033211,0.029159093275666237,3.1278157234191895,7.227877616882324,7.630624294281006,0.9706724286079407
1617,29801,65,4,2,plus,9,0.01,0.01,0.011665408499538898,0.011782648041844368,136499.0,159574848.0,1880214.2703148127,214.5901144256904,6395.0,38.7281608581543,0.0025844236370176077,0.0295098964124918,0.04058080539107323,0.046412743628025055,0.04167976975440979,0.04483244940638542,0.7273001670837402,9.898069381713867,9.137249946594238,0.9603471159934998
1617,29801,65,4,7,plus,9,0.01,0.01,0.009829248301684856,0.00992803368717432,4611.0,19947.056640625,198.03505028809923,26.744068990973457,797.0,4.61674165725708,0.003882353426888585,0.021245166659355164,0.026909608393907547,0.019780367612838745,0.019337840378284454,0.011820243671536446,1.170051097869873,1.0662606954574585,7.525685787200928,0.8699729442596436
1617,29801,66,4,1,plus,10,0.02,0.02,0.010890581645071507,0.011110586114227772,121885.0,42995724.0,477707.69404556975,253.95120969094995,7568.0,33.49873733520508,0.0002443856210447848,0.03864887356758118,0.02860582061111927,0.017027685418725014,0.04247899726033211,0.029159093275666237,3.1278157234191895,7.227877616882324,7.630624294281006,0.9706724286079407
1617,29801,66,4,2,plus,10,0.02,0.02,0.011665408499538898,0.011901064775884151,137369.0,161662528.0,1923956.2175611854,215.22767692359315,6414.0,38.7281608581543,0.0025844236370176077,0.0295098964124918,0.04058080539107323,0.046412743628025055,0.04167976975440979,0.04483244940638542,0.7273001670837402,9.898069381713867,9.137249946594238,0.9603471159934998
1617,29801,66,4,7,plus,10,0.02,0.02,0.009829248301684856,0.010027811862528324,4606.0,21447.376953125,215.07026103066346,26.844736753800206,800.0,4.61674165725708,0.003882353426888585,0.021245166659355164,0.026909608393907547,0.019780367612838745,0.019337840378284454,0.011820243671536446,1.170051097869873,1.0662606954574585,7.525685787200928,0.8699729442596436
1617,29801,67,4,1,plus,11,0.05,0.05,0.010890581645071507,0.011448953300714493,123896.0,45073540.0,516044.8545578867,255.59544981712023,7617.0,33.49873733520508,0.0002443856210447848,0.03864887356758118,0.02860582061111927,0.017027685418725014,0.04247899726033211,0.029159093275666237,3.1278157234191895,7.227877616882324,7.630624294281006,0.9706724286079407
1617,29801,67,4,2,plus,11,0.05,0.05,0.011665408499538898,0.012263506650924683,139760.0,165733872.0,2032478.4415555,216.7376933659944,6459.0,38.7281608581543,0.0025844236370176077,0.0295098964124918,0.04058080539107323,0.046412743628025055,0.04167976975440979,0.04483244940638542,0.7273001670837402,9.898069381713867,9.137249946594238,0.9603471159934998
1617,29801,67,4,7,plus,11,0.05,0.05,0.009829248301684856,0.01033320464193821,4668.0,20591.310546875,212.77422572655996,27.24740780510721,812.0,4.61674165725708,0.003882353426888585,0.021245166659355164,0.026909608393907547,0.019780367612838745,0.019337840378284454,0.011820243671536446,1.170051097869873,1.0662606954574585,7.525685787200928,0.8699729442596436
1617,29801,68,4,1,plus,12,0.1,0.1,0.010890581645071507,0.012035954743623734,126435.0,48427492.0,582871.1020592004,257.57524915271296,7676.0,33.49873733520508,0.0002443856210447848,0.03864887356758118,0.02860582061111927,0.017027685418725014,0.04247899726033211,0.029159093275666237,3.1278157234191895,7.227877616882324,7.630624294281006,0.9706724286079407
1617,29801,68,4,2,plus,12,0.1,0.1,0.011665408499538898,0.01289227046072483,143207.0,183727552.0,2368665.2914708853,219.05305191100967,6528.0,38.7281608581543,0.0025844236370176077,0.0295098964124918,0.04058080539107323,0.046412743628025055,0.04167976975440979,0.04483244940638542,0.7273001670837402,9.898069381713867,9.137249946594238,0.9603471159934998
1617,29801,68,4,7,plus,12,0.1,0.1,0.009829248301684856,0.010862999595701694,4924.0,25613.060546875,278.23466636538615,28.388309117143717,846.0,4.61674165725708,0.003882353426888585,0.021245166659355164,0.026909608393907547,0.019780367612838745,0.019337840378284454,0.011820243671536446,1.170051097869873,1.0662606954574585,7.525685787200928,0.8699729442596436
1617,29801,69,4,1,center_duplicate,-1,0.0,0.0,0.010890581645071507,0.010890581645071507,120557.0,41542880.0,452426.1264114082,252.81030837891345,7534.0,33.49873733520508,0.0002443856210447848,0.03864887356758118,0.02860582061111927,0.017027685418725014,0.04247899726033211,0.029159093275666237,3.1278157234191895,7.227877616882324,7.630624294281006,0.9706724286079407
1617,29801,69,4,2,center_duplicate,-1,0.0,0.0,0.011665408499538898,0.011665408499538898,135532.0,154075696.0,1797355.9336907715,213.9189960068454,6375.0,38.7281608581543,0.0025844236370176077,0.0295098964124918,0.04058080539107323,0.046412743628025055,0.04167976975440979,0.04483244940638542,0.7273001670837402,9.898069381713867,9.137249946594238,0.9603471159934998
1617,29801,69,4,7,center_duplicate,-1,0.0,0.0,0.009829248301684856,0.009829248301684856,4531.0,16834.216796875,165.46769686087828,26.542733465319955,791.0,4.61674165725708,0.003882353426888585,0.021245166659355164,0.026909608393907547,0.019780367612838745,0.019337840378284454,0.011820243671536446,1.170051097869873,1.0662606954574585,7.525685787200928,0.8699729442596436
1617,29801,70,5,1,minus,0,-0.1,0.1,0.012977655045688152,0.011742668226361275,7252.0,1316803.625,15462.788087644847,89.09097010167443,2655.0,24.337238311767578,0.002409239998087287,0.03230954334139824,0.022391311824321747,0.01260021235793829,0.024699371308088303,0.01829836703836918,7.951542377471924,8.247520446777344,4.818588733673096,0.26707765460014343
1617,29801,70,5,2,minus,0,-0.1,0.1,0.004819092340767384,0.004360495135188103,5755.0,1132773.5,4939.45333602,57.98463138820845,1728.0,31.63585090637207,0.0015944018959999084,0.017833586782217026,0.01037081889808178,0.013387742452323437,0.014229283668100834,0.0478997603058815,6.824490547180176,1.2873531579971313,2.1796975135803223,0.67423015832901
1617,29801,70,5,7,minus,0,-0.1,0.1,0.012707182206213474,0.011497934348881245,66963.0,12208317.0,140370.42737633083,163.65222643535452,4877.0,26.436113357543945,0.0015469755744561553,0.037771038711071014,0.013894619420170784,0.02938656508922577,0.021010667085647583,0.04061645269393921,2.290356397628784,4.109940528869629,6.244213104248047,0.661459743976593
1617,29801,71,5,1,minus,1,-0.05,0.05,0.012977655045688152,0.012344727292656898,7490.0,1386594.5,17117.130967997946,90.23187141371095,2689.0,24.337238311767578,0.002409239998087287,0.03230954334139824,0.022391311824321747,0.01260021235793829,0.024699371308088303,0.01829836703836918,7.951542377471924,8.247520446777344,4.818588733673096,0.26707765460014343
1617,29801,71,5,2,minus,1,-0.05,0.05,0.004819092340767384,0.0045840623788535595,6089.0,1177898.125,5399.558480934647,59.32686822589846,1768.0,31.63585090637207,0.0015944018959999084,0.017833586782217026,0.01037081889808178,0.013387742452323437,0.014229283668100834,0.0478997603058815,6.824490547180176,1.2873531579971313,2.1796975135803223,0.67423015832901
1617,29801,71,5,7,minus,1,-0.05,0.05,0.012707182206213474,0.012087445706129074,69896.0,13236067.0,159990.24122518674,167.04137445052177,4978.0,26.436113357543945,0.0015469755744561553,0.037771038711071014,0.013894619420170784,0.02938656508922577,0.021010667085647583,0.04061645269393921,2.290356397628784,4.109940528869629,6.244213104248047,0.661459743976593
1617,29801,72,5,1,minus,2,-0.02,0.02,0.012977655045688152,0.012720680795609951,7552.0,1356125.5,17250.839604286943,90.50031878124895,2697.0,24.337238311767578,0.002409239998087287,0.03230954334139824,0.022391311824321747,0.01260021235793829,0.024699371308088303,0.01829836703836918,7.951542377471924,8.247520446777344,4.818588733673096,0.26707765460014343
1617,29801,72,5,2,minus,2,-0.02,0.02,0.004819092340767384,0.004723668098449707,6444.0,1191748.625,5629.424961283803,60.36710177510821,1799.0,31.63585090637207,0.0015944018959999084,0.017833586782217026,0.01037081889808178,0.013387742452323437,0.014229283668100834,0.0478997603058815,6.824490547180176,1.2873531579971313,2.1796975135803223,0.67423015832901
1617,29801,72,5,7,minus,2,-0.02,0.02,0.012707182206213474,0.012455563060939312,71852.0,14467366.0,180199.18953868933,169.6587362840173,5056.0,26.436113357543945,0.0015469755744561553,0.037771038711071014,0.013894619420170784,0.02938656508922577,0.021010667085647583,0.04061645269393921,2.290356397628784,4.109940528869629,6.244213104248047,0.661459743976593
1617,29801,73,5,1,minus,3,-0.01,0.01,0.012977655045688152,0.012848525308072567,7453.0,1314571.625,16890.30679308658,90.6009865440757,2700.0,24.337238311767578,0.002409239998087287,0.03230954334139824,0.022391311824321747,0.01260021235793829,0.024699371308088303,0.01829836703836918,7.951542377471924,8.247520446777344,4.818588733673096,0.26707765460014343
1617,29801,73,5,2,minus,3,-0.01,0.01,0.004819092340767384,0.004771141801029444,6387.0,1155351.625,5512.3464329247945,60.33354585416596,1798.0,31.63585090637207,0.0015944018959999084,0.017833586782217026,0.01037081889808178,0.013387742452323437,0.014229283668100834,0.0478997603058815,6.824490547180176,1.2873531579971313,2.1796975135803223,0.67423015832901
1617,29801,73,5,7,minus,3,-0.01,0.01,0.012707182206213474,0.012580743990838528,72859.0,14539341.0,182915.72691650223,170.69896983322707,5087.0,26.436113357543945,0.0015469755744561553,0.037771038711071014,0.013894619420170784,0.02938656508922577,0.021010667085647583,0.04061645269393921,2.290356397628784,4.109940528869629,6.244213104248047,0.661459743976593
1617,29801,74,5,1,minus,4,-0.005,0.005,0.012977655045688152,0.012912928126752377,7472.0,1364665.875,17621.832360906643,90.70165430690244,2703.0,24.337238311767578,0.002409239998087287,0.03230954334139824,0.022391311824321747,0.01260021235793829,0.024699371308088303,0.01829836703836918,7.951542377471924,8.247520446777344,4.818588733673096,0.26707765460014343
1617,29801,74,5,2,minus,4,-0.005,0.005,0.004819092340767384,0.004795056767761707,6414.0,1170537.75,5612.794960058061,60.568437300761715,1805.0,31.63585090637207,0.0015944018959999084,0.017833586782217026,0.01037081889808178,0.013387742452323437,0.014229283668100834,0.0478997603058815,6.824490547180176,1.2873531579971313,2.1796975135803223,0.67423015832901
1617,29801,74,5,7,minus,4,-0.005,0.005,0.012707182206213474,0.012643804773688316,72960.0,14674989.0,185547.69597202353,170.86674943793832,5092.0,26.436113357543945,0.0015469755744561553,0.037771038711071014,0.013894619420170784,0.02938656508922577,0.021010667085647583,0.04061645269393921,2.290356397628784,4.109940528869629,6.244213104248047,0.661459743976593
1617,29801,75,5,1,minus,5,-0.0025,0.0025,0.012977655045688152,0.012945251539349556,7486.0,1388958.25,17980.413923904765,90.83587799067145,2707.0,24.337238311767578,0.002409239998087287,0.03230954334139824,0.022391311824321747,0.01260021235793829,0.024699371308088303,0.01829836703836918,7.951542377471924,8.247520446777344,4.818588733673096,0.26707765460014343
1617,29801,75,5,2,minus,5,-0.0025,0.0025,0.004819092340767384,0.004807059653103352,6456.0,1182759.25,5685.59427000978,60.702660984530716,1809.0,31.63585090637207,0.0015944018959999084,0.017833586782217026,0.01037081889808178,0.013387742452323437,0.014229283668100834,0.0478997603058815,6.824490547180176,1.2873531579971313,2.1796975135803223,0.67423015832901
1617,29801,75,5,7,minus,5,-0.0025,0.0025,0.012707182206213474,0.012675453908741474,72927.0,14918478.0,189098.4802775737,170.83319351699606,5091.0,26.436113357543945,0.0015469755744561553,0.037771038711071014,0.013894619420170784,0.02938656508922577,0.021010667085647583,0.04061645269393921,2.290356397628784,4.109940528869629,6.244213104248047,0.661459743976593
1617,29801,76,5,1,center,6,0.0,0.0,0.012977655045688152,0.012977655045688152,7553.0,1457552.25,18915.61031156662,91.0036575953827,2712.0,24.337238311767578,0.002409239998087287,0.03230954334139824,0.022391311824321747,0.01260021235793829,0.024699371308088303,0.01829836703836918,7.951542377471924,8.247520446777344,4.818588733673096,0.26707765460014343
1617,29801,76,5,2,center,6,0.0,0.0,0.004819092340767384,0.004819092340767384,6463.0,1146449.125,5524.844197366969,60.736216905472965,1810.0,31.63585090637207,0.0015944018959999084,0.017833586782217026,0.01037081889808178,0.013387742452323437,0.014229283668100834,0.0478997603058815,6.824490547180176,1.2873531579971313,2.1796975135803223,0.67423015832901
1617,29801,76,5,7,center,6,0.0,0.0,0.012707182206213474,0.012707182206213474,72874.0,15005891.0,190682.59110357892,170.7996375960538,5090.0,26.436113357543945,0.0015469755744561553,0.037771038711071014,0.013894619420170784,0.02938656508922577,0.021010667085647583,0.04061645269393921,2.290356397628784,4.109940528869629,6.244213104248047,0.661459743976593
1617,29801,77,5,1,plus,7,0.0025,0.0025,0.012977655045688152,0.013010140508413315,7577.0,1461524.5,19014.639101488516,91.0707694372672,2714.0,24.337238311767578,0.002409239998087287,0.03230954334139824,0.022391311824321747,0.01260021235793829,0.024699371308088303,0.01829836703836918,7.951542377471924,8.247520446777344,4.818588733673096,0.26707765460014343
1617,29801,77,5,2,plus,7,0.0025,0.0025,0.004819092340767384,0.0048311552964150906,6504.0,1160408.75,5606.114878568915,60.90399651018422,1815.0,31.63585090637207,0.0015944018959999084,0.017833586782217026,0.01037081889808178,0.013387742452323437,0.014229283668100834,0.0478997603058815,6.824490547180176,1.2873531579971313,2.1796975135803223,0.67423015832901
1617,29801,77,5,7,plus,7,0.0025,0.0025,0.012707182206213474,0.012738990597426891,73254.0,15179383.0,193370.0173117416,171.1351968054763,5100.0,26.436113357543945,0.0015469755744561553,0.037771038711071014,0.013894619420170784,0.02938656508922577,0.021010667085647583,0.04061645269393921,2.290356397628784,4.109940528869629,6.244213104248047,0.661459743976593
1617,29801,78,5,1,plus,8,0.005,0.005,0.012977655045688152,0.013042706064879894,7590.0,1456965.125,19002.767872155993,91.10432535820945,2715.0,24.337238311767578,0.002409239998087287,0.03230954334139824,0.022391311824321747,0.01260021235793829,0.024699371308088303,0.01829836703836918,7.951542377471924,8.247520446777344,4.818588733673096,0.26707765460014343
1617,29801,78,5,2,plus,8,0.005,0.005,0.004819092340767384,0.004843248054385185,6482.0,1172779.125,5680.06021537981,60.97110835206872,1817.0,31.63585090637207,0.0015944018959999084,0.017833586782217026,0.01037081889808178,0.013387742452323437,0.014229283668100834,0.0478997603058815,6.824490547180176,1.2873531579971313,2.1796975135803223,0.67423015832901
1617,29801,78,5,7,plus,8,0.005,0.005,0.012707182206213474,0.012770877219736576,73156.0,15130855.0,193234.29143463727,171.00097312170732,5096.0,26.436113357543945,0.0015469755744561553,0.037771038711071014,0.013894619420170784,0.02938656508922577,0.021010667085647583,0.04061645269393921,2.290356397628784,4.109940528869629,6.244213104248047,0.661459743976593
1617,29801,79,5,1,plus,9,0.01,0.01,0.012977655045688152,0.013108083046972752,7596.0,1405959.5,18429.433886680286,91.10432535820945,2715.0,24.337238311767578,0.002409239998087287,0.03230954334139824,0.022391311824321747,0.01260021235793829,0.024699371308088303,0.01829836703836918,7.951542377471924,8.247520446777344,4.818588733673096,0.26707765460014343
1617,29801,79,5,2,plus,9,0.01,0.01,0.004819092340767384,0.004867525305598974,6518.0,1180465.75,5745.946910517872,61.23955571960672,1825.0,31.63585090637207,0.0015944018959999084,0.017833586782217026,0.01037081889808178,0.013387742452323437,0.014229283668100834,0.0478997603058815,6.824490547180176,1.2873531579971313,2.1796975135803223,0.67423015832901
1617,29801,79,5,7,plus,9,0.01,0.01,0.012707182206213474,0.012834891676902771,73490.0,15100591.0,193814.4497422129,171.3365323311298,5106.0,26.436113357543945,0.0015469755744561553,0.037771038711071014,0.013894619420170784,0.02938656508922577,0.021010667085647583,0.04061645269393921,2.290356397628784,4.109940528869629,6.244213104248047,0.661459743976593
1617,29801,80,5,1,plus,10,0.02,0.02,0.012977655045688152,0.01323982048779726,7557.0,1418083.0,18775.164356797002,91.0707694372672,2714.0,24.337238311767578,0.002409239998087287,0.03230954334139824,0.022391311824321747,0.01260021235793829,0.024699371308088303,0.01829836703836918,7.951542377471924,8.247520446777344,4.818588733673096,0.26707765460014343
1617,29801,80,5,2,plus,10,0.02,0.02,0.004819092340767384,0.004916444420814514,6644.0,1284840.625,6316.847522417083,61.440891245260225,1831.0,31.63585090637207,0.0015944018959999084,0.017833586782217026,0.01037081889808178,0.013387742452323437,0.014229283668100834,0.0478997603058815,6.824490547180176,1.2873531579971313,2.1796975135803223,0.67423015832901
1617,29801,80,5,7,plus,10,0.02,0.02,0.012707182206213474,0.012963884510099888,74193.0,15280414.0,198093.52236251347,171.83987114526357,5121.0,26.436113357543945,0.0015469755744561553,0.037771038711071014,0.013894619420170784,0.02938656508922577,0.021010667085647583,0.04061645269393921,2.290356397628784,4.109940528869629,6.244213104248047,0.661459743976593
1617,29801,81,5,1,plus,11,0.05,0.05,0.012977655045688152,0.013643033802509308,7722.0,1472639.375,20091.26877203118,92.04389114459245,2743.0,24.337238311767578,0.002409239998087287,0.03230954334139824,0.022391311824321747,0.01260021235793829,0.024699371308088303,0.01829836703836918,7.951542377471924,8.247520446777344,4.818588733673096,0.26707765460014343
1617,29801,81,5,2,plus,11,0.05,0.05,0.004819092340767384,0.00506617221981287,6615.0,1238646.25,6275.195221925387,61.67578269185597,1838.0,31.63585090637207,0.0015944018959999084,0.017833586782217026,0.01037081889808178,0.013387742452323437,0.014229283668100834,0.0478997603058815,6.824490547180176,1.2873531579971313,2.1796975135803223,0.67423015832901
1617,29801,81,5,7,plus,11,0.05,0.05,0.012707182206213474,0.013358693569898605,76316.0,16361867.0,218573.16748443618,174.15522969027884,5190.0,26.436113357543945,0.0015469755744561553,0.037771038711071014,0.013894619420170784,0.02938656508922577,0.021010667085647583,0.04061645269393921,2.290356397628784,4.109940528869629,6.244213104248047,0.661459743976593
1617,29801,82,5,1,plus,12,0.1,0.1,0.012977655045688152,0.014342527836561203,8196.0,1496974.25,21470.39485124033,93.55390758699372,2788.0,24.337238311767578,0.002409239998087287,0.03230954334139824,0.022391311824321747,0.01260021235793829,0.024699371308088303,0.01829836703836918,7.951542377471924,8.247520446777344,4.818588733673096,0.26707765460014343
1617,29801,82,5,2,plus,12,0.1,0.1,0.004819092340767384,0.005325920879840851,7017.0,1491834.5,7945.392512816936,62.88379584577698,1874.0,31.63585090637207,0.0015944018959999084,0.017833586782217026,0.01037081889808178,0.013387742452323437,0.014229283668100834,0.0478997603058815,6.824490547180176,1.2873531579971313,2.1796975135803223,0.67423015832901
1617,29801,82,5,7,plus,12,0.1,0.1,0.012707182206213474,0.01404360868036747,79309.0,17710792.0,248723.43226738274,177.3430421797926,5285.0,26.436113357543945,0.0015469755744561553,0.037771038711071014,0.013894619420170784,0.02938656508922577,0.021010667085647583,0.04061645269393921,2.290356397628784,4.109940528869629,6.244213104248047,0.661459743976593
1617,29801,83,5,1,center_duplicate,-1,0.0,0.0,0.012977655045688152,0.012977655045688152,7553.0,1457552.25,18915.61031156662,91.0036575953827,2712.0,24.337238311767578,0.002409239998087287,0.03230954334139824,0.022391311824321747,0.01260021235793829,0.024699371308088303,0.01829836703836918,7.951542377471924,8.247520446777344,4.818588733673096,0.26707765460014343
1617,29801,83,5,2,center_duplicate,-1,0.0,0.0,0.004819092340767384,0.004819092340767384,6463.0,1146449.125,5524.844197366969,60.736216905472965,1810.0,31.63585090637207,0.0015944018959999084,0.017833586782217026,0.01037081889808178,0.013387742452323437,0.014229283668100834,0.0478997603058815,6.824490547180176,1.2873531579971313,2.1796975135803223,0.67423015832901
1617,29801,83,5,7,center_duplicate,-1,0.0,0.0,0.012707182206213474,0.012707182206213474,72874.0,15005891.0,190682.59110357892,170.7996375960538,5090.0,26.436113357543945,0.0015469755744561553,0.037771038711071014,0.013894619420170784,0.02938656508922577,0.021010667085647583,0.04061645269393921,2.290356397628784,4.109940528869629,6.244213104248047,0.661459743976593
1617,29801,84,6,1,minus,0,-0.1,0.1,0.018187135457992554,0.016456400975584984,8473.0,17154986.0,282309.32834654674,84.22536156504815,2510.0,96.47991180419922,0.004879876971244812,0.02411128394305706,0.015877479687333107,0.0440637469291687,0.04745238646864891,0.024348696693778038,1.7147413492202759,2.418577194213867,1.9084950685501099,0.6177399754524231
1617,29801,84,6,2,minus,0,-0.1,0.1,0.016054220497608185,0.014526459388434887,19417.0,54662864.0,794057.8739515394,100.23153585450152,2987.0,71.22661590576172,0.003998503088951111,0.03332260996103287,0.04898757115006447,0.019731642678380013,0.017863517627120018,0.013543943874537945,8.574448585510254,3.511550188064575,4.462161540985107,0.47644639015197754
1617,29801,84,6,7,minus,0,-0.1,0.1,0.01834116317331791,0.01659577153623104,28632.0,7171908.5,119023.35494475346,107.37894701520082,3200.0,18.03076934814453,0.0031880333553999662,0.013988914899528027,0.049588657915592194,0.04881652444601059,0.03754022717475891,0.029685191810131073,5.470731735229492,2.148503541946411,4.848639011383057,0.7454955577850342
1617,29801,85,6,1,minus,1,-0.05,0.05,0.018187135457992554,0.017300138249993324,8407.0,19309526.0,334057.4693418406,84.56092077447065,2520.0,96.47991180419922,0.004879876971244812,0.02411128394305706,0.015877479687333107,0.0440637469291687,0.04745238646864891,0.024348696693778038,1.7147413492202759,2.418577194213867,1.9084950685501099,0.6177399754524231
1617,29801,85,6,2,minus,1,-0.05,0.05,0.016054220497608185,0.015271247364580631,19615.0,62183120.0,949613.8074214011,100.86909835240428,3006.0,71.22661590576172,0.003998503088951111,0.03332260996103287,0.04898757115006447,0.019731642678380013,0.017863517627120018,0.013543943874537945,8.574448585510254,3.511550188064575,4.462161540985107,0.47644639015197754
1617,29801,85,6,7,minus,1,-0.05,0.05,0.01834116317331791,0.01744665391743183,29521.0,7657564.5,133598.87768191192,109.02318714137108,3249.0,18.03076934814453,0.0031880333553999662,0.013988914899528027,0.049588657915592194,0.04881652444601059,0.03754022717475891,0.029685191810131073,5.470731735229492,2.148503541946411,4.848639011383057,0.7454955577850342
1617,29801,86,6,1,minus,2,-0.02,0.02,0.018187135457992554,0.017827006056904793,8433.0,20142898.0,359087.56464961544,84.56092077447065,2520.0,96.47991180419922,0.004879876971244812,0.02411128394305706,0.015877479687333107,0.0440637469291687,0.04745238646864891,0.024348696693778038,1.7147413492202759,2.418577194213867,1.9084950685501099,0.6177399754524231
1617,29801,86,6,2,minus,2,-0.02,0.02,0.016054220497608185,0.015736326575279236,19778.0,65840208.0,1036083.0148723125,101.17110164088453,3015.0,71.22661590576172,0.003998503088951111,0.03332260996103287,0.04898757115006447,0.019731642678380013,0.017863517627120018,0.013543943874537945,8.574448585510254,3.511550188064575,4.462161540985107,0.47644639015197754
1617,29801,86,6,7,minus,2,-0.02,0.02,0.01834116317331791,0.017977984622120857,30259.0,7811981.0,140443.67428630032,110.09697661152309,3281.0,18.03076934814453,0.0031880333553999662,0.013988914899528027,0.049588657915592194,0.04881652444601059,0.03754022717475891,0.029685191810131073,5.470731735229492,2.148503541946411,4.848639011383057,0.7454955577850342
1617,29801,87,6,1,minus,3,-0.01,0.01,0.018187135457992554,0.01800617016851902,8334.0,19906918.0,358447.3530387543,84.8629240629509,2529.0,96.47991180419922,0.004879876971244812,0.02411128394305706,0.015877479687333107,0.0440637469291687,0.04745238646864891,0.024348696693778038,1.7147413492202759,2.418577194213867,1.9084950685501099,0.6177399754524231
1617,29801,87,6,2,minus,3,-0.01,0.01,0.016054220497608185,0.01589447818696499,19767.0,66017988.0,1049321.4702133164,101.27176940371128,3018.0,71.22661590576172,0.003998503088951111,0.03332260996103287,0.04898757115006447,0.019731642678380013,0.017863517627120018,0.013543943874537945,8.574448585510254,3.511550188064575,4.462161540985107,0.47644639015197754
1617,29801,87,6,7,minus,3,-0.01,0.01,0.01834116317331791,0.01815866492688656,30510.0,8185480.5,148637.39766506385,110.66742726754136,3298.0,18.03076934814453,0.0031880333553999662,0.013988914899528027,0.049588657915592194,0.04881652444601059,0.03754022717475891,0.029685191810131073,5.470731735229492,2.148503541946411,4.848639011383057,0.7454955577850342
1617,29801,88,6,1,minus,4,-0.005,0.005,0.018187135457992554,0.018096426501870155,8321.0,20316810.0,367661.6589174606,84.96359182577766,2532.0,96.47991180419922,0.004879876971244812,0.02411128394305706,0.015877479687333107,0.0440637469291687,0.04745238646864891,0.024348696693778038,1.7147413492202759,2.418577194213867,1.9084950685501099,0.6177399754524231
1617,29801,88,6,2,minus,4,-0.005,0.005,0.016054220497608185,0.015974149107933044,19762.0,65394232.0,1044617.2127667665,101.27176940371128,3018.0,71.22661590576172,0.003998503088951111,0.03332260996103287,0.04898757115006447,0.019731642678380013,0.017863517627120018,0.013543943874537945,8.574448585510254,3.511550188064575,4.462161540985107,0.47644639015197754
1617,29801,88,6,7,minus,4,-0.005,0.005,0.01834116317331791,0.018249686807394028,30583.0,8251882.5,150594.27119641565,110.8352068722526,3303.0,18.03076934814453,0.0031880333553999662,0.013988914899528027,0.049588657915592194,0.04881652444601059,0.03754022717475891,0.029685191810131073,5.470731735229492,2.148503541946411,4.848639011383057,0.7454955577850342
1617,29801,89,6,1,minus,5,-0.0025,0.0025,0.018187135457992554,0.018141724169254303,8388.0,20698914.0,375513.98839111626,85.0642595886044,2535.0,96.47991180419922,0.004879876971244812,0.02411128394305706,0.015877479687333107,0.0440637469291687,0.04745238646864891,0.024348696693778038,1.7147413492202759,2.418577194213867,1.9084950685501099,0.6177399754524231
1617,29801,89,6,2,minus,5,-0.0025,0.0025,0.016054220497608185,0.016014134511351585,19838.0,65505128.0,1049007.930975303,101.37243716653803,3021.0,71.22661590576172,0.003998503088951111,0.03332260996103287,0.04898757115006447,0.019731642678380013,0.017863517627120018,0.013543943874537945,8.574448585510254,3.511550188064575,4.462161540985107,0.47644639015197754
1617,29801,89,6,7,minus,5,-0.0025,0.0025,0.01834116317331791,0.018295366317033768,30766.0,8321334.0,152241.85377638787,110.93587463507936,3306.0,18.03076934814453,0.0031880333553999662,0.013988914899528027,0.049588657915592194,0.04881652444601059,0.03754022717475891,0.029685191810131073,5.470731735229492,2.148503541946411,4.848639011383057,0.7454955577850342
1617,29801,90,6,1,center,6,0.0,0.0,0.018187135457992554,0.018187135457992554,8573.0,20833634.0,378904.12364023924,84.96359182577766,2532.0,96.47991180419922,0.004879876971244812,0.02411128394305706,0.015877479687333107,0.0440637469291687,0.04745238646864891,0.024348696693778038,1.7147413492202759,2.418577194213867,1.9084950685501099,0.6177399754524231
1617,29801,90,6,2,center,6,0.0,0.0,0.016054220497608185,0.016054220497608185,19893.0,65426284.0,1050367.9896751344,101.40599308748028,3022.0,71.22661590576172,0.003998503088951111,0.03332260996103287,0.04898757115006447,0.019731642678380013,0.017863517627120018,0.013543943874537945,8.574448585510254,3.511550188064575,4.462161540985107,0.47644639015197754
1617,29801,90,6,7,center,6,0.0,0.0,0.01834116317331791,0.01834116317331791,30760.0,8392933.0,153936.1536557246,111.00298647696386,3308.0,18.03076934814453,0.0031880333553999662,0.013988914899528027,0.049588657915592194,0.04881652444601059,0.03754022717475891,0.029685191810131073,5.470731735229492,2.148503541946411,4.848639011383057,0.7454955577850342
1617,29801,91,6,1,plus,7,0.0025,0.0025,0.018187135457992554,0.018232660368084908,8760.0,21167506.0,385939.9477373995,84.9971477467199,2533.0,96.47991180419922,0.004879876971244812,0.02411128394305706,0.015877479687333107,0.0440637469291687,0.04745238646864891,0.024348696693778038,1.7147413492202759,2.418577194213867,1.9084950685501099,0.6177399754524231
1617,29801,91,6,2,plus,7,0.0025,0.0025,0.016054220497608185,0.016094407066702843,19912.0,65753440.0,1058262.6293960214,101.50666085030703,3025.0,71.22661590576172,0.003998503088951111,0.03332260996103287,0.04898757115006447,0.019731642678380013,0.017863517627120018,0.013543943874537945,8.574448585510254,3.511550188064575,4.462161540985107,0.47644639015197754
1617,29801,91,6,7,plus,7,0.0025,0.0025,0.01834116317331791,0.018387073650956154,30790.0,8573011.0,157632.58466745727,111.07009831884835,3310.0,18.03076934814453,0.0031880333553999662,0.013988914899528027,0.049588657915592194,0.04881652444601059,0.03754022717475891,0.029685191810131073,5.470731735229492,2.148503541946411,4.848639011383057,0.7454955577850342
1617,29801,92,6,1,plus,8,0.005,0.005,0.018187135457992554,0.018278298899531364,8655.0,21784444.0,398182.57879210263,85.03070366766215,2534.0,96.47991180419922,0.004879876971244812,0.02411128394305706,0.015877479687333107,0.0440637469291687,0.04745238646864891,0.024348696693778038,1.7147413492202759,2.418577194213867,1.9084950685501099,0.6177399754524231
1617,29801,92,6,2,plus,8,0.005,0.005,0.016054220497608185,0.01613469235599041,19921.0,67126040.0,1083058.0044759065,101.47310492936478,3024.0,71.22661590576172,0.003998503088951111,0.03332260996103287,0.04898757115006447,0.019731642678380013,0.017863517627120018,0.013543943874537945,8.574448585510254,3.511550188064575,4.462161540985107,0.47644639015197754
1617,29801,92,6,7,plus,8,0.005,0.005,0.01834116317331791,0.0184330977499485,30829.0,8613862.0,158780.1602505669,111.23787792355961,3315.0,18.03076934814453,0.0031880333553999662,0.013988914899528027,0.049588657915592194,0.04881652444601059,0.03754022717475891,0.029685191810131073,5.470731735229492,2.148503541946411,4.848639011383057,0.7454955577850342
1617,29801,93,6,1,plus,9,0.01,0.01,0.018187135457992554,0.018369918689131737,8660.0,22233406.0,408425.8604024537,85.23203919331566,2540.0,96.47991180419922,0.004879876971244812,0.02411128394305706,0.015877479687333107,0.0440637469291687,0.04745238646864891,0.024348696693778038,1.7147413492202759,2.418577194213867,1.9084950685501099,0.6177399754524231
1617,29801,93,6,2,plus,9,0.01,0.01,0.016054220497608185,0.016215568408370018,19930.0,68631248.0,1112894.696895808,101.43954900842253,3023.0,71.22661590576172,0.003998503088951111,0.03332260996103287,0.04898757115006447,0.019731642678380013,0.017863517627120018,0.013543943874537945,8.574448585510254,3.511550188064575,4.462161540985107,0.47644639015197754
1617,29801,93,6,7,plus,9,0.01,0.01,0.01834116317331791,0.018525494262576103,30962.0,8846397.0,163883.87686797045,111.33854568638635,3318.0,18.03076934814453,0.0031880333553999662,0.013988914899528027,0.049588657915592194,0.04881652444601059,0.03754022717475891,0.029685191810131073,5.470731735229492,2.148503541946411,4.848639011383057,0.7454955577850342
1617,29801,94,6,1,plus,10,0.02,0.02,0.018187135457992554,0.01855454035103321,8492.0,22185792.0,411647.1728836298,85.2655951142579,2541.0,96.47991180419922,0.004879876971244812,0.02411128394305706,0.015877479687333107,0.0440637469291687,0.04745238646864891,0.024348696693778038,1.7147413492202759,2.418577194213867,1.9084950685501099,0.6177399754524231
1617,29801,94,6,2,plus,10,0.02,0.02,0.016054220497608185,0.016378536820411682,19992.0,67390904.0,1103764.402524829,101.64088453407604,3029.0,71.22661590576172,0.003998503088951111,0.03332260996103287,0.04898757115006447,0.019731642678380013,0.017863517627120018,0.013543943874537945,8.574448585510254,3.511550188064575,4.462161540985107,0.47644639015197754
1617,29801,94,6,7,plus,10,0.02,0.02,0.01834116317331791,0.018711678683757782,31076.0,9077391.0,169853.22367883474,111.67410489580885,3328.0,18.03076934814453,0.0031880333553999662,0.013988914899528027,0.049588657915592194,0.04881652444601059,0.03754022717475891,0.029685191810131073,5.470731735229492,2.148503541946411,4.848639011383057,0.7454955577850342
1617,29801,95,6,1,plus,11,0.05,0.05,0.018187135457992554,0.019119609147310257,8712.0,24416128.0,466826.8242506981,85.6011543236804,2551.0,96.47991180419922,0.004879876971244812,0.02411128394305706,0.015877479687333107,0.0440637469291687,0.04745238646864891,0.024348696693778038,1.7147413492202759,2.418577194213867,1.9084950685501099,0.6177399754524231
1617,29801,95,6,2,plus,11,0.05,0.05,0.016054220497608185,0.01687733829021454,20094.0,76576760.0,1292411.883688569,101.90933190161404,3037.0,71.22661590576172,0.003998503088951111,0.03332260996103287,0.04898757115006447,0.019731642678380013,0.017863517627120018,0.013543943874537945,8.574448585510254,3.511550188064575,4.462161540985107,0.47644639015197754
1617,29801,95,6,7,plus,11,0.05,0.05,0.01834116317331791,0.019281534478068352,31679.0,9565218.0,184432.08065724,112.98278581255661,3367.0,18.03076934814453,0.0031880333553999662,0.013988914899528027,0.049588657915592194,0.04881652444601059,0.03754022717475891,0.029685191810131073,5.470731735229492,2.148503541946411,4.848639011383057,0.7454955577850342
1617,29801,96,6,1,plus,12,0.1,0.1,0.018187135457992554,0.02009989321231842,8755.0,25703730.0,516642.22815826535,86.30582866346766,2572.0,96.47991180419922,0.004879876971244812,0.02411128394305706,0.015877479687333107,0.0440637469291687,0.04745238646864891,0.024348696693778038,1.7147413492202759,2.418577194213867,1.9084950685501099,0.6177399754524231
1617,29801,96,6,2,plus,12,0.1,0.1,0.016054220497608185,0.017742658033967018,20269.0,84140272.0,1492872.0729809701,102.14422334820979,3044.0,71.22661590576172,0.003998503088951111,0.03332260996103287,0.04898757115006447,0.019731642678380013,0.017863517627120018,0.013543943874537945,8.574448585510254,3.511550188064575,4.462161540985107,0.47644639015197754
1617,29801,96,6,7,plus,12,0.1,0.1,0.01834116317331791,0.020270120352506638,32534.0,10119505.0,205123.58425779268,114.76124962249588,3420.0,18.03076934814453,0.0031880333553999662,0.013988914899528027,0.049588657915592194,0.04881652444601059,0.03754022717475891,0.029685191810131073,5.470731735229492,2.148503541946411,4.848639011383057,0.7454955577850342
1617,29801,97,6,1,center_duplicate,-1,0.0,0.0,0.018187135457992554,0.018187135457992554,8573.0,20833634.0,378904.12364023924,84.96359182577766,2532.0,96.47991180419922,0.004879876971244812,0.02411128394305706,0.015877479687333107,0.0440637469291687,0.04745238646864891,0.024348696693778038,1.7147413492202759,2.418577194213867,1.9084950685501099,0.6177399754524231
1617,29801,97,6,2,center_duplicate,-1,0.0,0.0,0.016054220497608185,0.016054220497608185,19893.0,65426284.0,1050367.9896751344,101.40599308748028,3022.0,71.22661590576172,0.003998503088951111,0.03332260996103287,0.04898757115006447,0.019731642678380013,0.017863517627120018,0.013543943874537945,8.574448585510254,3.511550188064575,4.462161540985107,0.47644639015197754
1617,29801,97,6,7,center_duplicate,-1,0.0,0.0,0.01834116317331791,0.01834116317331791,30760.0,8392933.0,153936.1536557246,111.00298647696386,3308.0,18.03076934814453,0.0031880333553999662,0.013988914899528027,0.049588657915592194,0.04881652444601059,0.03754022717475891,0.029685191810131073,5.470731735229492,2.148503541946411,4.848639011383057,0.7454955577850342
1617,29801,98,7,1,minus,0,-0.1,0.1,0.005644886288791895,0.005107704550027847,8747.0,6248138.0,31913.642891801894,92.07744706553471,2744.0,52.32191848754883,0.001907689031213522,0.028657300397753716,0.013177522458136082,0.02046092227101326,0.031077144667506218,0.049670636653900146,6.481612205505371,0.2743898928165436,1.009099006652832,0.3861621022224426
1617,29801,98,7,2,minus,0,-0.1,0.1,0.01847972720861435,0.016721148043870926,1372.0,78.1392822265625,1.3065785061521638,21.039562430790912,627.0,1.9274224042892456,0.0006420366116799414,0.020790288224816322,0.027660297229886055,0.02674812823534012,0.03037550114095211,0.03694647178053856,4.407487869262695,6.496186256408691,3.348017930984497,0.552773118019104
1617,29801,98,7,7,minus,0,-0.1,0.1,0.006495960056781769,0.005877787712961435,12151.0,6265365.0,36826.48541421862,73.85658199389282,2201.0,81.40618896484375,0.0025993387680500746,0.016788994893431664,0.04067101329565048,0.03674013912677765,0.012556415051221848,0.04945344105362892,7.4825053215026855,6.3737263679504395,0.6165230870246887,0.23225137591362
1617,29801,99,7,1,minus,1,-0.05,0.05,0.005644886288791895,0.005369582213461399,8794.0,6397182.5,34350.19736826653,92.98345693097546,2771.0,52.32191848754883,0.001907689031213522,0.028657300397753716,0.013177522458136082,0.02046092227101326,0.031077144667506218,0.049670636653900146,6.481612205505371,0.2743898928165436,1.009099006652832,0.3861621022224426
1617,29801,99,7,2,minus,1,-0.05,0.05,0.01847972720861435,0.01757846027612686,1353.0,236.9108428955078,4.164527840822416,22.549578873192175,672.0,1.9274224042892456,0.0006420366116799414,0.020790288224816322,0.027660297229886055,0.02674812823534012,0.03037550114095211,0.03694647178053856,4.407487869262695,6.496186256408691,3.348017930984497,0.552773118019104
1617,29801,99,7,7,minus,1,-0.05,0.05,0.006495960056781769,0.006179148331284523,12575.0,6507773.0,40212.494673328474,74.99748330592932,2235.0,81.40618896484375,0.0025993387680500746,0.016788994893431664,0.04067101329565048,0.03674013912677765,0.012556415051221848,0.04945344105362892,7.4825053215026855,6.3737263679504395,0.6165230870246887,0.23225137591362
1617,29801,100,7,1,minus,2,-0.02,0.02,0.005644886288791895,0.00553310988470912,9013.0,7092642.5,39244.370325458,93.75524311264722,2794.0,52.32191848754883,0.001907689031213522,0.028657300397753716,0.013177522458136082,0.02046092227101326,0.031077144667506218,0.049670636653900146,6.481612205505371,0.2743898928165436,1.009099006652832,0.3861621022224426
1617,29801,100,7,2,minus,2,-0.02,0.02,0.01847972720861435,0.01811380498111248,1348.0,246.64749145507812,4.467724559297892,23.22069729203718,692.0,1.9274224042892456,0.0006420366116799414,0.020790288224816322,0.027660297229886055,0.02674812823534012,0.03037550114095211,0.03694647178053856,4.407487869262695,6.496186256408691,3.348017930984497,0.552773118019104
1617,29801,100,7,7,minus,2,-0.02,0.02,0.006495960056781769,0.006367331370711327,12938.0,7219436.0,45968.5413216427,75.83638132948558,2260.0,81.40618896484375,0.0025993387680500746,0.016788994893431664,0.04067101329565048,0.03674013912677765,0.012556415051221848,0.04945344105362892,7.4825053215026855,6.3737263679504395,0.6165230870246887,0.23225137591362
1617,29801,101,7,1,minus,3,-0.01,0.01,0.005644886288791895,0.005588718689978123,9124.0,7109409.0,39732.486952998675,93.92302271735848,2799.0,52.32191848754883,0.001907689031213522,0.028657300397753716,0.013177522458136082,0.02046092227101326,0.031077144667506218,0.049670636653900146,6.481612205505371,0.2743898928165436,1.009099006652832,0.3861621022224426
1617,29801,101,7,2,minus,3,-0.01,0.01,0.01847972720861435,0.018295850604772568,1355.0,270.3448791503906,4.946189520700841,23.45558873863293,699.0,1.9274224042892456,0.0006420366116799414,0.020790288224816322,0.027660297229886055,0.02674812823534012,0.03037550114095211,0.03694647178053856,4.407487869262695,6.496186256408691,3.348017930984497,0.552773118019104
1617,29801,101,7,7,minus,3,-0.01,0.01,0.006495960056781769,0.006431324407458305,12802.0,7260266.5,46693.129146101885,75.76926948760108,2258.0,81.40618896484375,0.0025993387680500746,0.016788994893431664,0.04067101329565048,0.03674013912677765,0.012556415051221848,0.04945344105362892,7.4825053215026855,6.3737263679504395,0.6165230870246887,0.23225137591362
1617,29801,102,7,1,minus,4,-0.005,0.005,0.005644886288791895,0.005616732407361269,9138.0,7285191.0,40918.96838351665,94.02369048018522,2802.0,52.32191848754883,0.001907689031213522,0.028657300397753716,0.013177522458136082,0.02046092227101326,0.031077144667506218,0.049670636653900146,6.481612205505371,0.2743898928165436,1.009099006652832,0.3861621022224426
1617,29801,102,7,2,minus,4,-0.005,0.005,0.01847972720861435,0.018387557938694954,1352.0,467.76348876953125,8.601028251355842,23.690480185228683,706.0,1.9274224042892456,0.0006420366116799414,0.020790288224816322,0.027660297229886055,0.02674812823534012,0.03037550114095211,0.03694647178053856,4.407487869262695,6.496186256408691,3.348017930984497,0.552773118019104
1617,29801,102,7,7,minus,4,-0.005,0.005,0.006495960056781769,0.0064635612070560455,12799.0,6941278.5,44865.37843997218,75.93704909231234,2263.0,81.40618896484375,0.0025993387680500746,0.016788994893431664,0.04067101329565048,0.03674013912677765,0.012556415051221848,0.04945344105362892,7.4825053215026855,6.3737263679504395,0.6165230870246887,0.23225137591362
1617,29801,103,7,1,minus,5,-0.0025,0.0025,0.005644886288791895,0.005630791652947664,9131.0,7454261.5,41973.393433089135,94.19147008489648,2807.0,52.32191848754883,0.001907689031213522,0.028657300397753716,0.013177522458136082,0.02046092227101326,0.031077144667506218,0.049670636653900146,6.481612205505371,0.2743898928165436,1.009099006652832,0.3861621022224426
1617,29801,103,7,2,minus,5,-0.0025,0.0025,0.01847972720861435,0.0184335857629776,1377.0,767.578125,14.14921719697304,23.858259789939932,711.0,1.9274224042892456,0.0006420366116799414,0.020790288224816322,0.027660297229886055,0.02674812823534012,0.03037550114095211,0.03694647178053856,4.407487869262695,6.496186256408691,3.348017930984497,0.552773118019104
1617,29801,103,7,7,minus,5,-0.0025,0.0025,0.006495960056781769,0.006479740142822266,12735.0,6999228.0,45353.1786403656,76.00416093419683,2265.0,81.40618896484375,0.0025993387680500746,0.016788994893431664,0.04067101329565048,0.03674013912677765,0.012556415051221848,0.04945344105362892,7.4825053215026855,6.3737263679504395,0.6165230870246887,0.23225137591362
1617,29801,104,7,1,center,6,0.0,0.0,0.005644886288791895,0.005644886288791895,9191.0,7587657.0,42831.46096335584,94.35924968960772,2812.0,52.32191848754883,0.001907689031213522,0.028657300397753716,0.013177522458136082,0.02046092227101326,0.031077144667506218,0.049670636653900146,6.481612205505371,0.2743898928165436,1.009099006652832,0.3861621022224426
1617,29801,104,7,2,center,6,0.0,0.0,0.01847972720861435,0.01847972720861435,1380.0,767.3243408203125,14.1799444988892,23.958927552766685,714.0,1.9274224042892456,0.0006420366116799414,0.020790288224816322,0.027660297229886055,0.02674812823534012,0.03037550114095211,0.03694647178053856,4.407487869262695,6.496186256408691,3.348017930984497,0.552773118019104
1617,29801,104,7,7,center,6,0.0,0.0,0.006495960056781769,0.006495960056781769,12746.0,7124049.0,46277.5377465561,76.03771685513908,2266.0,81.40618896484375,0.0025993387680500746,0.016788994893431664,0.04067101329565048,0.03674013912677765,0.012556415051221848,0.04945344105362892,7.4825053215026855,6.3737263679504395,0.6165230870246887,0.23225137591362
1617,29801,105,7,1,plus,7,0.0025,0.0025,0.005644886288791895,0.005659016314893961,9117.0,7732645.5,43759.16704179137,94.29213784772323,2810.0,52.32191848754883,0.001907689031213522,0.028657300397753716,0.013177522458136082,0.02046092227101326,0.031077144667506218,0.049670636653900146,6.481612205505371,0.2743898928165436,1.009099006652832,0.3861621022224426
1617,29801,105,7,2,plus,7,0.0025,0.0025,0.01847972720861435,0.01852598413825035,1393.0,767.387451171875,14.216607748302522,23.992483473708933,715.0,1.9274224042892456,0.0006420366116799414,0.020790288224816322,0.027660297229886055,0.02674812823534012,0.03037550114095211,0.03694647178053856,4.407487869262695,6.496186256408691,3.348017930984497,0.552773118019104
1617,29801,105,7,7,plus,7,0.0025,0.0025,0.006495960056781769,0.006512220483273268,12775.0,7130221.0,46433.5712464652,76.13838461796584,2269.0,81.40618896484375,0.0025993387680500746,0.016788994893431664,0.04067101329565048,0.03674013912677765,0.012556415051221848,0.04945344105362892,7.4825053215026855,6.3737263679504395,0.6165230870246887,0.23225137591362
1617,29801,106,7,1,plus,8,0.005,0.005,0.005644886288791895,0.005673181265592575,9128.0,7741316.0,43917.88890223205,94.39280561054997,2813.0,52.32191848754883,0.001907689031213522,0.028657300397753716,0.013177522458136082,0.02046092227101326,0.031077144667506218,0.049670636653900146,6.481612205505371,0.2743898928165436,1.009099006652832,0.3861621022224426
1617,29801,106,7,2,plus,8,0.005,0.005,0.01847972720861435,0.018572356551885605,1390.0,740.272705078125,13.748608624339795,24.160263078420186,720.0,1.9274224042892456,0.0006420366116799414,0.020790288224816322,0.027660297229886055,0.02674812823534012,0.03037550114095211,0.03694647178053856,4.407487869262695,6.496186256408691,3.348017930984497,0.552773118019104
1617,29801,106,7,7,plus,8,0.005,0.005,0.006495960056781769,0.006528520956635475,12823.0,7214266.0,47098.48676774278,76.20549645985034,2271.0,81.40618896484375,0.0025993387680500746,0.016788994893431664,0.04067101329565048,0.03674013912677765,0.012556415051221848,0.04945344105362892,7.4825053215026855,6.3737263679504395,0.6165230870246887,0.23225137591362
1617,29801,107,7,1,plus,9,0.01,0.01,0.005644886288791895,0.005701618269085884,9239.0,8133190.0,46372.34468994662,94.62769705714572,2820.0,52.32191848754883,0.001907689031213522,0.028657300397753716,0.013177522458136082,0.02046092227101326,0.031077144667506218,0.049670636653900146,6.481612205505371,0.2743898928165436,1.009099006652832,0.3861621022224426
1617,29801,107,7,2,plus,9,0.01,0.01,0.01847972720861435,0.018665451556444168,1385.0,738.0073852539062,13.775241097754815,24.260930841246935,723.0,1.9274224042892456,0.0006420366116799414,0.020790288224816322,0.027660297229886055,0.02674812823534012,0.03037550114095211,0.03694647178053856,4.407487869262695,6.496186256408691,3.348017930984497,0.552773118019104
1617,29801,107,7,7,plus,9,0.01,0.01,0.006495960056781769,0.006561245769262314,12890.0,7217827.0,47357.9368670173,76.50749974833059,2280.0,81.40618896484375,0.0025993387680500746,0.016788994893431664,0.04067101329565048,0.03674013912677765,0.012556415051221848,0.04945344105362892,7.4825053215026855,6.3737263679504395,0.6165230870246887,0.23225137591362
1617,29801,108,7,1,plus,10,0.02,0.02,0.005644886288791895,0.005758920684456825,9147.0,7913029.5,45570.50926426705,94.89614442468373,2828.0,52.32191848754883,0.001907689031213522,0.028657300397753716,0.013177522458136082,0.02046092227101326,0.031077144667506218,0.049670636653900146,6.481612205505371,0.2743898928165436,1.009099006652832,0.3861621022224426
1617,29801,108,7,2,plus,10,0.02,0.02,0.01847972720861435,0.018853042274713516,1396.0,511.1817321777344,9.637330806808109,24.361598604073688,726.0,1.9274224042892456,0.0006420366116799414,0.020790288224816322,0.027660297229886055,0.02674812823534012,0.03037550114095211,0.03694647178053856,4.407487869262695,6.496186256408691,3.348017930984497,0.552773118019104
1617,29801,108,7,7,plus,10,0.02,0.02,0.006495960056781769,0.006627187132835388,12885.0,7516057.5,49810.319553650916,76.40683198550384,2277.0,81.40618896484375,0.0025993387680500746,0.016788994893431664,0.04067101329565048,0.03674013912677765,0.012556415051221848,0.04945344105362892,7.4825053215026855,6.3737263679504395,0.6165230870246887,0.23225137591362
1617,29801,109,7,1,plus,11,0.05,0.05,0.005644886288791895,0.005934305489063263,9425.0,8278636.0,49127.955056756735,95.83571021106674,2856.0,52.32191848754883,0.001907689031213522,0.028657300397753716,0.013177522458136082,0.02046092227101326,0.031077144667506218,0.049670636653900146,6.481612205505371,0.2743898928165436,1.009099006652832,0.3861621022224426
1617,29801,109,7,2,plus,11,0.05,0.05,0.01847972720861435,0.01942720264196396,1453.0,500.07342529296875,9.715027769027529,25.13338478574544,749.0,1.9274224042892456,0.0006420366116799414,0.020790288224816322,0.027660297229886055,0.02674812823534012,0.03037550114095211,0.03694647178053856,4.407487869262695,6.496186256408691,3.348017930984497,0.552773118019104
1617,29801,109,7,7,plus,11,0.05,0.05,0.006495960056781769,0.006829014979302883,13001.0,7707168.5,52632.36913451133,76.67527935304184,2285.0,81.40618896484375,0.0025993387680500746,0.016788994893431664,0.04067101329565048,0.03674013912677765,0.012556415051221848,0.04945344105362892,7.4825053215026855,6.3737263679504395,0.6165230870246887,0.23225137591362
1617,29801,110,7,1,plus,12,0.1,0.1,0.005644886288791895,0.006238564383238554,9720.0,9227080.0,57563.7326492928,97.11083520687225,2894.0,52.32191848754883,0.001907689031213522,0.028657300397753716,0.013177522458136082,0.02046092227101326,0.031077144667506218,0.049670636653900146,6.481612205505371,0.2743898928165436,1.009099006652832,0.3861621022224426
1617,29801,110,7,2,plus,12,0.1,0.1,0.01847972720861435,0.02042325772345066,1488.0,479.55419921875,9.794059003007533,26.274286097781953,783.0,1.9274224042892456,0.0006420366116799414,0.020790288224816322,0.027660297229886055,0.02674812823534012,0.03037550114095211,0.03694647178053856,4.407487869262695,6.496186256408691,3.348017930984497,0.552773118019104
1617,29801,110,7,7,plus,12,0.1,0.1,0.006495960056781769,0.007179146632552147,13330.0,8339301.0,59869.06469198875,77.5141773765981,2310.0,81.40618896484375,0.0025993387680500746,0.016788994893431664,0.04067101329565048,0.03674013912677765,0.012556415051221848,0.04945344105362892,7.4825053215026855,6.3737263679504395,0.6165230870246887,0.23225137591362
1617,29801,111,7,1,center_duplicate,-1,0.0,0.0,0.005644886288791895,0.005644886288791895,9191.0,7587657.0,42831.46096335584,94.35924968960772,2812.0,52.32191848754883,0.001907689031213522,0.028657300397753716,0.013177522458136082,0.02046092227101326,0.031077144667506218,0.049670636653900146,6.481612205505371,0.2743898928165436,1.009099006652832,0.3861621022224426
1617,29801,111,7,2,center_duplicate,-1,0.0,0.0,0.01847972720861435,0.01847972720861435,1380.0,767.3243408203125,14.1799444988892,23.958927552766685,714.0,1.9274224042892456,0.0006420366116799414,0.020790288224816322,0.027660297229886055,0.02674812823534012,0.03037550114095211,0.03694647178053856,4.407487869262695,6.496186256408691,3.348017930984497,0.552773118019104
1617,29801,111,7,7,center_duplicate,-1,0.0,0.0,0.006495960056781769,0.006495960056781769,12746.0,7124049.0,46277.5377465561,76.03771685513908,2266.0,81.40618896484375,0.0025993387680500746,0.016788994893431664,0.04067101329565048,0.03674013912677765,0.012556415051221848,0.04945344105362892,7.4825053215026855,6.3737263679504395,0.6165230870246887,0.23225137591362
