seed,sim_len,row_index,init_id,cell,row_kind,offset_index,log_offset,epsilon,center_gain,gain,loss,analytic_gradient_gain,analytic_gradient_log_gain,firing_rate_hz,spike_count,center_Strf_alpha,center_output_ad,center_on_ron_gSYN,center_off_ron_gSYN,center_on_sonoff_gSYN,center_off_sonoff_gSYN,center_sonoff_ron_gSYN,center_abs_ref,center_rel_ref_a,center_rel_ref_b,center_rel_ref_c
456,29801,0,0,1,minus,0,-0.1,0.1,0.010369358584284782,0.009382584132254124,5472.0,3201.90869140625,30.042177680914847,34.529042649575516,1029.0,6.626354694366455,0.0035706069320440292,0.017586013302206993,0.0440235361456871,0.036416418850421906,0.015820348635315895,0.03075505420565605,9.734742164611816,4.234930515289307,6.025596618652344,0.5770443677902222
456,29801,0,0,2,minus,0,-0.1,0.1,0.0017865144181996584,0.0016165050910785794,8902.0,5498629.5,8888.562580704864,68.01785174994127,2027.0,59.34796905517578,0.003477817866951227,0.03811865672469139,0.019889790564775467,0.039781637489795685,0.045002952218055725,0.024391407147049904,3.5100626945495605,4.31492280960083,8.399785995483398,0.2598817050457001
456,29801,0,0,7,minus,0,-0.1,0.1,0.015980957075953484,0.014460167847573757,42272.0,172537312.0,2494918.491489202,132.81433508942652,3958.0,59.11423873901367,0.004803546704351902,0.04223012551665306,0.038019679486751556,0.04160550981760025,0.04478614404797554,0.020792031660676003,4.51259708404541,8.273573875427246,6.738358020782471,0.34646177291870117
456,29801,1,0,1,minus,1,-0.05,0.05,0.010369358584284782,0.009863639250397682,5417.0,-2516.912353515625,-24.825915479947525,35.904835408207774,1070.0,6.626354694366455,0.0035706069320440292,0.017586013302206993,0.0440235361456871,0.036416418850421906,0.015820348635315895,0.03075505420565605,9.734742164611816,4.234930515289307,6.025596618652344,0.5770443677902222
456,29801,1,0,2,minus,1,-0.05,0.05,0.0017865144181996584,0.0016993851168081164,9481.0,5917528.5,10056.159861187858,69.86342740176504,2082.0,59.34796905517578,0.003477817866951227,0.03811865672469139,0.019889790564775467,0.039781637489795685,0.045002952218055725,0.024391407147049904,3.5100626945495605,4.31492280960083,8.399785995483398,0.2598817050457001
456,29801,1,0,7,minus,1,-0.05,0.05,0.015980957075953484,0.01520155742764473,43080.0,187836512.0,2855407.5241764784,134.19012784805878,3999.0,59.11423873901367,0.004803546704351902,0.04223012551665306,0.038019679486751556,0.04160550981760025,0.04478614404797554,0.020792031660676003,4.51259708404541,8.273573875427246,6.738358020782471,0.34646177291870117
456,29801,2,0,1,minus,2,-0.02,0.02,0.010369358584284782,0.010164031758904457,5372.0,-5136.02685546875,-52.20274007357057,36.877957115533036,1099.0,6.626354694366455,0.0035706069320440292,0.017586013302206993,0.0440235361456871,0.036416418850421906,0.015820348635315895,0.03075505420565605,9.734742164611816,4.234930515289307,6.025596618652344,0.5770443677902222
456,29801,2,0,2,minus,2,-0.02,0.02,0.0017865144181996584,0.001751139061525464,10067.0,6636922.0,11622.173362497706,71.47411160699305,2130.0,59.34796905517578,0.003477817866951227,0.03811865672469139,0.019889790564775467,0.039781637489795685,0.045002952218055725,0.024391407147049904,3.5100626945495605,4.31492280960083,8.399785995483398,0.2598817050457001
456,29801,2,0,7,minus,2,-0.02,0.02,0.015980957075953484,0.015664512291550636,43325.0,209414304.0,3280372.9390345216,134.5927988993658,4011.0,59.11423873901367,0.004803546704351902,0.04223012551665306,0.038019679486751556,0.04160550981760025,0.04478614404797554,0.020792031660676003,4.51259708404541,8.273573875427246,6.738358020782471,0.34646177291870117
456,29801,3,0,1,minus,3,-0.01,0.01,0.010369358584284782,0.010266182012856007,5342.0,-2797.302490234375,-28.717616509761456,36.81084527364853,1097.0,6.626354694366455,0.0035706069320440292,0.017586013302206993,0.0440235361456871,0.036416418850421906,0.015820348635315895,0.03075505420565605,9.734742164611816,4.234930515289307,6.025596618652344,0.5770443677902222
456,29801,3,0,2,minus,3,-0.01,0.01,0.0017865144181996584,0.0017687382642179728,10128.0,6694765.5,11841.287909816368,71.9103385792423,2143.0,59.34796905517578,0.003477817866951227,0.03811865672469139,0.019889790564775467,0.039781637489795685,0.045002952218055725,0.024391407147049904,3.5100626945495605,4.31492280960083,8.399785995483398,0.2598817050457001
456,29801,3,0,7,minus,3,-0.01,0.01,0.015980957075953484,0.015821943059563637,43582.0,219924224.0,3479628.5495467186,135.02902587161503,4024.0,59.11423873901367,0.004803546704351902,0.04223012551665306,0.038019679486751556,0.04160550981760025,0.04478614404797554,0.020792031660676003,4.51259708404541,8.273573875427246,6.738358020782471,0.34646177291870117
456,29801,4,0,1,minus,4,-0.005,0.005,0.010369358584284782,0.01031764131039381,5330.0,-1464.708740234375,-15.112339405937064,36.94506895741753,1101.0,6.626354694366455,0.0035706069320440292,0.017586013302206993,0.0440235361456871,0.036416418850421906,0.015820348635315895,0.03075505420565605,9.734742164611816,4.234930515289307,6.025596618652344,0.5770443677902222
456,29801,4,0,2,minus,4,-0.005,0.005,0.0017865144181996584,0.0017776041058823466,10218.0,6567775.0,11674.90380651143,72.1116741048958,2149.0,59.34796905517578,0.003477817866951227,0.03811865672469139,0.019889790564775467,0.039781637489795685,0.045002952218055725,0.024391407147049904,3.5100626945495605,4.31492280960083,8.399785995483398,0.2598817050457001
456,29801,4,0,7,minus,4,-0.005,0.005,0.015980957075953484,0.015901250764727592,43842.0,214261344.0,3407023.3601315618,135.16324955538403,4028.0,59.11423873901367,0.004803546704351902,0.04223012551665306,0.038019679486751556,0.04160550981760025,0.04478614404797554,0.020792031660676003,4.51259708404541,8.273573875427246,6.738358020782471,0.34646177291870117
456,29801,5,0,1,minus,5,-0.0025,0.0025,0.010369358584284782,0.010343467816710472,5343.0,-216.67381286621094,-2.2411586101056002,36.97862487835978,1102.0,6.626354694366455,0.0035706069320440292,0.017586013302206993,0.0440235361456871,0.036416418850421906,0.015820348635315895,0.03075505420565605,9.734742164611816,4.234930515289307,6.025596618652344,0.5770443677902222
456,29801,5,0,2,minus,5,-0.0025,0.0025,0.0017865144181996584,0.001782053615897894,10275.0,6531139.0,11638.839870881755,72.27945370960705,2154.0,59.34796905517578,0.003477817866951227,0.03811865672469139,0.019889790564775467,0.039781637489795685,0.045002952218055725,0.024391407147049904,3.5100626945495605,4.31492280960083,8.399785995483398,0.2598817050457001
456,29801,5,0,7,minus,5,-0.0025,0.0025,0.015980957075953484,0.01594105362892151,43789.0,213994208.0,3411293.146006584,135.2639173182108,4031.0,59.11423873901367,0.004803546704351902,0.04223012551665306,0.038019679486751556,0.04160550981760025,0.04478614404797554,0.020792031660676003,4.51259708404541,8.273573875427246,6.738358020782471,0.34646177291870117
456,29801,6,0,1,center,6,0.0,0.0,0.010369358584284782,0.010369358584284782,5369.0,75.17537689208984,0.7795204397028357,36.97862487835978,1102.0,6.626354694366455,0.0035706069320440292,0.017586013302206993,0.0440235361456871,0.036416418850421906,0.015820348635315895,0.03075505420565605,9.734742164611816,4.234930515289307,6.025596618652344,0.5770443677902222
456,29801,6,0,2,center,6,0.0,0.0,0.0017865144181996584,0.0017865144181996584,10285.0,6732670.5,12028.012921237503,72.27945370960705,2154.0,59.34796905517578,0.003477817866951227,0.03811865672469139,0.019889790564775467,0.039781637489795685,0.045002952218055725,0.024391407147049904,3.5100626945495605,4.31492280960083,8.399785995483398,0.2598817050457001
456,29801,6,0,7,center,6,0.0,0.0,0.015980957075953484,0.015980957075953484,43710.0,215690192.0,3446935.7000561655,135.29747323915305,4032.0,59.11423873901367,0.004803546704351902,0.04223012551665306,0.038019679486751556,0.04160550981760025,0.04478614404797554,0.020792031660676003,4.51259708404541,8.273573875427246,6.738358020782471,0.34646177291870117
456,29801,7,0,1,plus,7,0.0025,0.0025,0.010369358584284782,0.010395314544439316,5373.0,1625.9776611328125,16.902549229707347,37.045736720244285,1104.0,6.626354694366455,0.0035706069320440292,0.017586013302206993,0.0440235361456871,0.036416418850421906,0.015820348635315895,0.03075505420565605,9.734742164611816,4.234930515289307,6.025596618652344,0.5770443677902222
456,29801,7,0,2,plus,7,0.0025,0.0025,0.0017865144181996584,0.0017909863963723183,10322.0,6853528.5,12274.57631064998,72.44723331431831,2159.0,59.34796905517578,0.003477817866951227,0.03811865672469139,0.019889790564775467,0.039781637489795685,0.045002952218055725,0.024391407147049904,3.5100626945495605,4.31492280960083,8.399785995483398,0.2598817050457001
456,29801,7,0,7,plus,7,0.0025,0.0025,0.015980957075953484,0.016020959243178368,43748.0,217993552.0,3492465.811867684,135.29747323915305,4032.0,59.11423873901367,0.004803546704351902,0.04223012551665306,0.038019679486751556,0.04160550981760025,0.04478614404797554,0.020792031660676003,4.51259708404541,8.273573875427246,6.738358020782471,0.34646177291870117
456,29801,8,0,1,plus,8,0.005,0.005,0.010369358584284782,0.010421334765851498,5378.0,2408.117919921875,25.09580299915183,37.079292641186534,1105.0,6.626354694366455,0.0035706069320440292,0.017586013302206993,0.0440235361456871,0.036416418850421906,0.015820348635315895,0.03075505420565605,9.734742164611816,4.234930515289307,6.025596618652344,0.5770443677902222
456,29801,8,0,2,plus,8,0.005,0.005,0.0017865144181996584,0.0017954693175852299,10276.0,6892536.5,12375.337806086289,72.51434515620281,2161.0,59.34796905517578,0.003477817866951227,0.03811865672469139,0.019889790564775467,0.039781637489795685,0.045002952218055725,0.024391407147049904,3.5100626945495605,4.31492280960083,8.399785995483398,0.2598817050457001
456,29801,8,0,7,plus,8,0.005,0.005,0.015980957075953484,0.01606106199324131,43943.0,218729264.0,3513024.2688400447,135.39814100197978,4035.0,59.11423873901367,0.004803546704351902,0.04223012551665306,0.038019679486751556,0.04160550981760025,0.04478614404797554,0.020792031660676003,4.51259708404541,8.273573875427246,6.738358020782471,0.34646177291870117
456,29801,9,0,1,plus,9,0.01,0.01,0.010369358584284782,0.01047357264906168,5411.0,3117.992919921875,32.656525366061715,37.381295929666784,1114.0,6.626354694366455,0.0035706069320440292,0.017586013302206993,0.0440235361456871,0.036416418850421906,0.015820348635315895,0.03075505420565605,9.734742164611816,4.234930515289307,6.025596618652344,0.5770443677902222
456,29801,9,0,2,plus,9,0.01,0.01,0.0017865144181996584,0.0018044691532850266,10393.0,6995114.0,12622.467436712235,72.54790107714506,2162.0,59.34796905517578,0.003477817866951227,0.03811865672469139,0.019889790564775467,0.039781637489795685,0.045002952218055725,0.024391407147049904,3.5100626945495605,4.31492280960083,8.399785995483398,0.2598817050457001
456,29801,9,0,7,plus,9,0.01,0.01,0.015980957075953484,0.01614156924188137,44251.0,219999616.0,3551139.0348513126,135.7337002114023,4045.0,59.11423873901367,0.004803546704351902,0.04223012551665306,0.038019679486751556,0.04160550981760025,0.04478614404797554,0.020792031660676003,4.51259708404541,8.273573875427246,6.738358020782471,0.34646177291870117
456,29801,10,0,1,plus,10,0.02,0.02,0.010369358584284782,0.010578833520412445,5376.0,4869.904296875,51.51790681698185,37.75041106003154,1125.0,6.626354694366455,0.0035706069320440292,0.017586013302206993,0.0440235361456871,0.036416418850421906,0.015820348635315895,0.03075505420565605,9.734742164611816,4.234930515289307,6.025596618652344,0.5770443677902222
456,29801,10,0,2,plus,10,0.02,0.02,0.0017865144181996584,0.0018226043321192265,10421.0,7057684.5,12863.366344430717,72.74923660279856,2168.0,59.34796905517578,0.003477817866951227,0.03811865672469139,0.019889790564775467,0.039781637489795685,0.045002952218055725,0.024391407147049904,3.5100626945495605,4.31492280960083,8.399785995483398,0.2598817050457001
456,29801,10,0,7,plus,10,0.02,0.02,0.015980957075953484,0.01630379445850849,44510.0,234212944.0,3818559.6984981596,136.16992718365154,4058.0,59.11423873901367,0.004803546704351902,0.04223012551665306,0.038019679486751556,0.04160550981760025,0.04478614404797554,0.020792031660676003,4.51259708404541,8.273573875427246,6.738358020782471,0.34646177291870117
456,29801,11,0,1,plus,11,0.05,0.05,0.010369358584284782,0.010901006869971752,5285.0,3266.454345703125,35.60764126295885,38.7906446092413,1156.0,6.626354694366455,0.0035706069320440292,0.017586013302206993,0.0440235361456871,0.036416418850421906,0.015820348635315895,0.03075505420565605,9.734742164611816,4.234930515289307,6.025596618652344,0.5770443677902222
456,29801,11,0,2,plus,11,0.05,0.05,0.0017865144181996584,0.0018781109247356653,10899.0,7309422.5,13727.906250758679,74.02436159860407,2206.0,59.34796905517578,0.003477817866951227,0.03811865672469139,0.019889790564775467,0.039781637489795685,0.045002952218055725,0.024391407147049904,3.5100626945495605,4.31492280960083,8.399785995483398,0.2598817050457001
456,29801,11,0,7,plus,11,0.05,0.05,0.015980957075953484,0.01680031791329384,45170.0,249772592.0,4196258.951627433,137.04238112815005,4084.0,59.11423873901367,0.004803546704351902,0.04223012551665306,0.038019679486751556,0.04160550981760025,0.04478614404797554,0.020792031660676003,4.51259708404541,8.273573875427246,6.738358020782471,0.34646177291870117
456,29801,12,0,1,plus,12,0.1,0.1,0.010369358584284782,0.011459914036095142,5194.0,867.0267333984375,9.936051831742475,39.83087815845106,1187.0,6.626354694366455,0.0035706069320440292,0.017586013302206993,0.0440235361456871,0.036416418850421906,0.015820348635315895,0.03075505420565605,9.734742164611816,4.234930515289307,6.025596618652344,0.5770443677902222
456,29801,12,0,2,plus,12,0.1,0.1,0.0017865144181996584,0.0019744038581848145,11404.0,7354832.5,14521.409664303064,75.86993725042784,2261.0,59.34796905517578,0.003477817866951227,0.03811865672469139,0.019889790564775467,0.039781637489795685,0.045002952218055725,0.024391407147049904,3.5100626945495605,4.31492280960083,8.399785995483398,0.2598817050457001
456,29801,12,0,7,plus,12,0.1,0.1,0.015980957075953484,0.01766168884932995,45495.0,284467616.0,5024178.521502674,137.64638770511056,4102.0,59.11423873901367,0.004803546704351902,0.04223012551665306,0.038019679486751556,0.04160550981760025,0.04478614404797554,0.020792031660676003,4.51259708404541,8.273573875427246,6.738358020782471,0.34646177291870117
456,29801,13,0,1,center_duplicate,-1,0.0,0.0,0.010369358584284782,0.010369358584284782,5369.0,75.17537689208984,0.7795204397028357,36.97862487835978,1102.0,6.626354694366455,0.0035706069320440292,0.017586013302206993,0.0440235361456871,0.036416418850421906,0.015820348635315895,0.03075505420565605,9.734742164611816,4.234930515289307,6.025596618652344,0.5770443677902222
456,29801,13,0,2,center_duplicate,-1,0.0,0.0,0.0017865144181996584,0.0017865144181996584,10285.0,6732670.5,12028.012921237503,72.27945370960705,2154.0,59.34796905517578,0.003477817866951227,0.03811865672469139,0.019889790564775467,0.039781637489795685,0.045002952218055725,0.024391407147049904,3.5100626945495605,4.31492280960083,8.399785995483398,0.2598817050457001
456,29801,13,0,7,center_duplicate,-1,0.0,0.0,0.015980957075953484,0.015980957075953484,43710.0,215690192.0,3446935.7000561655,135.29747323915305,4032.0,59.11423873901367,0.004803546704351902,0.04223012551665306,0.038019679486751556,0.04160550981760025,0.04478614404797554,0.020792031660676003,4.51259708404541,8.273573875427246,6.738358020782471,0.34646177291870117
456,29801,14,1,1,minus,0,-0.1,0.1,0.00654630409553647,0.005923341028392315,40705.0,41692012.0,246956.00523582473,156.2363679071172,4656.0,82.565185546875,0.0040601445361971855,0.0467863455414772,0.03732769191265106,0.025265473872423172,0.03627234324812889,0.04088784381747246,1.3129640817642212,5.302206039428711,8.969371795654297,0.42847421765327454
456,29801,14,1,2,minus,0,-0.1,0.1,0.005940642673522234,0.005375315900892019,4041.0,928674.4375,4991.918470645702,49.931210362068384,1488.0,22.052663803100586,0.004763214383274317,0.012258819304406643,0.038533229380846024,0.03268948569893837,0.03575180843472481,0.025060711428523064,9.433023452758789,8.444083213806152,6.955045700073242,0.8759985566139221
456,29801,14,1,7,minus,0,-0.1,0.1,0.005434128455817699,0.004917002748697996,15976.0,6656191.5,32728.511901360238,86.17160497969866,2568.0,74.29742431640625,0.0021332968026399612,0.03313383460044861,0.024333057925105095,0.031500790268182755,0.029038436710834503,0.030220912769436836,8.710350036621094,3.6867733001708984,8.966926574707031,0.9366800785064697
456,29801,15,1,1,minus,1,-0.05,0.05,0.00654630409553647,0.006227037403732538,41818.0,48502640.0,302027.75345977396,158.68595013590146,4729.0,82.565185546875,0.0040601445361971855,0.0467863455414772,0.03732769191265106,0.025265473872423172,0.03627234324812889,0.04088784381747246,1.3129640817642212,5.302206039428711,8.969371795654297,0.42847421765327454
456,29801,15,1,2,minus,1,-0.05,0.05,0.005940642673522234,0.005650914274156094,4176.0,968661.5625,5473.823450357595,50.77010838562464,1513.0,22.052663803100586,0.004763214383274317,0.012258819304406643,0.038533229380846024,0.03268948569893837,0.03575180843472481,0.025060711428523064,9.433023452758789,8.444083213806152,6.955045700073242,0.8759985566139221
456,29801,15,1,7,minus,1,-0.05,0.05,0.005434128455817699,0.005169102922081947,16288.0,6597696.0,34104.169672608376,86.90983524042817,2590.0,74.29742431640625,0.0021332968026399612,0.03313383460044861,0.024333057925105095,0.031500790268182755,0.029038436710834503,0.030220912769436836,8.710350036621094,3.6867733001708984,8.966926574707031,0.9366800785064697
456,29801,16,1,1,minus,2,-0.02,0.02,0.00654630409553647,0.006416678428649902,42824.0,52895944.0,339416.26282787323,160.22952249924498,4775.0,82.565185546875,0.0040601445361971855,0.0467863455414772,0.03732769191265106,0.025265473872423172,0.03627234324812889,0.04088784381747246,1.3129640817642212,5.302206039428711,8.969371795654297,0.42847421765327454
456,29801,16,1,2,minus,2,-0.02,0.02,0.005940642673522234,0.005823010113090277,4271.0,894526.5,5208.836855927249,51.541894567296396,1536.0,22.052663803100586,0.004763214383274317,0.012258819304406643,0.038533229380846024,0.03268948569893837,0.03575180843472481,0.025060711428523064,9.433023452758789,8.444083213806152,6.955045700073242,0.8759985566139221
456,29801,16,1,7,minus,2,-0.02,0.02,0.005434128455817699,0.005326525773853064,16598.0,7193280.0,38315.191318541765,87.78228918492667,2616.0,74.29742431640625,0.0021332968026399612,0.03313383460044861,0.024333057925105095,0.031500790268182755,0.029038436710834503,0.030220912769436836,8.710350036621094,3.6867733001708984,8.966926574707031,0.9366800785064697
456,29801,17,1,1,minus,3,-0.01,0.01,0.00654630409553647,0.006481167394667864,43333.0,52162916.0,338076.59038999863,160.73286131337875,4790.0,82.565185546875,0.0040601445361971855,0.0467863455414772,0.03732769191265106,0.025265473872423172,0.03627234324812889,0.04088784381747246,1.3129640817642212,5.302206039428711,8.969371795654297,0.42847421765327454
456,29801,17,1,2,minus,3,-0.01,0.01,0.005940642673522234,0.005881532095372677,4345.0,902136.5625,5305.945146752929,51.8774537767189,1546.0,22.052663803100586,0.004763214383274317,0.012258819304406643,0.038533229380846024,0.03268948569893837,0.03575180843472481,0.025060711428523064,9.433023452758789,8.444083213806152,6.955045700073242,0.8759985566139221
456,29801,17,1,7,minus,3,-0.01,0.01,0.005434128455817699,0.005380058195441961,16646.0,7250153.0,39006.24506585812,87.91651286869568,2620.0,74.29742431640625,0.0021332968026399612,0.03313383460044861,0.024333057925105095,0.031500790268182755,0.029038436710834503,0.030220912769436836,8.710350036621094,3.6867733001708984,8.966926574707031,0.9366800785064697
456,29801,18,1,1,minus,4,-0.005,0.005,0.00654630409553647,0.006513654254376888,43550.0,53232316.0,346736.9015837349,161.169088285628,4803.0,82.565185546875,0.0040601445361971855,0.0467863455414772,0.03732769191265106,0.025265473872423172,0.03627234324812889,0.04088784381747246,1.3129640817642212,5.302206039428711,8.969371795654297,0.42847421765327454
456,29801,18,1,2,minus,4,-0.005,0.005,0.005940642673522234,0.005911013577133417,4330.0,939128.3125,5551.200205857895,51.91100969766115,1547.0,22.052663803100586,0.004763214383274317,0.012258819304406643,0.038533229380846024,0.03268948569893837,0.03575180843472481,0.025060711428523064,9.433023452758789,8.444083213806152,6.955045700073242,0.8759985566139221
456,29801,18,1,7,minus,4,-0.005,0.005,0.005434128455817699,0.005407025571912527,16727.0,7318300.0,39570.23524292745,88.15140431529143,2627.0,74.29742431640625,0.0021332968026399612,0.03313383460044861,0.024333057925105095,0.031500790268182755,0.029038436710834503,0.030220912769436836,8.710350036621094,3.6867733001708984,8.966926574707031,0.9366800785064697
456,29801,19,1,1,minus,5,-0.0025,0.0025,0.00654630409553647,0.006529958453029394,43508.0,53678720.0,350519.811411798,161.2362001275125,4805.0,82.565185546875,0.0040601445361971855,0.0467863455414772,0.03732769191265106,0.025265473872423172,0.03627234324812889,0.04088784381747246,1.3129640817642212,5.302206039428711,8.969371795654297,0.42847421765327454
456,29801,19,1,2,minus,5,-0.0025,0.0025,0.005940642673522234,0.005925809498876333,4371.0,960014.1875,5688.861191343545,52.0116774604879,1550.0,22.052663803100586,0.004763214383274317,0.012258819304406643,0.038533229380846024,0.03268948569893837,0.03575180843472481,0.025060711428523064,9.433023452758789,8.444083213806152,6.955045700073242,0.8759985566139221
456,29801,19,1,7,minus,5,-0.0025,0.0025,0.005434128455817699,0.0054205600172281265,16714.0,7007897.5,37986.728993332945,88.25207207811818,2630.0,74.29742431640625,0.0021332968026399612,0.03313383460044861,0.024333057925105095,0.031500790268182755,0.029038436710834503,0.030220912769436836,8.710350036621094,3.6867733001708984,8.966926574707031,0.9366800785064697
456,29801,20,1,1,center,6,0.0,0.0,0.00654630409553647,0.00654630409553647,43590.0,53443844.0,349859.6548584122,161.2362001275125,4805.0,82.565185546875,0.0040601445361971855,0.0467863455414772,0.03732769191265106,0.025265473872423172,0.03627234324812889,0.04088784381747246,1.3129640817642212,5.302206039428711,8.969371795654297,0.42847421765327454
456,29801,20,1,2,center,6,0.0,0.0,0.005940642673522234,0.005940642673522234,4416.0,967551.25,5747.876244569779,52.11234522331465,1553.0,22.052663803100586,0.004763214383274317,0.012258819304406643,0.038533229380846024,0.03268948569893837,0.03575180843472481,0.025060711428523064,9.433023452758789,8.444083213806152,6.955045700073242,0.8759985566139221
456,29801,20,1,7,center,6,0.0,0.0,0.005434128455817699,0.005434128455817699,16646.0,7199713.5,39124.168004084844,88.18496023623368,2628.0,74.29742431640625,0.0021332968026399612,0.03313383460044861,0.024333057925105095,0.031500790268182755,0.029038436710834503,0.030220912769436836,8.710350036621094,3.6867733001708984,8.966926574707031,0.9366800785064697
456,29801,21,1,1,plus,7,0.0025,0.0025,0.00654630409553647,0.00656269071623683,43728.0,54187800.0,355617.7719932981,161.37042381128148,4809.0,82.565185546875,0.0040601445361971855,0.0467863455414772,0.03732769191265106,0.025265473872423172,0.03627234324812889,0.04088784381747246,1.3129640817642212,5.302206039428711,8.969371795654297,0.42847421765327454
456,29801,21,1,2,plus,7,0.0025,0.0025,0.005940642673522234,0.005955513101071119,4418.0,952320.0625,5671.554608631617,52.24656890708365,1557.0,22.052663803100586,0.004763214383274317,0.012258819304406643,0.038533229380846024,0.03268948569893837,0.03575180843472481,0.025060711428523064,9.433023452758789,8.444083213806152,6.955045700073242,0.8759985566139221
456,29801,21,1,7,plus,7,0.0025,0.0025,0.005434128455817699,0.005447730887681246,16674.0,7307401.0,39808.75413637282,88.31918392000267,2632.0,74.29742431640625,0.0021332968026399612,0.03313383460044861,0.024333057925105095,0.031500790268182755,0.029038436710834503,0.030220912769436836,8.710350036621094,3.6867733001708984,8.966926574707031,0.9366800785064697
456,29801,22,1,1,plus,8,0.005,0.005,0.00654630409553647,0.006579117383807898,43674.0,52558412.0,345787.9620545376,161.43753565316598,4811.0,82.565185546875,0.0040601445361971855,0.0467863455414772,0.03732769191265106,0.025265473872423172,0.03627234324812889,0.04088784381747246,1.3129640817642212,5.302206039428711,8.969371795654297,0.42847421765327454
456,29801,22,1,2,plus,8,0.005,0.005,0.005940642673522234,0.005970420315861702,4447.0,967721.8125,5777.705969452509,52.280124828025905,1558.0,22.052663803100586,0.004763214383274317,0.012258819304406643,0.038533229380846024,0.03268948569893837,0.03575180843472481,0.025060711428523064,9.433023452758789,8.444083213806152,6.955045700073242,0.8759985566139221
456,29801,22,1,7,plus,8,0.005,0.005,0.005434128455817699,0.005461367312818766,16683.0,7497153.0,40944.70633340115,88.21851615717593,2629.0,74.29742431640625,0.0021332968026399612,0.03313383460044861,0.024333057925105095,0.031500790268182755,0.029038436710834503,0.030220912769436836,8.710350036621094,3.6867733001708984,8.966926574707031,0.9366800785064697
456,29801,23,1,1,plus,9,0.01,0.01,0.00654630409553647,0.006612095516175032,43495.0,53238044.0,352015.03202232905,161.47109157410824,4812.0,82.565185546875,0.0040601445361971855,0.0467863455414772,0.03732769191265106,0.025265473872423172,0.03627234324812889,0.04088784381747246,1.3129640817642212,5.302206039428711,8.969371795654297,0.42847421765327454
456,29801,23,1,2,plus,9,0.01,0.01,0.005940642673522234,0.0060003469698131084,4466.0,932286.3125,5594.041350207612,52.24656890708365,1557.0,22.052663803100586,0.004763214383274317,0.012258819304406643,0.038533229380846024,0.03268948569893837,0.03575180843472481,0.025060711428523064,9.433023452758789,8.444083213806152,6.955045700073242,0.8759985566139221
456,29801,23,1,7,plus,9,0.01,0.01,0.005434128455817699,0.005488742608577013,16771.0,7643597.5,41953.739281062735,88.35273984094493,2633.0,74.29742431640625,0.0021332968026399612,0.03313383460044861,0.024333057925105095,0.031500790268182755,0.029038436710834503,0.030220912769436836,8.710350036621094,3.6867733001708984,8.966926574707031,0.9366800785064697
456,29801,24,1,1,plus,10,0.02,0.02,0.00654630409553647,0.00667854817584157,44180.0,53525296.0,357471.2679621801,161.97443038824198,4827.0,82.565185546875,0.0040601445361971855,0.0467863455414772,0.03732769191265106,0.025265473872423172,0.03627234324812889,0.04088784381747246,1.3129640817642212,5.302206039428711,8.969371795654297,0.42847421765327454
456,29801,24,1,2,plus,10,0.02,0.02,0.005940642673522234,0.006060651503503323,4450.0,887248.6875,5377.305091878225,52.582128116506155,1567.0,22.052663803100586,0.004763214383274317,0.012258819304406643,0.038533229380846024,0.03268948569893837,0.03575180843472481,0.025060711428523064,9.433023452758789,8.444083213806152,6.955045700073242,0.8759985566139221
456,29801,24,1,7,plus,10,0.02,0.02,0.005434128455817699,0.005543904844671488,16809.0,7664847.5,42493.18518891814,88.55407536659843,2639.0,74.29742431640625,0.0021332968026399612,0.03313383460044861,0.024333057925105095,0.031500790268182755,0.029038436710834503,0.030220912769436836,8.710350036621094,3.6867733001708984,8.966926574707031,0.9366800785064697
456,29801,25,1,1,plus,11,0.05,0.05,0.00654630409553647,0.0068819401785731316,44923.0,55328136.0,380764.9221439585,163.28311130498975,4866.0,82.565185546875,0.0040601445361971855,0.0467863455414772,0.03732769191265106,0.025265473872423172,0.03627234324812889,0.04088784381747246,1.3129640817642212,5.302206039428711,8.969371795654297,0.42847421765327454
456,29801,25,1,2,plus,11,0.05,0.05,0.005940642673522234,0.006245225667953491,4677.0,903422.9375,5642.080118292943,53.35391429817791,1590.0,22.052663803100586,0.004763214383274317,0.012258819304406643,0.038533229380846024,0.03268948569893837,0.03575180843472481,0.025060711428523064,9.433023452758789,8.444083213806152,6.955045700073242,0.8759985566139221
456,29801,25,1,7,plus,11,0.05,0.05,0.005434128455817699,0.005712741985917091,16998.0,7954688.0,45443.080122470856,89.05741418073218,2654.0,74.29742431640625,0.0021332968026399612,0.03313383460044861,0.024333057925105095,0.031500790268182755,0.029038436710834503,0.030220912769436836,8.710350036621094,3.6867733001708984,8.966926574707031,0.9366800785064697
456,29801,26,1,1,plus,12,0.1,0.1,0.00654630409553647,0.0072347852401435375,46403.0,61629264.0,445874.4895481095,165.4978020871783,4932.0,82.565185546875,0.0040601445361971855,0.0467863455414772,0.03732769191265106,0.025265473872423172,0.03627234324812889,0.04088784381747246,1.3129640817642212,5.302206039428711,8.969371795654297,0.42847421765327454
456,29801,26,1,2,plus,12,0.1,0.1,0.005940642673522234,0.006565426010638475,4773.0,964622.9375,6333.160524320992,54.360591926445416,1620.0,22.052663803100586,0.004763214383274317,0.012258819304406643,0.038533229380846024,0.03268948569893837,0.03575180843472481,0.025060711428523064,9.433023452758789,8.444083213806152,6.955045700073242,0.8759985566139221
456,29801,26,1,7,plus,12,0.1,0.1,0.005434128455817699,0.00600564107298851,17419.0,8475842.0,50902.86484336108,90.03053588805744,2683.0,74.29742431640625,0.0021332968026399612,0.03313383460044861,0.024333057925105095,0.031500790268182755,0.029038436710834503,0.030220912769436836,8.710350036621094,3.6867733001708984,8.966926574707031,0.9366800785064697
456,29801,27,1,1,center_duplicate,-1,0.0,0.0,0.00654630409553647,0.00654630409553647,43590.0,53443844.0,349859.6548584122,161.2362001275125,4805.0,82.565185546875,0.0040601445361971855,0.0467863455414772,0.03732769191265106,0.025265473872423172,0.03627234324812889,0.04088784381747246,1.3129640817642212,5.302206039428711,8.969371795654297,0.42847421765327454
456,29801,27,1,2,center_duplicate,-1,0.0,0.0,0.005940642673522234,0.005940642673522234,4416.0,967551.25,5747.876244569779,52.11234522331465,1553.0,22.052663803100586,0.004763214383274317,0.012258819304406643,0.038533229380846024,0.03268948569893837,0.03575180843472481,0.025060711428523064,9.433023452758789,8.444083213806152,6.955045700073242,0.8759985566139221
456,29801,27,1,7,center_duplicate,-1,0.0,0.0,0.005434128455817699,0.005434128455817699,16646.0,7199713.5,39124.168004084844,88.18496023623368,2628.0,74.29742431640625,0.0021332968026399612,0.03313383460044861,0.024333057925105095,0.031500790268182755,0.029038436710834503,0.030220912769436836,8.710350036621094,3.6867733001708984,8.966926574707031,0.9366800785064697
456,29801,28,2,1,minus,0,-0.1,0.1,0.01662660576403141,0.015044375322759151,81071.0,161645376.0,2431853.7057325244,216.03301902620717,6438.0,48.48685836791992,0.0011892077745869756,0.04431956261396408,0.030409296974539757,0.045158885419368744,0.02953779138624668,0.03650172799825668,3.901416301727295,9.861052513122559,3.3765461444854736,0.8627018332481384
456,29801,28,2,2,minus,0,-0.1,0.1,0.01005376223474741,0.009097020141780376,227107.0,171194416.0,1557359.0505123287,295.1578806080333,8796.0,75.7269058227539,0.0007651544292457402,0.04488987848162651,0.021788086742162704,0.04174017533659935,0.025246916338801384,0.03339438885450363,2.15057635307312,6.021400451660156,0.422410249710083,0.3041475713253021
456,29801,28,2,7,minus,0,-0.1,0.1,0.002189736580476165,0.0019813557155430317,12577.0,3261455.75,6462.103991253185,76.60816751115733,2283.0,47.99076843261719,0.00030573076219297945,0.025789793580770493,0.03251266852021217,0.021878911182284355,0.045277129858732224,0.017795966938138008,8.833017349243164,8.9212064743042,2.1577820777893066,0.5844389796257019
456,29801,29,2,1,minus,1,-0.05,0.05,0.01662660576403141,0.015815716236829758,82596.0,172986272.0,2735901.790819049,217.34169994295493,6477.0,48.48685836791992,0.0011892077745869756,0.04431956261396408,0.030409296974539757,0.045158885419368744,0.02953779138624668,0.03650172799825668,3.901416301727295,9.861052513122559,3.3765461444854736,0.8627018332481384
456,29801,29,2,2,minus,1,-0.05,0.05,0.01005376223474741,0.00956343486905098,235340.0,193341312.0,1849007.0448088646,300.29193651219754,8949.0,75.7269058227539,0.0007651544292457402,0.04488987848162651,0.021788086742162704,0.04174017533659935,0.025246916338801384,0.03339438885450363,2.15057635307312,6.021400451660156,0.422410249710083,0.3041475713253021
456,29801,29,2,7,minus,1,-0.05,0.05,0.002189736580476165,0.002082941820845008,13213.0,3245000.25,6759.146729377506,78.62152276769235,2343.0,47.99076843261719,0.00030573076219297945,0.025789793580770493,0.03251266852021217,0.021878911182284355,0.045277129858732224,0.017795966938138008,8.833017349243164,8.9212064743042,2.1577820777893066,0.5844389796257019
456,29801,30,2,1,minus,2,-0.02,0.02,0.01662660576403141,0.01629737764596939,83178.0,191410576.0,3119490.442504525,217.87859467803094,6493.0,48.48685836791992,0.0011892077745869756,0.04431956261396408,0.030409296974539757,0.045158885419368744,0.02953779138624668,0.03650172799825668,3.901416301727295,9.861052513122559,3.3765461444854736,0.8627018332481384
456,29801,30,2,2,minus,2,-0.02,0.02,0.01005376223474741,0.009854684583842754,238875.0,205843344.0,2028521.228803441,302.3388476896748,9010.0,75.7269058227539,0.0007651544292457402,0.04488987848162651,0.021788086742162704,0.04174017533659935,0.025246916338801384,0.03339438885450363,2.15057635307312,6.021400451660156,0.422410249710083,0.3041475713253021
456,29801,30,2,7,minus,2,-0.02,0.02,0.002189736580476165,0.002146376995369792,13427.0,3385087.0,7265.672864125343,79.29264118653735,2363.0,47.99076843261719,0.00030573076219297945,0.025789793580770493,0.03251266852021217,0.021878911182284355,0.045277129858732224,0.017795966938138008,8.833017349243164,8.9212064743042,2.1577820777893066,0.5844389796257019
456,29801,31,2,1,minus,3,-0.01,0.01,0.01662660576403141,0.016461167484521866,83419.0,193270800.0,3181463.0086675286,218.1805979665112,6502.0,48.48685836791992,0.0011892077745869756,0.04431956261396408,0.030409296974539757,0.045158885419368744,0.02953779138624668,0.03650172799825668,3.901416301727295,9.861052513122559,3.3765461444854736,0.8627018332481384
456,29801,31,2,2,minus,3,-0.01,0.01,0.01005376223474741,0.009953726083040237,239358.0,210443120.0,2094693.1725403666,302.6072950572128,9018.0,75.7269058227539,0.0007651544292457402,0.04488987848162651,0.021788086742162704,0.04174017533659935,0.025246916338801384,0.03339438885450363,2.15057635307312,6.021400451660156,0.422410249710083,0.3041475713253021
456,29801,31,2,7,minus,3,-0.01,0.01,0.002189736580476165,0.0021679482888430357,13643.0,3261534.5,7070.838138277526,79.82953592161337,2379.0,47.99076843261719,0.00030573076219297945,0.025789793580770493,0.03251266852021217,0.021878911182284355,0.045277129858732224,0.017795966938138008,8.833017349243164,8.9212064743042,2.1577820777893066,0.5844389796257019
456,29801,32,2,1,minus,4,-0.005,0.005,0.01662660576403141,0.016543680801987648,83547.0,191510768.0,3168293.0159355104,218.38193349216468,6508.0,48.48685836791992,0.0011892077745869756,0.04431956261396408,0.030409296974539757,0.045158885419368744,0.02953779138624668,0.03650172799825668,3.901416301727295,9.861052513122559,3.3765461444854736,0.8627018332481384
456,29801,32,2,2,minus,4,-0.005,0.005,0.01005376223474741,0.010003618896007538,240560.0,212164448.0,2122412.2810738087,303.3119693970001,9039.0,75.7269058227539,0.0007651544292457402,0.04488987848162651,0.021788086742162704,0.04174017533659935,0.025246916338801384,0.03339438885450363,2.15057635307312,6.021400451660156,0.422410249710083,0.3041475713253021
456,29801,32,2,7,minus,4,-0.005,0.005,0.002189736580476165,0.0021788151934742928,13686.0,3406724.0,7422.6220111735165,79.93020368444012,2382.0,47.99076843261719,0.00030573076219297945,0.025789793580770493,0.03251266852021217,0.021878911182284355,0.045277129858732224,0.017795966938138008,8.833017349243164,8.9212064743042,2.1577820777893066,0.5844389796257019
456,29801,33,2,1,minus,5,-0.0025,0.0025,0.01662660576403141,0.01658509112894535,83582.0,197560752.0,3276563.0754229724,218.48260125499144,6511.0,48.48685836791992,0.0011892077745869756,0.04431956261396408,0.030409296974539757,0.045158885419368744,0.02953779138624668,0.03650172799825668,3.901416301727295,9.861052513122559,3.3765461444854736,0.8627018332481384
456,29801,33,2,2,minus,5,-0.0025,0.0025,0.01005376223474741,0.010028659366071224,240834.0,213420144.0,2140317.9260338694,303.51330492265356,9045.0,75.7269058227539,0.0007651544292457402,0.04488987848162651,0.021788086742162704,0.04174017533659935,0.025246916338801384,0.03339438885450363,2.15057635307312,6.021400451660156,0.422410249710083,0.3041475713253021
456,29801,33,2,7,minus,5,-0.0025,0.0025,0.002189736580476165,0.002184269018471241,13660.0,3379881.75,7382.57099262136,79.93020368444012,2382.0,47.99076843261719,0.00030573076219297945,0.025789793580770493,0.03251266852021217,0.021878911182284355,0.045277129858732224,0.017795966938138008,8.833017349243164,8.9212064743042,2.1577820777893066,0.5844389796257019
456,29801,34,2,1,center,6,0.0,0.0,0.01662660576403141,0.01662660576403141,83579.0,195151136.0,3244701.0026748776,218.51615717593367,6512.0,48.48685836791992,0.0011892077745869756,0.04431956261396408,0.030409296974539757,0.045158885419368744,0.02953779138624668,0.03650172799825668,3.901416301727295,9.861052513122559,3.3765461444854736,0.8627018332481384
456,29801,34,2,2,center,6,0.0,0.0,0.01005376223474741,0.01005376223474741,241202.0,207454672.0,2085699.946775511,303.7146404483071,9051.0,75.7269058227539,0.0007651544292457402,0.04488987848162651,0.021788086742162704,0.04174017533659935,0.025246916338801384,0.03339438885450363,2.15057635307312,6.021400451660156,0.422410249710083,0.3041475713253021
456,29801,34,2,7,center,6,0.0,0.0,0.002189736580476165,0.002189736580476165,13687.0,3432424.25,7516.104939938465,79.96375960538236,2383.0,47.99076843261719,0.00030573076219297945,0.025789793580770493,0.03251266852021217,0.021878911182284355,0.045277129858732224,0.017795966938138008,8.833017349243164,8.9212064743042,2.1577820777893066,0.5844389796257019
456,29801,35,2,1,plus,7,0.0025,0.0025,0.01662660576403141,0.016668224707245827,83462.0,199472768.0,3324856.9200003147,218.41548941310694,6509.0,48.48685836791992,0.0011892077745869756,0.04431956261396408,0.030409296974539757,0.045158885419368744,0.02953779138624668,0.03650172799825668,3.901416301727295,9.861052513122559,3.3765461444854736,0.8627018332481384
456,29801,35,2,2,plus,7,0.0025,0.0025,0.01005376223474741,0.01007892843335867,241610.0,211027952.0,2126935.6256462485,303.9159759739606,9057.0,75.7269058227539,0.0007651544292457402,0.04488987848162651,0.021788086742162704,0.04174017533659935,0.025246916338801384,0.03339438885450363,2.15057635307312,6.021400451660156,0.422410249710083,0.3041475713253021
456,29801,35,2,7,plus,7,0.0025,0.0025,0.002189736580476165,0.002195217879489064,13805.0,3465987.25,7608.597181281133,80.23220697292037,2391.0,47.99076843261719,0.00030573076219297945,0.025789793580770493,0.03251266852021217,0.021878911182284355,0.045277129858732224,0.017795966938138008,8.833017349243164,8.9212064743042,2.1577820777893066,0.5844389796257019
456,29801,36,2,1,plus,8,0.005,0.005,0.01662660576403141,0.01670994609594345,83546.0,199061840.0,3326312.61615932,218.48260125499144,6511.0,48.48685836791992,0.0011892077745869756,0.04431956261396408,0.030409296974539757,0.045158885419368744,0.02953779138624668,0.03650172799825668,3.901416301727295,9.861052513122559,3.3765461444854736,0.8627018332481384
456,29801,36,2,2,plus,8,0.005,0.005,0.01005376223474741,0.010104157030582428,241816.0,213378416.0,2156009.022200942,304.0501996577296,9061.0,75.7269058227539,0.0007651544292457402,0.04488987848162651,0.021788086742162704,0.04174017533659935,0.025246916338801384,0.03339438885450363,2.15057635307312,6.021400451660156,0.422410249710083,0.3041475713253021
456,29801,36,2,7,plus,8,0.005,0.005,0.002189736580476165,0.0022007126826792955,13870.0,3450542.5,7593.652641873923,80.39998657763162,2396.0,47.99076843261719,0.00030573076219297945,0.025789793580770493,0.03251266852021217,0.021878911182284355,0.045277129858732224,0.017795966938138008,8.833017349243164,8.9212064743042,2.1577820777893066,0.5844389796257019
456,29801,37,2,1,plus,9,0.01,0.01,0.01662660576403141,0.01679370552301407,83572.0,208180016.0,3496113.884480357,218.54971309687593,6513.0,48.48685836791992,0.0011892077745869756,0.04431956261396408,0.030409296974539757,0.045158885419368744,0.02953779138624668,0.03650172799825668,3.901416301727295,9.861052513122559,3.3765461444854736,0.8627018332481384
456,29801,37,2,2,plus,9,0.01,0.01,0.01005376223474741,0.010154804214835167,242589.0,217380624.0,2207457.6768186986,304.4193147880943,9072.0,75.7269058227539,0.0007651544292457402,0.04488987848162651,0.021788086742162704,0.04174017533659935,0.025246916338801384,0.03339438885450363,2.15057635307312,6.021400451660156,0.422410249710083,0.3041475713253021
456,29801,37,2,7,plus,9,0.01,0.01,0.002189736580476165,0.0022117437329143286,14021.0,3507320.25,7757.293582261016,80.56776618234287,2401.0,47.99076843261719,0.00030573076219297945,0.025789793580770493,0.03251266852021217,0.021878911182284355,0.045277129858732224,0.017795966938138008,8.833017349243164,8.9212064743042,2.1577820777893066,0.5844389796257019
456,29801,38,2,1,plus,10,0.02,0.02,0.01662660576403141,0.016962485387921333,83913.0,206544960.0,3503515.8659487963,218.85171638535618,6522.0,48.48685836791992,0.0011892077745869756,0.04431956261396408,0.030409296974539757,0.045158885419368744,0.02953779138624668,0.03650172799825668,3.901416301727295,9.861052513122559,3.3765461444854736,0.8627018332481384
456,29801,38,2,2,plus,10,0.02,0.02,0.01005376223474741,0.010256861336529255,244289.0,220913584.0,2265879.998443708,305.42599241636185,9102.0,75.7269058227539,0.0007651544292457402,0.04488987848162651,0.021788086742162704,0.04174017533659935,0.025246916338801384,0.03339438885450363,2.15057635307312,6.021400451660156,0.422410249710083,0.3041475713253021
456,29801,38,2,7,plus,10,0.02,0.02,0.002189736580476165,0.0022339720744639635,13974.0,3740694.75,8356.607610593957,80.86976947082312,2410.0,47.99076843261719,0.00030573076219297945,0.025789793580770493,0.03251266852021217,0.021878911182284355,0.045277129858732224,0.017795966938138008,8.833017349243164,8.9212064743042,2.1577820777893066,0.5844389796257019
456,29801,39,2,1,plus,11,0.05,0.05,0.01662660576403141,0.017479069530963898,84625.0,230630032.0,4031198.3652564287,219.52283480420118,6542.0,48.48685836791992,0.0011892077745869756,0.04431956261396408,0.030409296974539757,0.045158885419368744,0.02953779138624668,0.03650172799825668,3.901416301727295,9.861052513122559,3.3765461444854736,0.8627018332481384
456,29801,39,2,2,plus,11,0.05,0.05,0.01005376223474741,0.01056922972202301,247000.0,234925808.0,2482984.832383871,307.0702325425321,9151.0,75.7269058227539,0.0007651544292457402,0.04488987848162651,0.021788086742162704,0.04174017533659935,0.025246916338801384,0.03339438885450363,2.15057635307312,6.021400451660156,0.422410249710083,0.3041475713253021
456,29801,39,2,7,plus,11,0.05,0.05,0.002189736580476165,0.00230200681835413,14231.0,3608607.0,8307.037918760441,81.23888460118788,2421.0,47.99076843261719,0.00030573076219297945,0.025789793580770493,0.03251266852021217,0.021878911182284355,0.045277129858732224,0.017795966938138008,8.833017349243164,8.9212064743042,2.1577820777893066,0.5844389796257019
456,29801,40,2,1,plus,12,0.1,0.1,0.01662660576403141,0.01837524212896824,85276.0,254637872.0,4679032.553205222,220.4624005905842,6570.0,48.48685836791992,0.0011892077745869756,0.04431956261396408,0.030409296974539757,0.045158885419368744,0.02953779138624668,0.03650172799825668,3.901416301727295,9.861052513122559,3.3765461444854736,0.8627018332481384
456,29801,40,2,2,plus,12,0.1,0.1,0.01005376223474741,0.011111126281321049,253697.0,250720432.0,2785786.381259367,310.96271937183315,9267.0,75.7269058227539,0.0007651544292457402,0.04488987848162651,0.021788086742162704,0.04174017533659935,0.025246916338801384,0.03339438885450363,2.15057635307312,6.021400451660156,0.422410249710083,0.3041475713253021
456,29801,40,2,7,plus,12,0.1,0.1,0.002189736580476165,0.0024200333282351494,14495.0,3356128.75,8121.943428848172,82.31267407133988,2453.0,47.99076843261719,0.00030573076219297945,0.025789793580770493,0.03251266852021217,0.021878911182284355,0.045277129858732224,0.017795966938138008,8.833017349243164,8.9212064743042,2.1577820777893066,0.5844389796257019
456,29801,41,2,1,center_duplicate,-1,0.0,0.0,0.01662660576403141,0.01662660576403141,83579.0,195151136.0,3244701.0026748776,218.51615717593367,6512.0,48.48685836791992,0.0011892077745869756,0.04431956261396408,0.030409296974539757,0.045158885419368744,0.02953779138624668,0.03650172799825668,3.901416301727295,9.861052513122559,3.3765461444854736,0.8627018332481384
456,29801,41,2,2,center_duplicate,-1,0.0,0.0,0.01005376223474741,0.01005376223474741,241202.0,207454672.0,2085699.946775511,303.7146404483071,9051.0,75.7269058227539,0.0007651544292457402,0.04488987848162651,0.021788086742162704,0.04174017533659935,0.025246916338801384,0.03339438885450363,2.15057635307312,6.021400451660156,0.422410249710083,0.3041475713253021
456,29801,41,2,7,center_duplicate,-1,0.0,0.0,0.002189736580476165,0.002189736580476165,13687.0,3432424.25,7516.104939938465,79.96375960538236,2383.0,47.99076843261719,0.00030573076219297945,0.025789793580770493,0.03251266852021217,0.021878911182284355,0.045277129858732224,0.017795966938138008,8.833017349243164,8.9212064743042,2.1577820777893066,0.5844389796257019
456,29801,42,3,1,minus,0,-0.1,0.1,0.0030624063219875097,0.0027709798887372017,4059.0,2086897.375,5782.750655983458,58.051743230092946,1730.0,68.69004821777344,0.0025674765929579735,0.011978385969996452,0.04919338971376419,0.03444961458444595,0.010044421069324017,0.013519922271370888,6.216831684112549,3.313960075378418,6.2783660888671875,0.7253406047821045
456,29801,42,3,2,minus,0,-0.1,0.1,0.015210271812975407,0.013762823306024075,53297.0,59678072.0,821338.7601801828,153.68611791550617,4580.0,96.0049057006836,0.0020888946019113064,0.04925193637609482,0.033308882266283035,0.021827764809131622,0.023698577657341957,0.018696226179599762,5.5608625411987305,0.15370473265647888,5.821068286895752,0.7542546987533569
456,29801,42,3,7,minus,0,-0.1,0.1,0.013987557031214237,0.01265646517276764,147354.0,112258656.0,1420797.770005703,238.34770645280358,7103.0,89.26822662353516,0.0008241399773396552,0.04868676885962486,0.017292654141783714,0.013185249641537666,0.031820982694625854,0.03805147856473923,3.277904748916626,5.072831630706787,3.0204687118530273,0.4343680143356323
456,29801,43,3,1,minus,1,-0.05,0.05,0.0030624063219875097,0.002913051052019,4289.0,3552989.75,10350.040529050224,59.79665111908996,1782.0,68.69004821777344,0.0025674765929579735,0.011978385969996452,0.04919338971376419,0.03444961458444595,0.010044421069324017,0.013519922271370888,6.216831684112549,3.313960075378418,6.2783660888671875,0.7253406047821045
456,29801,43,3,2,minus,1,-0.05,0.05,0.015210271812975407,0.014468458481132984,54319.0,69906432.0,1011438.3089561462,154.9612429113117,4618.0,96.0049057006836,0.0020888946019113064,0.04925193637609482,0.033308882266283035,0.021827764809131622,0.023698577657341957,0.018696226179599762,5.5608625411987305,0.15370473265647888,5.821068286895752,0.7542546987533569
456,29801,43,3,7,minus,1,-0.05,0.05,0.013987557031214237,0.013305376283824444,150254.0,128496688.0,1709696.785065189,240.46172947216536,7166.0,89.26822662353516,0.0008241399773396552,0.04868676885962486,0.017292654141783714,0.013185249641537666,0.031820982694625854,0.03805147856473923,3.277904748916626,5.072831630706787,3.0204687118530273,0.4343680143356323
456,29801,44,3,1,minus,2,-0.02,0.02,0.0030624063219875097,0.0030017667450010777,4317.0,2944034.0,8837.303357352503,60.870440589241966,1814.0,68.69004821777344,0.0025674765929579735,0.011978385969996452,0.04919338971376419,0.03444961458444595,0.010044421069324017,0.013519922271370888,6.216831684112549,3.313960075378418,6.2783660888671875,0.7253406047821045
456,29801,44,3,2,minus,2,-0.02,0.02,0.015210271812975407,0.014909088611602783,54796.0,67961904.0,1013250.0489492416,155.59880540921444,4637.0,96.0049057006836,0.0020888946019113064,0.04925193637609482,0.033308882266283035,0.021827764809131622,0.023698577657341957,0.018696226179599762,5.5608625411987305,0.15370473265647888,5.821068286895752,0.7542546987533569
456,29801,44,3,7,minus,2,-0.02,0.02,0.013987557031214237,0.013710585422813892,151788.0,138040368.0,1892614.2572606653,241.80396630985535,7206.0,89.26822662353516,0.0008241399773396552,0.04868676885962486,0.017292654141783714,0.013185249641537666,0.031820982694625854,0.03805147856473923,3.277904748916626,5.072831630706787,3.0204687118530273,0.4343680143356323
456,29801,45,3,1,minus,3,-0.01,0.01,0.0030624063219875097,0.003031934844329953,4298.0,2942597.25,8921.763135104498,60.83688466829972,1813.0,68.69004821777344,0.0025674765929579735,0.011978385969996452,0.04919338971376419,0.03444961458444595,0.010044421069324017,0.013519922271370888,6.216831684112549,3.313960075378418,6.2783660888671875,0.7253406047821045
456,29801,45,3,2,minus,3,-0.01,0.01,0.015210271812975407,0.015058927237987518,54936.0,70905616.0,1067762.5121086836,155.86725277675245,4645.0,96.0049057006836,0.0020888946019113064,0.04925193637609482,0.033308882266283035,0.021827764809131622,0.023698577657341957,0.018696226179599762,5.5608625411987305,0.15370473265647888,5.821068286895752,0.7542546987533569
456,29801,45,3,7,minus,3,-0.01,0.01,0.013987557031214237,0.013848378323018551,152599.0,133698520.0,1851507.6861876622,242.30730512398912,7221.0,89.26822662353516,0.0008241399773396552,0.04868676885962486,0.017292654141783714,0.013185249641537666,0.031820982694625854,0.03805147856473923,3.277904748916626,5.072831630706787,3.0204687118530273,0.4343680143356323
456,29801,46,3,1,minus,4,-0.005,0.005,0.0030624063219875097,0.0030471323989331722,4366.0,3210131.25,9781.694936702843,60.97110835206872,1817.0,68.69004821777344,0.0025674765929579735,0.011978385969996452,0.04919338971376419,0.03444961458444595,0.010044421069324017,0.013519922271370888,6.216831684112549,3.313960075378418,6.2783660888671875,0.7253406047821045
456,29801,46,3,2,minus,4,-0.005,0.005,0.015210271812975407,0.015134410001337528,55150.0,71616312.0,1083870.6285917088,155.93436461863695,4647.0,96.0049057006836,0.0020888946019113064,0.04925193637609482,0.033308882266283035,0.021827764809131622,0.023698577657341957,0.018696226179599762,5.5608625411987305,0.15370473265647888,5.821068286895752,0.7542546987533569
456,29801,46,3,7,minus,4,-0.005,0.005,0.013987557031214237,0.013917793519794941,153278.0,138853632.0,1932536.1796495914,242.81064393812287,7236.0,89.26822662353516,0.0008241399773396552,0.04868676885962486,0.017292654141783714,0.013185249641537666,0.031820982694625854,0.03805147856473923,3.277904748916626,5.072831630706787,3.0204687118530273,0.4343680143356323
456,29801,47,3,1,minus,5,-0.0025,0.0025,0.0030624063219875097,0.0030547596979886293,4370.0,3263974.5,9970.657757862587,61.03822019395322,1819.0,68.69004821777344,0.0025674765929579735,0.011978385969996452,0.04919338971376419,0.03444961458444595,0.010044421069324017,0.013519922271370888,6.216831684112549,3.313960075378418,6.2783660888671875,0.7253406047821045
456,29801,47,3,2,minus,5,-0.0025,0.0025,0.015210271812975407,0.015172293409705162,55143.0,71064560.0,1078212.355351597,155.93436461863695,4647.0,96.0049057006836,0.0020888946019113064,0.04925193637609482,0.033308882266283035,0.021827764809131622,0.023698577657341957,0.018696226179599762,5.5608625411987305,0.15370473265647888,5.821068286895752,0.7542546987533569
456,29801,47,3,7,minus,5,-0.0025,0.0025,0.013987557031214237,0.013952631503343582,153222.0,141246464.0,1970759.8633422852,242.81064393812287,7236.0,89.26822662353516,0.0008241399773396552,0.04868676885962486,0.017292654141783714,0.013185249641537666,0.031820982694625854,0.03805147856473923,3.277904748916626,5.072831630706787,3.0204687118530273,0.4343680143356323
456,29801,48,3,1,center,6,0.0,0.0,0.0030624063219875097,0.0030624063219875097,4363.0,3284615.5,10058.827272498165,61.27311164054897,1826.0,68.69004821777344,0.0025674765929579735,0.011978385969996452,0.04919338971376419,0.03444961458444595,0.010044421069324017,0.013519922271370888,6.216831684112549,3.313960075378418,6.2783660888671875,0.7253406047821045
456,29801,48,3,2,center,6,0.0,0.0,0.015210271812975407,0.015210271812975407,55162.0,72366352.0,1100711.8840334564,155.9679205395792,4648.0,96.0049057006836,0.0020888946019113064,0.04925193637609482,0.033308882266283035,0.021827764809131622,0.023698577657341957,0.018696226179599762,5.5608625411987305,0.15370473265647888,5.821068286895752,0.7542546987533569
456,29801,48,3,7,center,6,0.0,0.0,0.013987557031214237,0.013987557031214237,153212.0,140361872.0,1963319.6896079928,242.81064393812287,7236.0,89.26822662353516,0.0008241399773396552,0.04868676885962486,0.017292654141783714,0.013185249641537666,0.031820982694625854,0.03805147856473923,3.277904748916626,5.072831630706787,3.0204687118530273,0.4343680143356323
456,29801,49,3,1,plus,7,0.0025,0.0025,0.0030624063219875097,0.0030700720380991697,4352.0,3347580.75,10277.314055854047,61.306667561491224,1827.0,68.69004821777344,0.0025674765929579735,0.011978385969996452,0.04919338971376419,0.03444961458444595,0.010044421069324017,0.013519922271370888,6.216831684112549,3.313960075378418,6.2783660888671875,0.7253406047821045
456,29801,49,3,2,plus,7,0.0025,0.0025,0.015210271812975407,0.015248345211148262,55201.0,71422144.0,1089069.5074323416,156.06858830240594,4651.0,96.0049057006836,0.0020888946019113064,0.04925193637609482,0.033308882266283035,0.021827764809131622,0.023698577657341957,0.018696226179599762,5.5608625411987305,0.15370473265647888,5.821068286895752,0.7542546987533569
456,29801,49,3,7,plus,7,0.0025,0.0025,0.013987557031214237,0.014022570103406906,153295.0,143611888.0,2013807.767162621,242.91131170094962,7239.0,89.26822662353516,0.0008241399773396552,0.04868676885962486,0.017292654141783714,0.013185249641537666,0.031820982694625854,0.03805147856473923,3.277904748916626,5.072831630706787,3.0204687118530273,0.4343680143356323
456,29801,50,3,1,plus,8,0.005,0.005,0.0030624063219875097,0.0030777566134929657,4448.0,3335931.75,10267.186005723663,61.440891245260225,1831.0,68.69004821777344,0.0025674765929579735,0.011978385969996452,0.04919338971376419,0.03444961458444595,0.010044421069324017,0.013519922271370888,6.216831684112549,3.313960075378418,6.2783660888671875,0.7253406047821045
456,29801,50,3,2,plus,8,0.005,0.005,0.015210271812975407,0.015286513604223728,55335.0,71359624.0,1090839.86306829,156.2363679071172,4656.0,96.0049057006836,0.0020888946019113064,0.04925193637609482,0.033308882266283035,0.021827764809131622,0.023698577657341957,0.018696226179599762,5.5608625411987305,0.15370473265647888,5.821068286895752,0.7542546987533569
456,29801,50,3,7,plus,8,0.005,0.005,0.013987557031214237,0.014057669788599014,153428.0,141489648.0,1989014.750089109,243.01197946377636,7242.0,89.26822662353516,0.0008241399773396552,0.04868676885962486,0.017292654141783714,0.013185249641537666,0.031820982694625854,0.03805147856473923,3.277904748916626,5.072831630706787,3.0204687118530273,0.4343680143356323
456,29801,51,3,1,plus,9,0.01,0.01,0.0030624063219875097,0.003093183971941471,4497.0,3174826.0,9820.320896903053,61.54155900808697,1834.0,68.69004821777344,0.0025674765929579735,0.011978385969996452,0.04919338971376419,0.03444961458444595,0.010044421069324017,0.013519922271370888,6.216831684112549,3.313960075378418,6.2783660888671875,0.7253406047821045
456,29801,51,3,2,plus,9,0.01,0.01,0.015210271812975407,0.015363138169050217,55497.0,71892472.0,1104493.980650574,156.4377034327707,4662.0,96.0049057006836,0.0020888946019113064,0.04925193637609482,0.033308882266283035,0.021827764809131622,0.023698577657341957,0.018696226179599762,5.5608625411987305,0.15370473265647888,5.821068286895752,0.7542546987533569
456,29801,51,3,7,plus,9,0.01,0.01,0.013987557031214237,0.014128134585916996,153978.0,138597840.0,1958128.93683739,243.34753867319887,7252.0,89.26822662353516,0.0008241399773396552,0.04868676885962486,0.017292654141783714,0.013185249641537666,0.031820982694625854,0.03805147856473923,3.277904748916626,5.072831630706787,3.0204687118530273,0.4343680143356323
456,29801,52,3,1,plus,10,0.02,0.02,0.0030624063219875097,0.0031242710538208485,4348.0,3072304.0,9598.710455738008,62.17912150598973,1853.0,68.69004821777344,0.0025674765929579735,0.011978385969996452,0.04919338971376419,0.03444961458444595,0.010044421069324017,0.013519922271370888,6.216831684112549,3.313960075378418,6.2783660888671875,0.7253406047821045
456,29801,52,3,2,plus,10,0.02,0.02,0.015210271812975407,0.015517539344727993,55414.0,71611040.0,1111227.13071689,156.47125935371295,4663.0,96.0049057006836,0.0020888946019113064,0.04925193637609482,0.033308882266283035,0.021827764809131622,0.023698577657341957,0.018696226179599762,5.5608625411987305,0.15370473265647888,5.821068286895752,0.7542546987533569
456,29801,52,3,7,plus,10,0.02,0.02,0.013987557031214237,0.014270124025642872,154435.0,144009008.0,2055026.4049697965,243.71665380356362,7263.0,89.26822662353516,0.0008241399773396552,0.04868676885962486,0.017292654141783714,0.013185249641537666,0.031820982694625854,0.03805147856473923,3.277904748916626,5.072831630706787,3.0204687118530273,0.4343680143356323
456,29801,53,3,1,plus,11,0.05,0.05,0.0030624063219875097,0.0032194191589951515,4412.0,3797843.5,12226.850126765203,62.85023992483473,1873.0,68.69004821777344,0.0025674765929579735,0.011978385969996452,0.04919338971376419,0.03444961458444595,0.010044421069324017,0.013519922271370888,6.216831684112549,3.313960075378418,6.2783660888671875,0.7253406047821045
456,29801,53,3,2,plus,11,0.05,0.05,0.015210271812975407,0.01599011942744255,55979.0,76958872.0,1230581.5542812645,157.14237777255795,4683.0,96.0049057006836,0.0020888946019113064,0.04925193637609482,0.033308882266283035,0.021827764809131622,0.023698577657341957,0.018696226179599762,5.5608625411987305,0.15370473265647888,5.821068286895752,0.7542546987533569
456,29801,53,3,7,plus,11,0.05,0.05,0.013987557031214237,0.01470471452921629,155998.0,148300944.0,2180723.0459332913,244.89111103654238,7298.0,89.26822662353516,0.0008241399773396552,0.04868676885962486,0.017292654141783714,0.013185249641537666,0.031820982694625854,0.03805147856473923,3.277904748916626,5.072831630706787,3.0204687118530273,0.4343680143356323
456,29801,54,3,1,plus,12,0.1,0.1,0.0030624063219875097,0.003384482581168413,4472.0,3922475.25,13275.549158689217,64.05825307875574,1909.0,68.69004821777344,0.0025674765929579735,0.011978385969996452,0.04919338971376419,0.03444961458444595,0.010044421069324017,0.013519922271370888,6.216831684112549,3.313960075378418,6.2783660888671875,0.7253406047821045
456,29801,54,3,2,plus,12,0.1,0.1,0.015210271812975407,0.01680995151400566,56909.0,80744784.0,1357315.90404886,158.18261132176772,4714.0,96.0049057006836,0.0020888946019113064,0.04925193637609482,0.033308882266283035,0.021827764809131622,0.023698577657341957,0.018696226179599762,5.5608625411987305,0.15370473265647888,5.821068286895752,0.7542546987533569
456,29801,54,3,7,plus,12,0.1,0.1,0.013987557031214237,0.015458641573786736,158519.0,163187136.0,2522651.44487679,247.00513405590414,7361.0,89.26822662353516,0.0008241399773396552,0.04868676885962486,0.017292654141783714,0.013185249641537666,0.031820982694625854,0.03805147856473923,3.277904748916626,5.072831630706787,3.0204687118530273,0.4343680143356323
456,29801,55,3,1,center_duplicate,-1,0.0,0.0,0.0030624063219875097,0.0030624063219875097,4363.0,3284615.5,10058.827272498165,61.27311164054897,1826.0,68.69004821777344,0.0025674765929579735,0.011978385969996452,0.04919338971376419,0.03444961458444595,0.010044421069324017,0.013519922271370888,6.216831684112549,3.313960075378418,6.2783660888671875,0.7253406047821045
456,29801,55,3,2,center_duplicate,-1,0.0,0.0,0.015210271812975407,0.015210271812975407,55162.0,72366352.0,1100711.8840334564,155.9679205395792,4648.0,96.0049057006836,0.0020888946019113064,0.04925193637609482,0.033308882266283035,0.021827764809131622,0.023698577657341957,0.018696226179599762,5.5608625411987305,0.15370473265647888,5.821068286895752,0.7542546987533569
456,29801,55,3,7,center_duplicate,-1,0.0,0.0,0.013987557031214237,0.013987557031214237,153212.0,140361872.0,1963319.6896079928,242.81064393812287,7236.0,89.26822662353516,0.0008241399773396552,0.04868676885962486,0.017292654141783714,0.013185249641537666,0.031820982694625854,0.03805147856473923,3.277904748916626,5.072831630706787,3.0204687118530273,0.4343680143356323
456,29801,56,4,1,minus,0,-0.1,0.1,0.010890581645071507,0.009854205884039402,115105.0,33667584.0,331767.3043541908,247.8440320794604,7386.0,33.49873733520508,0.0002443856210447848,0.03864887356758118,0.02860582061111927,0.017027685418725014,0.04247899726033211,0.029159093275666237,3.1278157234191895,7.227877616882324,7.630624294281006,0.9706724286079407
456,29801,56,4,2,minus,0,-0.1,0.1,0.011665408499538898,0.010555298067629337,125576.0,119415416.0,1260465.3097499534,208.68427233985435,6219.0,38.7281608581543,0.0025844236370176077,0.0295098964124918,0.04058080539107323,0.046412743628025055,0.04167976975440979,0.04483244940638542,0.7273001670837402,9.898069381713867,9.137249946594238,0.9603471159934998
456,29801,56,4,7,minus,0,-0.1,0.1,0.009829248301684856,0.008893871679902077,4389.0,10924.416015625,97.16035422083587,24.193818999362435,721.0,4.61674165725708,0.003882353426888585,0.021245166659355164,0.026909608393907547,0.019780367612838745,0.019337840378284454,0.011820243671536446,1.170051097869873,1.0662606954574585,7.525685787200928,0.8699729442596436
456,29801,57,4,1,minus,1,-0.05,0.05,0.010890581645071507,0.010359441861510277,117563.0,39600676.0,410240.90069850534,249.79027549411092,7444.0,33.49873733520508,0.0002443856210447848,0.03864887356758118,0.02860582061111927,0.017027685418725014,0.04247899726033211,0.029159093275666237,3.1278157234191895,7.227877616882324,7.630624294281006,0.9706724286079407
456,29801,57,4,2,minus,1,-0.05,0.05,0.011665408499538898,0.011096480302512646,129271.0,127828448.0,1418445.855332762,211.70430522465688,6309.0,38.7281608581543,0.0025844236370176077,0.0295098964124918,0.04058080539107323,0.046412743628025055,0.04167976975440979,0.04483244940638542,0.7273001670837402,9.898069381713867,9.137249946594238,0.9603471159934998
456,29801,57,4,7,minus,1,-0.05,0.05,0.009829248301684856,0.00934987049549818,4442.0,9829.5732421875,91.9052368404673,25.368276232341195,756.0,4.61674165725708,0.003882353426888585,0.021245166659355164,0.026909608393907547,0.019780367612838745,0.019337840378284454,0.011820243671536446,1.170051097869873,1.0662606954574585,7.525685787200928,0.8699729442596436
456,29801,58,4,1,minus,2,-0.02,0.02,0.010890581645071507,0.010674933902919292,119515.0,41355760.0,441470.00450499356,251.63585114593468,7499.0,33.49873733520508,0.0002443856210447848,0.03864887356758118,0.02860582061111927,0.017027685418725014,0.04247899726033211,0.029159093275666237,3.1278157234191895,7.227877616882324,7.630624294281006,0.9706724286079407
456,29801,58,4,2,minus,2,-0.02,0.02,0.011665408499538898,0.011434418149292469,132023.0,134644736.0,1539584.213025093,213.68410456024964,6368.0,38.7281608581543,0.0025844236370176077,0.0295098964124918,0.04058080539107323,0.046412743628025055,0.04167976975440979,0.04483244940638542,0.7273001670837402,9.898069381713867,9.137249946594238,0.9603471159934998
456,29801,58,4,7,minus,2,-0.02,0.02,0.009829248301684856,0.00963461585342884,4512.0,7313.638671875,70.46409909429713,26.3078420187242,784.0,4.61674165725708,0.003882353426888585,0.021245166659355164,0.026909608393907547,0.019780367612838745,0.019337840378284454,0.011820243671536446,1.170051097869873,1.0662606954574585,7.525685787200928,0.8699729442596436
456,29801,59,4,1,minus,3,-0.01,0.01,0.010890581645071507,0.010782218538224697,120264.0,42343644.0,456558.42331278697,252.13918996006845,7514.0,33.49873733520508,0.0002443856210447848,0.03864887356758118,0.02860582061111927,0.017027685418725014,0.04247899726033211,0.029159093275666237,3.1278157234191895,7.227877616882324,7.630624294281006,0.9706724286079407
456,29801,59,4,2,minus,3,-0.01,0.01,0.011665408499538898,0.011549335904419422,133590.0,136872160.0,1580782.5518034399,214.2545552162679,6385.0,38.7281608581543,0.0025844236370176077,0.0295098964124918,0.04058080539107323,0.046412743628025055,0.04167976975440979,0.04483244940638542,0.7273001670837402,9.898069381713867,9.137249946594238,0.9603471159934998
456,29801,59,4,7,minus,3,-0.01,0.01,0.009829248301684856,0.009731445461511612,4526.0,8202.6416015625,79.82355938593173,26.374953860608702,786.0,4.61674165725708,0.003882353426888585,0.021245166659355164,0.026909608393907547,0.019780367612838745,0.019337840378284454,0.011820243671536446,1.170051097869873,1.0662606954574585,7.525685787200928,0.8699729442596436
456,29801,60,4,1,minus,4,-0.005,0.005,0.010890581645071507,0.010836264118552208,120545.0,42139264.0,456632.1944653988,252.4411932485487,7523.0,33.49873733520508,0.0002443856210447848,0.03864887356758118,0.02860582061111927,0.017027685418725014,0.04247899726033211,0.029159093275666237,3.1278157234191895,7.227877616882324,7.630624294281006,0.9706724286079407
456,29801,60,4,2,minus,4,-0.005,0.005,0.011665408499538898,0.01160722691565752,133208.0,141917040.0,1647263.286478445,214.05321969061438,6379.0,38.7281608581543,0.0025844236370176077,0.0295098964124918,0.04058080539107323,0.046412743628025055,0.04167976975440979,0.04483244940638542,0.7273001670837402,9.898069381713867,9.137249946594238,0.9603471159934998
456,29801,60,4,7,minus,4,-0.005,0.005,0.009829248301684856,0.009780224412679672,4527.0,8078.12158203125,79.00584190517657,26.609845307204456,793.0,4.61674165725708,0.003882353426888585,0.021245166659355164,0.026909608393907547,0.019780367612838745,0.019337840378284454,0.011820243671536446,1.170051097869873,1.0662606954574585,7.525685787200928,0.8699729442596436
456,29801,61,4,1,minus,5,-0.0025,0.0025,0.010890581645071507,0.010863388888537884,120531.0,41567616.0,451565.17777740955,252.54186101137543,7526.0,33.49873733520508,0.0002443856210447848,0.03864887356758118,0.02860582061111927,0.017027685418725014,0.04247899726033211,0.029159093275666237,3.1278157234191895,7.227877616882324,7.630624294281006,0.9706724286079407
456,29801,61,4,2,minus,5,-0.0025,0.0025,0.011665408499538898,0.0116362813860178,133772.0,141394896.0,1645310.7964027226,214.3216670581524,6387.0,38.7281608581543,0.0025844236370176077,0.0295098964124918,0.04058080539107323,0.046412743628025055,0.04167976975440979,0.04483244940638542,0.7273001670837402,9.898069381713867,9.137249946594238,0.9603471159934998
456,29801,61,4,7,minus,5,-0.0025,0.0025,0.009829248301684856,0.00980470608919859,4558.0,11547.798828125,113.22277348695752,26.643401228146704,794.0,4.61674165725708,0.003882353426888585,0.021245166659355164,0.026909608393907547,0.019780367612838745,0.019337840378284454,0.011820243671536446,1.170051097869873,1.0662606954574585,7.525685787200928,0.8699729442596436
456,29801,62,4,1,center,6,0.0,0.0,0.010890581645071507,0.010890581645071507,120690.0,41972840.0,457108.64089552313,252.67608469514445,7530.0,33.49873733520508,0.0002443856210447848,0.03864887356758118,0.02860582061111927,0.017027685418725014,0.04247899726033211,0.029159093275666237,3.1278157234191895,7.227877616882324,7.630624294281006,0.9706724286079407
456,29801,62,4,2,center,6,0.0,0.0,0.011665408499538898,0.011665408499538898,133689.0,143580384.0,1674923.8318806589,214.48944666286366,6392.0,38.7281608581543,0.0025844236370176077,0.0295098964124918,0.04058080539107323,0.046412743628025055,0.04167976975440979,0.04483244940638542,0.7273001670837402,9.898069381713867,9.137249946594238,0.9603471159934998
456,29801,62,4,7,center,6,0.0,0.0,0.009829248301684856,0.009829248301684856,4574.0,11472.271484375,112.76380500426058,26.710513070031205,796.0,4.61674165725708,0.003882353426888585,0.021245166659355164,0.026909608393907547,0.019780367612838745,0.019337840378284454,0.011820243671536446,1.170051097869873,1.0662606954574585,7.525685787200928,0.8699729442596436
456,29801,63,4,1,plus,7,0.0025,0.0025,0.010890581645071507,0.010917842388153076,120757.0,42515008.0,464172.15647506714,252.7096406160867,7531.0,33.49873733520508,0.0002443856210447848,0.03864887356758118,0.02860582061111927,0.017027685418725014,0.04247899726033211,0.029159093275666237,3.1278157234191895,7.227877616882324,7.630624294281006,0.9706724286079407
456,29801,63,4,2,plus,7,0.0025,0.0025,0.011665408499538898,0.011694609187543392,133764.0,146350432.0,1711511.1066681445,214.8585617932284,6403.0,38.7281608581543,0.0025844236370176077,0.0295098964124918,0.04058080539107323,0.046412743628025055,0.04167976975440979,0.04483244940638542,0.7273001670837402,9.898069381713867,9.137249946594238,0.9603471159934998
456,29801,63,4,7,plus,7,0.0025,0.0025,0.009829248301684856,0.009853852912783623,4592.0,12456.365234375,122.74319084744275,26.710513070031205,796.0,4.61674165725708,0.003882353426888585,0.021245166659355164,0.026909608393907547,0.019780367612838745,0.019337840378284454,0.011820243671536446,1.170051097869873,1.0662606954574585,7.525685787200928,0.8699729442596436
456,29801,64,4,1,plus,8,0.005,0.005,0.010890581645071507,0.010945171117782593,121090.0,42905208.0,469604.84340405464,252.9109761417402,7537.0,33.49873733520508,0.0002443856210447848,0.03864887356758118,0.02860582061111927,0.017027685418725014,0.04247899726033211,0.029159093275666237,3.1278157234191895,7.227877616882324,7.630624294281006,0.9706724286079407
456,29801,64,4,2,plus,8,0.005,0.005,0.011665408499538898,0.011723881587386131,133920.0,147334624.0,1727333.6854980588,214.8585617932284,6403.0,38.7281608581543,0.0025844236370176077,0.0295098964124918,0.04058080539107323,0.046412743628025055,0.04167976975440979,0.04483244940638542,0.7273001670837402,9.898069381713867,9.137249946594238,0.9603471159934998
456,29801,64,4,7,plus,8,0.005,0.005,0.009829248301684856,0.009878517128527164,4591.0,12078.962890625,119.32224180988305,26.744068990973457,797.0,4.61674165725708,0.003882353426888585,0.021245166659355164,0.026909608393907547,0.019780367612838745,0.019337840378284454,0.011820243671536446,1.170051097869873,1.0662606954574585,7.525685787200928,0.8699729442596436
456,29801,65,4,1,plus,9,0.01,0.01,0.010890581645071507,0.011000033468008041,121079.0,41195852.0,453155.750743106,252.94453206268244,7538.0,33.49873733520508,0.0002443856210447848,0.03864887356758118,0.02860582061111927,0.017027685418725014,0.04247899726033211,0.029159093275666237,3.1278157234191895,7.227877616882324,7.630624294281006,0.9706724286079407
456,29801,65,4,2,plus,9,0.01,0.01,0.011665408499538898,0.011782648041844368,134667.0,146981680.0,1731833.4040389955,215.36190060736214,6418.0,38.7281608581543,0.0025844236370176077,0.0295098964124918,0.04058080539107323,0.046412743628025055,0.04167976975440979,0.04483244940638542,0.7273001670837402,9.898069381713867,9.137249946594238,0.9603471159934998
456,29801,65,4,7,plus,9,0.01,0.01,0.009829248301684856,0.00992803368717432,4673.0,11999.6826171875,119.13325325883761,26.744068990973457,797.0,4.61674165725708,0.003882353426888585,0.021245166659355164,0.026909608393907547,0.019780367612838745,0.019337840378284454,0.011820243671536446,1.170051097869873,1.0662606954574585,7.525685787200928,0.8699729442596436
456,29801,66,4,1,plus,10,0.02,0.02,0.010890581645071507,0.011110586114227772,121842.0,42128952.0,468077.3490981683,253.48142679775844,7554.0,33.49873733520508,0.0002443856210447848,0.03864887356758118,0.02860582061111927,0.017027685418725014,0.04247899726033211,0.029159093275666237,3.1278157234191895,7.227877616882324,7.630624294281006,0.9706724286079407
456,29801,66,4,2,plus,10,0.02,0.02,0.011665408499538898,0.011901064775884151,135699.0,147760816.0,1758511.0425534993,215.89879534243815,6434.0,38.7281608581543,0.0025844236370176077,0.0295098964124918,0.04058080539107323,0.046412743628025055,0.04167976975440979,0.04483244940638542,0.7273001670837402,9.898069381713867,9.137249946594238,0.9603471159934998
456,29801,66,4,7,plus,10,0.02,0.02,0.009829248301684856,0.010027811862528324,4644.0,10678.5791015625,107.08278218959549,26.978960437569206,804.0,4.61674165725708,0.003882353426888585,0.021245166659355164,0.026909608393907547,0.019780367612838745,0.019337840378284454,0.011820243671536446,1.170051097869873,1.0662606954574585,7.525685787200928,0.8699729442596436
456,29801,67,4,1,plus,11,0.05,0.05,0.010890581645071507,0.011448953300714493,123750.0,42951660.0,491751.54952816665,255.36055837052447,7610.0,33.49873733520508,0.0002443856210447848,0.03864887356758118,0.02860582061111927,0.017027685418725014,0.04247899726033211,0.029159093275666237,3.1278157234191895,7.227877616882324,7.630624294281006,0.9706724286079407
456,29801,67,4,2,plus,11,0.05,0.05,0.011665408499538898,0.012263506650924683,138044.0,158506496.0,1943845.4679107666,217.24103218012817,6474.0,38.7281608581543,0.0025844236370176077,0.0295098964124918,0.04058080539107323,0.046412743628025055,0.04167976975440979,0.04483244940638542,0.7273001670837402,9.898069381713867,9.137249946594238,0.9603471159934998
456,29801,67,4,7,plus,11,0.05,0.05,0.009829248301684856,0.01033320464193821,4646.0,15917.6298828125,164.48012699373248,27.51585517264521,820.0,4.61674165725708,0.003882353426888585,0.021245166659355164,0.026909608393907547,0.019780367612838745,0.019337840378284454,0.011820243671536446,1.170051097869873,1.0662606954574585,7.525685787200928,0.8699729442596436
456,29801,68,4,1,plus,12,0.1,0.1,0.010890581645071507,0.012035954743623734,126755.0,44706772.0,538088.6845255047,257.843696520251,7684.0,33.49873733520508,0.0002443856210447848,0.03864887356758118,0.02860582061111927,0.017027685418725014,0.04247899726033211,0.029159093275666237,3.1278157234191895,7.227877616882324,7.630624294281006,0.9706724286079407
456,29801,68,4,2,plus,12,0.1,0.1,0.011665408499538898,0.01289227046072483,141377.0,172950352.0,2229722.7142615616,219.75772625079694,6549.0,38.7281608581543,0.0025844236370176077,0.0295098964124918,0.04058080539107323,0.046412743628025055,0.04167976975440979,0.04483244940638542,0.7273001670837402,9.898069381713867,9.137249946594238,0.9603471159934998
456,29801,68,4,7,plus,12,0.1,0.1,0.009829248301684856,0.010862999595701694,4817.0,17250.0859375,187.38767656488199,28.287641354316968,843.0,4.61674165725708,0.003882353426888585,0.021245166659355164,0.026909608393907547,0.019780367612838745,0.019337840378284454,0.011820243671536446,1.170051097869873,1.0662606954574585,7.525685787200928,0.8699729442596436
456,29801,69,4,1,center_duplicate,-1,0.0,0.0,0.010890581645071507,0.010890581645071507,120690.0,41972840.0,457108.64089552313,252.67608469514445,7530.0,33.49873733520508,0.0002443856210447848,0.03864887356758118,0.02860582061111927,0.017027685418725014,0.04247899726033211,0.029159093275666237,3.1278157234191895,7.227877616882324,7.630624294281006,0.9706724286079407
456,29801,69,4,2,center_duplicate,-1,0.0,0.0,0.011665408499538898,0.011665408499538898,133689.0,143580384.0,1674923.8318806589,214.48944666286366,6392.0,38.7281608581543,0.0025844236370176077,0.0295098964124918,0.04058080539107323,0.046412743628025055,0.04167976975440979,0.04483244940638542,0.7273001670837402,9.898069381713867,9.137249946594238,0.9603471159934998
456,29801,69,4,7,center_duplicate,-1,0.0,0.0,0.009829248301684856,0.009829248301684856,4574.0,11472.271484375,112.76380500426058,26.710513070031205,796.0,4.61674165725708,0.003882353426888585,0.021245166659355164,0.026909608393907547,0.019780367612838745,0.019337840378284454,0.011820243671536446,1.170051097869873,1.0662606954574585,7.525685787200928,0.8699729442596436
456,29801,70,5,1,minus,0,-0.1,0.1,0.012977655045688152,0.011742668226361275,7536.0,1228968.25,14431.36642048182,89.02385825978993,2653.0,24.337238311767578,0.002409239998087287,0.03230954334139824,0.022391311824321747,0.01260021235793829,0.024699371308088303,0.01829836703836918,7.951542377471924,8.247520446777344,4.818588733673096,0.26707765460014343
456,29801,70,5,2,minus,0,-0.1,0.1,0.004819092340767384,0.004360495135188103,5683.0,1105454.25,4820.327879298013,58.25307875574645,1736.0,31.63585090637207,0.0015944018959999084,0.017833586782217026,0.01037081889808178,0.013387742452323437,0.014229283668100834,0.0478997603058815,6.824490547180176,1.2873531579971313,2.1796975135803223,0.67423015832901
456,29801,70,5,7,minus,0,-0.1,0.1,0.012707182206213474,0.011497934348881245,68422.0,12708862.0,146125.6609249916,164.35690077514175,4898.0,26.436113357543945,0.0015469755744561553,0.037771038711071014,0.013894619420170784,0.02938656508922577,0.021010667085647583,0.04061645269393921,2.290356397628784,4.109940528869629,6.244213104248047,0.661459743976593
456,29801,71,5,1,minus,1,-0.05,0.05,0.012977655045688152,0.012344727292656898,7630.0,1338308.375,16521.051922853803,90.43320693936444,2695.0,24.337238311767578,0.002409239998087287,0.03230954334139824,0.022391311824321747,0.01260021235793829,0.024699371308088303,0.01829836703836918,7.951542377471924,8.247520446777344,4.818588733673096,0.26707765460014343
456,29801,71,5,2,minus,1,-0.05,0.05,0.004819092340767384,0.0045840623788535595,6106.0,1204123.5,5519.777235843474,60.06509848662796,1790.0,31.63585090637207,0.0015944018959999084,0.017833586782217026,0.01037081889808178,0.013387742452323437,0.014229283668100834,0.0478997603058815,6.824490547180176,1.2873531579971313,2.1796975135803223,0.67423015832901
456,29801,71,5,7,minus,1,-0.05,0.05,0.012707182206213474,0.012087445706129074,71122.0,13497153.0,163146.10407481715,167.51115734371328,4992.0,26.436113357543945,0.0015469755744561553,0.037771038711071014,0.013894619420170784,0.02938656508922577,0.021010667085647583,0.04061645269393921,2.290356397628784,4.109940528869629,6.244213104248047,0.661459743976593
456,29801,72,5,1,minus,2,-0.02,0.02,0.012977655045688152,0.012720680795609951,7701.0,1400058.75,17809.700453850674,91.2049931210362,2718.0,24.337238311767578,0.002409239998087287,0.03230954334139824,0.022391311824321747,0.01260021235793829,0.024699371308088303,0.01829836703836918,7.951542377471924,8.247520446777344,4.818588733673096,0.26707765460014343
456,29801,72,5,2,minus,2,-0.02,0.02,0.004819092340767384,0.004723668098449707,6278.0,1054573.375,4981.45460896194,60.736216905472965,1810.0,31.63585090637207,0.0015944018959999084,0.017833586782217026,0.01037081889808178,0.013387742452323437,0.014229283668100834,0.0478997603058815,6.824490547180176,1.2873531579971313,2.1796975135803223,0.67423015832901
456,29801,72,5,7,minus,2,-0.02,0.02,0.012707182206213474,0.012455563060939312,73016.0,14091562.0,175518.3391181361,169.5916244421328,5054.0,26.436113357543945,0.0015469755744561553,0.037771038711071014,0.013894619420170784,0.02938656508922577,0.021010667085647583,0.04061645269393921,2.290356397628784,4.109940528869629,6.244213104248047,0.661459743976593
456,29801,73,5,1,minus,3,-0.01,0.01,0.012977655045688152,0.012848525308072567,7812.0,1385326.25,17799.399383062264,91.50699640951645,2727.0,24.337238311767578,0.002409239998087287,0.03230954334139824,0.022391311824321747,0.01260021235793829,0.024699371308088303,0.01829836703836918,7.951542377471924,8.247520446777344,4.818588733673096,0.26707765460014343
456,29801,73,5,2,minus,3,-0.01,0.01,0.004819092340767384,0.004771141801029444,6344.0,1077921.5,5142.9163268783595,60.870440589241966,1814.0,31.63585090637207,0.0015944018959999084,0.017833586782217026,0.01037081889808178,0.013387742452323437,0.014229283668100834,0.0478997603058815,6.824490547180176,1.2873531579971313,2.1796975135803223,0.67423015832901
456,29801,73,5,7,minus,3,-0.01,0.01,0.012707182206213474,0.012580743990838528,73689.0,14777535.0,185912.38465065602,170.36341062380455,5077.0,26.436113357543945,0.0015469755744561553,0.037771038711071014,0.013894619420170784,0.02938656508922577,0.021010667085647583,0.04061645269393921,2.290356397628784,4.109940528869629,6.244213104248047,0.661459743976593
456,29801,74,5,1,minus,4,-0.005,0.005,0.012977655045688152,0.012912928126752377,7887.0,1418243.25,18313.673153501702,91.6747760142277,2732.0,24.337238311767578,0.002409239998087287,0.03230954334139824,0.022391311824321747,0.01260021235793829,0.024699371308088303,0.01829836703836918,7.951542377471924,8.247520446777344,4.818588733673096,0.26707765460014343
456,29801,74,5,2,minus,4,-0.005,0.005,0.004819092340767384,0.004795056767761707,6442.0,1018693.5,4884.693161449861,61.17244387772222,1823.0,31.63585090637207,0.0015944018959999084,0.017833586782217026,0.01037081889808178,0.013387742452323437,0.014229283668100834,0.0478997603058815,6.824490547180176,1.2873531579971313,2.1796975135803223,0.67423015832901
456,29801,74,5,7,minus,4,-0.005,0.005,0.012707182206213474,0.012643804773688316,73814.0,14471294.0,182972.2161586471,170.5311902285158,5082.0,26.436113357543945,0.0015469755744561553,0.037771038711071014,0.013894619420170784,0.02938656508922577,0.021010667085647583,0.04061645269393921,2.290356397628784,4.109940528869629,6.244213104248047,0.661459743976593
456,29801,75,5,1,minus,5,-0.0025,0.0025,0.012977655045688152,0.012945251539349556,7890.0,1424626.5,18442.14839212317,91.77544377705445,2735.0,24.337238311767578,0.002409239998087287,0.03230954334139824,0.022391311824321747,0.01260021235793829,0.024699371308088303,0.01829836703836918,7.951542377471924,8.247520446777344,4.818588733673096,0.26707765460014343
456,29801,75,5,2,minus,5,-0.0025,0.0025,0.004819092340767384,0.004807059653103352,6446.0,1026457.5625,4934.242734316562,61.23955571960672,1825.0,31.63585090637207,0.0015944018959999084,0.017833586782217026,0.01037081889808178,0.013387742452323437,0.014229283668100834,0.0478997603058815,6.824490547180176,1.2873531579971313,2.1796975135803223,0.67423015832901
456,29801,75,5,7,minus,5,-0.0025,0.0025,0.012707182206213474,0.012675453908741474,73880.0,14706846.0,186415.9486159589,170.6654139122848,5086.0,26.436113357543945,0.0015469755744561553,0.037771038711071014,0.013894619420170784,0.02938656508922577,0.021010667085647583,0.04061645269393921,2.290356397628784,4.109940528869629,6.244213104248047,0.661459743976593
456,29801,76,5,1,center,6,0.0,0.0,0.012977655045688152,0.012977655045688152,7852.0,1390003.625,18038.987557506072,91.77544377705445,2735.0,24.337238311767578,0.002409239998087287,0.03230954334139824,0.022391311824321747,0.01260021235793829,0.024699371308088303,0.01829836703836918,7.951542377471924,8.247520446777344,4.818588733673096,0.26707765460014343
456,29801,76,5,2,center,6,0.0,0.0,0.004819092340767384,0.004819092340767384,6456.0,1007080.375,4853.213321699644,61.23955571960672,1825.0,31.63585090637207,0.0015944018959999084,0.017833586782217026,0.01037081889808178,0.013387742452323437,0.014229283668100834,0.0478997603058815,6.824490547180176,1.2873531579971313,2.1796975135803223,0.67423015832901
456,29801,76,5,7,center,6,0.0,0.0,0.012707182206213474,0.012707182206213474,74204.0,14948946.0,189958.9806128461,170.93386127982282,5094.0,26.436113357543945,0.0015469755744561553,0.037771038711071014,0.013894619420170784,0.02938656508922577,0.021010667085647583,0.04061645269393921,2.290356397628784,4.109940528869629,6.244213104248047,0.661459743976593
456,29801,77,5,1,plus,7,0.0025,0.0025,0.012977655045688152,0.013010140508413315,7883.0,1419835.875,18472.264232635964,91.6747760142277,2732.0,24.337238311767578,0.002409239998087287,0.03230954334139824,0.022391311824321747,0.01260021235793829,0.024699371308088303,0.01829836703836918,7.951542377471924,8.247520446777344,4.818588733673096,0.26707765460014343
456,29801,77,5,2,plus,7,0.0025,0.0025,0.004819092340767384,0.0048311552964150906,6470.0,1068830.375,5163.685527150577,61.23955571960672,1825.0,31.63585090637207,0.0015944018959999084,0.017833586782217026,0.01037081889808178,0.013387742452323437,0.014229283668100834,0.0478997603058815,6.824490547180176,1.2873531579971313,2.1796975135803223,0.67423015832901
456,29801,77,5,7,plus,7,0.0025,0.0025,0.012707182206213474,0.012738990597426891,74295.0,15205442.0,193701.98266771995,171.1351968054763,5100.0,26.436113357543945,0.0015469755744561553,0.037771038711071014,0.013894619420170784,0.02938656508922577,0.021010667085647583,0.04061645269393921,2.290356397628784,4.109940528869629,6.244213104248047,0.661459743976593
456,29801,78,5,1,plus,8,0.005,0.005,0.012977655045688152,0.013042706064879894,7788.0,1462073.375,19069.393275411916,91.57410825140096,2729.0,24.337238311767578,0.002409239998087287,0.03230954334139824,0.022391311824321747,0.01260021235793829,0.024699371308088303,0.01829836703836918,7.951542377471924,8.247520446777344,4.818588733673096,0.26707765460014343
456,29801,78,5,2,plus,8,0.005,0.005,0.004819092340767384,0.004843248054385185,6485.0,1108105.5,5366.829806928523,61.34022348243347,1828.0,31.63585090637207,0.0015944018959999084,0.017833586782217026,0.01037081889808178,0.013387742452323437,0.014229283668100834,0.0478997603058815,6.824490547180176,1.2873531579971313,2.1796975135803223,0.67423015832901
456,29801,78,5,7,plus,8,0.005,0.005,0.012707182206213474,0.012770877219736576,74398.0,15154948.0,193541.98017949238,171.16875272641857,5101.0,26.436113357543945,0.0015469755744561553,0.037771038711071014,0.013894619420170784,0.02938656508922577,0.021010667085647583,0.04061645269393921,2.290356397628784,4.109940528869629,6.244213104248047,0.661459743976593
456,29801,79,5,1,plus,9,0.01,0.01,0.012977655045688152,0.013108083046972752,7823.0,1453427.625,19051.65001126437,91.7418878561122,2734.0,24.337238311767578,0.002409239998087287,0.03230954334139824,0.022391311824321747,0.01260021235793829,0.024699371308088303,0.01829836703836918,7.951542377471924,8.247520446777344,4.818588733673096,0.26707765460014343
456,29801,79,5,2,plus,9,0.01,0.01,0.004819092340767384,0.004867525305598974,6461.0,1199530.375,5838.744455147127,61.34022348243347,1828.0,31.63585090637207,0.0015944018959999084,0.017833586782217026,0.01037081889808178,0.013387742452323437,0.014229283668100834,0.0478997603058815,6.824490547180176,1.2873531579971313,2.1796975135803223,0.67423015832901
456,29801,79,5,7,plus,9,0.01,0.01,0.012707182206213474,0.012834891676902771,75040.0,14806522.0,190040.10598167777,171.8063152243213,5120.0,26.436113357543945,0.0015469755744561553,0.037771038711071014,0.013894619420170784,0.02938656508922577,0.021010667085647583,0.04061645269393921,2.290356397628784,4.109940528869629,6.244213104248047,0.661459743976593
456,29801,80,5,1,plus,10,0.02,0.02,0.012977655045688152,0.01323982048779726,7783.0,1498246.25,19836.511396515416,91.80899969799671,2736.0,24.337238311767578,0.002409239998087287,0.03230954334139824,0.022391311824321747,0.01260021235793829,0.024699371308088303,0.01829836703836918,7.951542377471924,8.247520446777344,4.818588733673096,0.26707765460014343
456,29801,80,5,2,plus,10,0.02,0.02,0.004819092340767384,0.004916444420814514,6585.0,1242421.5,6108.296251975,61.67578269185597,1838.0,31.63585090637207,0.0015944018959999084,0.017833586782217026,0.01037081889808178,0.013387742452323437,0.014229283668100834,0.0478997603058815,6.824490547180176,1.2873531579971313,2.1796975135803223,0.67423015832901
456,29801,80,5,7,plus,10,0.02,0.02,0.012707182206213474,0.012963884510099888,75216.0,15452408.0,200323.2327149436,172.07476259185933,5128.0,26.436113357543945,0.0015469755744561553,0.037771038711071014,0.013894619420170784,0.02938656508922577,0.021010667085647583,0.04061645269393921,2.290356397628784,4.109940528869629,6.244213104248047,0.661459743976593
456,29801,81,5,1,plus,11,0.05,0.05,0.012977655045688152,0.013643033802509308,7872.0,1521886.125,20763.143846944906,92.58078587966847,2759.0,24.337238311767578,0.002409239998087287,0.03230954334139824,0.022391311824321747,0.01260021235793829,0.024699371308088303,0.01829836703836918,7.951542377471924,8.247520446777344,4.818588733673096,0.26707765460014343
456,29801,81,5,2,plus,11,0.05,0.05,0.004819092340767384,0.00506617221981287,6878.0,1331996.5,6748.1236651879735,62.81668400389248,1872.0,31.63585090637207,0.0015944018959999084,0.017833586782217026,0.01037081889808178,0.013387742452323437,0.014229283668100834,0.0478997603058815,6.824490547180176,1.2873531579971313,2.1796975135803223,0.67423015832901
456,29801,81,5,7,plus,11,0.05,0.05,0.012707182206213474,0.013358693569898605,77029.0,15955952.0,213150.6733840108,173.9874500855676,5185.0,26.436113357543945,0.0015469755744561553,0.037771038711071014,0.013894619420170784,0.02938656508922577,0.021010667085647583,0.04061645269393921,2.290356397628784,4.109940528869629,6.244213104248047,0.661459743976593
456,29801,82,5,1,plus,12,0.1,0.1,0.012977655045688152,0.014342527836561203,8091.0,1640533.75,23529.400976193137,93.68813127076272,2792.0,24.337238311767578,0.002409239998087287,0.03230954334139824,0.022391311824321747,0.01260021235793829,0.024699371308088303,0.01829836703836918,7.951542377471924,8.247520446777344,4.818588733673096,0.26707765460014343
456,29801,82,5,2,plus,12,0.1,0.1,0.004819092340767384,0.005325920879840851,7002.0,1449724.75,7721.1193160470575,63.85691755310224,1903.0,31.63585090637207,0.0015944018959999084,0.017833586782217026,0.01037081889808178,0.013387742452323437,0.014229283668100834,0.0478997603058815,6.824490547180176,1.2873531579971313,2.1796975135803223,0.67423015832901
456,29801,82,5,7,plus,12,0.1,0.1,0.012707182206213474,0.01404360868036747,79942.0,18035294.0,253280.61137137935,177.24237441696587,5282.0,26.436113357543945,0.0015469755744561553,0.037771038711071014,0.013894619420170784,0.02938656508922577,0.021010667085647583,0.04061645269393921,2.290356397628784,4.109940528869629,6.244213104248047,0.661459743976593
456,29801,83,5,1,center_duplicate,-1,0.0,0.0,0.012977655045688152,0.012977655045688152,7852.0,1390003.625,18038.987557506072,91.77544377705445,2735.0,24.337238311767578,0.002409239998087287,0.03230954334139824,0.022391311824321747,0.01260021235793829,0.024699371308088303,0.01829836703836918,7.951542377471924,8.247520446777344,4.818588733673096,0.26707765460014343
456,29801,83,5,2,center_duplicate,-1,0.0,0.0,0.004819092340767384,0.004819092340767384,6456.0,1007080.375,4853.213321699644,61.23955571960672,1825.0,31.63585090637207,0.0015944018959999084,0.017833586782217026,0.01037081889808178,0.013387742452323437,0.014229283668100834,0.0478997603058815,6.824490547180176,1.2873531579971313,2.1796975135803223,0.67423015832901
456,29801,83,5,7,center_duplicate,-1,0.0,0.0,0.012707182206213474,0.012707182206213474,74204.0,14948946.0,189958.9806128461,170.93386127982282,5094.0,26.436113357543945,0.0015469755744561553,0.037771038711071014,0.013894619420170784,0.02938656508922577,0.021010667085647583,0.04061645269393921,2.290356397628784,4.109940528869629,6.244213104248047,0.661459743976593
456,29801,84,6,1,minus,0,-0.1,0.1,0.018187135457992554,0.016456400975584984,8303.0,16643993.0,273900.22264282964,83.9233582765679,2501.0,96.47991180419922,0.004879876971244812,0.02411128394305706,0.015877479687333107,0.0440637469291687,0.04745238646864891,0.024348696693778038,1.7147413492202759,2.418577194213867,1.9084950685501099,0.6177399754524231
456,29801,84,6,2,minus,0,-0.1,0.1,0.016054220497608185,0.014526459388434887,19512.0,58598116.0,851223.1523127966,100.56709506392403,2997.0,71.22661590576172,0.003998503088951111,0.03332260996103287,0.04898757115006447,0.019731642678380013,0.017863517627120018,0.013543943874537945,8.574448585510254,3.511550188064575,4.462161540985107,0.47644639015197754
456,29801,84,6,7,minus,0,-0.1,0.1,0.01834116317331791,0.01659577153623104,28776.0,6564941.5,108950.26928272191,107.78161806650783,3212.0,18.03076934814453,0.0031880333553999662,0.013988914899528027,0.049588657915592194,0.04881652444601059,0.03754022717475891,0.029685191810131073,5.470731735229492,2.148503541946411,4.848639011383057,0.7454955577850342
456,29801,85,6,1,minus,1,-0.05,0.05,0.018187135457992554,0.017300138249993324,8343.0,17738468.0,306877.9487430826,84.49380893258615,2518.0,96.47991180419922,0.004879876971244812,0.02411128394305706,0.015877479687333107,0.0440637469291687,0.04745238646864891,0.024348696693778038,1.7147413492202759,2.418577194213867,1.9084950685501099,0.6177399754524231
456,29801,85,6,2,minus,1,-0.05,0.05,0.016054220497608185,0.015271247364580631,19688.0,62600984.0,955995.1119301543,100.96976611523102,3009.0,71.22661590576172,0.003998503088951111,0.03332260996103287,0.04898757115006447,0.019731642678380013,0.017863517627120018,0.013543943874537945,8.574448585510254,3.511550188064575,4.462161540985107,0.47644639015197754
456,29801,85,6,7,minus,1,-0.05,0.05,0.01834116317331791,0.01744665391743183,29640.0,7240580.0,126323.89342147857,109.39230227173584,3260.0,18.03076934814453,0.0031880333553999662,0.013988914899528027,0.049588657915592194,0.04881652444601059,0.03754022717475891,0.029685191810131073,5.470731735229492,2.148503541946411,4.848639011383057,0.7454955577850342
456,29801,86,6,1,minus,2,-0.02,0.02,0.018187135457992554,0.017827006056904793,8547.0,19442450.0,346600.6739110686,84.69514445823965,2524.0,96.47991180419922,0.004879876971244812,0.02411128394305706,0.015877479687333107,0.0440637469291687,0.04745238646864891,0.024348696693778038,1.7147413492202759,2.418577194213867,1.9084950685501099,0.6177399754524231
456,29801,86,6,2,minus,2,-0.02,0.02,0.016054220497608185,0.015736326575279236,19663.0,64644448.0,1017266.1450066566,100.86909835240428,3006.0,71.22661590576172,0.003998503088951111,0.03332260996103287,0.04898757115006447,0.019731642678380013,0.017863517627120018,0.013543943874537945,8.574448585510254,3.511550188064575,4.462161540985107,0.47644639015197754
456,29801,86,6,7,minus,2,-0.02,0.02,0.01834116317331791,0.017977984622120857,30090.0,8203985.0,147491.11617011018,110.19764437434985,3284.0,18.03076934814453,0.0031880333553999662,0.013988914899528027,0.049588657915592194,0.04881652444601059,0.03754022717475891,0.029685191810131073,5.470731735229492,2.148503541946411,4.848639011383057,0.7454955577850342
456,29801,87,6,1,minus,3,-0.01,0.01,0.018187135457992554,0.01800617016851902,8705.0,20654810.0,371914.02365842834,84.89647998389316,2530.0,96.47991180419922,0.004879876971244812,0.02411128394305706,0.015877479687333107,0.0440637469291687,0.04745238646864891,0.024348696693778038,1.7147413492202759,2.418577194213867,1.9084950685501099,0.6177399754524231
456,29801,87,6,2,minus,3,-0.01,0.01,0.016054220497608185,0.01589447818696499,19648.0,68020384.0,1081148.5097569823,100.90265427334653,3007.0,71.22661590576172,0.003998503088951111,0.03332260996103287,0.04898757115006447,0.019731642678380013,0.017863517627120018,0.013543943874537945,8.574448585510254,3.511550188064575,4.462161540985107,0.47644639015197754
456,29801,87,6,7,minus,3,-0.01,0.01,0.01834116317331791,0.01815866492688656,30160.0,7979679.0,144900.3171851132,110.46609174188785,3292.0,18.03076934814453,0.0031880333553999662,0.013988914899528027,0.049588657915592194,0.04881652444601059,0.03754022717475891,0.029685191810131073,5.470731735229492,2.148503541946411,4.848639011383057,0.7454955577850342
456,29801,88,6,1,minus,4,-0.005,0.005,0.018187135457992554,0.018096426501870155,8554.0,20663292.0,373931.74496468157,84.8629240629509,2529.0,96.47991180419922,0.004879876971244812,0.02411128394305706,0.015877479687333107,0.0440637469291687,0.04745238646864891,0.024348696693778038,1.7147413492202759,2.418577194213867,1.9084950685501099,0.6177399754524231
456,29801,88,6,2,minus,4,-0.005,0.005,0.016054220497608185,0.015974149107933044,19627.0,69630240.0,1112283.8361811638,100.86909835240428,3006.0,71.22661590576172,0.003998503088951111,0.03332260996103287,0.04898757115006447,0.019731642678380013,0.017863517627120018,0.013543943874537945,8.574448585510254,3.511550188064575,4.462161540985107,0.47644639015197754
456,29801,88,6,7,minus,4,-0.005,0.005,0.01834116317331791,0.018249686807394028,30270.0,8191253.0,149487.80181012675,110.73453910942585,3300.0,18.03076934814453,0.0031880333553999662,0.013988914899528027,0.049588657915592194,0.04881652444601059,0.03754022717475891,0.029685191810131073,5.470731735229492,2.148503541946411,4.848639011383057,0.7454955577850342
456,29801,89,6,1,minus,5,-0.0025,0.0025,0.018187135457992554,0.018141724169254303,8614.0,21348354.0,387295.9497355968,84.9971477467199,2533.0,96.47991180419922,0.004879876971244812,0.02411128394305706,0.015877479687333107,0.0440637469291687,0.04745238646864891,0.024348696693778038,1.7147413492202759,2.418577194213867,1.9084950685501099,0.6177399754524231
456,29801,89,6,2,minus,5,-0.0025,0.0025,0.016054220497608185,0.016014134511351585,19700.0,70509496.0,1129148.5532716066,100.96976611523102,3009.0,71.22661590576172,0.003998503088951111,0.03332260996103287,0.04898757115006447,0.019731642678380013,0.017863517627120018,0.013543943874537945,8.574448585510254,3.511550188064575,4.462161540985107,0.47644639015197754
456,29801,89,6,7,minus,5,-0.0025,0.0025,0.01834116317331791,0.018295366317033768,30256.0,8052881.5,147330.41695016436,110.80165095131035,3302.0,18.03076934814453,0.0031880333553999662,0.013988914899528027,0.049588657915592194,0.04881652444601059,0.03754022717475891,0.029685191810131073,5.470731735229492,2.148503541946411,4.848639011383057,0.7454955577850342
456,29801,90,6,1,center,6,0.0,0.0,0.018187135457992554,0.018187135457992554,8602.0,21652664.0,393799.9331943989,84.9300359048354,2531.0,96.47991180419922,0.004879876971244812,0.02411128394305706,0.015877479687333107,0.0440637469291687,0.04745238646864891,0.024348696693778038,1.7147413492202759,2.418577194213867,1.9084950685501099,0.6177399754524231
456,29801,90,6,2,center,6,0.0,0.0,0.016054220497608185,0.016054220497608185,19731.0,71197144.0,1143014.6485759616,101.00332203617327,3010.0,71.22661590576172,0.003998503088951111,0.03332260996103287,0.04898757115006447,0.019731642678380013,0.017863517627120018,0.013543943874537945,8.574448585510254,3.511550188064575,4.462161540985107,0.47644639015197754
456,29801,90,6,7,center,6,0.0,0.0,0.01834116317331791,0.01834116317331791,30231.0,8185058.0,150123.48436107114,110.8352068722526,3303.0,18.03076934814453,0.0031880333553999662,0.013988914899528027,0.049588657915592194,0.04881652444601059,0.03754022717475891,0.029685191810131073,5.470731735229492,2.148503541946411,4.848639011383057,0.7454955577850342
456,29801,91,6,1,plus,7,0.0025,0.0025,0.018187135457992554,0.018232660368084908,8558.0,21633362.0,394433.74196583405,84.82936814200865,2528.0,96.47991180419922,0.004879876971244812,0.02411128394305706,0.015877479687333107,0.0440637469291687,0.04745238646864891,0.024348696693778038,1.7147413492202759,2.418577194213867,1.9084950685501099,0.6177399754524231
456,29801,91,6,2,plus,7,0.0025,0.0025,0.016054220497608185,0.016094407066702843,19884.0,70856304.0,1140390.199818045,101.23821348276903,3017.0,71.22661590576172,0.003998503088951111,0.03332260996103287,0.04898757115006447,0.019731642678380013,0.017863517627120018,0.013543943874537945,8.574448585510254,3.511550188064575,4.462161540985107,0.47644639015197754
456,29801,91,6,7,plus,7,0.0025,0.0025,0.01834116317331791,0.018387073650956154,30382.0,8082717.5,148617.5219723722,110.93587463507936,3306.0,18.03076934814453,0.0031880333553999662,0.013988914899528027,0.049588657915592194,0.04881652444601059,0.03754022717475891,0.029685191810131073,5.470731735229492,2.148503541946411,4.848639011383057,0.7454955577850342
456,29801,92,6,1,plus,8,0.005,0.005,0.018187135457992554,0.018278298899531364,8665.0,21897498.0,400249.01359589025,84.82936814200865,2528.0,96.47991180419922,0.004879876971244812,0.02411128394305706,0.015877479687333107,0.0440637469291687,0.04745238646864891,0.024348696693778038,1.7147413492202759,2.418577194213867,1.9084950685501099,0.6177399754524231
456,29801,92,6,2,plus,8,0.005,0.005,0.016054220497608185,0.01613469235599041,19914.0,70730096.0,1141208.3392696679,101.30532532465352,3019.0,71.22661590576172,0.003998503088951111,0.03332260996103287,0.04898757115006447,0.019731642678380013,0.017863517627120018,0.013543943874537945,8.574448585510254,3.511550188064575,4.462161540985107,0.47644639015197754
456,29801,92,6,7,plus,8,0.005,0.005,0.01834116317331791,0.0184330977499485,30464.0,8141954.0,150081.4339575842,111.00298647696386,3308.0,18.03076934814453,0.0031880333553999662,0.013988914899528027,0.049588657915592194,0.04881652444601059,0.03754022717475891,0.029685191810131073,5.470731735229492,2.148503541946411,4.848639011383057,0.7454955577850342
456,29801,93,6,1,plus,9,0.01,0.01,0.018187135457992554,0.018369918689131737,8602.0,21080808.0,387252.72886119783,84.9971477467199,2533.0,96.47991180419922,0.004879876971244812,0.02411128394305706,0.015877479687333107,0.0440637469291687,0.04745238646864891,0.024348696693778038,1.7147413492202759,2.418577194213867,1.9084950685501099,0.6177399754524231
456,29801,93,6,2,plus,9,0.01,0.01,0.016054220497608185,0.016215568408370018,19924.0,70924568.0,1150082.184238091,101.30532532465352,3019.0,71.22661590576172,0.003998503088951111,0.03332260996103287,0.04898757115006447,0.019731642678380013,0.017863517627120018,0.013543943874537945,8.574448585510254,3.511550188064575,4.462161540985107,0.47644639015197754
456,29801,93,6,7,plus,9,0.01,0.01,0.01834116317331791,0.018525494262576103,30668.0,8473521.0,156976.16466931812,111.33854568638635,3318.0,18.03076934814453,0.0031880333553999662,0.013988914899528027,0.049588657915592194,0.04881652444601059,0.03754022717475891,0.029685191810131073,5.470731735229492,2.148503541946411,4.848639011383057,0.7454955577850342
456,29801,94,6,1,plus,10,0.02,0.02,0.018187135457992554,0.01855454035103321,8924.0,22221808.0,412315.4332089126,84.9971477467199,2533.0,96.47991180419922,0.004879876971244812,0.02411128394305706,0.015877479687333107,0.0440637469291687,0.04745238646864891,0.024348696693778038,1.7147413492202759,2.418577194213867,1.9084950685501099,0.6177399754524231
456,29801,94,6,2,plus,10,0.02,0.02,0.016054220497608185,0.016378536820411682,19995.0,73322512.0,1200915.4625570774,101.47310492936478,3024.0,71.22661590576172,0.003998503088951111,0.03332260996103287,0.04898757115006447,0.019731642678380013,0.017863517627120018,0.013543943874537945,8.574448585510254,3.511550188064575,4.462161540985107,0.47644639015197754
456,29801,94,6,7,plus,10,0.02,0.02,0.01834116317331791,0.018711678683757782,30681.0,8291874.5,155154.89133004472,111.50632529109761,3323.0,18.03076934814453,0.0031880333553999662,0.013988914899528027,0.049588657915592194,0.04881652444601059,0.03754022717475891,0.029685191810131073,5.470731735229492,2.148503541946411,4.848639011383057,0.7454955577850342
456,29801,95,6,1,plus,11,0.05,0.05,0.018187135457992554,0.019119609147310257,8731.0,24611786.0,470567.7287372425,85.19848327237341,2539.0,96.47991180419922,0.004879876971244812,0.02411128394305706,0.015877479687333107,0.0440637469291687,0.04745238646864891,0.024348696693778038,1.7147413492202759,2.418577194213867,1.9084950685501099,0.6177399754524231
456,29801,95,6,2,plus,11,0.05,0.05,0.016054220497608185,0.01687733829021454,20257.0,76270256.0,1287238.9119932652,102.00999966444078,3040.0,71.22661590576172,0.003998503088951111,0.03332260996103287,0.04898757115006447,0.019731642678380013,0.017863517627120018,0.013543943874537945,8.574448585510254,3.511550188064575,4.462161540985107,0.47644639015197754
456,29801,95,6,7,plus,11,0.05,0.05,0.01834116317331791,0.019281534478068352,31245.0,8721833.0,168170.32370145433,112.58011476124962,3355.0,18.03076934814453,0.0031880333553999662,0.013988914899528027,0.049588657915592194,0.04881652444601059,0.03754022717475891,0.029685191810131073,5.470731735229492,2.148503541946411,4.848639011383057,0.7454955577850342
456,29801,96,6,1,plus,12,0.1,0.1,0.018187135457992554,0.02009989321231842,9090.0,27238626.0,547493.47385028,86.07093721687191,2565.0,96.47991180419922,0.004879876971244812,0.02411128394305706,0.015877479687333107,0.0440637469291687,0.04745238646864891,0.024348696693778038,1.7147413492202759,2.418577194213867,1.9084950685501099,0.6177399754524231
456,29801,96,6,2,plus,12,0.1,0.1,0.016054220497608185,0.017742658033967018,20351.0,85227160.0,1512156.3550861925,102.34555887386328,3050.0,71.22661590576172,0.003998503088951111,0.03332260996103287,0.04898757115006447,0.019731642678380013,0.017863517627120018,0.013543943874537945,8.574448585510254,3.511550188064575,4.462161540985107,0.47644639015197754
456,29801,96,6,7,plus,12,0.1,0.1,0.01834116317331791,0.020270120352506638,31651.0,9901773.0,200710.1304132007,113.51968054763262,3383.0,18.03076934814453,0.0031880333553999662,0.013988914899528027,0.049588657915592194,0.04881652444601059,0.03754022717475891,0.029685191810131073,5.470731735229492,2.148503541946411,4.848639011383057,0.7454955577850342
456,29801,97,6,1,center_duplicate,-1,0.0,0.0,0.018187135457992554,0.018187135457992554,8602.0,21652664.0,393799.9331943989,84.9300359048354,2531.0,96.47991180419922,0.004879876971244812,0.02411128394305706,0.015877479687333107,0.0440637469291687,0.04745238646864891,0.024348696693778038,1.7147413492202759,2.418577194213867,1.9084950685501099,0.6177399754524231
456,29801,97,6,2,center_duplicate,-1,0.0,0.0,0.016054220497608185,0.016054220497608185,19731.0,71197144.0,1143014.6485759616,101.00332203617327,3010.0,71.22661590576172,0.003998503088951111,0.03332260996103287,0.04898757115006447,0.019731642678380013,0.017863517627120018,0.013543943874537945,8.574448585510254,3.511550188064575,4.462161540985107,0.47644639015197754
456,29801,97,6,7,center_duplicate,-1,0.0,0.0,0.01834116317331791,0.01834116317331791,30231.0,8185058.0,150123.48436107114,110.8352068722526,3303.0,18.03076934814453,0.0031880333553999662,0.013988914899528027,0.049588657915592194,0.04881652444601059,0.03754022717475891,0.029685191810131073,5.470731735229492,2.148503541946411,4.848639011383057,0.7454955577850342
456,29801,98,7,1,minus,0,-0.1,0.1,0.005644886288791895,0.005107704550027847,8393.0,6462656.5,33009.34001031704,92.94990101003322,2770.0,52.32191848754883,0.001907689031213522,0.028657300397753716,0.013177522458136082,0.02046092227101326,0.031077144667506218,0.049670636653900146,6.481612205505371,0.2743898928165436,1.009099006652832,0.3861621022224426
456,29801,98,7,2,minus,0,-0.1,0.1,0.01847972720861435,0.016721148043870926,1399.0,241.51611328125,4.038426685156082,21.811348612462666,650.0,1.9274224042892456,0.0006420366116799414,0.020790288224816322,0.027660297229886055,0.02674812823534012,0.03037550114095211,0.03694647178053856,4.407487869262695,6.496186256408691,3.348017930984497,0.552773118019104
456,29801,98,7,7,minus,0,-0.1,0.1,0.006495960056781769,0.005877787712961435,11796.0,6172527.5,36280.806297416566,73.95724975671956,2204.0,81.40618896484375,0.0025993387680500746,0.016788994893431664,0.04067101329565048,0.03674013912677765,0.012556415051221848,0.04945344105362892,7.4825053215026855,6.3737263679504395,0.6165230870246887,0.23225137591362
456,29801,99,7,1,minus,1,-0.05,0.05,0.005644886288791895,0.005369582213461399,8716.0,6752843.5,36259.94834788842,93.92302271735848,2799.0,52.32191848754883,0.001907689031213522,0.028657300397753716,0.013177522458136082,0.02046092227101326,0.031077144667506218,0.049670636653900146,6.481612205505371,0.2743898928165436,1.009099006652832,0.3861621022224426
456,29801,99,7,2,minus,1,-0.05,0.05,0.01847972720861435,0.01757846027612686,1430.0,273.40435791015625,4.8060276448436525,22.549578873192175,672.0,1.9274224042892456,0.0006420366116799414,0.020790288224816322,0.027660297229886055,0.02674812823534012,0.03037550114095211,0.03694647178053856,4.407487869262695,6.496186256408691,3.348017930984497,0.552773118019104
456,29801,99,7,7,minus,1,-0.05,0.05,0.006495960056781769,0.006179148331284523,12316.0,6502990.5,40182.942896434106,75.43371027817858,2248.0,81.40618896484375,0.0025993387680500746,0.016788994893431664,0.04067101329565048,0.03674013912677765,0.012556415051221848,0.04945344105362892,7.4825053215026855,6.3737263679504395,0.6165230870246887,0.23225137591362
456,29801,100,7,1,minus,2,-0.02,0.02,0.005644886288791895,0.00553310988470912,8773.0,7430607.0,41114.36504108878,94.45991745243448,2815.0,52.32191848754883,0.001907689031213522,0.028657300397753716,0.013177522458136082,0.02046092227101326,0.031077144667506218,0.049670636653900146,6.481612205505371,0.2743898928165436,1.009099006652832,0.3861621022224426
456,29801,100,7,2,minus,2,-0.02,0.02,0.01847972720861435,0.01811380498111248,1458.0,433.31866455078125,7.849049784348949,23.01936176638368,686.0,1.9274224042892456,0.0006420366116799414,0.020790288224816322,0.027660297229886055,0.02674812823534012,0.03037550114095211,0.03694647178053856,4.407487869262695,6.496186256408691,3.348017930984497,0.552773118019104
456,29801,100,7,7,minus,2,-0.02,0.02,0.006495960056781769,0.006367331370711327,12404.0,7288868.0,46410.637873373926,75.76926948760108,2258.0,81.40618896484375,0.0025993387680500746,0.016788994893431664,0.04067101329565048,0.03674013912677765,0.012556415051221848,0.04945344105362892,7.4825053215026855,6.3737263679504395,0.6165230870246887,0.23225137591362
456,29801,101,7,1,minus,3,-0.01,0.01,0.005644886288791895,0.005588718689978123,8841.0,7170860.5,40075.922099575866,94.79547666185698,2825.0,52.32191848754883,0.001907689031213522,0.028657300397753716,0.013177522458136082,0.02046092227101326,0.031077144667506218,0.049670636653900146,6.481612205505371,0.2743898928165436,1.009099006652832,0.3861621022224426
456,29801,101,7,2,minus,3,-0.01,0.01,0.01847972720861435,0.018295850604772568,1507.0,422.6099853515625,7.732009156077311,23.22069729203718,692.0,1.9274224042892456,0.0006420366116799414,0.020790288224816322,0.027660297229886055,0.02674812823534012,0.03037550114095211,0.03694647178053856,4.407487869262695,6.496186256408691,3.348017930984497,0.552773118019104
456,29801,101,7,7,minus,3,-0.01,0.01,0.006495960056781769,0.006431324407458305,12355.0,7762880.0,49925.59961616993,75.80282540854333,2259.0,81.40618896484375,0.0025993387680500746,0.016788994893431664,0.04067101329565048,0.03674013912677765,0.012556415051221848,0.04945344105362892,7.4825053215026855,6.3737263679504395,0.6165230870246887,0.23225137591362
456,29801,102,7,1,minus,4,-0.005,0.005,0.005644886288791895,0.005616732407361269,8974.0,7089572.0,39820.22880672105,94.89614442468373,2828.0,52.32191848754883,0.001907689031213522,0.028657300397753716,0.013177522458136082,0.02046092227101326,0.031077144667506218,0.049670636653900146,6.481612205505371,0.2743898928165436,1.009099006652832,0.3861621022224426
456,29801,102,7,2,minus,4,-0.005,0.005,0.01847972720861435,0.018387557938694954,1486.0,405.8140869140625,7.461930035470914,23.32136505486393,695.0,1.9274224042892456,0.0006420366116799414,0.020790288224816322,0.027660297229886055,0.02674812823534012,0.03037550114095211,0.03694647178053856,4.407487869262695,6.496186256408691,3.348017930984497,0.552773118019104
456,29801,102,7,7,minus,4,-0.005,0.005,0.006495960056781769,0.0064635612070560455,12478.0,7897928.0,51048.74103692174,75.90349317137009,2262.0,81.40618896484375,0.0025993387680500746,0.016788994893431664,0.04067101329565048,0.03674013912677765,0.012556415051221848,0.04945344105362892,7.4825053215026855,6.3737263679504395,0.6165230870246887,0.23225137591362
456,29801,103,7,1,minus,5,-0.0025,0.0025,0.005644886288791895,0.005630791652947664,9000.0,7156790.0,40298.393393899314,94.96325626656822,2830.0,52.32191848754883,0.001907689031213522,0.028657300397753716,0.013177522458136082,0.02046092227101326,0.031077144667506218,0.049670636653900146,6.481612205505371,0.2743898928165436,1.009099006652832,0.3861621022224426
456,29801,103,7,2,minus,5,-0.0025,0.0025,0.01847972720861435,0.0184335857629776,1483.0,405.8089294433594,7.480513704276291,23.48914465957518,700.0,1.9274224042892456,0.0006420366116799414,0.020790288224816322,0.027660297229886055,0.02674812823534012,0.03037550114095211,0.03694647178053856,4.407487869262695,6.496186256408691,3.348017930984497,0.552773118019104
456,29801,103,7,7,minus,5,-0.0025,0.0025,0.006495960056781769,0.006479740142822266,12443.0,7785460.5,50447.76093220711,75.86993725042784,2261.0,81.40618896484375,0.0025993387680500746,0.016788994893431664,0.04067101329565048,0.03674013912677765,0.012556415051221848,0.04945344105362892,7.4825053215026855,6.3737263679504395,0.6165230870246887,0.23225137591362
456,29801,104,7,1,center,6,0.0,0.0,0.005644886288791895,0.005644886288791895,8999.0,7274752.5,41065.15064160456,94.86258850374148,2827.0,52.32191848754883,0.001907689031213522,0.028657300397753716,0.013177522458136082,0.02046092227101326,0.031077144667506218,0.049670636653900146,6.481612205505371,0.2743898928165436,1.009099006652832,0.3861621022224426
456,29801,104,7,2,center,6,0.0,0.0,0.01847972720861435,0.01847972720861435,1489.0,272.8026428222656,5.041318421144524,23.556256501459682,702.0,1.9274224042892456,0.0006420366116799414,0.020790288224816322,0.027660297229886055,0.02674812823534012,0.03037550114095211,0.03694647178053856,4.407487869262695,6.496186256408691,3.348017930984497,0.552773118019104
456,29801,104,7,7,center,6,0.0,0.0,0.006495960056781769,0.006495960056781769,12451.0,7947989.5,51629.8223237209,75.93704909231234,2263.0,81.40618896484375,0.0025993387680500746,0.016788994893431664,0.04067101329565048,0.03674013912677765,0.012556415051221848,0.04945344105362892,7.4825053215026855,6.3737263679504395,0.6165230870246887,0.23225137591362
456,29801,105,7,1,plus,7,0.0025,0.0025,0.005644886288791895,0.005659016314893961,9067.0,7280862.5,41202.51967399963,94.92970034562597,2829.0,52.32191848754883,0.001907689031213522,0.028657300397753716,0.013177522458136082,0.02046092227101326,0.031077144667506218,0.049670636653900146,6.481612205505371,0.2743898928165436,1.009099006652832,0.3861621022224426
456,29801,105,7,2,plus,7,0.0025,0.0025,0.01847972720861435,0.01852598413825035,1471.0,154.35923767089844,2.8596567886834805,23.65692426428643,705.0,1.9274224042892456,0.0006420366116799414,0.020790288224816322,0.027660297229886055,0.02674812823534012,0.03037550114095211,0.03694647178053856,4.407487869262695,6.496186256408691,3.348017930984497,0.552773118019104
456,29801,105,7,7,plus,7,0.0025,0.0025,0.006495960056781769,0.006512220483273268,12456.0,7976514.5,51944.82111202623,76.03771685513908,2266.0,81.40618896484375,0.0025993387680500746,0.016788994893431664,0.04067101329565048,0.03674013912677765,0.012556415051221848,0.04945344105362892,7.4825053215026855,6.3737263679504395,0.6165230870246887,0.23225137591362
456,29801,106,7,1,plus,8,0.005,0.005,0.005644886288791895,0.005673181265592575,9199.0,7625702.0,43261.98972339183,95.06392402939498,2833.0,52.32191848754883,0.001907689031213522,0.028657300397753716,0.013177522458136082,0.02046092227101326,0.031077144667506218,0.049670636653900146,6.481612205505371,0.2743898928165436,1.009099006652832,0.3861621022224426
456,29801,106,7,2,plus,8,0.005,0.005,0.01847972720861435,0.018572356551885605,1474.0,153.9671173095703,2.8595321999393377,23.757592027113184,708.0,1.9274224042892456,0.0006420366116799414,0.020790288224816322,0.027660297229886055,0.02674812823534012,0.03037550114095211,0.03694647178053856,4.407487869262695,6.496186256408691,3.348017930984497,0.552773118019104
456,29801,106,7,7,plus,8,0.005,0.005,0.006495960056781769,0.006528520956635475,12475.0,8028527.0,52414.40677041374,76.13838461796584,2269.0,81.40618896484375,0.0025993387680500746,0.016788994893431664,0.04067101329565048,0.03674013912677765,0.012556415051221848,0.04945344105362892,7.4825053215026855,6.3737263679504395,0.6165230870246887,0.23225137591362
456,29801,107,7,1,plus,9,0.01,0.01,0.005644886288791895,0.005701618269085884,9293.0,7744859.0,44158.22956589423,95.33237139693298,2841.0,52.32191848754883,0.001907689031213522,0.028657300397753716,0.013177522458136082,0.02046092227101326,0.031077144667506218,0.049670636653900146,6.481612205505371,0.2743898928165436,1.009099006652832,0.3861621022224426
456,29801,107,7,2,plus,9,0.01,0.01,0.01847972720861435,0.018665451556444168,1494.0,156.12542724609375,2.9141515989911113,23.824703868997684,710.0,1.9274224042892456,0.0006420366116799414,0.020790288224816322,0.027660297229886055,0.02674812823534012,0.03037550114095211,0.03694647178053856,4.407487869262695,6.496186256408691,3.348017930984497,0.552773118019104
456,29801,107,7,7,plus,9,0.01,0.01,0.006495960056781769,0.006561245769262314,12622.0,7985981.5,52397.98733028211,76.30616422267708,2274.0,81.40618896484375,0.0025993387680500746,0.016788994893431664,0.04067101329565048,0.03674013912677765,0.012556415051221848,0.04945344105362892,7.4825053215026855,6.3737263679504395,0.6165230870246887,0.23225137591362
456,29801,108,7,1,plus,10,0.02,0.02,0.005644886288791895,0.005758920684456825,9307.0,7337252.0,42254.65230987221,95.39948323881748,2843.0,52.32191848754883,0.001907689031213522,0.028657300397753716,0.013177522458136082,0.02046092227101326,0.031077144667506218,0.049670636653900146,6.481612205505371,0.2743898928165436,1.009099006652832,0.3861621022224426
456,29801,108,7,2,plus,10,0.02,0.02,0.01847972720861435,0.018853042274713516,1522.0,127.67586517333984,2.407078483573599,23.958927552766685,714.0,1.9274224042892456,0.0006420366116799414,0.020790288224816322,0.027660297229886055,0.02674812823534012,0.03037550114095211,0.03694647178053856,4.407487869262695,6.496186256408691,3.348017930984497,0.552773118019104
456,29801,108,7,7,plus,10,0.02,0.02,0.006495960056781769,0.006627187132835388,12704.0,7665600.5,50801.36899905652,76.3732760645616,2276.0,81.40618896484375,0.0025993387680500746,0.016788994893431664,0.04067101329565048,0.03674013912677765,0.012556415051221848,0.04945344105362892,7.4825053215026855,6.3737263679504395,0.6165230870246887,0.23225137591362
456,29801,109,7,1,plus,11,0.05,0.05,0.005644886288791895,0.005934305489063263,9410.0,8200443.0,48663.93390765041,96.64105231368075,2880.0,52.32191848754883,0.001907689031213522,0.028657300397753716,0.013177522458136082,0.02046092227101326,0.031077144667506218,0.049670636653900146,6.481612205505371,0.2743898928165436,1.009099006652832,0.3861621022224426
456,29801,109,7,2,plus,11,0.05,0.05,0.01847972720861435,0.01942720264196396,1571.0,709.9485473632812,13.792314294994412,25.200496627629942,751.0,1.9274224042892456,0.0006420366116799414,0.020790288224816322,0.027660297229886055,0.02674812823534012,0.03037550114095211,0.03694647178053856,4.407487869262695,6.496186256408691,3.348017930984497,0.552773118019104
456,29801,109,7,7,plus,11,0.05,0.05,0.006495960056781769,0.006829014979302883,12832.0,8224754.5,56166.971681588795,76.77594711586859,2288.0,81.40618896484375,0.0025993387680500746,0.016788994893431664,0.04067101329565048,0.03674013912677765,0.012556415051221848,0.04945344105362892,7.4825053215026855,6.3737263679504395,0.6165230870246887,0.23225137591362
456,29801,110,7,1,plus,12,0.1,0.1,0.005644886288791895,0.006238564383238554,9579.0,8815265.0,54994.59825780941,97.64772994194826,2910.0,52.32191848754883,0.001907689031213522,0.028657300397753716,0.013177522458136082,0.02046092227101326,0.031077144667506218,0.049670636653900146,6.481612205505371,0.2743898928165436,1.009099006652832,0.3861621022224426
456,29801,110,7,2,plus,12,0.1,0.1,0.01847972720861435,0.02042325772345066,1701.0,2691.201904296875,54.96311007729628,26.844736753800206,800.0,1.9274224042892456,0.0006420366116799414,0.020790288224816322,0.027660297229886055,0.02674812823534012,0.03037550114095211,0.03694647178053856,4.407487869262695,6.496186256408691,3.348017930984497,0.552773118019104
456,29801,110,7,7,plus,12,0.1,0.1,0.006495960056781769,0.007179146632552147,13555.0,8222975.0,59033.94328081049,78.55441092580786,2341.0,81.40618896484375,0.0025993387680500746,0.016788994893431664,0.04067101329565048,0.03674013912677765,0.012556415051221848,0.04945344105362892,7.4825053215026855,6.3737263679504395,0.6165230870246887,0.23225137591362
456,29801,111,7,1,center_duplicate,-1,0.0,0.0,0.005644886288791895,0.005644886288791895,8999.0,7274752.5,41065.15064160456,94.86258850374148,2827.0,52.32191848754883,0.001907689031213522,0.028657300397753716,0.013177522458136082,0.02046092227101326,0.031077144667506218,0.049670636653900146,6.481612205505371,0.2743898928165436,1.009099006652832,0.3861621022224426
456,29801,111,7,2,center_duplicate,-1,0.0,0.0,0.01847972720861435,0.01847972720861435,1489.0,272.8026428222656,5.041318421144524,23.556256501459682,702.0,1.9274224042892456,0.0006420366116799414,0.020790288224816322,0.027660297229886055,0.02674812823534012,0.03037550114095211,0.03694647178053856,4.407487869262695,6.496186256408691,3.348017930984497,0.552773118019104
456,29801,111,7,7,center_duplicate,-1,0.0,0.0,0.006495960056781769,0.006495960056781769,12451.0,7947989.5,51629.8223237209,75.93704909231234,2263.0,81.40618896484375,0.0025993387680500746,0.016788994893431664,0.04067101329565048,0.03674013912677765,0.012556415051221848,0.04945344105362892,7.4825053215026855,6.3737263679504395,0.6165230870246887,0.23225137591362
