seed,sim_len,row_index,init_id,cell,row_kind,offset_index,log_offset,epsilon,center_gain,gain,loss,analytic_gradient_gain,analytic_gradient_log_gain,firing_rate_hz,spike_count,center_Strf_alpha,center_output_ad,center_on_ron_gSYN,center_off_ron_gSYN,center_on_sonoff_gSYN,center_off_sonoff_gSYN,center_sonoff_ron_gSYN,center_abs_ref,center_rel_ref_a,center_rel_ref_b,center_rel_ref_c
123,29801,0,0,1,minus,0,-0.1,0.1,0.010369358584284782,0.009382584132254124,5851.0,-7835.548828125,-73.51769610226802,34.562598570517764,1030.0,6.626354694366455,0.0035706069320440292,0.017586013302206993,0.0440235361456871,0.036416418850421906,0.015820348635315895,0.03075505420565605,9.734742164611816,4.234930515289307,6.025596618652344,0.5770443677902222
123,29801,0,0,2,minus,0,-0.1,0.1,0.0017865144181996584,0.0016165050910785794,8817.0,5135675.0,8301.844783624983,68.48763464313278,2041.0,59.34796905517578,0.003477817866951227,0.03811865672469139,0.019889790564775467,0.039781637489795685,0.045002952218055725,0.024391407147049904,3.5100626945495605,4.31492280960083,8.399785995483398,0.2598817050457001
123,29801,0,0,7,minus,0,-0.1,0.1,0.015980957075953484,0.014460167847573757,42143.0,180582304.0,2611250.42614159,133.3847857454448,3975.0,59.11423873901367,0.004803546704351902,0.04223012551665306,0.038019679486751556,0.04160550981760025,0.04478614404797554,0.020792031660676003,4.51259708404541,8.273573875427246,6.738358020782471,0.34646177291870117
123,29801,1,0,1,minus,1,-0.05,0.05,0.010369358584284782,0.009863639250397682,5590.0,-4271.95947265625,-42.13706713060037,36.40817422234153,1085.0,6.626354694366455,0.0035706069320440292,0.017586013302206993,0.0440235361456871,0.036416418850421906,0.015820348635315895,0.03075505420565605,9.734742164611816,4.234930515289307,6.025596618652344,0.5770443677902222
123,29801,1,0,2,minus,1,-0.05,0.05,0.0017865144181996584,0.0016993851168081164,9427.0,5806744.0,9867.89433071483,70.8365491090903,2111.0,59.34796905517578,0.003477817866951227,0.03811865672469139,0.019889790564775467,0.039781637489795685,0.045002952218055725,0.024391407147049904,3.5100626945495605,4.31492280960083,8.399785995483398,0.2598817050457001
123,29801,1,0,7,minus,1,-0.05,0.05,0.015980957075953484,0.01520155742764473,42815.0,213186096.0,3240760.6811193824,134.5256870574813,4009.0,59.11423873901367,0.004803546704351902,0.04223012551665306,0.038019679486751556,0.04160550981760025,0.04478614404797554,0.020792031660676003,4.51259708404541,8.273573875427246,6.738358020782471,0.34646177291870117
123,29801,2,0,1,minus,2,-0.02,0.02,0.010369358584284782,0.010164031758904457,5582.0,-2586.609619140625,-26.290382316833075,37.14640448307104,1107.0,6.626354694366455,0.0035706069320440292,0.017586013302206993,0.0440235361456871,0.036416418850421906,0.015820348635315895,0.03075505420565605,9.734742164611816,4.234930515289307,6.025596618652344,0.5770443677902222
123,29801,2,0,2,minus,2,-0.02,0.02,0.0017865144181996584,0.001751139061525464,9682.0,5629464.5,9857.975181420916,71.40699976510855,2128.0,59.34796905517578,0.003477817866951227,0.03811865672469139,0.019889790564775467,0.039781637489795685,0.045002952218055725,0.024391407147049904,3.5100626945495605,4.31492280960083,8.399785995483398,0.2598817050457001
123,29801,2,0,7,minus,2,-0.02,0.02,0.015980957075953484,0.015664512291550636,43327.0,219010176.0,3430687.593926668,135.02902587161503,4024.0,59.11423873901367,0.004803546704351902,0.04223012551665306,0.038019679486751556,0.04160550981760025,0.04478614404797554,0.020792031660676003,4.51259708404541,8.273573875427246,6.738358020782471,0.34646177291870117
123,29801,3,0,1,minus,3,-0.01,0.01,0.010369358584284782,0.010266182012856007,5557.0,-4326.71435546875,-44.41883709087915,37.179960404013286,1108.0,6.626354694366455,0.0035706069320440292,0.017586013302206993,0.0440235361456871,0.036416418850421906,0.015820348635315895,0.03075505420565605,9.734742164611816,4.234930515289307,6.025596618652344,0.5770443677902222
123,29801,3,0,2,minus,3,-0.01,0.01,0.0017865144181996584,0.0017687382642179728,9739.0,5601711.5,9907.961475159856,71.7090030535888,2137.0,59.34796905517578,0.003477817866951227,0.03811865672469139,0.019889790564775467,0.039781637489795685,0.045002952218055725,0.024391407147049904,3.5100626945495605,4.31492280960083,8.399785995483398,0.2598817050457001
123,29801,3,0,7,minus,3,-0.01,0.01,0.015980957075953484,0.015821943059563637,43607.0,230447840.0,3646132.6026794314,135.29747323915305,4032.0,59.11423873901367,0.004803546704351902,0.04223012551665306,0.038019679486751556,0.04160550981760025,0.04478614404797554,0.020792031660676003,4.51259708404541,8.273573875427246,6.738358020782471,0.34646177291870117
123,29801,4,0,1,minus,4,-0.005,0.005,0.010369358584284782,0.01031764131039381,5488.0,-4919.73486328125,-50.76005966157527,37.347740008724536,1113.0,6.626354694366455,0.0035706069320440292,0.017586013302206993,0.0440235361456871,0.036416418850421906,0.015820348635315895,0.03075505420565605,9.734742164611816,4.234930515289307,6.025596618652344,0.5770443677902222
123,29801,4,0,2,minus,4,-0.005,0.005,0.0017865144181996584,0.0017776041058823466,9832.0,5794034.0,10299.498628021916,72.0445622630113,2147.0,59.34796905517578,0.003477817866951227,0.03811865672469139,0.019889790564775467,0.039781637489795685,0.045002952218055725,0.024391407147049904,3.5100626945495605,4.31492280960083,8.399785995483398,0.2598817050457001
123,29801,4,0,7,minus,4,-0.005,0.005,0.015980957075953484,0.015901250764727592,43536.0,232043984.0,3689789.578030437,135.33102916009528,4033.0,59.11423873901367,0.004803546704351902,0.04223012551665306,0.038019679486751556,0.04160550981760025,0.04478614404797554,0.020792031660676003,4.51259708404541,8.273573875427246,6.738358020782471,0.34646177291870117
123,29801,5,0,1,minus,5,-0.0025,0.0025,0.010369358584284782,0.010343467816710472,5497.0,-5389.3037109375,-55.74408948856035,37.44840777155129,1116.0,6.626354694366455,0.0035706069320440292,0.017586013302206993,0.0440235361456871,0.036416418850421906,0.015820348635315895,0.03075505420565605,9.734742164611816,4.234930515289307,6.025596618652344,0.5770443677902222
123,29801,5,0,2,minus,5,-0.0025,0.0025,0.0017865144181996584,0.001782053615897894,9886.0,5680057.5,10122.167006382952,72.2458977886648,2153.0,59.34796905517578,0.003477817866951227,0.03811865672469139,0.019889790564775467,0.039781637489795685,0.045002952218055725,0.024391407147049904,3.5100626945495605,4.31492280960083,8.399785995483398,0.2598817050457001
123,29801,5,0,7,minus,5,-0.0025,0.0025,0.015980957075953484,0.01594105362892151,43630.0,230908976.0,3680932.3698153496,135.39814100197978,4035.0,59.11423873901367,0.004803546704351902,0.04223012551665306,0.038019679486751556,0.04160550981760025,0.04478614404797554,0.020792031660676003,4.51259708404541,8.273573875427246,6.738358020782471,0.34646177291870117
123,29801,6,0,1,center,6,0.0,0.0,0.010369358584284782,0.010369358584284782,5502.0,-5691.498046875,-59.017184129803354,37.41485185060904,1115.0,6.626354694366455,0.0035706069320440292,0.017586013302206993,0.0440235361456871,0.036416418850421906,0.015820348635315895,0.03075505420565605,9.734742164611816,4.234930515289307,6.025596618652344,0.5770443677902222
123,29801,6,0,2,center,6,0.0,0.0,0.0017865144181996584,0.0017865144181996584,9915.0,5592234.0,9990.606670946348,72.41367739337606,2158.0,59.34796905517578,0.003477817866951227,0.03811865672469139,0.019889790564775467,0.039781637489795685,0.045002952218055725,0.024391407147049904,3.5100626945495605,4.31492280960083,8.399785995483398,0.2598817050457001
123,29801,6,0,7,center,6,0.0,0.0,0.015980957075953484,0.015980957075953484,43657.0,232930912.0,3722458.906334698,135.43169692292204,4036.0,59.11423873901367,0.004803546704351902,0.04223012551665306,0.038019679486751556,0.04160550981760025,0.04478614404797554,0.020792031660676003,4.51259708404541,8.273573875427246,6.738358020782471,0.34646177291870117
123,29801,7,0,1,plus,7,0.0025,0.0025,0.010369358584284782,0.010395314544439316,5452.0,-4478.2548828125,-46.552868117007165,37.54907553437804,1119.0,6.626354694366455,0.0035706069320440292,0.017586013302206993,0.0440235361456871,0.036416418850421906,0.015820348635315895,0.03075505420565605,9.734742164611816,4.234930515289307,6.025596618652344,0.5770443677902222
123,29801,7,0,2,plus,7,0.0025,0.0025,0.0017865144181996584,0.0017909863963723183,9837.0,5734702.5,10270.774164742325,72.41367739337606,2158.0,59.34796905517578,0.003477817866951227,0.03811865672469139,0.019889790564775467,0.039781637489795685,0.045002952218055725,0.024391407147049904,3.5100626945495605,4.31492280960083,8.399785995483398,0.2598817050457001
123,29801,7,0,7,plus,7,0.0025,0.0025,0.015980957075953484,0.016020959243178368,43601.0,233094736.0,3734401.2652554214,135.43169692292204,4036.0,59.11423873901367,0.004803546704351902,0.04223012551665306,0.038019679486751556,0.04160550981760025,0.04478614404797554,0.020792031660676003,4.51259708404541,8.273573875427246,6.738358020782471,0.34646177291870117
123,29801,8,0,1,plus,8,0.005,0.005,0.010369358584284782,0.010421334765851498,5424.0,-4484.48291015625,-46.734297658478226,37.68329921814704,1123.0,6.626354694366455,0.0035706069320440292,0.017586013302206993,0.0440235361456871,0.036416418850421906,0.015820348635315895,0.03075505420565605,9.734742164611816,4.234930515289307,6.025596618652344,0.5770443677902222
123,29801,8,0,2,plus,8,0.005,0.005,0.0017865144181996584,0.0017954693175852299,9909.0,5758400.5,10339.031416117446,72.48078923526056,2160.0,59.34796905517578,0.003477817866951227,0.03811865672469139,0.019889790564775467,0.039781637489795685,0.045002952218055725,0.024391407147049904,3.5100626945495605,4.31492280960083,8.399785995483398,0.2598817050457001
123,29801,8,0,7,plus,8,0.005,0.005,0.015980957075953484,0.01606106199324131,43652.0,232018560.0,3726464.4757425785,135.46525284386428,4037.0,59.11423873901367,0.004803546704351902,0.04223012551665306,0.038019679486751556,0.04160550981760025,0.04478614404797554,0.020792031660676003,4.51259708404541,8.273573875427246,6.738358020782471,0.34646177291870117
123,29801,9,0,1,plus,9,0.01,0.01,0.010369358584284782,0.01047357264906168,5494.0,-1299.810791015625,-13.613662749736477,37.81752290191604,1127.0,6.626354694366455,0.0035706069320440292,0.017586013302206993,0.0440235361456871,0.036416418850421906,0.015820348635315895,0.03075505420565605,9.734742164611816,4.234930515289307,6.025596618652344,0.5770443677902222
123,29801,9,0,2,plus,9,0.01,0.01,0.0017865144181996584,0.0018044691532850266,10028.0,5874949.0,10601.164247622713,72.78279252374081,2169.0,59.34796905517578,0.003477817866951227,0.03811865672469139,0.019889790564775467,0.039781637489795685,0.045002952218055725,0.024391407147049904,3.5100626945495605,4.31492280960083,8.399785995483398,0.2598817050457001
123,29801,9,0,7,plus,9,0.01,0.01,0.015980957075953484,0.01614156924188137,43656.0,233181024.0,3763907.6447888017,135.46525284386428,4037.0,59.11423873901367,0.004803546704351902,0.04223012551665306,0.038019679486751556,0.04160550981760025,0.04478614404797554,0.020792031660676003,4.51259708404541,8.273573875427246,6.738358020782471,0.34646177291870117
123,29801,10,0,1,plus,10,0.02,0.02,0.010369358584284782,0.010578833520412445,5499.0,855.4815063476562,9.049996435443518,37.78396698097379,1126.0,6.626354694366455,0.0035706069320440292,0.017586013302206993,0.0440235361456871,0.036416418850421906,0.015820348635315895,0.03075505420565605,9.734742164611816,4.234930515289307,6.025596618652344,0.5770443677902222
123,29801,10,0,2,plus,10,0.02,0.02,0.0017865144181996584,0.0018226043321192265,10250.0,5921991.0,10793.44645137107,73.45391094258582,2189.0,59.34796905517578,0.003477817866951227,0.03811865672469139,0.019889790564775467,0.039781637489795685,0.045002952218055725,0.024391407147049904,3.5100626945495605,4.31492280960083,8.399785995483398,0.2598817050457001
123,29801,10,0,7,plus,10,0.02,0.02,0.015980957075953484,0.01630379445850849,44025.0,243234064.0,3965638.1847637,135.8679238951713,4049.0,59.11423873901367,0.004803546704351902,0.04223012551665306,0.038019679486751556,0.04160550981760025,0.04478614404797554,0.020792031660676003,4.51259708404541,8.273573875427246,6.738358020782471,0.34646177291870117
123,29801,11,0,1,plus,11,0.05,0.05,0.010369358584284782,0.010901006869971752,5274.0,-8828.60546875,-96.24068886711393,38.085970269454045,1135.0,6.626354694366455,0.0035706069320440292,0.017586013302206993,0.0440235361456871,0.036416418850421906,0.015820348635315895,0.03075505420565605,9.734742164611816,4.234930515289307,6.025596618652344,0.5770443677902222
123,29801,11,0,2,plus,11,0.05,0.05,0.0017865144181996584,0.0018781109247356653,10517.0,6122573.0,11498.871238791617,74.35992080802657,2216.0,59.34796905517578,0.003477817866951227,0.03811865672469139,0.019889790564775467,0.039781637489795685,0.045002952218055725,0.024391407147049904,3.5100626945495605,4.31492280960083,8.399785995483398,0.2598817050457001
123,29801,11,0,7,plus,11,0.05,0.05,0.015980957075953484,0.01680031791329384,44366.0,253051632.0,4251347.86607784,136.3377067883628,4063.0,59.11423873901367,0.004803546704351902,0.04223012551665306,0.038019679486751556,0.04160550981760025,0.04478614404797554,0.020792031660676003,4.51259708404541,8.273573875427246,6.738358020782471,0.34646177291870117
123,29801,12,0,1,plus,12,0.1,0.1,0.010369358584284782,0.011459914036095142,5159.0,-11969.8623046875,-137.17359303561443,39.394651186201806,1174.0,6.626354694366455,0.0035706069320440292,0.017586013302206993,0.0440235361456871,0.036416418850421906,0.015820348635315895,0.03075505420565605,9.734742164611816,4.234930515289307,6.025596618652344,0.5770443677902222
123,29801,12,0,2,plus,12,0.1,0.1,0.0017865144181996584,0.0019744038581848145,11201.0,6370287.0,12577.519230544567,76.44038790644609,2278.0,59.34796905517578,0.003477817866951227,0.03811865672469139,0.019889790564775467,0.039781637489795685,0.045002952218055725,0.024391407147049904,3.5100626945495605,4.31492280960083,8.399785995483398,0.2598817050457001
123,29801,12,0,7,plus,12,0.1,0.1,0.015980957075953484,0.01766168884932995,45478.0,291988608.0,5157011.942044973,137.67994362605282,4103.0,59.11423873901367,0.004803546704351902,0.04223012551665306,0.038019679486751556,0.04160550981760025,0.04478614404797554,0.020792031660676003,4.51259708404541,8.273573875427246,6.738358020782471,0.34646177291870117
123,29801,13,0,1,center_duplicate,-1,0.0,0.0,0.010369358584284782,0.010369358584284782,5502.0,-5691.498046875,-59.017184129803354,37.41485185060904,1115.0,6.626354694366455,0.0035706069320440292,0.017586013302206993,0.0440235361456871,0.036416418850421906,0.015820348635315895,0.03075505420565605,9.734742164611816,4.234930515289307,6.025596618652344,0.5770443677902222
123,29801,13,0,2,center_duplicate,-1,0.0,0.0,0.0017865144181996584,0.0017865144181996584,9915.0,5592234.0,9990.606670946348,72.41367739337606,2158.0,59.34796905517578,0.003477817866951227,0.03811865672469139,0.019889790564775467,0.039781637489795685,0.045002952218055725,0.024391407147049904,3.5100626945495605,4.31492280960083,8.399785995483398,0.2598817050457001
123,29801,13,0,7,center_duplicate,-1,0.0,0.0,0.015980957075953484,0.015980957075953484,43657.0,232930912.0,3722458.906334698,135.43169692292204,4036.0,59.11423873901367,0.004803546704351902,0.04223012551665306,0.038019679486751556,0.04160550981760025,0.04478614404797554,0.020792031660676003,4.51259708404541,8.273573875427246,6.738358020782471,0.34646177291870117
123,29801,14,1,1,minus,0,-0.1,0.1,0.00654630409553647,0.005923341028392315,39626.0,42295076.0,250528.15896977112,156.06858830240594,4651.0,82.565185546875,0.0040601445361971855,0.0467863455414772,0.03732769191265106,0.025265473872423172,0.03627234324812889,0.04088784381747246,1.3129640817642212,5.302206039428711,8.969371795654297,0.42847421765327454
123,29801,14,1,2,minus,0,-0.1,0.1,0.005940642673522234,0.005375315900892019,4296.0,851597.4375,4577.605246952648,49.79698667829938,1484.0,22.052663803100586,0.004763214383274317,0.012258819304406643,0.038533229380846024,0.03268948569893837,0.03575180843472481,0.025060711428523064,9.433023452758789,8.444083213806152,6.955045700073242,0.8759985566139221
123,29801,14,1,7,minus,0,-0.1,0.1,0.005434128455817699,0.004917002748697996,15667.0,6714595.0,33015.68207139382,85.0642595886044,2535.0,74.29742431640625,0.0021332968026399612,0.03313383460044861,0.024333057925105095,0.031500790268182755,0.029038436710834503,0.030220912769436836,8.710350036621094,3.6867733001708984,8.966926574707031,0.9366800785064697
123,29801,15,1,1,minus,1,-0.05,0.05,0.00654630409553647,0.006227037403732538,40879.0,45932816.0,286025.3632907644,157.74638434951845,4701.0,82.565185546875,0.0040601445361971855,0.0467863455414772,0.03732769191265106,0.025265473872423172,0.03627234324812889,0.04088784381747246,1.3129640817642212,5.302206039428711,8.969371795654297,0.42847421765327454
123,29801,15,1,2,minus,1,-0.05,0.05,0.005940642673522234,0.005650914274156094,4408.0,907856.125,5130.217135642539,50.70299654374014,1511.0,22.052663803100586,0.004763214383274317,0.012258819304406643,0.038533229380846024,0.03268948569893837,0.03575180843472481,0.025060711428523064,9.433023452758789,8.444083213806152,6.955045700073242,0.8759985566139221
123,29801,15,1,7,minus,1,-0.05,0.05,0.005434128455817699,0.005169102922081947,15792.0,6972582.0,36041.99399065599,85.63471024462265,2552.0,74.29742431640625,0.0021332968026399612,0.03313383460044861,0.024333057925105095,0.031500790268182755,0.029038436710834503,0.030220912769436836,8.710350036621094,3.6867733001708984,8.966926574707031,0.9366800785064697
123,29801,16,1,1,minus,2,-0.02,0.02,0.00654630409553647,0.006416678428649902,41809.0,49786280.0,319462.54891872406,159.49129223851548,4753.0,82.565185546875,0.0040601445361971855,0.0467863455414772,0.03732769191265106,0.025265473872423172,0.03627234324812889,0.04088784381747246,1.3129640817642212,5.302206039428711,8.969371795654297,0.42847421765327454
123,29801,16,1,2,minus,2,-0.02,0.02,0.005940642673522234,0.005823010113090277,4501.0,922218.8125,5370.089471669606,51.4747827254119,1534.0,22.052663803100586,0.004763214383274317,0.012258819304406643,0.038533229380846024,0.03268948569893837,0.03575180843472481,0.025060711428523064,9.433023452758789,8.444083213806152,6.955045700073242,0.8759985566139221
123,29801,16,1,7,minus,2,-0.02,0.02,0.005434128455817699,0.005326525773853064,16148.0,7046522.5,37533.483712285524,86.44005234723666,2576.0,74.29742431640625,0.0021332968026399612,0.03313383460044861,0.024333057925105095,0.031500790268182755,0.029038436710834503,0.030220912769436836,8.710350036621094,3.6867733001708984,8.966926574707031,0.9366800785064697
123,29801,17,1,1,minus,3,-0.01,0.01,0.00654630409553647,0.006481167394667864,42452.0,51643496.0,334710.14242186025,159.79329552699573,4762.0,82.565185546875,0.0040601445361971855,0.0467863455414772,0.03732769191265106,0.025265473872423172,0.03627234324812889,0.04088784381747246,1.3129640817642212,5.302206039428711,8.969371795654297,0.42847421765327454
123,29801,17,1,2,minus,3,-0.01,0.01,0.005940642673522234,0.005881532095372677,4524.0,921161.8125,5417.842765250418,51.50833864635415,1535.0,22.052663803100586,0.004763214383274317,0.012258819304406643,0.038533229380846024,0.03268948569893837,0.03575180843472481,0.025060711428523064,9.433023452758789,8.444083213806152,6.955045700073242,0.8759985566139221
123,29801,17,1,7,minus,3,-0.01,0.01,0.005434128455817699,0.005380058195441961,16377.0,6816667.0,36674.06515894877,86.74205563571692,2585.0,74.29742431640625,0.0021332968026399612,0.03313383460044861,0.024333057925105095,0.031500790268182755,0.029038436710834503,0.030220912769436836,8.710350036621094,3.6867733001708984,8.966926574707031,0.9366800785064697
123,29801,18,1,1,minus,4,-0.005,0.005,0.00654630409553647,0.006513654254376888,42732.0,52300332.0,340666.2800371237,160.33019026207174,4778.0,82.565185546875,0.0040601445361971855,0.0467863455414772,0.03732769191265106,0.025265473872423172,0.03627234324812889,0.04088784381747246,1.3129640817642212,5.302206039428711,8.969371795654297,0.42847421765327454
123,29801,18,1,2,minus,4,-0.005,0.005,0.005940642673522234,0.005911013577133417,4536.0,969449.6875,5730.430265160248,51.64256233012315,1539.0,22.052663803100586,0.004763214383274317,0.012258819304406643,0.038533229380846024,0.03268948569893837,0.03575180843472481,0.025060711428523064,9.433023452758789,8.444083213806152,6.955045700073242,0.8759985566139221
123,29801,18,1,7,minus,4,-0.005,0.005,0.005434128455817699,0.005407025571912527,16406.0,6815123.0,36849.54433672922,86.84272339854367,2588.0,74.29742431640625,0.0021332968026399612,0.03313383460044861,0.024333057925105095,0.031500790268182755,0.029038436710834503,0.030220912769436836,8.710350036621094,3.6867733001708984,8.966926574707031,0.9366800785064697
123,29801,19,1,1,minus,5,-0.0025,0.0025,0.00654630409553647,0.006529958453029394,43023.0,53065028.0,346512.4281488415,160.5650817086675,4785.0,82.565185546875,0.0040601445361971855,0.0467863455414772,0.03732769191265106,0.025265473872423172,0.03627234324812889,0.04088784381747246,1.3129640817642212,5.302206039428711,8.969371795654297,0.42847421765327454
123,29801,19,1,2,minus,5,-0.0025,0.0025,0.005940642673522234,0.005925809498876333,4526.0,970368.0625,5750.216282168723,51.64256233012315,1539.0,22.052663803100586,0.004763214383274317,0.012258819304406643,0.038533229380846024,0.03268948569893837,0.03575180843472481,0.025060711428523064,9.433023452758789,8.444083213806152,6.955045700073242,0.8759985566139221
123,29801,19,1,7,minus,5,-0.0025,0.0025,0.005434128455817699,0.0054205600172281265,16399.0,6787190.0,36790.37074333057,86.87627931948592,2589.0,74.29742431640625,0.0021332968026399612,0.03313383460044861,0.024333057925105095,0.031500790268182755,0.029038436710834503,0.030220912769436836,8.710350036621094,3.6867733001708984,8.966926574707031,0.9366800785064697
123,29801,20,1,1,center,6,0.0,0.0,0.00654630409553647,0.00654630409553647,42866.0,54076488.0,354001.1348666288,160.46441394584073,4782.0,82.565185546875,0.0040601445361971855,0.0467863455414772,0.03732769191265106,0.025265473872423172,0.03627234324812889,0.04088784381747246,1.3129640817642212,5.302206039428711,8.969371795654297,0.42847421765327454
123,29801,20,1,2,center,6,0.0,0.0,0.005940642673522234,0.005940642673522234,4535.0,956222.625,5680.576931462449,51.7432300929499,1542.0,22.052663803100586,0.004763214383274317,0.012258819304406643,0.038533229380846024,0.03268948569893837,0.03575180843472481,0.025060711428523064,9.433023452758789,8.444083213806152,6.955045700073242,0.8759985566139221
123,29801,20,1,7,center,6,0.0,0.0,0.005434128455817699,0.005434128455817699,16400.0,6968445.0,37867.42526730057,86.90983524042817,2590.0,74.29742431640625,0.0021332968026399612,0.03313383460044861,0.024333057925105095,0.031500790268182755,0.029038436710834503,0.030220912769436836,8.710350036621094,3.6867733001708984,8.966926574707031,0.9366800785064697
123,29801,21,1,1,plus,7,0.0025,0.0025,0.00654630409553647,0.00656269071623683,43293.0,52943428.0,347451.343421353,160.632193550552,4787.0,82.565185546875,0.0040601445361971855,0.0467863455414772,0.03732769191265106,0.025265473872423172,0.03627234324812889,0.04088784381747246,1.3129640817642212,5.302206039428711,8.969371795654297,0.42847421765327454
123,29801,21,1,2,plus,7,0.0025,0.0025,0.005940642673522234,0.005955513101071119,4552.0,938710.1875,5590.500819765177,51.64256233012315,1539.0,22.052663803100586,0.004763214383274317,0.012258819304406643,0.038533229380846024,0.03268948569893837,0.03575180843472481,0.025060711428523064,9.433023452758789,8.444083213806152,6.955045700073242,0.8759985566139221
123,29801,21,1,7,plus,7,0.0025,0.0025,0.005434128455817699,0.005447730887681246,16402.0,6879421.5,37477.23699492845,86.90983524042817,2590.0,74.29742431640625,0.0021332968026399612,0.03313383460044861,0.024333057925105095,0.031500790268182755,0.029038436710834503,0.030220912769436836,8.710350036621094,3.6867733001708984,8.966926574707031,0.9366800785064697
123,29801,22,1,1,plus,8,0.005,0.005,0.00654630409553647,0.006579117383807898,43210.0,52769240.0,347175.02421433106,160.66574947149422,4788.0,82.565185546875,0.0040601445361971855,0.0467863455414772,0.03732769191265106,0.025265473872423172,0.03627234324812889,0.04088784381747246,1.3129640817642212,5.302206039428711,8.969371795654297,0.42847421765327454
123,29801,22,1,2,plus,8,0.005,0.005,0.005940642673522234,0.005970420315861702,4521.0,909362.875,5429.278583390405,51.6090064091809,1538.0,22.052663803100586,0.004763214383274317,0.012258819304406643,0.038533229380846024,0.03268948569893837,0.03575180843472481,0.025060711428523064,9.433023452758789,8.444083213806152,6.955045700073242,0.8759985566139221
123,29801,22,1,7,plus,8,0.005,0.005,0.005434128455817699,0.005461367312818766,16321.0,7245328.0,39569.39750985056,86.74205563571692,2585.0,74.29742431640625,0.0021332968026399612,0.03313383460044861,0.024333057925105095,0.031500790268182755,0.029038436710834503,0.030220912769436836,8.710350036621094,3.6867733001708984,8.966926574707031,0.9366800785064697
123,29801,23,1,1,plus,9,0.01,0.01,0.00654630409553647,0.006612095516175032,43564.0,52752140.0,348802.18836263753,160.93419683903224,4796.0,82.565185546875,0.0040601445361971855,0.0467863455414772,0.03732769191265106,0.025265473872423172,0.03627234324812889,0.04088784381747246,1.3129640817642212,5.302206039428711,8.969371795654297,0.42847421765327454
123,29801,23,1,2,plus,9,0.01,0.01,0.005940642673522234,0.0060003469698131084,4481.0,880349.9375,5282.405079853284,51.6761182510654,1540.0,22.052663803100586,0.004763214383274317,0.012258819304406643,0.038533229380846024,0.03268948569893837,0.03575180843472481,0.025060711428523064,9.433023452758789,8.444083213806152,6.955045700073242,0.8759985566139221
123,29801,23,1,7,plus,9,0.01,0.01,0.005434128455817699,0.005488742608577013,16350.0,7482765.0,41070.97108546877,86.84272339854367,2588.0,74.29742431640625,0.0021332968026399612,0.03313383460044861,0.024333057925105095,0.031500790268182755,0.029038436710834503,0.030220912769436836,8.710350036621094,3.6867733001708984,8.966926574707031,0.9366800785064697
123,29801,24,1,1,plus,10,0.02,0.02,0.00654630409553647,0.00667854817584157,43589.0,55411508.0,370068.42567403056,161.33686789033925,4808.0,82.565185546875,0.0040601445361971855,0.0467863455414772,0.03732769191265106,0.025265473872423172,0.03627234324812889,0.04088784381747246,1.3129640817642212,5.302206039428711,8.969371795654297,0.42847421765327454
123,29801,24,1,2,plus,10,0.02,0.02,0.005940642673522234,0.006060651503503323,4541.0,927674.1875,5622.309959233098,51.9445656186034,1548.0,22.052663803100586,0.004763214383274317,0.012258819304406643,0.038533229380846024,0.03268948569893837,0.03575180843472481,0.025060711428523064,9.433023452758789,8.444083213806152,6.955045700073242,0.8759985566139221
123,29801,24,1,7,plus,10,0.02,0.02,0.005434128455817699,0.005543904844671488,16483.0,7610879.0,42193.98896030849,87.27895037079293,2601.0,74.29742431640625,0.0021332968026399612,0.03313383460044861,0.024333057925105095,0.031500790268182755,0.029038436710834503,0.030220912769436836,8.710350036621094,3.6867733001708984,8.966926574707031,0.9366800785064697
123,29801,25,1,1,plus,11,0.05,0.05,0.00654630409553647,0.0068819401785731316,44495.0,58182604.0,400409.2001616098,162.74621656991374,4850.0,82.565185546875,0.0040601445361971855,0.0467863455414772,0.03732769191265106,0.025265473872423172,0.03627234324812889,0.04088784381747246,1.3129640817642212,5.302206039428711,8.969371795654297,0.42847421765327454
123,29801,25,1,2,plus,11,0.05,0.05,0.005940642673522234,0.006245225667953491,4768.0,940519.125,5873.754180651158,52.64923995839065,1569.0,22.052663803100586,0.004763214383274317,0.012258819304406643,0.038533229380846024,0.03268948569893837,0.03575180843472481,0.025060711428523064,9.433023452758789,8.444083213806152,6.955045700073242,0.8759985566139221
123,29801,25,1,7,plus,11,0.05,0.05,0.005434128455817699,0.005712741985917091,16756.0,8129469.0,46441.55887951143,88.25207207811818,2630.0,74.29742431640625,0.0021332968026399612,0.03313383460044861,0.024333057925105095,0.031500790268182755,0.029038436710834503,0.030220912769436836,8.710350036621094,3.6867733001708984,8.966926574707031,0.9366800785064697
123,29801,26,1,1,plus,12,0.1,0.1,0.00654630409553647,0.0072347852401435375,46086.0,62447208.0,451792.13872657344,164.79312774739103,4911.0,82.565185546875,0.0040601445361971855,0.0467863455414772,0.03732769191265106,0.025265473872423172,0.03627234324812889,0.04088784381747246,1.3129640817642212,5.302206039428711,8.969371795654297,0.42847421765327454
123,29801,26,1,2,plus,12,0.1,0.1,0.005940642673522234,0.006565426010638475,4872.0,978657.375,6425.302585328172,53.32035837723566,1589.0,22.052663803100586,0.004763214383274317,0.012258819304406643,0.038533229380846024,0.03268948569893837,0.03575180843472481,0.025060711428523064,9.433023452758789,8.444083213806152,6.955045700073242,0.8759985566139221
123,29801,26,1,7,plus,12,0.1,0.1,0.005434128455817699,0.00600564107298851,17079.0,8497092.0,51030.484716162086,88.95674641790544,2651.0,74.29742431640625,0.0021332968026399612,0.03313383460044861,0.024333057925105095,0.031500790268182755,0.029038436710834503,0.030220912769436836,8.710350036621094,3.6867733001708984,8.966926574707031,0.9366800785064697
123,29801,27,1,1,center_duplicate,-1,0.0,0.0,0.00654630409553647,0.00654630409553647,42866.0,54076488.0,354001.1348666288,160.46441394584073,4782.0,82.565185546875,0.0040601445361971855,0.0467863455414772,0.03732769191265106,0.025265473872423172,0.03627234324812889,0.04088784381747246,1.3129640817642212,5.302206039428711,8.969371795654297,0.42847421765327454
123,29801,27,1,2,center_duplicate,-1,0.0,0.0,0.005940642673522234,0.005940642673522234,4535.0,956222.625,5680.576931462449,51.7432300929499,1542.0,22.052663803100586,0.004763214383274317,0.012258819304406643,0.038533229380846024,0.03268948569893837,0.03575180843472481,0.025060711428523064,9.433023452758789,8.444083213806152,6.955045700073242,0.8759985566139221
123,29801,27,1,7,center_duplicate,-1,0.0,0.0,0.005434128455817699,0.005434128455817699,16400.0,6968445.0,37867.42526730057,86.90983524042817,2590.0,74.29742431640625,0.0021332968026399612,0.03313383460044861,0.024333057925105095,0.031500790268182755,0.029038436710834503,0.030220912769436836,8.710350036621094,3.6867733001708984,8.966926574707031,0.9366800785064697
123,29801,28,2,1,minus,0,-0.1,0.1,0.01662660576403141,0.015044375322759151,81135.0,164285872.0,2471578.3185947686,216.23435455186066,6444.0,48.48685836791992,0.0011892077745869756,0.04431956261396408,0.030409296974539757,0.045158885419368744,0.02953779138624668,0.03650172799825668,3.901416301727295,9.861052513122559,3.3765461444854736,0.8627018332481384
123,29801,28,2,2,minus,0,-0.1,0.1,0.01005376223474741,0.009097020141780376,229026.0,182036816.0,1655992.5816975683,296.39944968289655,8833.0,75.7269058227539,0.0007651544292457402,0.04488987848162651,0.021788086742162704,0.04174017533659935,0.025246916338801384,0.03339438885450363,2.15057635307312,6.021400451660156,0.422410249710083,0.3041475713253021
123,29801,28,2,7,minus,0,-0.1,0.1,0.002189736580476165,0.0019813557155430317,12414.0,2774481.0,5497.233787015546,76.30616422267708,2274.0,47.99076843261719,0.00030573076219297945,0.025789793580770493,0.03251266852021217,0.021878911182284355,0.045277129858732224,0.017795966938138008,8.833017349243164,8.9212064743042,2.1577820777893066,0.5844389796257019
123,29801,29,2,1,minus,1,-0.05,0.05,0.01662660576403141,0.015815716236829758,82324.0,187611472.0,2967209.8039259315,217.37525586389717,6478.0,48.48685836791992,0.0011892077745869756,0.04431956261396408,0.030409296974539757,0.045158885419368744,0.02953779138624668,0.03650172799825668,3.901416301727295,9.861052513122559,3.3765461444854736,0.8627018332481384
123,29801,29,2,2,minus,1,-0.05,0.05,0.01005376223474741,0.00956343486905098,235671.0,193632240.0,1851789.3157884479,300.25838059125533,8948.0,75.7269058227539,0.0007651544292457402,0.04488987848162651,0.021788086742162704,0.04174017533659935,0.025246916338801384,0.03339438885450363,2.15057635307312,6.021400451660156,0.422410249710083,0.3041475713253021
123,29801,29,2,7,minus,1,-0.05,0.05,0.002189736580476165,0.002082941820845008,12840.0,3569072.75,7434.1708926133,77.4470655347136,2308.0,47.99076843261719,0.00030573076219297945,0.025789793580770493,0.03251266852021217,0.021878911182284355,0.045277129858732224,0.017795966938138008,8.833017349243164,8.9212064743042,2.1577820777893066,0.5844389796257019
123,29801,30,2,1,minus,2,-0.02,0.02,0.01662660576403141,0.01629737764596939,83416.0,193384544.0,3151660.944461584,218.21415388745342,6503.0,48.48685836791992,0.0011892077745869756,0.04431956261396408,0.030409296974539757,0.045158885419368744,0.02953779138624668,0.03650172799825668,3.901416301727295,9.861052513122559,3.3765461444854736,0.8627018332481384
123,29801,30,2,2,minus,2,-0.02,0.02,0.01005376223474741,0.009854684583842754,240184.0,202211424.0,1992729.8027696908,303.2448575551156,9037.0,75.7269058227539,0.0007651544292457402,0.04488987848162651,0.021788086742162704,0.04174017533659935,0.025246916338801384,0.03339438885450363,2.15057635307312,6.021400451660156,0.422410249710083,0.3041475713253021
123,29801,30,2,7,minus,2,-0.02,0.02,0.002189736580476165,0.002146376995369792,13056.0,3230904.0,6934.738019848242,78.0510721116741,2326.0,47.99076843261719,0.00030573076219297945,0.025789793580770493,0.03251266852021217,0.021878911182284355,0.045277129858732224,0.017795966938138008,8.833017349243164,8.9212064743042,2.1577820777893066,0.5844389796257019
123,29801,31,2,1,minus,3,-0.01,0.01,0.01662660576403141,0.016461167484521866,83273.0,196692320.0,3237785.22243917,218.24770980839568,6504.0,48.48685836791992,0.0011892077745869756,0.04431956261396408,0.030409296974539757,0.045158885419368744,0.02953779138624668,0.03650172799825668,3.901416301727295,9.861052513122559,3.3765461444854736,0.8627018332481384
123,29801,31,2,2,minus,3,-0.01,0.01,0.01005376223474741,0.009953726083040237,240888.0,203834240.0,2028910.1913046837,303.7817522901916,9053.0,75.7269058227539,0.0007651544292457402,0.04488987848162651,0.021788086742162704,0.04174017533659935,0.025246916338801384,0.03339438885450363,2.15057635307312,6.021400451660156,0.422410249710083,0.3041475713253021
123,29801,31,2,7,minus,3,-0.01,0.01,0.002189736580476165,0.0021679482888430357,13084.0,3330513.25,7220.380501306558,78.3195194792121,2334.0,47.99076843261719,0.00030573076219297945,0.025789793580770493,0.03251266852021217,0.021878911182284355,0.045277129858732224,0.017795966938138008,8.833017349243164,8.9212064743042,2.1577820777893066,0.5844389796257019
123,29801,32,2,1,minus,4,-0.005,0.005,0.01662660576403141,0.016543680801987648,83573.0,202338432.0,3347422.432982683,218.51615717593367,6512.0,48.48685836791992,0.0011892077745869756,0.04431956261396408,0.030409296974539757,0.045158885419368744,0.02953779138624668,0.03650172799825668,3.901416301727295,9.861052513122559,3.3765461444854736,0.8627018332481384
123,29801,32,2,2,minus,4,-0.005,0.005,0.01005376223474741,0.010003618896007538,241082.0,208457360.0,2085327.9855078459,303.9159759739606,9057.0,75.7269058227539,0.0007651544292457402,0.04488987848162651,0.021788086742162704,0.04174017533659935,0.025246916338801384,0.03339438885450363,2.15057635307312,6.021400451660156,0.422410249710083,0.3041475713253021
123,29801,32,2,7,minus,4,-0.005,0.005,0.002189736580476165,0.0021788151934742928,13162.0,3448639.25,7513.94759471179,78.4537431629811,2338.0,47.99076843261719,0.00030573076219297945,0.025789793580770493,0.03251266852021217,0.021878911182284355,0.045277129858732224,0.017795966938138008,8.833017349243164,8.9212064743042,2.1577820777893066,0.5844389796257019
123,29801,33,2,1,minus,5,-0.0025,0.0025,0.01662660576403141,0.01658509112894535,83652.0,205468992.0,3407721.956492543,218.54971309687593,6513.0,48.48685836791992,0.0011892077745869756,0.04431956261396408,0.030409296974539757,0.045158885419368744,0.02953779138624668,0.03650172799825668,3.901416301727295,9.861052513122559,3.3765461444854736,0.8627018332481384
123,29801,33,2,2,minus,5,-0.0025,0.0025,0.01005376223474741,0.010028659366071224,241806.0,207730992.0,2083263.3585440665,304.3186470252676,9069.0,75.7269058227539,0.0007651544292457402,0.04488987848162651,0.021788086742162704,0.04174017533659935,0.025246916338801384,0.03339438885450363,2.15057635307312,6.021400451660156,0.422410249710083,0.3041475713253021
123,29801,33,2,7,minus,5,-0.0025,0.0025,0.002189736580476165,0.002184269018471241,13239.0,3384834.25,7393.388584935339,78.55441092580786,2341.0,47.99076843261719,0.00030573076219297945,0.025789793580770493,0.03251266852021217,0.021878911182284355,0.045277129858732224,0.017795966938138008,8.833017349243164,8.9212064743042,2.1577820777893066,0.5844389796257019
123,29801,34,2,1,center,6,0.0,0.0,0.01662660576403141,0.01662660576403141,83725.0,206632320.0,3435594.122747183,218.7174927015872,6518.0,48.48685836791992,0.0011892077745869756,0.04431956261396408,0.030409296974539757,0.045158885419368744,0.02953779138624668,0.03650172799825668,3.901416301727295,9.861052513122559,3.3765461444854736,0.8627018332481384
123,29801,34,2,2,center,6,0.0,0.0,0.01005376223474741,0.01005376223474741,242640.0,209461904.0,2105880.1800534874,304.7213180765746,9081.0,75.7269058227539,0.0007651544292457402,0.04488987848162651,0.021788086742162704,0.04174017533659935,0.025246916338801384,0.03339438885450363,2.15057635307312,6.021400451660156,0.422410249710083,0.3041475713253021
123,29801,34,2,7,center,6,0.0,0.0,0.002189736580476165,0.002189736580476165,13276.0,3360888.75,7359.461038785812,78.5879668467501,2342.0,47.99076843261719,0.00030573076219297945,0.025789793580770493,0.03251266852021217,0.021878911182284355,0.045277129858732224,0.017795966938138008,8.833017349243164,8.9212064743042,2.1577820777893066,0.5844389796257019
123,29801,35,2,1,plus,7,0.0025,0.0025,0.01662660576403141,0.016668224707245827,83814.0,202950336.0,3382821.804859042,218.81816046441392,6521.0,48.48685836791992,0.0011892077745869756,0.04431956261396408,0.030409296974539757,0.045158885419368744,0.02953779138624668,0.03650172799825668,3.901416301727295,9.861052513122559,3.3765461444854736,0.8627018332481384
123,29801,35,2,2,plus,7,0.0025,0.0025,0.01005376223474741,0.01007892843335867,243169.0,210450096.0,2121111.4563774616,305.09043320693934,9092.0,75.7269058227539,0.0007651544292457402,0.04488987848162651,0.021788086742162704,0.04174017533659935,0.025246916338801384,0.03339438885450363,2.15057635307312,6.021400451660156,0.422410249710083,0.3041475713253021
123,29801,35,2,7,plus,7,0.0025,0.0025,0.002189736580476165,0.002195217879489064,13313.0,3398545.25,7460.547297052632,78.62152276769235,2343.0,47.99076843261719,0.00030573076219297945,0.025789793580770493,0.03251266852021217,0.021878911182284355,0.045277129858732224,0.017795966938138008,8.833017349243164,8.9212064743042,2.1577820777893066,0.5844389796257019
123,29801,36,2,1,plus,8,0.005,0.005,0.01662660576403141,0.01670994609594345,83876.0,204941504.0,3424561.484661579,218.95238414818294,6525.0,48.48685836791992,0.0011892077745869756,0.04431956261396408,0.030409296974539757,0.045158885419368744,0.02953779138624668,0.03650172799825668,3.901416301727295,9.861052513122559,3.3765461444854736,0.8627018332481384
123,29801,36,2,2,plus,8,0.005,0.005,0.01005376223474741,0.010104157030582428,242867.0,208855232.0,2110306.060786724,305.02332136505487,9090.0,75.7269058227539,0.0007651544292457402,0.04488987848162651,0.021788086742162704,0.04174017533659935,0.025246916338801384,0.03339438885450363,2.15057635307312,6.021400451660156,0.422410249710083,0.3041475713253021
123,29801,36,2,7,plus,8,0.005,0.005,0.002189736580476165,0.0022007126826792955,13320.0,3452490.75,7597.940180357953,78.6550786886346,2344.0,47.99076843261719,0.00030573076219297945,0.025789793580770493,0.03251266852021217,0.021878911182284355,0.045277129858732224,0.017795966938138008,8.833017349243164,8.9212064743042,2.1577820777893066,0.5844389796257019
123,29801,37,2,1,plus,9,0.01,0.01,0.01662660576403141,0.01679370552301407,84000.0,206766448.0,3472374.839751601,219.01949599006744,6527.0,48.48685836791992,0.0011892077745869756,0.04431956261396408,0.030409296974539757,0.045158885419368744,0.02953779138624668,0.03650172799825668,3.901416301727295,9.861052513122559,3.3765461444854736,0.8627018332481384
123,29801,37,2,2,plus,9,0.01,0.01,0.01005376223474741,0.010154804214835167,242840.0,212549728.0,2158400.8737564683,304.9897654441126,9089.0,75.7269058227539,0.0007651544292457402,0.04488987848162651,0.021788086742162704,0.04174017533659935,0.025246916338801384,0.03339438885450363,2.15057635307312,6.021400451660156,0.422410249710083,0.3041475713253021
123,29801,37,2,7,plus,9,0.01,0.01,0.002189736580476165,0.0022117437329143286,13386.0,3558500.25,7870.4906265115715,78.78930237240361,2348.0,47.99076843261719,0.00030573076219297945,0.025789793580770493,0.03251266852021217,0.021878911182284355,0.045277129858732224,0.017795966938138008,8.833017349243164,8.9212064743042,2.1577820777893066,0.5844389796257019
123,29801,38,2,1,plus,10,0.02,0.02,0.01662660576403141,0.016962485387921333,84037.0,218396896.0,3704554.157167375,219.05305191100967,6528.0,48.48685836791992,0.0011892077745869756,0.04431956261396408,0.030409296974539757,0.045158885419368744,0.02953779138624668,0.03650172799825668,3.901416301727295,9.861052513122559,3.3765461444854736,0.8627018332481384
123,29801,38,2,2,plus,10,0.02,0.02,0.01005376223474741,0.010256861336529255,244758.0,215347600.0,2208790.4723543674,306.0635549142646,9121.0,75.7269058227539,0.0007651544292457402,0.04488987848162651,0.021788086742162704,0.04174017533659935,0.025246916338801384,0.03339438885450363,2.15057635307312,6.021400451660156,0.422410249710083,0.3041475713253021
123,29801,38,2,7,plus,10,0.02,0.02,0.002189736580476165,0.0022339720744639635,13388.0,3256450.75,7274.82003736723,78.9906378980571,2354.0,47.99076843261719,0.00030573076219297945,0.025789793580770493,0.03251266852021217,0.021878911182284355,0.045277129858732224,0.017795966938138008,8.833017349243164,8.9212064743042,2.1577820777893066,0.5844389796257019
123,29801,39,2,1,plus,11,0.05,0.05,0.01662660576403141,0.017479069530963898,84642.0,234283200.0,4095052.342736721,219.75772625079694,6549.0,48.48685836791992,0.0011892077745869756,0.04431956261396408,0.030409296974539757,0.045158885419368744,0.02953779138624668,0.03650172799825668,3.901416301727295,9.861052513122559,3.3765461444854736,0.8627018332481384
123,29801,39,2,2,plus,11,0.05,0.05,0.01005376223474741,0.01056922972202301,248307.0,228434848.0,2414380.3850274086,308.17757793362637,9184.0,75.7269058227539,0.0007651544292457402,0.04488987848162651,0.021788086742162704,0.04174017533659935,0.025246916338801384,0.03339438885450363,2.15057635307312,6.021400451660156,0.422410249710083,0.3041475713253021
123,29801,39,2,7,plus,11,0.05,0.05,0.002189736580476165,0.00230200681835413,13736.0,3213311.75,7397.065557997441,79.99731552632461,2384.0,47.99076843261719,0.00030573076219297945,0.025789793580770493,0.03251266852021217,0.021878911182284355,0.045277129858732224,0.017795966938138008,8.833017349243164,8.9212064743042,2.1577820777893066,0.5844389796257019
123,29801,40,2,1,plus,12,0.1,0.1,0.01662660576403141,0.01837524212896824,85383.0,252272208.0,4635562.904409438,220.3281769068152,6566.0,48.48685836791992,0.0011892077745869756,0.04431956261396408,0.030409296974539757,0.045158885419368744,0.02953779138624668,0.03650172799825668,3.901416301727295,9.861052513122559,3.3765461444854736,0.8627018332481384
123,29801,40,2,2,plus,12,0.1,0.1,0.01005376223474741,0.011111126281321049,256220.0,239715568.0,2663509.947646603,312.7076272608302,9319.0,75.7269058227539,0.0007651544292457402,0.04488987848162651,0.021788086742162704,0.04174017533659935,0.025246916338801384,0.03339438885450363,2.15057635307312,6.021400451660156,0.422410249710083,0.3041475713253021
123,29801,40,2,7,plus,12,0.1,0.1,0.002189736580476165,0.0024200333282351494,14121.0,3546764.0,8583.287087384611,81.03754907553437,2415.0,47.99076843261719,0.00030573076219297945,0.025789793580770493,0.03251266852021217,0.021878911182284355,0.045277129858732224,0.017795966938138008,8.833017349243164,8.9212064743042,2.1577820777893066,0.5844389796257019
123,29801,41,2,1,center_duplicate,-1,0.0,0.0,0.01662660576403141,0.01662660576403141,83725.0,206632320.0,3435594.122747183,218.7174927015872,6518.0,48.48685836791992,0.0011892077745869756,0.04431956261396408,0.030409296974539757,0.045158885419368744,0.02953779138624668,0.03650172799825668,3.901416301727295,9.861052513122559,3.3765461444854736,0.8627018332481384
123,29801,41,2,2,center_duplicate,-1,0.0,0.0,0.01005376223474741,0.01005376223474741,242640.0,209461904.0,2105880.1800534874,304.7213180765746,9081.0,75.7269058227539,0.0007651544292457402,0.04488987848162651,0.021788086742162704,0.04174017533659935,0.025246916338801384,0.03339438885450363,2.15057635307312,6.021400451660156,0.422410249710083,0.3041475713253021
123,29801,41,2,7,center_duplicate,-1,0.0,0.0,0.002189736580476165,0.002189736580476165,13276.0,3360888.75,7359.461038785812,78.5879668467501,2342.0,47.99076843261719,0.00030573076219297945,0.025789793580770493,0.03251266852021217,0.021878911182284355,0.045277129858732224,0.017795966938138008,8.833017349243164,8.9212064743042,2.1577820777893066,0.5844389796257019
123,29801,42,3,1,minus,0,-0.1,0.1,0.0030624063219875097,0.0027709798887372017,4331.0,1909347.375,5290.763176738168,57.85040770443945,1724.0,68.69004821777344,0.0025674765929579735,0.011978385969996452,0.04919338971376419,0.03444961458444595,0.010044421069324017,0.013519922271370888,6.216831684112549,3.313960075378418,6.2783660888671875,0.7253406047821045
123,29801,42,3,2,minus,0,-0.1,0.1,0.015210271812975407,0.013762823306024075,54010.0,60284736.0,829688.1696183085,154.65923962283145,4609.0,96.0049057006836,0.0020888946019113064,0.04925193637609482,0.033308882266283035,0.021827764809131622,0.023698577657341957,0.018696226179599762,5.5608625411987305,0.15370473265647888,5.821068286895752,0.7542546987533569
123,29801,42,3,7,minus,0,-0.1,0.1,0.013987557031214237,0.01265646517276764,147990.0,117012040.0,1480958.809054494,239.05238079259084,7124.0,89.26822662353516,0.0008241399773396552,0.04868676885962486,0.017292654141783714,0.013185249641537666,0.031820982694625854,0.03805147856473923,3.277904748916626,5.072831630706787,3.0204687118530273,0.4343680143356323
123,29801,43,3,1,minus,1,-0.05,0.05,0.0030624063219875097,0.002913051052019,4488.0,2373369.5,6913.746518804808,59.427535988725204,1771.0,68.69004821777344,0.0025674765929579735,0.011978385969996452,0.04919338971376419,0.03444961458444595,0.010044421069324017,0.013519922271370888,6.216831684112549,3.313960075378418,6.2783660888671875,0.7253406047821045
123,29801,43,3,2,minus,1,-0.05,0.05,0.015210271812975407,0.014468458481132984,54529.0,65565244.0,948628.0106193535,155.5652494882722,4636.0,96.0049057006836,0.0020888946019113064,0.04925193637609482,0.033308882266283035,0.021827764809131622,0.023698577657341957,0.018696226179599762,5.5608625411987305,0.15370473265647888,5.821068286895752,0.7542546987533569
123,29801,43,3,7,minus,1,-0.05,0.05,0.013987557031214237,0.013305376283824444,151497.0,123121728.0,1638180.919754684,241.6361867051441,7201.0,89.26822662353516,0.0008241399773396552,0.04868676885962486,0.017292654141783714,0.013185249641537666,0.031820982694625854,0.03805147856473923,3.277904748916626,5.072831630706787,3.0204687118530273,0.4343680143356323
123,29801,44,3,1,minus,2,-0.02,0.02,0.0030624063219875097,0.0030017667450010777,4564.0,2309273.5,6931.900397412246,60.16576624945471,1793.0,68.69004821777344,0.0025674765929579735,0.011978385969996452,0.04919338971376419,0.03444961458444595,0.010044421069324017,0.013519922271370888,6.216831684112549,3.313960075378418,6.2783660888671875,0.7253406047821045
123,29801,44,3,2,minus,2,-0.02,0.02,0.015210271812975407,0.014909088611602783,55208.0,66417036.0,990217.4750440121,156.20281198617496,4655.0,96.0049057006836,0.0020888946019113064,0.04925193637609482,0.033308882266283035,0.021827764809131622,0.023698577657341957,0.018696226179599762,5.5608625411987305,0.15370473265647888,5.821068286895752,0.7542546987533569
123,29801,44,3,7,minus,2,-0.02,0.02,0.013987557031214237,0.013710585422813892,152329.0,131645160.0,1804932.2116800025,242.34086104493136,7222.0,89.26822662353516,0.0008241399773396552,0.04868676885962486,0.017292654141783714,0.013185249641537666,0.031820982694625854,0.03805147856473923,3.277904748916626,5.072831630706787,3.0204687118530273,0.4343680143356323
123,29801,45,3,1,minus,3,-0.01,0.01,0.0030624063219875097,0.003031934844329953,4608.0,2381927.75,7221.849741901446,60.36710177510821,1799.0,68.69004821777344,0.0025674765929579735,0.011978385969996452,0.04919338971376419,0.03444961458444595,0.010044421069324017,0.013519922271370888,6.216831684112549,3.313960075378418,6.2783660888671875,0.7253406047821045
123,29801,45,3,2,minus,3,-0.01,0.01,0.015210271812975407,0.015058927237987518,55298.0,68246144.0,1027713.7167692184,156.40414751182846,4661.0,96.0049057006836,0.0020888946019113064,0.04925193637609482,0.033308882266283035,0.021827764809131622,0.023698577657341957,0.018696226179599762,5.5608625411987305,0.15370473265647888,5.821068286895752,0.7542546987533569
123,29801,45,3,7,minus,3,-0.01,0.01,0.013987557031214237,0.013848378323018551,152972.0,134473872.0,1862245.0540171713,242.97842354283412,7241.0,89.26822662353516,0.0008241399773396552,0.04868676885962486,0.017292654141783714,0.013185249641537666,0.031820982694625854,0.03805147856473923,3.277904748916626,5.072831630706787,3.0204687118530273,0.4343680143356323
123,29801,46,3,1,minus,4,-0.005,0.005,0.0030624063219875097,0.0030471323989331722,4551.0,2075192.875,6323.387443447777,60.80332874735747,1812.0,68.69004821777344,0.0025674765929579735,0.011978385969996452,0.04919338971376419,0.03444961458444595,0.010044421069324017,0.013519922271370888,6.216831684112549,3.313960075378418,6.2783660888671875,0.7253406047821045
123,29801,46,3,2,minus,4,-0.005,0.005,0.015210271812975407,0.015134410001337528,55403.0,68754712.0,1040562.0009318814,156.5719271165397,4666.0,96.0049057006836,0.0020888946019113064,0.04925193637609482,0.033308882266283035,0.021827764809131622,0.023698577657341957,0.018696226179599762,5.5608625411987305,0.15370473265647888,5.821068286895752,0.7542546987533569
123,29801,46,3,7,minus,4,-0.005,0.005,0.013987557031214237,0.013917793519794941,153524.0,132557088.0,1844902.1803692877,243.2468709103721,7249.0,89.26822662353516,0.0008241399773396552,0.04868676885962486,0.017292654141783714,0.013185249641537666,0.031820982694625854,0.03805147856473923,3.277904748916626,5.072831630706787,3.0204687118530273,0.4343680143356323
123,29801,47,3,1,minus,5,-0.0025,0.0025,0.0030624063219875097,0.0030547596979886293,4618.0,2137604.5,6529.868076839135,60.97110835206872,1817.0,68.69004821777344,0.0025674765929579735,0.011978385969996452,0.04919338971376419,0.03444961458444595,0.010044421069324017,0.013519922271370888,6.216831684112549,3.313960075378418,6.2783660888671875,0.7253406047821045
123,29801,47,3,2,minus,5,-0.0025,0.0025,0.015210271812975407,0.015172293409705162,55378.0,70779112.0,1073881.4545423836,156.53837119559745,4665.0,96.0049057006836,0.0020888946019113064,0.04925193637609482,0.033308882266283035,0.021827764809131622,0.023698577657341957,0.018696226179599762,5.5608625411987305,0.15370473265647888,5.821068286895752,0.7542546987533569
123,29801,47,3,7,minus,5,-0.0025,0.0025,0.013987557031214237,0.013952631503343582,153551.0,133791144.0,1866738.5306427777,243.28042683131437,7250.0,89.26822662353516,0.0008241399773396552,0.04868676885962486,0.017292654141783714,0.013185249641537666,0.031820982694625854,0.03805147856473923,3.277904748916626,5.072831630706787,3.0204687118530273,0.4343680143356323
123,29801,48,3,1,center,6,0.0,0.0,0.0030624063219875097,0.0030624063219875097,4537.0,2107704.5,6454.647585681523,61.07177611489547,1820.0,68.69004821777344,0.0025674765929579735,0.011978385969996452,0.04919338971376419,0.03444961458444595,0.010044421069324017,0.013519922271370888,6.216831684112549,3.313960075378418,6.2783660888671875,0.7253406047821045
123,29801,48,3,2,center,6,0.0,0.0,0.015210271812975407,0.015210271812975407,55418.0,70274224.0,1068890.0484859198,156.60548303748195,4667.0,96.0049057006836,0.0020888946019113064,0.04925193637609482,0.033308882266283035,0.021827764809131622,0.023698577657341957,0.018696226179599762,5.5608625411987305,0.15370473265647888,5.821068286895752,0.7542546987533569
123,29801,48,3,7,center,6,0.0,0.0,0.013987557031214237,0.013987557031214237,153564.0,134211648.0,1877293.0806532502,243.38109459414113,7253.0,89.26822662353516,0.0008241399773396552,0.04868676885962486,0.017292654141783714,0.013185249641537666,0.031820982694625854,0.03805147856473923,3.277904748916626,5.072831630706787,3.0204687118530273,0.4343680143356323
123,29801,49,3,1,plus,7,0.0025,0.0025,0.0030624063219875097,0.0030700720380991697,4553.0,2106927.0,6468.417669016169,61.07177611489547,1820.0,68.69004821777344,0.0025674765929579735,0.011978385969996452,0.04919338971376419,0.03444961458444595,0.010044421069324017,0.013519922271370888,6.216831684112549,3.313960075378418,6.2783660888671875,0.7253406047821045
123,29801,49,3,2,plus,7,0.0025,0.0025,0.015210271812975407,0.015248345211148262,55455.0,68427368.0,1043404.1291542798,156.5719271165397,4666.0,96.0049057006836,0.0020888946019113064,0.04925193637609482,0.033308882266283035,0.021827764809131622,0.023698577657341957,0.018696226179599762,5.5608625411987305,0.15370473265647888,5.821068286895752,0.7542546987533569
123,29801,49,3,7,plus,7,0.0025,0.0025,0.013987557031214237,0.014022570103406906,153967.0,133326208.0,1869576.0983014107,243.61598604073689,7260.0,89.26822662353516,0.0008241399773396552,0.04868676885962486,0.017292654141783714,0.013185249641537666,0.031820982694625854,0.03805147856473923,3.277904748916626,5.072831630706787,3.0204687118530273,0.4343680143356323
123,29801,50,3,1,plus,8,0.005,0.005,0.0030624063219875097,0.0030777566134929657,4533.0,2044283.0,6291.80552310124,61.13888795677997,1822.0,68.69004821777344,0.0025674765929579735,0.011978385969996452,0.04919338971376419,0.03444961458444595,0.010044421069324017,0.013519922271370888,6.216831684112549,3.313960075378418,6.2783660888671875,0.7253406047821045
123,29801,50,3,2,plus,8,0.005,0.005,0.015210271812975407,0.015286513604223728,55437.0,70245192.0,1073804.0831393078,156.50481527465521,4664.0,96.0049057006836,0.0020888946019113064,0.04925193637609482,0.033308882266283035,0.021827764809131622,0.023698577657341957,0.018696226179599762,5.5608625411987305,0.15370473265647888,5.821068286895752,0.7542546987533569
123,29801,50,3,7,plus,8,0.005,0.005,0.013987557031214237,0.014057669788599014,154164.0,136561456.0,1919735.8542982936,243.75020972450588,7264.0,89.26822662353516,0.0008241399773396552,0.04868676885962486,0.017292654141783714,0.013185249641537666,0.031820982694625854,0.03805147856473923,3.277904748916626,5.072831630706787,3.0204687118530273,0.4343680143356323
123,29801,51,3,1,plus,9,0.01,0.01,0.0030624063219875097,0.003093183971941471,4494.0,2052726.75,6349.461481875507,61.306667561491224,1827.0,68.69004821777344,0.0025674765929579735,0.011978385969996452,0.04919338971376419,0.03444961458444595,0.010044421069324017,0.013519922271370888,6.216831684112549,3.313960075378418,6.2783660888671875,0.7253406047821045
123,29801,51,3,2,plus,9,0.01,0.01,0.015210271812975407,0.015363138169050217,55506.0,70203256.0,1078542.3218452036,156.53837119559745,4665.0,96.0049057006836,0.0020888946019113064,0.04925193637609482,0.033308882266283035,0.021827764809131622,0.023698577657341957,0.018696226179599762,5.5608625411987305,0.15370473265647888,5.821068286895752,0.7542546987533569
123,29801,51,3,7,plus,9,0.01,0.01,0.013987557031214237,0.014128134585916996,154489.0,135378400.0,1912644.2552261055,243.98510117110163,7271.0,89.26822662353516,0.0008241399773396552,0.04868676885962486,0.017292654141783714,0.013185249641537666,0.031820982694625854,0.03805147856473923,3.277904748916626,5.072831630706787,3.0204687118530273,0.4343680143356323
123,29801,52,3,1,plus,10,0.02,0.02,0.0030624063219875097,0.0031242710538208485,4640.0,2323858.25,7260.363063657773,61.575114929029226,1835.0,68.69004821777344,0.0025674765929579735,0.011978385969996452,0.04919338971376419,0.03444961458444595,0.010044421069324017,0.013519922271370888,6.216831684112549,3.313960075378418,6.2783660888671875,0.7253406047821045
123,29801,52,3,2,plus,10,0.02,0.02,0.015210271812975407,0.015517539344727993,55610.0,69635600.0,1080573.1627937406,156.80681856313547,4673.0,96.0049057006836,0.0020888946019113064,0.04925193637609482,0.033308882266283035,0.021827764809131622,0.023698577657341957,0.018696226179599762,5.5608625411987305,0.15370473265647888,5.821068286895752,0.7542546987533569
123,29801,52,3,7,plus,10,0.02,0.02,0.013987557031214237,0.014270124025642872,154837.0,139758224.0,1994367.1900835782,244.32066038052412,7281.0,89.26822662353516,0.0008241399773396552,0.04868676885962486,0.017292654141783714,0.013185249641537666,0.031820982694625854,0.03805147856473923,3.277904748916626,5.072831630706787,3.0204687118530273,0.4343680143356323
123,29801,53,3,1,plus,11,0.05,0.05,0.0030624063219875097,0.0032194191589951515,4557.0,2868999.75,9236.5127623023,62.14556558504748,1852.0,68.69004821777344,0.0025674765929579735,0.011978385969996452,0.04919338971376419,0.03444961458444595,0.010044421069324017,0.013519922271370888,6.216831684112549,3.313960075378418,6.2783660888671875,0.7253406047821045
123,29801,53,3,2,plus,11,0.05,0.05,0.015210271812975407,0.01599011942744255,56197.0,75095608.0,1200787.7403964102,157.57860474480722,4696.0,96.0049057006836,0.0020888946019113064,0.04925193637609482,0.033308882266283035,0.021827764809131622,0.023698577657341957,0.018696226179599762,5.5608625411987305,0.15370473265647888,5.821068286895752,0.7542546987533569
123,29801,53,3,7,plus,11,0.05,0.05,0.013987557031214237,0.01470471452921629,156458.0,155069584.0,2280253.964884326,245.49511761350288,7316.0,89.26822662353516,0.0008241399773396552,0.04868676885962486,0.017292654141783714,0.013185249641537666,0.031820982694625854,0.03805147856473923,3.277904748916626,5.072831630706787,3.0204687118530273,0.4343680143356323
123,29801,54,3,1,plus,12,0.1,0.1,0.0030624063219875097,0.003384482581168413,4556.0,3334454.75,11285.404019069276,64.05825307875574,1909.0,68.69004821777344,0.0025674765929579735,0.011978385969996452,0.04919338971376419,0.03444961458444595,0.010044421069324017,0.013519922271370888,6.216831684112549,3.313960075378418,6.2783660888671875,0.7253406047821045
123,29801,54,3,2,plus,12,0.1,0.1,0.015210271812975407,0.01680995151400566,57087.0,80538928.0,1353855.474669993,158.5181705311902,4724.0,96.0049057006836,0.0020888946019113064,0.04925193637609482,0.033308882266283035,0.021827764809131622,0.023698577657341957,0.018696226179599762,5.5608625411987305,0.15370473265647888,5.821068286895752,0.7542546987533569
123,29801,54,3,7,plus,12,0.1,0.1,0.013987557031214237,0.015458641573786736,159600.0,161694800.0,2499581.9575451314,247.7098083956914,7382.0,89.26822662353516,0.0008241399773396552,0.04868676885962486,0.017292654141783714,0.013185249641537666,0.031820982694625854,0.03805147856473923,3.277904748916626,5.072831630706787,3.0204687118530273,0.4343680143356323
123,29801,55,3,1,center_duplicate,-1,0.0,0.0,0.0030624063219875097,0.0030624063219875097,4537.0,2107704.5,6454.647585681523,61.07177611489547,1820.0,68.69004821777344,0.0025674765929579735,0.011978385969996452,0.04919338971376419,0.03444961458444595,0.010044421069324017,0.013519922271370888,6.216831684112549,3.313960075378418,6.2783660888671875,0.7253406047821045
123,29801,55,3,2,center_duplicate,-1,0.0,0.0,0.015210271812975407,0.015210271812975407,55418.0,70274224.0,1068890.0484859198,156.60548303748195,4667.0,96.0049057006836,0.0020888946019113064,0.04925193637609482,0.033308882266283035,0.021827764809131622,0.023698577657341957,0.018696226179599762,5.5608625411987305,0.15370473265647888,5.821068286895752,0.7542546987533569
123,29801,55,3,7,center_duplicate,-1,0.0,0.0,0.013987557031214237,0.013987557031214237,153564.0,134211648.0,1877293.0806532502,243.38109459414113,7253.0,89.26822662353516,0.0008241399773396552,0.04868676885962486,0.017292654141783714,0.013185249641537666,0.031820982694625854,0.03805147856473923,3.277904748916626,5.072831630706787,3.0204687118530273,0.4343680143356323
123,29801,56,4,1,minus,0,-0.1,0.1,0.010890581645071507,0.009854205884039402,114130.0,37701168.0,371515.071540758,246.87091037213514,7357.0,33.49873733520508,0.0002443856210447848,0.03864887356758118,0.02860582061111927,0.017027685418725014,0.04247899726033211,0.029159093275666237,3.1278157234191895,7.227877616882324,7.630624294281006,0.9706724286079407
123,29801,56,4,2,minus,0,-0.1,0.1,0.011665408499538898,0.010555298067629337,126904.0,125446488.0,1324125.0723772869,208.81849602362337,6223.0,38.7281608581543,0.0025844236370176077,0.0295098964124918,0.04058080539107323,0.046412743628025055,0.04167976975440979,0.04483244940638542,0.7273001670837402,9.898069381713867,9.137249946594238,0.9603471159934998
123,29801,56,4,7,minus,0,-0.1,0.1,0.009829248301684856,0.008893871679902077,4397.0,8625.9697265625,76.71826786276688,24.328042683131436,725.0,4.61674165725708,0.003882353426888585,0.021245166659355164,0.026909608393907547,0.019780367612838745,0.019337840378284454,0.011820243671536446,1.170051097869873,1.0662606954574585,7.525685787200928,0.8699729442596436
123,29801,57,4,1,minus,1,-0.05,0.05,0.010890581645071507,0.010359441861510277,117240.0,37632628.0,389853.02186184376,249.82383141505318,7445.0,33.49873733520508,0.0002443856210447848,0.03864887356758118,0.02860582061111927,0.017027685418725014,0.04247899726033211,0.029159093275666237,3.1278157234191895,7.227877616882324,7.630624294281006,0.9706724286079407
123,29801,57,4,2,minus,1,-0.05,0.05,0.011665408499538898,0.011096480302512646,131295.0,133896944.0,1485784.8016626388,211.67074930371462,6308.0,38.7281608581543,0.0025844236370176077,0.0295098964124918,0.04058080539107323,0.046412743628025055,0.04167976975440979,0.04483244940638542,0.7273001670837402,9.898069381713867,9.137249946594238,0.9603471159934998
123,29801,57,4,7,minus,1,-0.05,0.05,0.009829248301684856,0.00934987049549818,4595.0,12963.7119140625,121.20902753743121,25.13338478574544,749.0,4.61674165725708,0.003882353426888585,0.021245166659355164,0.026909608393907547,0.019780367612838745,0.019337840378284454,0.011820243671536446,1.170051097869873,1.0662606954574585,7.525685787200928,0.8699729442596436
123,29801,58,4,1,minus,2,-0.02,0.02,0.010890581645071507,0.010674933902919292,119234.0,38734988.0,413493.43663037196,251.53518338310792,7496.0,33.49873733520508,0.0002443856210447848,0.03864887356758118,0.02860582061111927,0.017027685418725014,0.04247899726033211,0.029159093275666237,3.1278157234191895,7.227877616882324,7.630624294281006,0.9706724286079407
123,29801,58,4,2,minus,2,-0.02,0.02,0.011665408499538898,0.011434418149292469,133466.0,140471200.0,1606206.4387328923,213.5834367974229,6365.0,38.7281608581543,0.0025844236370176077,0.0295098964124918,0.04058080539107323,0.046412743628025055,0.04167976975440979,0.04483244940638542,0.7273001670837402,9.898069381713867,9.137249946594238,0.9603471159934998
123,29801,58,4,7,minus,2,-0.02,0.02,0.009829248301684856,0.00963461585342884,4651.0,13146.5244140625,126.66171253721586,25.73739136270595,767.0,4.61674165725708,0.003882353426888585,0.021245166659355164,0.026909608393907547,0.019780367612838745,0.019337840378284454,0.011820243671536446,1.170051097869873,1.0662606954574585,7.525685787200928,0.8699729442596436
123,29801,59,4,1,minus,3,-0.01,0.01,0.010890581645071507,0.010782218538224697,119715.0,42903636.0,462596.3794364445,251.87074259253043,7506.0,33.49873733520508,0.0002443856210447848,0.03864887356758118,0.02860582061111927,0.017027685418725014,0.04247899726033211,0.029159093275666237,3.1278157234191895,7.227877616882324,7.630624294281006,0.9706724286079407
123,29801,59,4,2,minus,3,-0.01,0.01,0.011665408499538898,0.011549335904419422,134195.0,146791024.0,1695338.843929693,214.01966376967215,6378.0,38.7281608581543,0.0025844236370176077,0.0295098964124918,0.04058080539107323,0.046412743628025055,0.04167976975440979,0.04483244940638542,0.7273001670837402,9.898069381713867,9.137249946594238,0.9603471159934998
123,29801,59,4,7,minus,3,-0.01,0.01,0.009829248301684856,0.009731445461511612,4670.0,11326.435546875,110.22258979774051,26.0393946511862,776.0,4.61674165725708,0.003882353426888585,0.021245166659355164,0.026909608393907547,0.019780367612838745,0.019337840378284454,0.011820243671536446,1.170051097869873,1.0662606954574585,7.525685787200928,0.8699729442596436
123,29801,60,4,1,minus,4,-0.005,0.005,0.010890581645071507,0.010836264118552208,120000.0,42161760.0,456875.96706300974,252.23985772289518,7517.0,33.49873733520508,0.0002443856210447848,0.03864887356758118,0.02860582061111927,0.017027685418725014,0.04247899726033211,0.029159093275666237,3.1278157234191895,7.227877616882324,7.630624294281006,0.9706724286079407
123,29801,60,4,2,minus,4,-0.005,0.005,0.011665408499538898,0.01160722691565752,134507.0,148760208.0,1726693.4902764112,214.22099929532564,6384.0,38.7281608581543,0.0025844236370176077,0.0295098964124918,0.04058080539107323,0.046412743628025055,0.04167976975440979,0.04483244940638542,0.7273001670837402,9.898069381713867,9.137249946594238,0.9603471159934998
123,29801,60,4,7,minus,4,-0.005,0.005,0.009829248301684856,0.009780224412679672,4694.0,10236.21484375,100.11247830827779,26.1736183349552,780.0,4.61674165725708,0.003882353426888585,0.021245166659355164,0.026909608393907547,0.019780367612838745,0.019337840378284454,0.011820243671536446,1.170051097869873,1.0662606954574585,7.525685787200928,0.8699729442596436
123,29801,61,4,1,minus,5,-0.0025,0.0025,0.010890581645071507,0.010863388888537884,120069.0,42604508.0,462829.3388088234,252.34052548572194,7520.0,33.49873733520508,0.0002443856210447848,0.03864887356758118,0.02860582061111927,0.017027685418725014,0.04247899726033211,0.029159093275666237,3.1278157234191895,7.227877616882324,7.630624294281006,0.9706724286079407
123,29801,61,4,2,minus,5,-0.0025,0.0025,0.011665408499538898,0.0116362813860178,135133.0,148527344.0,1728305.9683018625,214.69078218851715,6398.0,38.7281608581543,0.0025844236370176077,0.0295098964124918,0.04058080539107323,0.046412743628025055,0.04167976975440979,0.04483244940638542,0.7273001670837402,9.898069381713867,9.137249946594238,0.9603471159934998
123,29801,61,4,7,minus,5,-0.0025,0.0025,0.009829248301684856,0.00980470608919859,4724.0,11357.099609375,111.35302369567398,26.1736183349552,780.0,4.61674165725708,0.003882353426888585,0.021245166659355164,0.026909608393907547,0.019780367612838745,0.019337840378284454,0.011820243671536446,1.170051097869873,1.0662606954574585,7.525685787200928,0.8699729442596436
123,29801,62,4,1,center,6,0.0,0.0,0.010890581645071507,0.010890581645071507,120336.0,43436740.0,473051.3633657433,252.5083050904332,7525.0,33.49873733520508,0.0002443856210447848,0.03864887356758118,0.02860582061111927,0.017027685418725014,0.04247899726033211,0.029159093275666237,3.1278157234191895,7.227877616882324,7.630624294281006,0.9706724286079407
123,29801,62,4,2,center,6,0.0,0.0,0.011665408499538898,0.011665408499538898,135068.0,149172176.0,1740154.3698051125,214.7243381094594,6399.0,38.7281608581543,0.0025844236370176077,0.0295098964124918,0.04058080539107323,0.046412743628025055,0.04167976975440979,0.04483244940638542,0.7273001670837402,9.898069381713867,9.137249946594238,0.9603471159934998
123,29801,62,4,7,center,6,0.0,0.0,0.009829248301684856,0.009829248301684856,4783.0,13677.62890625,134.4408106978335,26.341397939666454,785.0,4.61674165725708,0.003882353426888585,0.021245166659355164,0.026909608393907547,0.019780367612838745,0.019337840378284454,0.011820243671536446,1.170051097869873,1.0662606954574585,7.525685787200928,0.8699729442596436
123,29801,63,4,1,plus,7,0.0025,0.0025,0.010890581645071507,0.010917842388153076,120569.0,43828136.0,478508.6810145378,252.67608469514445,7530.0,33.49873733520508,0.0002443856210447848,0.03864887356758118,0.02860582061111927,0.017027685418725014,0.04247899726033211,0.029159093275666237,3.1278157234191895,7.227877616882324,7.630624294281006,0.9706724286079407
123,29801,63,4,2,plus,7,0.0025,0.0025,0.011665408499538898,0.011694609187543392,135682.0,148021216.0,1731050.272584945,215.1270091607664,6411.0,38.7281608581543,0.0025844236370176077,0.0295098964124918,0.04058080539107323,0.046412743628025055,0.04167976975440979,0.04483244940638542,0.7273001670837402,9.898069381713867,9.137249946594238,0.9603471159934998
123,29801,63,4,7,plus,7,0.0025,0.0025,0.009829248301684856,0.009853852912783623,4798.0,16344.642578125,161.05770387686425,26.374953860608702,786.0,4.61674165725708,0.003882353426888585,0.021245166659355164,0.026909608393907547,0.019780367612838745,0.019337840378284454,0.011820243671536446,1.170051097869873,1.0662606954574585,7.525685787200928,0.8699729442596436
123,29801,64,4,1,plus,8,0.005,0.005,0.010890581645071507,0.010945171117782593,120643.0,43207520.0,472913.69997501373,252.67608469514445,7530.0,33.49873733520508,0.0002443856210447848,0.03864887356758118,0.02860582061111927,0.017027685418725014,0.04247899726033211,0.029159093275666237,3.1278157234191895,7.227877616882324,7.630624294281006,0.9706724286079407
123,29801,64,4,2,plus,8,0.005,0.005,0.011665408499538898,0.011723881587386131,136293.0,152308080.0,1785641.8947221339,215.42901244924664,6420.0,38.7281608581543,0.0025844236370176077,0.0295098964124918,0.04058080539107323,0.046412743628025055,0.04167976975440979,0.04483244940638542,0.7273001670837402,9.898069381713867,9.137249946594238,0.9603471159934998
123,29801,64,4,7,plus,8,0.005,0.005,0.009829248301684856,0.009878517128527164,4818.0,16688.6640625,164.85925379364198,26.442065702493203,788.0,4.61674165725708,0.003882353426888585,0.021245166659355164,0.026909608393907547,0.019780367612838745,0.019337840378284454,0.011820243671536446,1.170051097869873,1.0662606954574585,7.525685787200928,0.8699729442596436
123,29801,65,4,1,plus,9,0.01,0.01,0.010890581645071507,0.011000033468008041,120959.0,44268112.0,486950.7135655284,252.94453206268244,7538.0,33.49873733520508,0.0002443856210447848,0.03864887356758118,0.02860582061111927,0.017027685418725014,0.04247899726033211,0.029159093275666237,3.1278157234191895,7.227877616882324,7.630624294281006,0.9706724286079407
123,29801,65,4,2,plus,9,0.01,0.01,0.011665408499538898,0.011782648041844368,136519.0,152854048.0,1801025.449355185,215.42901244924664,6420.0,38.7281608581543,0.0025844236370176077,0.0295098964124918,0.04058080539107323,0.046412743628025055,0.04167976975440979,0.04483244940638542,0.7273001670837402,9.898069381713867,9.137249946594238,0.9603471159934998
123,29801,65,4,7,plus,9,0.01,0.01,0.009829248301684856,0.00992803368717432,4809.0,16752.26953125,166.31709624287396,26.542733465319955,791.0,4.61674165725708,0.003882353426888585,0.021245166659355164,0.026909608393907547,0.019780367612838745,0.019337840378284454,0.011820243671536446,1.170051097869873,1.0662606954574585,7.525685787200928,0.8699729442596436
123,29801,66,4,1,plus,10,0.02,0.02,0.010890581645071507,0.011110586114227772,121595.0,43918360.0,487958.7207756564,253.41431495587395,7552.0,33.49873733520508,0.0002443856210447848,0.03864887356758118,0.02860582061111927,0.017027685418725014,0.04247899726033211,0.029159093275666237,3.1278157234191895,7.227877616882324,7.630624294281006,0.9706724286079407
123,29801,66,4,2,plus,10,0.02,0.02,0.011665408499538898,0.011901064775884151,136759.0,150187280.0,1787388.5477938503,216.23435455186066,6444.0,38.7281608581543,0.0025844236370176077,0.0295098964124918,0.04058080539107323,0.046412743628025055,0.04167976975440979,0.04483244940638542,0.7273001670837402,9.898069381713867,9.137249946594238,0.9603471159934998
123,29801,66,4,7,plus,10,0.02,0.02,0.009829248301684856,0.010027811862528324,4864.0,15890.203125,159.34396739485965,26.777624911915705,798.0,4.61674165725708,0.003882353426888585,0.021245166659355164,0.026909608393907547,0.019780367612838745,0.019337840378284454,0.011820243671536446,1.170051097869873,1.0662606954574585,7.525685787200928,0.8699729442596436
123,29801,67,4,1,plus,11,0.05,0.05,0.010890581645071507,0.011448953300714493,123060.0,44703116.0,511803.88748042285,254.75655179356397,7592.0,33.49873733520508,0.0002443856210447848,0.03864887356758118,0.02860582061111927,0.017027685418725014,0.04247899726033211,0.029159093275666237,3.1278157234191895,7.227877616882324,7.630624294281006,0.9706724286079407
123,29801,67,4,2,plus,11,0.05,0.05,0.011665408499538898,0.012263506650924683,139444.0,163715456.0,2007725.5835151672,218.01281836179993,6497.0,38.7281608581543,0.0025844236370176077,0.0295098964124918,0.04058080539107323,0.046412743628025055,0.04167976975440979,0.04483244940638542,0.7273001670837402,9.898069381713867,9.137249946594238,0.9603471159934998
123,29801,67,4,7,plus,11,0.05,0.05,0.009829248301684856,0.01033320464193821,4885.0,18131.162109375,187.35300847232793,27.482299251702962,819.0,4.61674165725708,0.003882353426888585,0.021245166659355164,0.026909608393907547,0.019780367612838745,0.019337840378284454,0.011820243671536446,1.170051097869873,1.0662606954574585,7.525685787200928,0.8699729442596436
123,29801,68,4,1,plus,12,0.1,0.1,0.010890581645071507,0.012035954743623734,125534.0,47460448.0,571231.8042401075,256.83701889198346,7654.0,33.49873733520508,0.0002443856210447848,0.03864887356758118,0.02860582061111927,0.017027685418725014,0.04247899726033211,0.029159093275666237,3.1278157234191895,7.227877616882324,7.630624294281006,0.9706724286079407
123,29801,68,4,2,plus,12,0.1,0.1,0.011665408499538898,0.01289227046072483,144081.0,174045024.0,2243835.521751344,220.7979598000067,6580.0,38.7281608581543,0.0025844236370176077,0.0295098964124918,0.04058080539107323,0.046412743628025055,0.04167976975440979,0.04483244940638542,0.7273001670837402,9.898069381713867,9.137249946594238,0.9603471159934998
123,29801,68,4,7,plus,12,0.1,0.1,0.009829248301684856,0.010862999595701694,4962.0,22022.806640625,239.23373963332597,28.522532800912717,850.0,4.61674165725708,0.003882353426888585,0.021245166659355164,0.026909608393907547,0.019780367612838745,0.019337840378284454,0.011820243671536446,1.170051097869873,1.0662606954574585,7.525685787200928,0.8699729442596436
123,29801,69,4,1,center_duplicate,-1,0.0,0.0,0.010890581645071507,0.010890581645071507,120336.0,43436740.0,473051.3633657433,252.5083050904332,7525.0,33.49873733520508,0.0002443856210447848,0.03864887356758118,0.02860582061111927,0.017027685418725014,0.04247899726033211,0.029159093275666237,3.1278157234191895,7.227877616882324,7.630624294281006,0.9706724286079407
123,29801,69,4,2,center_duplicate,-1,0.0,0.0,0.011665408499538898,0.011665408499538898,135068.0,149172176.0,1740154.3698051125,214.7243381094594,6399.0,38.7281608581543,0.0025844236370176077,0.0295098964124918,0.04058080539107323,0.046412743628025055,0.04167976975440979,0.04483244940638542,0.7273001670837402,9.898069381713867,9.137249946594238,0.9603471159934998
123,29801,69,4,7,center_duplicate,-1,0.0,0.0,0.009829248301684856,0.009829248301684856,4783.0,13677.62890625,134.4408106978335,26.341397939666454,785.0,4.61674165725708,0.003882353426888585,0.021245166659355164,0.026909608393907547,0.019780367612838745,0.019337840378284454,0.011820243671536446,1.170051097869873,1.0662606954574585,7.525685787200928,0.8699729442596436
123,29801,70,5,1,minus,0,-0.1,0.1,0.012977655045688152,0.011742668226361275,7014.0,1231680.375,14463.21400454524,88.88963457602094,2649.0,24.337238311767578,0.002409239998087287,0.03230954334139824,0.022391311824321747,0.01260021235793829,0.024699371308088303,0.01829836703836918,7.951542377471924,8.247520446777344,4.818588733673096,0.26707765460014343
123,29801,70,5,2,minus,0,-0.1,0.1,0.004819092340767384,0.004360495135188103,5813.0,901852.5,3932.5234389072284,58.353746518573196,1739.0,31.63585090637207,0.0015944018959999084,0.017833586782217026,0.01037081889808178,0.013387742452323437,0.014229283668100834,0.0478997603058815,6.824490547180176,1.2873531579971313,2.1796975135803223,0.67423015832901
123,29801,70,5,7,minus,0,-0.1,0.1,0.012707182206213474,0.011497934348881245,68358.0,13229663.0,152113.7966318233,164.18912117043052,4893.0,26.436113357543945,0.0015469755744561553,0.037771038711071014,0.013894619420170784,0.02938656508922577,0.021010667085647583,0.04061645269393921,2.290356397628784,4.109940528869629,6.244213104248047,0.661459743976593
123,29801,71,5,1,minus,1,-0.05,0.05,0.012977655045688152,0.012344727292656898,7271.0,1312076.0,16197.220407240093,90.13120365088419,2686.0,24.337238311767578,0.002409239998087287,0.03230954334139824,0.022391311824321747,0.01260021235793829,0.024699371308088303,0.01829836703836918,7.951542377471924,8.247520446777344,4.818588733673096,0.26707765460014343
123,29801,71,5,2,minus,1,-0.05,0.05,0.004819092340767384,0.0045840623788535595,6140.0,1055869.625,4840.172224936716,59.62887151437871,1777.0,31.63585090637207,0.0015944018959999084,0.017833586782217026,0.01037081889808178,0.013387742452323437,0.014229283668100834,0.0478997603058815,6.824490547180176,1.2873531579971313,2.1796975135803223,0.67423015832901
123,29801,71,5,7,minus,1,-0.05,0.05,0.012707182206213474,0.012087445706129074,70825.0,13994131.0,169153.29866695777,167.44404550182878,4990.0,26.436113357543945,0.0015469755744561553,0.037771038711071014,0.013894619420170784,0.02938656508922577,0.021010667085647583,0.04061645269393921,2.290356397628784,4.109940528869629,6.244213104248047,0.661459743976593
123,29801,72,5,1,minus,2,-0.02,0.02,0.012977655045688152,0.012720680795609951,7283.0,1489683.375,18949.786699901917,90.66809838596019,2702.0,24.337238311767578,0.002409239998087287,0.03230954334139824,0.022391311824321747,0.01260021235793829,0.024699371308088303,0.01829836703836918,7.951542377471924,8.247520446777344,4.818588733673096,0.26707765460014343
123,29801,72,5,2,minus,2,-0.02,0.02,0.004819092340767384,0.004723668098449707,6383.0,1137254.875,5372.014572843909,60.601993221703964,1806.0,31.63585090637207,0.0015944018959999084,0.017833586782217026,0.01037081889808178,0.013387742452323437,0.014229283668100834,0.0478997603058815,6.824490547180176,1.2873531579971313,2.1796975135803223,0.67423015832901
123,29801,72,5,7,minus,2,-0.02,0.02,0.012707182206213474,0.012455563060939312,72399.0,14731597.0,183490.3354218444,169.5245126002483,5052.0,26.436113357543945,0.0015469755744561553,0.037771038711071014,0.013894619420170784,0.02938656508922577,0.021010667085647583,0.04061645269393921,2.290356397628784,4.109940528869629,6.244213104248047,0.661459743976593
123,29801,73,5,1,minus,3,-0.01,0.01,0.012977655045688152,0.012848525308072567,7418.0,1538728.875,19770.39689269953,90.97010167444044,2711.0,24.337238311767578,0.002409239998087287,0.03230954334139824,0.022391311824321747,0.01260021235793829,0.024699371308088303,0.01829836703836918,7.951542377471924,8.247520446777344,4.818588733673096,0.26707765460014343
123,29801,73,5,2,minus,3,-0.01,0.01,0.004819092340767384,0.004771141801029444,6392.0,1168569.125,5575.408999679901,60.702660984530716,1809.0,31.63585090637207,0.0015944018959999084,0.017833586782217026,0.01037081889808178,0.013387742452323437,0.014229283668100834,0.0478997603058815,6.824490547180176,1.2873531579971313,2.1796975135803223,0.67423015832901
123,29801,73,5,7,minus,3,-0.01,0.01,0.012707182206213474,0.012580743990838528,73319.0,15545298.0,195571.41439929418,170.5983020704003,5084.0,26.436113357543945,0.0015469755744561553,0.037771038711071014,0.013894619420170784,0.02938656508922577,0.021010667085647583,0.04061645269393921,2.290356397628784,4.109940528869629,6.244213104248047,0.661459743976593
123,29801,74,5,1,minus,4,-0.005,0.005,0.012977655045688152,0.012912928126752377,7510.0,1496256.75,19321.0558719181,91.23854904197844,2719.0,24.337238311767578,0.002409239998087287,0.03230954334139824,0.022391311824321747,0.01260021235793829,0.024699371308088303,0.01829836703836918,7.951542377471924,8.247520446777344,4.818588733673096,0.26707765460014343
123,29801,74,5,2,minus,4,-0.005,0.005,0.004819092340767384,0.004795056767761707,6435.0,1184333.375,5678.945765079814,60.93755243112647,1816.0,31.63585090637207,0.0015944018959999084,0.017833586782217026,0.01037081889808178,0.013387742452323437,0.014229283668100834,0.0478997603058815,6.824490547180176,1.2873531579971313,2.1796975135803223,0.67423015832901
123,29801,74,5,7,minus,4,-0.005,0.005,0.012707182206213474,0.012643804773688316,73318.0,15036799.0,190122.3509771917,170.6654139122848,5086.0,26.436113357543945,0.0015469755744561553,0.037771038711071014,0.013894619420170784,0.02938656508922577,0.021010667085647583,0.04061645269393921,2.290356397628784,4.109940528869629,6.244213104248047,0.661459743976593
123,29801,75,5,1,minus,5,-0.0025,0.0025,0.012977655045688152,0.012945251539349556,7536.0,1476704.125,19116.30634732009,91.30566088386296,2721.0,24.337238311767578,0.002409239998087287,0.03230954334139824,0.022391311824321747,0.01260021235793829,0.024699371308088303,0.01829836703836918,7.951542377471924,8.247520446777344,4.818588733673096,0.26707765460014343
123,29801,75,5,2,minus,5,-0.0025,0.0025,0.004819092340767384,0.004807059653103352,6526.0,1253677.875,6026.504330900847,61.03822019395322,1819.0,31.63585090637207,0.0015944018959999084,0.017833586782217026,0.01037081889808178,0.013387742452323437,0.014229283668100834,0.0478997603058815,6.824490547180176,1.2873531579971313,2.1796975135803223,0.67423015832901
123,29801,75,5,7,minus,5,-0.0025,0.0025,0.012707182206213474,0.012675453908741474,73431.0,15178178.0,192390.29565767385,170.76608167511156,5089.0,26.436113357543945,0.0015469755744561553,0.037771038711071014,0.013894619420170784,0.02938656508922577,0.021010667085647583,0.04061645269393921,2.290356397628784,4.109940528869629,6.244213104248047,0.661459743976593
123,29801,76,5,1,center,6,0.0,0.0,0.012977655045688152,0.012977655045688152,7581.0,1470951.125,19089.496289316914,91.4063286466897,2724.0,24.337238311767578,0.002409239998087287,0.03230954334139824,0.022391311824321747,0.01260021235793829,0.024699371308088303,0.01829836703836918,7.951542377471924,8.247520446777344,4.818588733673096,0.26707765460014343
123,29801,76,5,2,center,6,0.0,0.0,0.004819092340767384,0.004819092340767384,6588.0,1220397.625,5881.208847328206,61.10533203583772,1821.0,31.63585090637207,0.0015944018959999084,0.017833586782217026,0.01037081889808178,0.013387742452323437,0.014229283668100834,0.0478997603058815,6.824490547180176,1.2873531579971313,2.1796975135803223,0.67423015832901
123,29801,76,5,7,center,6,0.0,0.0,0.012707182206213474,0.012707182206213474,73639.0,15489783.0,196831.49491570797,170.83319351699606,5091.0,26.436113357543945,0.0015469755744561553,0.037771038711071014,0.013894619420170784,0.02938656508922577,0.021010667085647583,0.04061645269393921,2.290356397628784,4.109940528869629,6.244213104248047,0.661459743976593
123,29801,77,5,1,plus,7,0.0025,0.0025,0.012977655045688152,0.013010140508413315,7548.0,1523313.0,19818.516168292612,91.30566088386296,2721.0,24.337238311767578,0.002409239998087287,0.03230954334139824,0.022391311824321747,0.01260021235793829,0.024699371308088303,0.01829836703836918,7.951542377471924,8.247520446777344,4.818588733673096,0.26707765460014343
123,29801,77,5,2,plus,7,0.0025,0.0025,0.004819092340767384,0.0048311552964150906,6601.0,1235776.0,5970.225767582655,61.20599979866447,1824.0,31.63585090637207,0.0015944018959999084,0.017833586782217026,0.01037081889808178,0.013387742452323437,0.014229283668100834,0.0478997603058815,6.824490547180176,1.2873531579971313,2.1796975135803223,0.67423015832901
123,29801,77,5,7,plus,7,0.0025,0.0025,0.012707182206213474,0.012738990597426891,73734.0,15972009.0,203467.27247301769,171.00097312170732,5096.0,26.436113357543945,0.0015469755744561553,0.037771038711071014,0.013894619420170784,0.02938656508922577,0.021010667085647583,0.04061645269393921,2.290356397628784,4.109940528869629,6.244213104248047,0.661459743976593
123,29801,78,5,1,plus,8,0.005,0.005,0.012977655045688152,0.013042706064879894,7584.0,1546477.0,20170.244947097264,91.23854904197844,2719.0,24.337238311767578,0.002409239998087287,0.03230954334139824,0.022391311824321747,0.01260021235793829,0.024699371308088303,0.01829836703836918,7.951542377471924,8.247520446777344,4.818588733673096,0.26707765460014343
123,29801,78,5,2,plus,8,0.005,0.005,0.004819092340767384,0.004843248054385185,6637.0,1208969.125,5855.33736246801,61.20599979866447,1824.0,31.63585090637207,0.0015944018959999084,0.017833586782217026,0.01037081889808178,0.013387742452323437,0.014229283668100834,0.0478997603058815,6.824490547180176,1.2873531579971313,2.1796975135803223,0.67423015832901
123,29801,78,5,7,plus,8,0.005,0.005,0.012707182206213474,0.012770877219736576,74049.0,16076891.0,205316.00103608798,171.37008825207207,5107.0,26.436113357543945,0.0015469755744561553,0.037771038711071014,0.013894619420170784,0.02938656508922577,0.021010667085647583,0.04061645269393921,2.290356397628784,4.109940528869629,6.244213104248047,0.661459743976593
123,29801,79,5,1,plus,9,0.01,0.01,0.012977655045688152,0.013108083046972752,7611.0,1555961.875,20395.677475423436,91.3392168048052,2722.0,24.337238311767578,0.002409239998087287,0.03230954334139824,0.022391311824321747,0.01260021235793829,0.024699371308088303,0.01829836703836918,7.951542377471924,8.247520446777344,4.818588733673096,0.26707765460014343
123,29801,79,5,2,plus,9,0.01,0.01,0.004819092340767384,0.004867525305598974,6606.0,1162968.25,5660.777386483154,61.27311164054897,1826.0,31.63585090637207,0.0015944018959999084,0.017833586782217026,0.01037081889808178,0.013387742452323437,0.014229283668100834,0.0478997603058815,6.824490547180176,1.2873531579971313,2.1796975135803223,0.67423015832901
123,29801,79,5,7,plus,9,0.01,0.01,0.012707182206213474,0.012834891676902771,74323.0,15997848.0,205330.64614355564,171.70564746149458,5117.0,26.436113357543945,0.0015469755744561553,0.037771038711071014,0.013894619420170784,0.02938656508922577,0.021010667085647583,0.04061645269393921,2.290356397628784,4.109940528869629,6.244213104248047,0.661459743976593
123,29801,80,5,1,plus,10,0.02,0.02,0.012977655045688152,0.01323982048779726,7767.0,1540033.625,20389.768740171683,91.9432233817657,2740.0,24.337238311767578,0.002409239998087287,0.03230954334139824,0.022391311824321747,0.01260021235793829,0.024699371308088303,0.01829836703836918,7.951542377471924,8.247520446777344,4.818588733673096,0.26707765460014343
123,29801,80,5,2,plus,10,0.02,0.02,0.004819092340767384,0.004916444420814514,6578.0,1161592.75,5710.906194996089,61.474447166202474,1832.0,31.63585090637207,0.0015944018959999084,0.017833586782217026,0.01037081889808178,0.013387742452323437,0.014229283668100834,0.0478997603058815,6.824490547180176,1.2873531579971313,2.1796975135803223,0.67423015832901
123,29801,80,5,7,plus,10,0.02,0.02,0.012707182206213474,0.012963884510099888,75120.0,16070998.0,208342.56203404628,172.61165732693533,5144.0,26.436113357543945,0.0015469755744561553,0.037771038711071014,0.013894619420170784,0.02938656508922577,0.021010667085647583,0.04061645269393921,2.290356397628784,4.109940528869629,6.244213104248047,0.661459743976593
123,29801,81,5,1,plus,11,0.05,0.05,0.012977655045688152,0.013643033802509308,7894.0,1671402.5,22803.000805098563,92.51367403778396,2757.0,24.337238311767578,0.002409239998087287,0.03230954334139824,0.022391311824321747,0.01260021235793829,0.024699371308088303,0.01829836703836918,7.951542377471924,8.247520446777344,4.818588733673096,0.26707765460014343
123,29801,81,5,2,plus,11,0.05,0.05,0.004819092340767384,0.00506617221981287,6663.0,1289136.75,6530.988790389849,62.17912150598973,1853.0,31.63585090637207,0.0015944018959999084,0.017833586782217026,0.01037081889808178,0.013387742452323437,0.014229283668100834,0.0478997603058815,6.824490547180176,1.2873531579971313,2.1796975135803223,0.67423015832901
123,29801,81,5,7,plus,11,0.05,0.05,0.012707182206213474,0.013358693569898605,76507.0,16556665.0,221175.4142744653,173.71900271802957,5177.0,26.436113357543945,0.0015469755744561553,0.037771038711071014,0.013894619420170784,0.02938656508922577,0.021010667085647583,0.04061645269393921,2.290356397628784,4.109940528869629,6.244213104248047,0.661459743976593
123,29801,82,5,1,plus,12,0.1,0.1,0.012977655045688152,0.014342527836561203,8224.0,1752478.125,25134.966290777083,93.45323982416697,2785.0,24.337238311767578,0.002409239998087287,0.03230954334139824,0.022391311824321747,0.01260021235793829,0.024699371308088303,0.01829836703836918,7.951542377471924,8.247520446777344,4.818588733673096,0.26707765460014343
123,29801,82,5,2,plus,12,0.1,0.1,0.004819092340767384,0.005325920879840851,7054.0,1388420.25,7394.616399468854,63.521358343679736,1893.0,31.63585090637207,0.0015944018959999084,0.017833586782217026,0.01037081889808178,0.013387742452323437,0.014229283668100834,0.0478997603058815,6.824490547180176,1.2873531579971313,2.1796975135803223,0.67423015832901
123,29801,82,5,7,plus,12,0.1,0.1,0.012707182206213474,0.01404360868036747,80173.0,18308462.0,257116.87586737797,177.74571323109961,5297.0,26.436113357543945,0.0015469755744561553,0.037771038711071014,0.013894619420170784,0.02938656508922577,0.021010667085647583,0.04061645269393921,2.290356397628784,4.109940528869629,6.244213104248047,0.661459743976593
123,29801,83,5,1,center_duplicate,-1,0.0,0.0,0.012977655045688152,0.012977655045688152,7581.0,1470951.125,19089.496289316914,91.4063286466897,2724.0,24.337238311767578,0.002409239998087287,0.03230954334139824,0.022391311824321747,0.01260021235793829,0.024699371308088303,0.01829836703836918,7.951542377471924,8.247520446777344,4.818588733673096,0.26707765460014343
123,29801,83,5,2,center_duplicate,-1,0.0,0.0,0.004819092340767384,0.004819092340767384,6588.0,1220397.625,5881.208847328206,61.10533203583772,1821.0,31.63585090637207,0.0015944018959999084,0.017833586782217026,0.01037081889808178,0.013387742452323437,0.014229283668100834,0.0478997603058815,6.824490547180176,1.2873531579971313,2.1796975135803223,0.67423015832901
123,29801,83,5,7,center_duplicate,-1,0.0,0.0,0.012707182206213474,0.012707182206213474,73639.0,15489783.0,196831.49491570797,170.83319351699606,5091.0,26.436113357543945,0.0015469755744561553,0.037771038711071014,0.013894619420170784,0.02938656508922577,0.021010667085647583,0.04061645269393921,2.290356397628784,4.109940528869629,6.244213104248047,0.661459743976593
123,29801,84,6,1,minus,0,-0.1,0.1,0.018187135457992554,0.016456400975584984,7677.0,16980130.0,279431.82789755985,83.88980235562565,2500.0,96.47991180419922,0.004879876971244812,0.02411128394305706,0.015877479687333107,0.0440637469291687,0.04745238646864891,0.024348696693778038,1.7147413492202759,2.418577194213867,1.9084950685501099,0.6177399754524231
123,29801,84,6,2,minus,0,-0.1,0.1,0.016054220497608185,0.014526459388434887,19362.0,57682580.0,837923.6557901464,100.09731217073252,2983.0,71.22661590576172,0.003998503088951111,0.03332260996103287,0.04898757115006447,0.019731642678380013,0.017863517627120018,0.013543943874537945,8.574448585510254,3.511550188064575,4.462161540985107,0.47644639015197754
123,29801,84,6,7,minus,0,-0.1,0.1,0.01834116317331791,0.01659577153623104,28471.0,7360211.5,122148.38851234037,107.58028254085433,3206.0,18.03076934814453,0.0031880333553999662,0.013988914899528027,0.049588657915592194,0.04881652444601059,0.03754022717475891,0.029685191810131073,5.470731735229492,2.148503541946411,4.848639011383057,0.7454955577850342
123,29801,85,6,1,minus,1,-0.05,0.05,0.018187135457992554,0.017300138249993324,8219.0,18381930.0,318009.9303016998,84.56092077447065,2520.0,96.47991180419922,0.004879876971244812,0.02411128394305706,0.015877479687333107,0.0440637469291687,0.04745238646864891,0.024348696693778038,1.7147413492202759,2.418577194213867,1.9084950685501099,0.6177399754524231
123,29801,85,6,2,minus,1,-0.05,0.05,0.016054220497608185,0.015271247364580631,19767.0,61965644.0,946292.6776295416,100.93621019428878,3008.0,71.22661590576172,0.003998503088951111,0.03332260996103287,0.04898757115006447,0.019731642678380013,0.017863517627120018,0.013543943874537945,8.574448585510254,3.511550188064575,4.462161540985107,0.47644639015197754
123,29801,85,6,7,minus,1,-0.05,0.05,0.01834116317331791,0.01744665391743183,29567.0,7575732.0,132171.17437521368,109.52652595550484,3264.0,18.03076934814453,0.0031880333553999662,0.013988914899528027,0.049588657915592194,0.04881652444601059,0.03754022717475891,0.029685191810131073,5.470731735229492,2.148503541946411,4.848639011383057,0.7454955577850342
123,29801,86,6,1,minus,2,-0.02,0.02,0.018187135457992554,0.017827006056904793,8246.0,20281472.0,361557.92418694496,84.5944766954129,2521.0,96.47991180419922,0.004879876971244812,0.02411128394305706,0.015877479687333107,0.0440637469291687,0.04745238646864891,0.024348696693778038,1.7147413492202759,2.418577194213867,1.9084950685501099,0.6177399754524231
123,29801,86,6,2,minus,2,-0.02,0.02,0.016054220497608185,0.015736326575279236,20079.0,64993776.0,1022763.2844965458,101.33888124559577,3020.0,71.22661590576172,0.003998503088951111,0.03332260996103287,0.04898757115006447,0.019731642678380013,0.017863517627120018,0.013543943874537945,8.574448585510254,3.511550188064575,4.462161540985107,0.47644639015197754
123,29801,86,6,7,minus,2,-0.02,0.02,0.01834116317331791,0.017977984622120857,30163.0,8238240.0,148106.95203334093,110.4325358209456,3291.0,18.03076934814453,0.0031880333553999662,0.013988914899528027,0.049588657915592194,0.04881652444601059,0.03754022717475891,0.029685191810131073,5.470731735229492,2.148503541946411,4.848639011383057,0.7454955577850342
123,29801,87,6,1,minus,3,-0.01,0.01,0.018187135457992554,0.01800617016851902,8551.0,19492898.0,350992.43846558407,84.82936814200865,2528.0,96.47991180419922,0.004879876971244812,0.02411128394305706,0.015877479687333107,0.0440637469291687,0.04745238646864891,0.024348696693778038,1.7147413492202759,2.418577194213867,1.9084950685501099,0.6177399754524231
123,29801,87,6,2,minus,3,-0.01,0.01,0.016054220497608185,0.01589447818696499,20120.0,66896740.0,1063288.7747090682,101.50666085030703,3025.0,71.22661590576172,0.003998503088951111,0.03332260996103287,0.04898757115006447,0.019731642678380013,0.017863517627120018,0.013543943874537945,8.574448585510254,3.511550188064575,4.462161540985107,0.47644639015197754
123,29801,87,6,7,minus,3,-0.01,0.01,0.01834116317331791,0.01815866492688656,30231.0,8643942.0,156962.44642544165,110.7009831884836,3299.0,18.03076934814453,0.0031880333553999662,0.013988914899528027,0.049588657915592194,0.04881652444601059,0.03754022717475891,0.029685191810131073,5.470731735229492,2.148503541946411,4.848639011383057,0.7454955577850342
123,29801,88,6,1,minus,4,-0.005,0.005,0.018187135457992554,0.018096426501870155,8212.0,20318952.0,367700.4214630276,84.9300359048354,2531.0,96.47991180419922,0.004879876971244812,0.02411128394305706,0.015877479687333107,0.0440637469291687,0.04745238646864891,0.024348696693778038,1.7147413492202759,2.418577194213867,1.9084950685501099,0.6177399754524231
123,29801,88,6,2,minus,4,-0.005,0.005,0.016054220497608185,0.015974149107933044,20116.0,70035456.0,1118756.816986084,101.50666085030703,3025.0,71.22661590576172,0.003998503088951111,0.03332260996103287,0.04898757115006447,0.019731642678380013,0.017863517627120018,0.013543943874537945,8.574448585510254,3.511550188064575,4.462161540985107,0.47644639015197754
123,29801,88,6,7,minus,4,-0.005,0.005,0.01834116317331791,0.018249686807394028,30440.0,8652877.0,157912.2952329032,110.93587463507936,3306.0,18.03076934814453,0.0031880333553999662,0.013988914899528027,0.049588657915592194,0.04881652444601059,0.03754022717475891,0.029685191810131073,5.470731735229492,2.148503541946411,4.848639011383057,0.7454955577850342
123,29801,89,6,1,minus,5,-0.0025,0.0025,0.018187135457992554,0.018141724169254303,8274.0,20356950.0,369310.1718273014,84.9971477467199,2533.0,96.47991180419922,0.004879876971244812,0.02411128394305706,0.015877479687333107,0.0440637469291687,0.04745238646864891,0.024348696693778038,1.7147413492202759,2.418577194213867,1.9084950685501099,0.6177399754524231
123,29801,89,6,2,minus,5,-0.0025,0.0025,0.016054220497608185,0.016014134511351585,20182.0,70783144.0,1133530.789152369,101.57377269219153,3027.0,71.22661590576172,0.003998503088951111,0.03332260996103287,0.04898757115006447,0.019731642678380013,0.017863517627120018,0.013543943874537945,8.574448585510254,3.511550188064575,4.462161540985107,0.47644639015197754
123,29801,89,6,7,minus,5,-0.0025,0.0025,0.01834116317331791,0.018295366317033768,30443.0,8412123.0,153902.87178894505,110.9694305560216,3307.0,18.03076934814453,0.0031880333553999662,0.013988914899528027,0.049588657915592194,0.04881652444601059,0.03754022717475891,0.029685191810131073,5.470731735229492,2.148503541946411,4.848639011383057,0.7454955577850342
123,29801,90,6,1,center,6,0.0,0.0,0.018187135457992554,0.018187135457992554,8393.0,20706080.0,376584.28176403046,84.96359182577766,2532.0,96.47991180419922,0.004879876971244812,0.02411128394305706,0.015877479687333107,0.0440637469291687,0.04745238646864891,0.024348696693778038,1.7147413492202759,2.418577194213867,1.9084950685501099,0.6177399754524231
123,29801,90,6,2,center,6,0.0,0.0,0.016054220497608185,0.016054220497608185,20045.0,70188472.0,1126821.2058781981,101.40599308748028,3022.0,71.22661590576172,0.003998503088951111,0.03332260996103287,0.04898757115006447,0.019731642678380013,0.017863517627120018,0.013543943874537945,8.574448585510254,3.511550188064575,4.462161540985107,0.47644639015197754
123,29801,90,6,7,center,6,0.0,0.0,0.01834116317331791,0.01834116317331791,30498.0,8459386.0,155154.9789720811,111.07009831884835,3310.0,18.03076934814453,0.0031880333553999662,0.013988914899528027,0.049588657915592194,0.04881652444601059,0.03754022717475891,0.029685191810131073,5.470731735229492,2.148503541946411,4.848639011383057,0.7454955577850342
123,29801,91,6,1,plus,7,0.0025,0.0025,0.018187135457992554,0.018232660368084908,8428.0,20209606.0,368474.88237081096,84.8629240629509,2529.0,96.47991180419922,0.004879876971244812,0.02411128394305706,0.015877479687333107,0.0440637469291687,0.04745238646864891,0.024348696693778038,1.7147413492202759,2.418577194213867,1.9084950685501099,0.6177399754524231
123,29801,91,6,2,plus,7,0.0025,0.0025,0.016054220497608185,0.016094407066702843,20103.0,70839896.0,1140126.1227868944,101.54021677124928,3026.0,71.22661590576172,0.003998503088951111,0.03332260996103287,0.04898757115006447,0.019731642678380013,0.017863517627120018,0.013543943874537945,8.574448585510254,3.511550188064575,4.462161540985107,0.47644639015197754
123,29801,91,6,7,plus,7,0.0025,0.0025,0.01834116317331791,0.018387073650956154,30456.0,8605785.0,158235.2026192937,111.07009831884835,3310.0,18.03076934814453,0.0031880333553999662,0.013988914899528027,0.049588657915592194,0.04881652444601059,0.03754022717475891,0.029685191810131073,5.470731735229492,2.148503541946411,4.848639011383057,0.7454955577850342
123,29801,92,6,1,plus,8,0.005,0.005,0.018187135457992554,0.018278298899531364,8316.0,21111956.0,385890.6421217546,84.9300359048354,2531.0,96.47991180419922,0.004879876971244812,0.02411128394305706,0.015877479687333107,0.0440637469291687,0.04745238646864891,0.024348696693778038,1.7147413492202759,2.418577194213867,1.9084950685501099,0.6177399754524231
123,29801,92,6,2,plus,8,0.005,0.005,0.016054220497608185,0.01613469235599041,20138.0,69629168.0,1123445.204683572,101.57377269219153,3027.0,71.22661590576172,0.003998503088951111,0.03332260996103287,0.04898757115006447,0.019731642678380013,0.017863517627120018,0.013543943874537945,8.574448585510254,3.511550188064575,4.462161540985107,0.47644639015197754
123,29801,92,6,7,plus,8,0.005,0.005,0.01834116317331791,0.0184330977499485,30437.0,8547225.0,157551.83391580358,111.0365423979061,3309.0,18.03076934814453,0.0031880333553999662,0.013988914899528027,0.049588657915592194,0.04881652444601059,0.03754022717475891,0.029685191810131073,5.470731735229492,2.148503541946411,4.848639011383057,0.7454955577850342
123,29801,93,6,1,plus,9,0.01,0.01,0.018187135457992554,0.018369918689131737,8393.0,21250832.0,390376.05591639876,84.89647998389316,2530.0,96.47991180419922,0.004879876971244812,0.02411128394305706,0.015877479687333107,0.0440637469291687,0.04745238646864891,0.024348696693778038,1.7147413492202759,2.418577194213867,1.9084950685501099,0.6177399754524231
123,29801,93,6,2,plus,9,0.01,0.01,0.016054220497608185,0.016215568408370018,20002.0,71516056.0,1159673.498364821,101.30532532465352,3019.0,71.22661590576172,0.003998503088951111,0.03332260996103287,0.04898757115006447,0.019731642678380013,0.017863517627120018,0.013543943874537945,8.574448585510254,3.511550188064575,4.462161540985107,0.47644639015197754
123,29801,93,6,7,plus,9,0.01,0.01,0.01834116317331791,0.018525494262576103,30754.0,8298020.5,153724.9311634889,111.40565752827085,3320.0,18.03076934814453,0.0031880333553999662,0.013988914899528027,0.049588657915592194,0.04881652444601059,0.03754022717475891,0.029685191810131073,5.470731735229492,2.148503541946411,4.848639011383057,0.7454955577850342
123,29801,94,6,1,plus,10,0.02,0.02,0.018187135457992554,0.01855454035103321,8445.0,22362910.0,414933.5159615241,85.09781550954665,2536.0,96.47991180419922,0.004879876971244812,0.02411128394305706,0.015877479687333107,0.0440637469291687,0.04745238646864891,0.024348696693778038,1.7147413492202759,2.418577194213867,1.9084950685501099,0.6177399754524231
123,29801,94,6,2,plus,10,0.02,0.02,0.016054220497608185,0.016378536820411682,20135.0,72602264.0,1189118.8541692495,101.80866413878728,3034.0,71.22661590576172,0.003998503088951111,0.03332260996103287,0.04898757115006447,0.019731642678380013,0.017863517627120018,0.013543943874537945,8.574448585510254,3.511550188064575,4.462161540985107,0.47644639015197754
123,29801,94,6,7,plus,10,0.02,0.02,0.01834116317331791,0.018711678683757782,31014.0,8171039.5,152893.86563629285,112.00966410523137,3338.0,18.03076934814453,0.0031880333553999662,0.013988914899528027,0.049588657915592194,0.04881652444601059,0.03754022717475891,0.029685191810131073,5.470731735229492,2.148503541946411,4.848639011383057,0.7454955577850342
123,29801,95,6,1,plus,11,0.05,0.05,0.018187135457992554,0.019119609147310257,8339.0,24748262.0,473177.09651523083,85.29915103520015,2542.0,96.47991180419922,0.004879876971244812,0.02411128394305706,0.015877479687333107,0.0440637469291687,0.04745238646864891,0.024348696693778038,1.7147413492202759,2.418577194213867,1.9084950685501099,0.6177399754524231
123,29801,95,6,2,plus,11,0.05,0.05,0.016054220497608185,0.01687733829021454,20230.0,77321856.0,1304987.1209392548,101.90933190161404,3037.0,71.22661590576172,0.003998503088951111,0.03332260996103287,0.04898757115006447,0.019731642678380013,0.017863517627120018,0.013543943874537945,8.574448585510254,3.511550188064575,4.462161540985107,0.47644639015197754
123,29801,95,6,7,plus,11,0.05,0.05,0.01834116317331791,0.019281534478068352,31246.0,8819679.0,170056.9447239954,112.47944699842286,3352.0,18.03076934814453,0.0031880333553999662,0.013988914899528027,0.049588657915592194,0.04881652444601059,0.03754022717475891,0.029685191810131073,5.470731735229492,2.148503541946411,4.848639011383057,0.7454955577850342
123,29801,96,6,1,plus,12,0.1,0.1,0.018187135457992554,0.02009989321231842,8550.0,27048240.0,543666.7355811596,85.97026945404517,2562.0,96.47991180419922,0.004879876971244812,0.02411128394305706,0.015877479687333107,0.0440637469291687,0.04745238646864891,0.024348696693778038,1.7147413492202759,2.418577194213867,1.9084950685501099,0.6177399754524231
123,29801,96,6,2,plus,12,0.1,0.1,0.016054220497608185,0.017742658033967018,20602.0,85873264.0,1523619.9574125707,102.44622663669004,3053.0,71.22661590576172,0.003998503088951111,0.03332260996103287,0.04898757115006447,0.019731642678380013,0.017863517627120018,0.013543943874537945,8.574448585510254,3.511550188064575,4.462161540985107,0.47644639015197754
123,29801,96,6,7,plus,12,0.1,0.1,0.01834116317331791,0.020270120352506638,32210.0,9739544.0,197421.7290585339,113.88879567799738,3394.0,18.03076934814453,0.0031880333553999662,0.013988914899528027,0.049588657915592194,0.04881652444601059,0.03754022717475891,0.029685191810131073,5.470731735229492,2.148503541946411,4.848639011383057,0.7454955577850342
123,29801,97,6,1,center_duplicate,-1,0.0,0.0,0.018187135457992554,0.018187135457992554,8393.0,20706080.0,376584.28176403046,84.96359182577766,2532.0,96.47991180419922,0.004879876971244812,0.02411128394305706,0.015877479687333107,0.0440637469291687,0.04745238646864891,0.024348696693778038,1.7147413492202759,2.418577194213867,1.9084950685501099,0.6177399754524231
123,29801,97,6,2,center_duplicate,-1,0.0,0.0,0.016054220497608185,0.016054220497608185,20045.0,70188472.0,1126821.2058781981,101.40599308748028,3022.0,71.22661590576172,0.003998503088951111,0.03332260996103287,0.04898757115006447,0.019731642678380013,0.017863517627120018,0.013543943874537945,8.574448585510254,3.511550188064575,4.462161540985107,0.47644639015197754
123,29801,97,6,7,center_duplicate,-1,0.0,0.0,0.01834116317331791,0.01834116317331791,30498.0,8459386.0,155154.9789720811,111.07009831884835,3310.0,18.03076934814453,0.0031880333553999662,0.013988914899528027,0.049588657915592194,0.04881652444601059,0.03754022717475891,0.029685191810131073,5.470731735229492,2.148503541946411,4.848639011383057,0.7454955577850342
123,29801,98,7,1,minus,0,-0.1,0.1,0.005644886288791895,0.005107704550027847,8432.0,6114646.0,31231.805196009576,91.57410825140096,2729.0,52.32191848754883,0.001907689031213522,0.028657300397753716,0.013177522458136082,0.02046092227101326,0.031077144667506218,0.049670636653900146,6.481612205505371,0.2743898928165436,1.009099006652832,0.3861621022224426
123,29801,98,7,2,minus,0,-0.1,0.1,0.01847972720861435,0.016721148043870926,1551.0,66.72738647460938,1.1157585078225338,22.14690782188517,660.0,1.9274224042892456,0.0006420366116799414,0.020790288224816322,0.027660297229886055,0.02674812823534012,0.03037550114095211,0.03694647178053856,4.407487869262695,6.496186256408691,3.348017930984497,0.552773118019104
123,29801,98,7,7,minus,0,-0.1,0.1,0.006495960056781769,0.005877787712961435,12136.0,6058538.5,35610.803153803805,73.68880238918156,2196.0,81.40618896484375,0.0025993387680500746,0.016788994893431664,0.04067101329565048,0.03674013912677765,0.012556415051221848,0.04945344105362892,7.4825053215026855,6.3737263679504395,0.6165230870246887,0.23225137591362
123,29801,99,7,1,minus,1,-0.05,0.05,0.005644886288791895,0.005369582213461399,8630.0,6952472.5,37331.87267557951,92.84923324720647,2767.0,52.32191848754883,0.001907689031213522,0.028657300397753716,0.013177522458136082,0.02046092227101326,0.031077144667506218,0.049670636653900146,6.481612205505371,0.2743898928165436,1.009099006652832,0.3861621022224426
123,29801,99,7,2,minus,1,-0.05,0.05,0.01847972720861435,0.01757846027612686,1463.0,382.4930419921875,6.7236387445545915,22.885138082614677,682.0,1.9274224042892456,0.0006420366116799414,0.020790288224816322,0.027660297229886055,0.02674812823534012,0.03037550114095211,0.03694647178053856,4.407487869262695,6.496186256408691,3.348017930984497,0.552773118019104
123,29801,99,7,7,minus,1,-0.05,0.05,0.006495960056781769,0.006179148331284523,12391.0,6728346.5,41575.45104777906,74.46058857085332,2219.0,81.40618896484375,0.0025993387680500746,0.016788994893431664,0.04067101329565048,0.03674013912677765,0.012556415051221848,0.04945344105362892,7.4825053215026855,6.3737263679504395,0.6165230870246887,0.23225137591362
123,29801,100,7,1,minus,2,-0.02,0.02,0.005644886288791895,0.00553310988470912,9138.0,7279832.0,40280.11039822176,94.09080232206972,2804.0,52.32191848754883,0.001907689031213522,0.028657300397753716,0.013177522458136082,0.02046092227101326,0.031077144667506218,0.049670636653900146,6.481612205505371,0.2743898928165436,1.009099006652832,0.3861621022224426
123,29801,100,7,2,minus,2,-0.02,0.02,0.01847972720861435,0.01811380498111248,1502.0,250.78854370117188,4.542734772100232,23.791147948055432,709.0,1.9274224042892456,0.0006420366116799414,0.020790288224816322,0.027660297229886055,0.02674812823534012,0.03037550114095211,0.03694647178053856,4.407487869262695,6.496186256408691,3.348017930984497,0.552773118019104
123,29801,100,7,7,minus,2,-0.02,0.02,0.006495960056781769,0.006367331370711327,12554.0,7650913.0,48715.89835948311,75.03103922687157,2236.0,81.40618896484375,0.0025993387680500746,0.016788994893431664,0.04067101329565048,0.03674013912677765,0.012556415051221848,0.04945344105362892,7.4825053215026855,6.3737263679504395,0.6165230870246887,0.23225137591362
123,29801,101,7,1,minus,3,-0.01,0.01,0.005644886288791895,0.005588718689978123,9072.0,7188757.0,40175.94060361106,94.25858192678098,2809.0,52.32191848754883,0.001907689031213522,0.028657300397753716,0.013177522458136082,0.02046092227101326,0.031077144667506218,0.049670636653900146,6.481612205505371,0.2743898928165436,1.009099006652832,0.3861621022224426
123,29801,101,7,2,minus,3,-0.01,0.01,0.01847972720861435,0.018295850604772568,1492.0,390.5208740234375,7.144911569178021,23.925371631824433,713.0,1.9274224042892456,0.0006420366116799414,0.020790288224816322,0.027660297229886055,0.02674812823534012,0.03037550114095211,0.03694647178053856,4.407487869262695,6.496186256408691,3.348017930984497,0.552773118019104
123,29801,101,7,7,minus,3,-0.01,0.01,0.006495960056781769,0.006431324407458305,12546.0,7625073.0,49039.31809355132,74.96392738498707,2234.0,81.40618896484375,0.0025993387680500746,0.016788994893431664,0.04067101329565048,0.03674013912677765,0.012556415051221848,0.04945344105362892,7.4825053215026855,6.3737263679504395,0.6165230870246887,0.23225137591362
123,29801,102,7,1,minus,4,-0.005,0.005,0.005644886288791895,0.005616732407361269,9156.0,7167802.0,40259.62578294892,94.25858192678098,2809.0,52.32191848754883,0.001907689031213522,0.028657300397753716,0.013177522458136082,0.02046092227101326,0.031077144667506218,0.049670636653900146,6.481612205505371,0.2743898928165436,1.009099006652832,0.3861621022224426
123,29801,102,7,2,minus,4,-0.005,0.005,0.01847972720861435,0.018387557938694954,1485.0,443.4474792480469,8.15391621744169,24.026039394651185,716.0,1.9274224042892456,0.0006420366116799414,0.020790288224816322,0.027660297229886055,0.02674812823534012,0.03037550114095211,0.03694647178053856,4.407487869262695,6.496186256408691,3.348017930984497,0.552773118019104
123,29801,102,7,7,minus,4,-0.005,0.005,0.006495960056781769,0.0064635612070560455,12571.0,7617748.0,49237.78045792878,75.13170698969833,2239.0,81.40618896484375,0.0025993387680500746,0.016788994893431664,0.04067101329565048,0.03674013912677765,0.012556415051221848,0.04945344105362892,7.4825053215026855,6.3737263679504395,0.6165230870246887,0.23225137591362
123,29801,103,7,1,minus,5,-0.0025,0.0025,0.005644886288791895,0.005630791652947664,9260.0,7244932.5,40794.70544716925,94.39280561054997,2813.0,52.32191848754883,0.001907689031213522,0.028657300397753716,0.013177522458136082,0.02046092227101326,0.031077144667506218,0.049670636653900146,6.481612205505371,0.2743898928165436,1.009099006652832,0.3861621022224426
123,29801,103,7,2,minus,5,-0.0025,0.0025,0.01847972720861435,0.0184335857629776,1487.0,440.83575439453125,8.126183686018521,24.093151236535686,718.0,1.9274224042892456,0.0006420366116799414,0.020790288224816322,0.027660297229886055,0.02674812823534012,0.03037550114095211,0.03694647178053856,4.407487869262695,6.496186256408691,3.348017930984497,0.552773118019104
123,29801,103,7,7,minus,5,-0.0025,0.0025,0.006495960056781769,0.006479740142822266,12676.0,7630661.5,49444.703637838364,75.36659843629408,2246.0,81.40618896484375,0.0025993387680500746,0.016788994893431664,0.04067101329565048,0.03674013912677765,0.012556415051221848,0.04945344105362892,7.4825053215026855,6.3737263679504395,0.6165230870246887,0.23225137591362
123,29801,104,7,1,center,6,0.0,0.0,0.005644886288791895,0.005644886288791895,9252.0,7209637.5,40697.583870909875,94.39280561054997,2813.0,52.32191848754883,0.001907689031213522,0.028657300397753716,0.013177522458136082,0.02046092227101326,0.031077144667506218,0.049670636653900146,6.481612205505371,0.2743898928165436,1.009099006652832,0.3861621022224426
123,29801,104,7,2,center,6,0.0,0.0,0.01847972720861435,0.01847972720861435,1486.0,447.16522216796875,8.263491322843493,24.126707157477934,719.0,1.9274224042892456,0.0006420366116799414,0.020790288224816322,0.027660297229886055,0.02674812823534012,0.03037550114095211,0.03694647178053856,4.407487869262695,6.496186256408691,3.348017930984497,0.552773118019104
123,29801,104,7,7,center,6,0.0,0.0,0.006495960056781769,0.006495960056781769,12644.0,7568716.5,49166.08006510511,75.29948659440957,2244.0,81.40618896484375,0.0025993387680500746,0.016788994893431664,0.04067101329565048,0.03674013912677765,0.012556415051221848,0.04945344105362892,7.4825053215026855,6.3737263679504395,0.6165230870246887,0.23225137591362
123,29801,105,7,1,plus,7,0.0025,0.0025,0.005644886288791895,0.005659016314893961,9291.0,7492867.0,42402.25659833057,94.42636153149222,2814.0,52.32191848754883,0.001907689031213522,0.028657300397753716,0.013177522458136082,0.02046092227101326,0.031077144667506218,0.049670636653900146,6.481612205505371,0.2743898928165436,1.009099006652832,0.3861621022224426
123,29801,105,7,2,plus,7,0.0025,0.0025,0.01847972720861435,0.01852598413825035,1486.0,447.1689453125,8.284244787977514,24.126707157477934,719.0,1.9274224042892456,0.0006420366116799414,0.020790288224816322,0.027660297229886055,0.02674812823534012,0.03037550114095211,0.03694647178053856,4.407487869262695,6.496186256408691,3.348017930984497,0.552773118019104
123,29801,105,7,7,plus,7,0.0025,0.0025,0.006495960056781769,0.006512220483273268,12701.0,7512063.0,48920.21054023923,75.46726619912083,2249.0,81.40618896484375,0.0025993387680500746,0.016788994893431664,0.04067101329565048,0.03674013912677765,0.012556415051221848,0.04945344105362892,7.4825053215026855,6.3737263679504395,0.6165230870246887,0.23225137591362
123,29801,106,7,1,plus,8,0.005,0.005,0.005644886288791895,0.005673181265592575,9301.0,7396084.0,41959.325187548995,94.49347337337673,2816.0,52.32191848754883,0.001907689031213522,0.028657300397753716,0.013177522458136082,0.02046092227101326,0.031077144667506218,0.049670636653900146,6.481612205505371,0.2743898928165436,1.009099006652832,0.3861621022224426
123,29801,106,7,2,plus,8,0.005,0.005,0.01847972720861435,0.018572356551885605,1505.0,440.23046875,8.176117230628734,24.093151236535686,718.0,1.9274224042892456,0.0006420366116799414,0.020790288224816322,0.027660297229886055,0.02674812823534012,0.03037550114095211,0.03694647178053856,4.407487869262695,6.496186256408691,3.348017930984497,0.552773118019104
123,29801,106,7,7,plus,8,0.005,0.005,0.006495960056781769,0.006528520956635475,12752.0,7746403.5,50572.55758830439,75.50082212006308,2250.0,81.40618896484375,0.0025993387680500746,0.016788994893431664,0.04067101329565048,0.03674013912677765,0.012556415051221848,0.04945344105362892,7.4825053215026855,6.3737263679504395,0.6165230870246887,0.23225137591362
123,29801,107,7,1,plus,9,0.01,0.01,0.005644886288791895,0.005701618269085884,9330.0,7554459.0,43072.64144746028,94.59414113620348,2819.0,52.32191848754883,0.001907689031213522,0.028657300397753716,0.013177522458136082,0.02046092227101326,0.031077144667506218,0.049670636653900146,6.481612205505371,0.2743898928165436,1.009099006652832,0.3861621022224426
123,29801,107,7,2,plus,9,0.01,0.01,0.01847972720861435,0.018665451556444168,1515.0,389.1251220703125,7.263196115398841,24.294486762189187,724.0,1.9274224042892456,0.0006420366116799414,0.020790288224816322,0.027660297229886055,0.02674812823534012,0.03037550114095211,0.03694647178053856,4.407487869262695,6.496186256408691,3.348017930984497,0.552773118019104
123,29801,107,7,7,plus,9,0.01,0.01,0.006495960056781769,0.006561245769262314,12805.0,7872767.0,51655.15917113796,75.73571356665883,2257.0,81.40618896484375,0.0025993387680500746,0.016788994893431664,0.04067101329565048,0.03674013912677765,0.012556415051221848,0.04945344105362892,7.4825053215026855,6.3737263679504395,0.6165230870246887,0.23225137591362
123,29801,108,7,1,plus,10,0.02,0.02,0.005644886288791895,0.005758920684456825,9390.0,7964141.0,45864.856338830665,94.86258850374148,2827.0,52.32191848754883,0.001907689031213522,0.028657300397753716,0.013177522458136082,0.02046092227101326,0.031077144667506218,0.049670636653900146,6.481612205505371,0.2743898928165436,1.009099006652832,0.3861621022224426
123,29801,108,7,2,plus,10,0.02,0.02,0.01847972720861435,0.018853042274713516,1528.0,319.07293701171875,6.0154955701989365,24.596490050669438,733.0,1.9274224042892456,0.0006420366116799414,0.020790288224816322,0.027660297229886055,0.02674812823534012,0.03037550114095211,0.03694647178053856,4.407487869262695,6.496186256408691,3.348017930984497,0.552773118019104
123,29801,108,7,7,plus,10,0.02,0.02,0.006495960056781769,0.006627187132835388,12821.0,7972901.5,52837.910232163966,75.93704909231234,2263.0,81.40618896484375,0.0025993387680500746,0.016788994893431664,0.04067101329565048,0.03674013912677765,0.012556415051221848,0.04945344105362892,7.4825053215026855,6.3737263679504395,0.6165230870246887,0.23225137591362
123,29801,109,7,1,plus,11,0.05,0.05,0.005644886288791895,0.005934305489063263,9700.0,8061390.5,47838.75389363244,95.93637797389349,2859.0,52.32191848754883,0.001907689031213522,0.028657300397753716,0.013177522458136082,0.02046092227101326,0.031077144667506218,0.049670636653900146,6.481612205505371,0.2743898928165436,1.009099006652832,0.3861621022224426
123,29801,109,7,2,plus,11,0.05,0.05,0.01847972720861435,0.01942720264196396,1570.0,596.709716796875,11.592400586641816,25.536055837052448,761.0,1.9274224042892456,0.0006420366116799414,0.020790288224816322,0.027660297229886055,0.02674812823534012,0.03037550114095211,0.03694647178053856,4.407487869262695,6.496186256408691,3.348017930984497,0.552773118019104
123,29801,109,7,7,plus,11,0.05,0.05,0.006495960056781769,0.006829014979302883,13192.0,8253231.0,56361.43812664691,76.70883527398409,2286.0,81.40618896484375,0.0025993387680500746,0.016788994893431664,0.04067101329565048,0.03674013912677765,0.012556415051221848,0.04945344105362892,7.4825053215026855,6.3737263679504395,0.6165230870246887,0.23225137591362
123,29801,110,7,1,plus,12,0.1,0.1,0.005644886288791895,0.006238564383238554,9847.0,8775369.0,54745.70449317573,97.31217073252574,2900.0,52.32191848754883,0.001907689031213522,0.028657300397753716,0.013177522458136082,0.02046092227101326,0.031077144667506218,0.049670636653900146,6.481612205505371,0.2743898928165436,1.009099006652832,0.3861621022224426
123,29801,110,7,2,plus,12,0.1,0.1,0.01847972720861435,0.02042325772345066,1628.0,1556.931640625,31.79761615427924,27.34807556793396,815.0,1.9274224042892456,0.0006420366116799414,0.020790288224816322,0.027660297229886055,0.02674812823534012,0.03037550114095211,0.03694647178053856,4.407487869262695,6.496186256408691,3.348017930984497,0.552773118019104
123,29801,110,7,7,plus,12,0.1,0.1,0.006495960056781769,0.007179146632552147,13633.0,8164440.5,58613.71552224737,77.68195698130934,2315.0,81.40618896484375,0.0025993387680500746,0.016788994893431664,0.04067101329565048,0.03674013912677765,0.012556415051221848,0.04945344105362892,7.4825053215026855,6.3737263679504395,0.6165230870246887,0.23225137591362
123,29801,111,7,1,center_duplicate,-1,0.0,0.0,0.005644886288791895,0.005644886288791895,9252.0,7209637.5,40697.583870909875,94.39280561054997,2813.0,52.32191848754883,0.001907689031213522,0.028657300397753716,0.013177522458136082,0.02046092227101326,0.031077144667506218,0.049670636653900146,6.481612205505371,0.2743898928165436,1.009099006652832,0.3861621022224426
123,29801,111,7,2,center_duplicate,-1,0.0,0.0,0.01847972720861435,0.01847972720861435,1486.0,447.16522216796875,8.263491322843493,24.126707157477934,719.0,1.9274224042892456,0.0006420366116799414,0.020790288224816322,0.027660297229886055,0.02674812823534012,0.03037550114095211,0.03694647178053856,4.407487869262695,6.496186256408691,3.348017930984497,0.552773118019104
123,29801,111,7,7,center_duplicate,-1,0.0,0.0,0.006495960056781769,0.006495960056781769,12644.0,7568716.5,49166.08006510511,75.29948659440957,2244.0,81.40618896484375,0.0025993387680500746,0.016788994893431664,0.04067101329565048,0.03674013912677765,0.012556415051221848,0.04945344105362892,7.4825053215026855,6.3737263679504395,0.6165230870246887,0.23225137591362
