seed,sim_len,row_index,init_id,cell,row_kind,offset_index,log_offset,epsilon,center_gain,gain,loss,analytic_gradient_gain,analytic_gradient_log_gain,firing_rate_hz,spike_count,center_Strf_alpha,center_output_ad,center_on_ron_gSYN,center_off_ron_gSYN,center_on_sonoff_gSYN,center_off_sonoff_gSYN,center_sonoff_ron_gSYN,center_abs_ref,center_rel_ref_a,center_rel_ref_b,center_rel_ref_c
1011,29801,0,0,1,minus,0,-0.1,0.1,0.010369358584284782,0.009382584132254124,5609.0,-11949.77734375,-112.11979128943858,35.09949330559377,1046.0,6.626354694366455,0.0035706069320440292,0.017586013302206993,0.0440235361456871,0.036416418850421906,0.015820348635315895,0.03075505420565605,9.734742164611816,4.234930515289307,6.025596618652344,0.5770443677902222
1011,29801,0,0,2,minus,0,-0.1,0.1,0.0017865144181996584,0.0016165050910785794,8619.0,4716952.0,7624.976922373287,68.11851951276802,2030.0,59.34796905517578,0.003477817866951227,0.03811865672469139,0.019889790564775467,0.039781637489795685,0.045002952218055725,0.024391407147049904,3.5100626945495605,4.31492280960083,8.399785995483398,0.2598817050457001
1011,29801,0,0,7,minus,0,-0.1,0.1,0.015980957075953484,0.014460167847573757,41887.0,175291488.0,2534744.338730961,132.98211469413778,3963.0,59.11423873901367,0.004803546704351902,0.04223012551665306,0.038019679486751556,0.04160550981760025,0.04478614404797554,0.020792031660676003,4.51259708404541,8.273573875427246,6.738358020782471,0.34646177291870117
1011,29801,1,0,1,minus,1,-0.05,0.05,0.010369358584284782,0.009863639250397682,5590.0,-14009.4619140625,-138.18427841249832,36.34106238045703,1083.0,6.626354694366455,0.0035706069320440292,0.017586013302206993,0.0440235361456871,0.036416418850421906,0.015820348635315895,0.03075505420565605,9.734742164611816,4.234930515289307,6.025596618652344,0.5770443677902222
1011,29801,1,0,2,minus,1,-0.05,0.05,0.0017865144181996584,0.0016993851168081164,9482.0,5204194.0,8843.929828582099,70.5681017415523,2103.0,59.34796905517578,0.003477817866951227,0.03811865672469139,0.019889790564775467,0.039781637489795685,0.045002952218055725,0.024391407147049904,3.5100626945495605,4.31492280960083,8.399785995483398,0.2598817050457001
1011,29801,1,0,7,minus,1,-0.05,0.05,0.015980957075953484,0.01520155742764473,42808.0,192205696.0,2921825.925664425,134.15657192711654,3998.0,59.11423873901367,0.004803546704351902,0.04223012551665306,0.038019679486751556,0.04160550981760025,0.04478614404797554,0.020792031660676003,4.51259708404541,8.273573875427246,6.738358020782471,0.34646177291870117
1011,29801,2,0,1,minus,2,-0.02,0.02,0.010369358584284782,0.010164031758904457,5710.0,-18583.32421875,-188.88149754539336,37.347740008724536,1113.0,6.626354694366455,0.0035706069320440292,0.017586013302206993,0.0440235361456871,0.036416418850421906,0.015820348635315895,0.03075505420565605,9.734742164611816,4.234930515289307,6.025596618652344,0.5770443677902222
1011,29801,2,0,2,minus,2,-0.02,0.02,0.0017865144181996584,0.001751139061525464,9762.0,5788192.5,10135.92998237873,71.5747793698198,2133.0,59.34796905517578,0.003477817866951227,0.03811865672469139,0.019889790564775467,0.039781637489795685,0.045002952218055725,0.024391407147049904,3.5100626945495605,4.31492280960083,8.399785995483398,0.2598817050457001
1011,29801,2,0,7,minus,2,-0.02,0.02,0.015980957075953484,0.015664512291550636,43123.0,202425968.0,3170904.063865036,134.79413442501928,4017.0,59.11423873901367,0.004803546704351902,0.04223012551665306,0.038019679486751556,0.04160550981760025,0.04478614404797554,0.020792031660676003,4.51259708404541,8.273573875427246,6.738358020782471,0.34646177291870117
1011,29801,3,0,1,minus,3,-0.01,0.01,0.010369358584284782,0.010266182012856007,5663.0,-16120.078125,-165.49165609270858,37.58263145532029,1120.0,6.626354694366455,0.0035706069320440292,0.017586013302206993,0.0440235361456871,0.036416418850421906,0.015820348635315895,0.03075505420565605,9.734742164611816,4.234930515289307,6.025596618652344,0.5770443677902222
1011,29801,3,0,2,minus,3,-0.01,0.01,0.0017865144181996584,0.0017687382642179728,9784.0,5509518.5,9744.896188366809,71.6418912117043,2135.0,59.34796905517578,0.003477817866951227,0.03811865672469139,0.019889790564775467,0.039781637489795685,0.045002952218055725,0.024391407147049904,3.5100626945495605,4.31492280960083,8.399785995483398,0.2598817050457001
1011,29801,3,0,7,minus,3,-0.01,0.01,0.015980957075953484,0.015821943059563637,43225.0,209109264.0,3308514.8682352602,135.1296936344418,4027.0,59.11423873901367,0.004803546704351902,0.04223012551665306,0.038019679486751556,0.04160550981760025,0.04478614404797554,0.020792031660676003,4.51259708404541,8.273573875427246,6.738358020782471,0.34646177291870117
1011,29801,4,0,1,minus,4,-0.005,0.005,0.010369358584284782,0.01031764131039381,5615.0,-11627.86328125,-119.97212254223632,37.71685513908929,1124.0,6.626354694366455,0.0035706069320440292,0.017586013302206993,0.0440235361456871,0.036416418850421906,0.015820348635315895,0.03075505420565605,9.734742164611816,4.234930515289307,6.025596618652344,0.5770443677902222
1011,29801,4,0,2,minus,4,-0.005,0.005,0.0017865144181996584,0.0017776041058823466,9836.0,5488592.5,9756.544563515054,71.7761148954733,2139.0,59.34796905517578,0.003477817866951227,0.03811865672469139,0.019889790564775467,0.039781637489795685,0.045002952218055725,0.024391407147049904,3.5100626945495605,4.31492280960083,8.399785995483398,0.2598817050457001
1011,29801,4,0,7,minus,4,-0.005,0.005,0.015980957075953484,0.015901250764727592,43551.0,214384784.0,3408986.2105259597,135.46525284386428,4037.0,59.11423873901367,0.004803546704351902,0.04223012551665306,0.038019679486751556,0.04160550981760025,0.04478614404797554,0.020792031660676003,4.51259708404541,8.273573875427246,6.738358020782471,0.34646177291870117
1011,29801,5,0,1,minus,5,-0.0025,0.0025,0.010369358584284782,0.010343467816710472,5630.0,-13149.556640625,-136.01201591631616,37.75041106003154,1125.0,6.626354694366455,0.0035706069320440292,0.017586013302206993,0.0440235361456871,0.036416418850421906,0.015820348635315895,0.03075505420565605,9.734742164611816,4.234930515289307,6.025596618652344,0.5770443677902222
1011,29801,5,0,2,minus,5,-0.0025,0.0025,0.0017865144181996584,0.001782053615897894,9906.0,5467121.0,9742.70274660131,71.9774504211268,2145.0,59.34796905517578,0.003477817866951227,0.03811865672469139,0.019889790564775467,0.039781637489795685,0.045002952218055725,0.024391407147049904,3.5100626945495605,4.31492280960083,8.399785995483398,0.2598817050457001
1011,29801,5,0,7,minus,5,-0.0025,0.0025,0.015980957075953484,0.01594105362892151,43473.0,217477840.0,3466825.9105420113,135.39814100197978,4035.0,59.11423873901367,0.004803546704351902,0.04223012551665306,0.038019679486751556,0.04160550981760025,0.04478614404797554,0.020792031660676003,4.51259708404541,8.273573875427246,6.738358020782471,0.34646177291870117
1011,29801,6,0,1,center,6,0.0,0.0,0.010369358584284782,0.010369358584284782,5588.0,-12727.1552734375,-131.97243678814448,37.88463474380054,1129.0,6.626354694366455,0.0035706069320440292,0.017586013302206993,0.0440235361456871,0.036416418850421906,0.015820348635315895,0.03075505420565605,9.734742164611816,4.234930515289307,6.025596618652344,0.5770443677902222
1011,29801,6,0,2,center,6,0.0,0.0,0.0017865144181996584,0.0017865144181996584,9998.0,5438856.0,9716.594662511721,72.17878594678031,2151.0,59.34796905517578,0.003477817866951227,0.03811865672469139,0.019889790564775467,0.039781637489795685,0.045002952218055725,0.024391407147049904,3.5100626945495605,4.31492280960083,8.399785995483398,0.2598817050457001
1011,29801,6,0,7,center,6,0.0,0.0,0.015980957075953484,0.015980957075953484,43648.0,220541744.0,3524468.1443199217,135.56592060669104,4040.0,59.11423873901367,0.004803546704351902,0.04223012551665306,0.038019679486751556,0.04160550981760025,0.04478614404797554,0.020792031660676003,4.51259708404541,8.273573875427246,6.738358020782471,0.34646177291870117
1011,29801,7,0,1,plus,7,0.0025,0.0025,0.010369358584284782,0.010395314544439316,5574.0,-14623.775390625,-152.0187450127778,37.951746585685044,1131.0,6.626354694366455,0.0035706069320440292,0.017586013302206993,0.0440235361456871,0.036416418850421906,0.015820348635315895,0.03075505420565605,9.734742164611816,4.234930515289307,6.025596618652344,0.5770443677902222
1011,29801,7,0,2,plus,7,0.0025,0.0025,0.0017865144181996584,0.0017909863963723183,10032.0,5465343.0,9788.354964508675,72.2458977886648,2153.0,59.34796905517578,0.003477817866951227,0.03811865672469139,0.019889790564775467,0.039781637489795685,0.045002952218055725,0.024391407147049904,3.5100626945495605,4.31492280960083,8.399785995483398,0.2598817050457001
1011,29801,7,0,7,plus,7,0.0025,0.0025,0.015980957075953484,0.016020959243178368,43525.0,225095648.0,3606248.2024248242,135.5323646857488,4039.0,59.11423873901367,0.004803546704351902,0.04223012551665306,0.038019679486751556,0.04160550981760025,0.04478614404797554,0.020792031660676003,4.51259708404541,8.273573875427246,6.738358020782471,0.34646177291870117
1011,29801,8,0,1,plus,8,0.005,0.005,0.010369358584284782,0.010421334765851498,5599.0,-15914.93359375,-165.8548507567648,38.05241434851179,1134.0,6.626354694366455,0.0035706069320440292,0.017586013302206993,0.0440235361456871,0.036416418850421906,0.015820348635315895,0.03075505420565605,9.734742164611816,4.234930515289307,6.025596618652344,0.5770443677902222
1011,29801,8,0,2,plus,8,0.005,0.005,0.0017865144181996584,0.0017954693175852299,10127.0,5719292.5,10268.814202045323,72.34656555149155,2156.0,59.34796905517578,0.003477817866951227,0.03811865672469139,0.019889790564775467,0.039781637489795685,0.045002952218055725,0.024391407147049904,3.5100626945495605,4.31492280960083,8.399785995483398,0.2598817050457001
1011,29801,8,0,7,plus,8,0.005,0.005,0.015980957075953484,0.01606106199324131,43656.0,230311296.0,3699044.0027997494,135.56592060669104,4040.0,59.11423873901367,0.004803546704351902,0.04223012551665306,0.038019679486751556,0.04160550981760025,0.04478614404797554,0.020792031660676003,4.51259708404541,8.273573875427246,6.738358020782471,0.34646177291870117
1011,29801,9,0,1,plus,9,0.01,0.01,0.010369358584284782,0.01047357264906168,5565.0,-12719.54296875,-133.2190573460648,38.11952619039629,1136.0,6.626354694366455,0.0035706069320440292,0.017586013302206993,0.0440235361456871,0.036416418850421906,0.015820348635315895,0.03075505420565605,9.734742164611816,4.234930515289307,6.025596618652344,0.5770443677902222
1011,29801,9,0,2,plus,9,0.01,0.01,0.0017865144181996584,0.0018044691532850266,10230.0,5844781.5,10546.727924440987,72.6485688399718,2165.0,59.34796905517578,0.003477817866951227,0.03811865672469139,0.019889790564775467,0.039781637489795685,0.045002952218055725,0.024391407147049904,3.5100626945495605,4.31492280960083,8.399785995483398,0.2598817050457001
1011,29801,9,0,7,plus,9,0.01,0.01,0.015980957075953484,0.01614156924188137,43831.0,229335216.0,3701830.2686658204,135.76725613234456,4046.0,59.11423873901367,0.004803546704351902,0.04223012551665306,0.038019679486751556,0.04160550981760025,0.04478614404797554,0.020792031660676003,4.51259708404541,8.273573875427246,6.738358020782471,0.34646177291870117
1011,29801,10,0,1,plus,10,0.02,0.02,0.010369358584284782,0.010578833520412445,5604.0,-9180.060546875,-97.11433223269705,38.48864132076105,1147.0,6.626354694366455,0.0035706069320440292,0.017586013302206993,0.0440235361456871,0.036416418850421906,0.015820348635315895,0.03075505420565605,9.734742164611816,4.234930515289307,6.025596618652344,0.5770443677902222
1011,29801,10,0,2,plus,10,0.02,0.02,0.0017865144181996584,0.0018226043321192265,10463.0,5991486.5,10920.109250733862,73.48746686352807,2190.0,59.34796905517578,0.003477817866951227,0.03811865672469139,0.019889790564775467,0.039781637489795685,0.045002952218055725,0.024391407147049904,3.5100626945495605,4.31492280960083,8.399785995483398,0.2598817050457001
1011,29801,10,0,7,plus,10,0.02,0.02,0.015980957075953484,0.01630379445850849,43859.0,238547056.0,3889222.169706315,135.8679238951713,4049.0,59.11423873901367,0.004803546704351902,0.04223012551665306,0.038019679486751556,0.04160550981760025,0.04478614404797554,0.020792031660676003,4.51259708404541,8.273573875427246,6.738358020782471,0.34646177291870117
1011,29801,11,0,1,plus,11,0.05,0.05,0.010369358584284782,0.010901006869971752,5520.0,165.65061950683594,1.8057585412590953,39.09264789772155,1165.0,6.626354694366455,0.0035706069320440292,0.017586013302206993,0.0440235361456871,0.036416418850421906,0.015820348635315895,0.03075505420565605,9.734742164611816,4.234930515289307,6.025596618652344,0.5770443677902222
1011,29801,11,0,2,plus,11,0.05,0.05,0.0017865144181996584,0.0018781109247356653,10663.0,5885868.0,11054.312992352061,74.49414449179557,2220.0,59.34796905517578,0.003477817866951227,0.03811865672469139,0.019889790564775467,0.039781637489795685,0.045002952218055725,0.024391407147049904,3.5100626945495605,4.31492280960083,8.399785995483398,0.2598817050457001
1011,29801,11,0,7,plus,11,0.05,0.05,0.015980957075953484,0.01680031791329384,44414.0,256115392.0,4302820.008087873,136.4719304721318,4067.0,59.11423873901367,0.004803546704351902,0.04223012551665306,0.038019679486751556,0.04160550981760025,0.04478614404797554,0.020792031660676003,4.51259708404541,8.273573875427246,6.738358020782471,0.34646177291870117
1011,29801,12,0,1,plus,12,0.1,0.1,0.010369358584284782,0.011459914036095142,5439.0,-611.8475341796875,-7.011720144896003,39.93154592127781,1190.0,6.626354694366455,0.0035706069320440292,0.017586013302206993,0.0440235361456871,0.036416418850421906,0.015820348635315895,0.03075505420565605,9.734742164611816,4.234930515289307,6.025596618652344,0.5770443677902222
1011,29801,12,0,2,plus,12,0.1,0.1,0.0017865144181996584,0.0019744038581848145,11381.0,6434103.0,12703.51778715849,76.77594711586859,2288.0,59.34796905517578,0.003477817866951227,0.03811865672469139,0.019889790564775467,0.039781637489795685,0.045002952218055725,0.024391407147049904,3.5100626945495605,4.31492280960083,8.399785995483398,0.2598817050457001
1011,29801,12,0,7,plus,12,0.1,0.1,0.015980957075953484,0.01766168884932995,44948.0,277926432.0,4908650.164988458,137.24371665380355,4090.0,59.11423873901367,0.004803546704351902,0.04223012551665306,0.038019679486751556,0.04160550981760025,0.04478614404797554,0.020792031660676003,4.51259708404541,8.273573875427246,6.738358020782471,0.34646177291870117
1011,29801,13,0,1,center_duplicate,-1,0.0,0.0,0.010369358584284782,0.010369358584284782,5588.0,-12727.1552734375,-131.97243678814448,37.88463474380054,1129.0,6.626354694366455,0.0035706069320440292,0.017586013302206993,0.0440235361456871,0.036416418850421906,0.015820348635315895,0.03075505420565605,9.734742164611816,4.234930515289307,6.025596618652344,0.5770443677902222
1011,29801,13,0,2,center_duplicate,-1,0.0,0.0,0.0017865144181996584,0.0017865144181996584,9998.0,5438856.0,9716.594662511721,72.17878594678031,2151.0,59.34796905517578,0.003477817866951227,0.03811865672469139,0.019889790564775467,0.039781637489795685,0.045002952218055725,0.024391407147049904,3.5100626945495605,4.31492280960083,8.399785995483398,0.2598817050457001
1011,29801,13,0,7,center_duplicate,-1,0.0,0.0,0.015980957075953484,0.015980957075953484,43648.0,220541744.0,3524468.1443199217,135.56592060669104,4040.0,59.11423873901367,0.004803546704351902,0.04223012551665306,0.038019679486751556,0.04160550981760025,0.04478614404797554,0.020792031660676003,4.51259708404541,8.273573875427246,6.738358020782471,0.34646177291870117
1011,29801,14,1,1,minus,0,-0.1,0.1,0.00654630409553647,0.005923341028392315,40448.0,40322188.0,238842.07053494826,156.26992382805946,4657.0,82.565185546875,0.0040601445361971855,0.0467863455414772,0.03732769191265106,0.025265473872423172,0.03627234324812889,0.04088784381747246,1.3129640817642212,5.302206039428711,8.969371795654297,0.42847421765327454
1011,29801,14,1,2,minus,0,-0.1,0.1,0.005940642673522234,0.005375315900892019,4188.0,708628.25,3809.100700046285,49.42787154793463,1473.0,22.052663803100586,0.004763214383274317,0.012258819304406643,0.038533229380846024,0.03268948569893837,0.03575180843472481,0.025060711428523064,9.433023452758789,8.444083213806152,6.955045700073242,0.8759985566139221
1011,29801,14,1,7,minus,0,-0.1,0.1,0.005434128455817699,0.004917002748697996,16019.0,6695906.5,32923.79066552478,85.76893392839166,2556.0,74.29742431640625,0.0021332968026399612,0.03313383460044861,0.024333057925105095,0.031500790268182755,0.029038436710834503,0.030220912769436836,8.710350036621094,3.6867733001708984,8.966926574707031,0.9366800785064697
1011,29801,15,1,1,minus,1,-0.05,0.05,0.00654630409553647,0.006227037403732538,40937.0,50294240.0,313184.1136723012,158.0483876379987,4710.0,82.565185546875,0.0040601445361971855,0.0467863455414772,0.03732769191265106,0.025265473872423172,0.03627234324812889,0.04088784381747246,1.3129640817642212,5.302206039428711,8.969371795654297,0.42847421765327454
1011,29801,15,1,2,minus,1,-0.05,0.05,0.005940642673522234,0.005650914274156094,4300.0,664791.0625,3756.6773044126458,50.56877285997114,1507.0,22.052663803100586,0.004763214383274317,0.012258819304406643,0.038533229380846024,0.03268948569893837,0.03575180843472481,0.025060711428523064,9.433023452758789,8.444083213806152,6.955045700073242,0.8759985566139221
1011,29801,15,1,7,minus,1,-0.05,0.05,0.005434128455817699,0.005169102922081947,16383.0,7298082.5,37724.53957634512,86.87627931948592,2589.0,74.29742431640625,0.0021332968026399612,0.03313383460044861,0.024333057925105095,0.031500790268182755,0.029038436710834503,0.030220912769436836,8.710350036621094,3.6867733001708984,8.966926574707031,0.9366800785064697
1011,29801,16,1,1,minus,2,-0.02,0.02,0.00654630409553647,0.006416678428649902,42030.0,52724116.0,338313.6978068352,159.424180396631,4751.0,82.565185546875,0.0040601445361971855,0.0467863455414772,0.03732769191265106,0.025265473872423172,0.03627234324812889,0.04088784381747246,1.3129640817642212,5.302206039428711,8.969371795654297,0.42847421765327454
1011,29801,16,1,2,minus,2,-0.02,0.02,0.005940642673522234,0.005823010113090277,4345.0,834120.4375,4857.091743097786,51.3405590416429,1530.0,22.052663803100586,0.004763214383274317,0.012258819304406643,0.038533229380846024,0.03268948569893837,0.03575180843472481,0.025060711428523064,9.433023452758789,8.444083213806152,6.955045700073242,0.8759985566139221
1011,29801,16,1,7,minus,2,-0.02,0.02,0.005434128455817699,0.005326525773853064,16486.0,7325291.5,39018.35397573677,87.24539444985066,2600.0,74.29742431640625,0.0021332968026399612,0.03313383460044861,0.024333057925105095,0.031500790268182755,0.029038436710834503,0.030220912769436836,8.710350036621094,3.6867733001708984,8.966926574707031,0.9366800785064697
1011,29801,17,1,1,minus,3,-0.01,0.01,0.00654630409553647,0.006481167394667864,42349.0,52569504.0,340711.75527866185,159.79329552699573,4762.0,82.565185546875,0.0040601445361971855,0.0467863455414772,0.03732769191265106,0.025265473872423172,0.03627234324812889,0.04088784381747246,1.3129640817642212,5.302206039428711,8.969371795654297,0.42847421765327454
1011,29801,17,1,2,minus,3,-0.01,0.01,0.005940642673522234,0.005881532095372677,4444.0,782381.5,4601.601903075818,51.44122680446964,1533.0,22.052663803100586,0.004763214383274317,0.012258819304406643,0.038533229380846024,0.03268948569893837,0.03575180843472481,0.025060711428523064,9.433023452758789,8.444083213806152,6.955045700073242,0.8759985566139221
1011,29801,17,1,7,minus,3,-0.01,0.01,0.005434128455817699,0.005380058195441961,16554.0,7522043.0,40469.02908861684,87.37961813361967,2604.0,74.29742431640625,0.0021332968026399612,0.03313383460044861,0.024333057925105095,0.031500790268182755,0.029038436710834503,0.030220912769436836,8.710350036621094,3.6867733001708984,8.966926574707031,0.9366800785064697
1011,29801,18,1,1,minus,4,-0.005,0.005,0.00654630409553647,0.006513654254376888,42194.0,53749236.0,350103.9397409074,159.82685144793797,4763.0,82.565185546875,0.0040601445361971855,0.0467863455414772,0.03732769191265106,0.025265473872423172,0.03627234324812889,0.04088784381747246,1.3129640817642212,5.302206039428711,8.969371795654297,0.42847421765327454
1011,29801,18,1,2,minus,4,-0.005,0.005,0.005940642673522234,0.005911013577133417,4520.0,773956.5625,4574.867749049008,51.709674172007645,1541.0,22.052663803100586,0.004763214383274317,0.012258819304406643,0.038533229380846024,0.03268948569893837,0.03575180843472481,0.025060711428523064,9.433023452758789,8.444083213806152,6.955045700073242,0.8759985566139221
1011,29801,18,1,7,minus,4,-0.005,0.005,0.005434128455817699,0.005407025571912527,16625.0,7371587.0,39858.35941457795,87.61450958021543,2611.0,74.29742431640625,0.0021332968026399612,0.03313383460044861,0.024333057925105095,0.031500790268182755,0.029038436710834503,0.030220912769436836,8.710350036621094,3.6867733001708984,8.966926574707031,0.9366800785064697
1011,29801,19,1,1,minus,5,-0.0025,0.0025,0.00654630409553647,0.006529958453029394,42314.0,53670672.0,350467.258306168,160.0281869735915,4769.0,82.565185546875,0.0040601445361971855,0.0467863455414772,0.03732769191265106,0.025265473872423172,0.03627234324812889,0.04088784381747246,1.3129640817642212,5.302206039428711,8.969371795654297,0.42847421765327454
1011,29801,19,1,2,minus,5,-0.0025,0.0025,0.005940642673522234,0.005925809498876333,4547.0,776431.0,4600.98219502205,51.8774537767189,1546.0,22.052663803100586,0.004763214383274317,0.012258819304406643,0.038533229380846024,0.03268948569893837,0.03575180843472481,0.025060711428523064,9.433023452758789,8.444083213806152,6.955045700073242,0.8759985566139221
1011,29801,19,1,7,minus,5,-0.0025,0.0025,0.005434128455817699,0.0054205600172281265,16678.0,7260324.5,39355.02469680179,87.71517734304217,2614.0,74.29742431640625,0.0021332968026399612,0.03313383460044861,0.024333057925105095,0.031500790268182755,0.029038436710834503,0.030220912769436836,8.710350036621094,3.6867733001708984,8.966926574707031,0.9366800785064697
1011,29801,20,1,1,center,6,0.0,0.0,0.00654630409553647,0.00654630409553647,42348.0,52813404.0,345732.6029044222,160.16241065736048,4773.0,82.565185546875,0.0040601445361971855,0.0467863455414772,0.03732769191265106,0.025265473872423172,0.03627234324812889,0.04088784381747246,1.3129640817642212,5.302206039428711,8.969371795654297,0.42847421765327454
1011,29801,20,1,2,center,6,0.0,0.0,0.005940642673522234,0.005940642673522234,4564.0,825511.375,4904.068101803015,51.843897855776646,1545.0,22.052663803100586,0.004763214383274317,0.012258819304406643,0.038533229380846024,0.03268948569893837,0.03575180843472481,0.025060711428523064,9.433023452758789,8.444083213806152,6.955045700073242,0.8759985566139221
1011,29801,20,1,7,center,6,0.0,0.0,0.005434128455817699,0.005434128455817699,16563.0,7490682.0,40705.32820968144,87.54739773833093,2609.0,74.29742431640625,0.0021332968026399612,0.03313383460044861,0.024333057925105095,0.031500790268182755,0.029038436710834503,0.030220912769436836,8.710350036621094,3.6867733001708984,8.966926574707031,0.9366800785064697
1011,29801,21,1,1,plus,7,0.0025,0.0025,0.00654630409553647,0.00656269071623683,42485.0,52058736.0,341645.38344622403,160.39730210395624,4780.0,82.565185546875,0.0040601445361971855,0.0467863455414772,0.03732769191265106,0.025265473872423172,0.03627234324812889,0.04088784381747246,1.3129640817642212,5.302206039428711,8.969371795654297,0.42847421765327454
1011,29801,21,1,2,plus,7,0.0025,0.0025,0.005940642673522234,0.005955513101071119,4566.0,795460.5,4737.375429134583,51.843897855776646,1545.0,22.052663803100586,0.004763214383274317,0.012258819304406643,0.038533229380846024,0.03268948569893837,0.03575180843472481,0.025060711428523064,9.433023452758789,8.444083213806152,6.955045700073242,0.8759985566139221
1011,29801,21,1,7,plus,7,0.0025,0.0025,0.005434128455817699,0.005447730887681246,16578.0,7645439.0,41650.294190182816,87.64806550115767,2612.0,74.29742431640625,0.0021332968026399612,0.03313383460044861,0.024333057925105095,0.031500790268182755,0.029038436710834503,0.030220912769436836,8.710350036621094,3.6867733001708984,8.966926574707031,0.9366800785064697
1011,29801,22,1,1,plus,8,0.005,0.005,0.00654630409553647,0.006579117383807898,42560.0,52997796.0,348678.72096710466,160.497969866783,4783.0,82.565185546875,0.0040601445361971855,0.0467863455414772,0.03732769191265106,0.025265473872423172,0.03627234324812889,0.04088784381747246,1.3129640817642212,5.302206039428711,8.969371795654297,0.42847421765327454
1011,29801,22,1,2,plus,8,0.005,0.005,0.005940642673522234,0.005970420315861702,4582.0,796435.5,4755.0546894734725,51.843897855776646,1545.0,22.052663803100586,0.004763214383274317,0.012258819304406643,0.038533229380846024,0.03268948569893837,0.03575180843472481,0.025060711428523064,9.433023452758789,8.444083213806152,6.955045700073242,0.8759985566139221
1011,29801,22,1,7,plus,8,0.005,0.005,0.005434128455817699,0.005461367312818766,16587.0,7585453.5,41426.9477978067,87.74873326398442,2615.0,74.29742431640625,0.0021332968026399612,0.03313383460044861,0.024333057925105095,0.031500790268182755,0.029038436710834503,0.030220912769436836,8.710350036621094,3.6867733001708984,8.966926574707031,0.9366800785064697
1011,29801,23,1,1,plus,9,0.01,0.01,0.00654630409553647,0.006612095516175032,42888.0,53130044.0,351300.92570658214,160.76641723432098,4791.0,82.565185546875,0.0040601445361971855,0.0467863455414772,0.03732769191265106,0.025265473872423172,0.03627234324812889,0.04088784381747246,1.3129640817642212,5.302206039428711,8.969371795654297,0.42847421765327454
1011,29801,23,1,2,plus,9,0.01,0.01,0.005940642673522234,0.0060003469698131084,4632.0,719037.125,4314.472234176879,51.91100969766115,1547.0,22.052663803100586,0.004763214383274317,0.012258819304406643,0.038533229380846024,0.03268948569893837,0.03575180843472481,0.025060711428523064,9.433023452758789,8.444083213806152,6.955045700073242,0.8759985566139221
1011,29801,23,1,7,plus,9,0.01,0.01,0.005434128455817699,0.005488742608577013,16608.0,7546756.0,41422.201213734224,87.78228918492667,2616.0,74.29742431640625,0.0021332968026399612,0.03313383460044861,0.024333057925105095,0.031500790268182755,0.029038436710834503,0.030220912769436836,8.710350036621094,3.6867733001708984,8.966926574707031,0.9366800785064697
1011,29801,24,1,1,plus,10,0.02,0.02,0.00654630409553647,0.00667854817584157,43258.0,55366064.0,369764.9257307276,161.37042381128148,4809.0,82.565185546875,0.0040601445361971855,0.0467863455414772,0.03732769191265106,0.025265473872423172,0.03627234324812889,0.04088784381747246,1.3129640817642212,5.302206039428711,8.969371795654297,0.42847421765327454
1011,29801,24,1,2,plus,10,0.02,0.02,0.005940642673522234,0.006060651503503323,4657.0,848117.1875,5140.142707568884,52.0787893023724,1552.0,22.052663803100586,0.004763214383274317,0.012258819304406643,0.038533229380846024,0.03268948569893837,0.03575180843472481,0.025060711428523064,9.433023452758789,8.444083213806152,6.955045700073242,0.8759985566139221
1011,29801,24,1,7,plus,10,0.02,0.02,0.005434128455817699,0.005543904844671488,16754.0,7361100.5,40809.24072406371,88.05073655246467,2624.0,74.29742431640625,0.0021332968026399612,0.03313383460044861,0.024333057925105095,0.031500790268182755,0.029038436710834503,0.030220912769436836,8.710350036621094,3.6867733001708984,8.966926574707031,0.9366800785064697
1011,29801,25,1,1,plus,11,0.05,0.05,0.00654630409553647,0.0068819401785731316,44555.0,56603148.0,389539.4784549214,162.88044025368276,4854.0,82.565185546875,0.0040601445361971855,0.0467863455414772,0.03732769191265106,0.025265473872423172,0.03627234324812889,0.04088784381747246,1.3129640817642212,5.302206039428711,8.969371795654297,0.42847421765327454
1011,29801,25,1,2,plus,11,0.05,0.05,0.005940642673522234,0.006245225667953491,4754.0,843777.4375,5269.580510715023,52.51501627462165,1565.0,22.052663803100586,0.004763214383274317,0.012258819304406643,0.038533229380846024,0.03268948569893837,0.03575180843472481,0.025060711428523064,9.433023452758789,8.444083213806152,6.955045700073242,0.8759985566139221
1011,29801,25,1,7,plus,11,0.05,0.05,0.005434128455817699,0.005712741985917091,17007.0,8456785.0,48311.43073537387,88.75541089225193,2645.0,74.29742431640625,0.0021332968026399612,0.03313383460044861,0.024333057925105095,0.031500790268182755,0.029038436710834503,0.030220912769436836,8.710350036621094,3.6867733001708984,8.966926574707031,0.9366800785064697
1011,29801,26,1,1,plus,12,0.1,0.1,0.00654630409553647,0.0072347852401435375,45468.0,64697584.0,468073.1257961467,164.658904063622,4907.0,82.565185546875,0.0040601445361971855,0.0467863455414772,0.03732769191265106,0.025265473872423172,0.03627234324812889,0.04088784381747246,1.3129640817642212,5.302206039428711,8.969371795654297,0.42847421765327454
1011,29801,26,1,2,plus,12,0.1,0.1,0.005940642673522234,0.006565426010638475,4851.0,831115.5,5456.627321544802,53.42102614006241,1592.0,22.052663803100586,0.004763214383274317,0.012258819304406643,0.038533229380846024,0.03268948569893837,0.03575180843472481,0.025060711428523064,9.433023452758789,8.444083213806152,6.955045700073242,0.8759985566139221
1011,29801,26,1,7,plus,12,0.1,0.1,0.005434128455817699,0.00600564107298851,17378.0,8394352.0,50413.465152323246,89.46008523203919,2666.0,74.29742431640625,0.0021332968026399612,0.03313383460044861,0.024333057925105095,0.031500790268182755,0.029038436710834503,0.030220912769436836,8.710350036621094,3.6867733001708984,8.966926574707031,0.9366800785064697
1011,29801,27,1,1,center_duplicate,-1,0.0,0.0,0.00654630409553647,0.00654630409553647,42348.0,52813404.0,345732.6029044222,160.16241065736048,4773.0,82.565185546875,0.0040601445361971855,0.0467863455414772,0.03732769191265106,0.025265473872423172,0.03627234324812889,0.04088784381747246,1.3129640817642212,5.302206039428711,8.969371795654297,0.42847421765327454
1011,29801,27,1,2,center_duplicate,-1,0.0,0.0,0.005940642673522234,0.005940642673522234,4564.0,825511.375,4904.068101803015,51.843897855776646,1545.0,22.052663803100586,0.004763214383274317,0.012258819304406643,0.038533229380846024,0.03268948569893837,0.03575180843472481,0.025060711428523064,9.433023452758789,8.444083213806152,6.955045700073242,0.8759985566139221
1011,29801,27,1,7,center_duplicate,-1,0.0,0.0,0.005434128455817699,0.005434128455817699,16563.0,7490682.0,40705.32820968144,87.54739773833093,2609.0,74.29742431640625,0.0021332968026399612,0.03313383460044861,0.024333057925105095,0.031500790268182755,0.029038436710834503,0.030220912769436836,8.710350036621094,3.6867733001708984,8.966926574707031,0.9366800785064697
1011,29801,28,2,1,minus,0,-0.1,0.1,0.01662660576403141,0.015044375322759151,81114.0,172734288.0,2598679.459781572,215.9323512633804,6435.0,48.48685836791992,0.0011892077745869756,0.04431956261396408,0.030409296974539757,0.045158885419368744,0.02953779138624668,0.03650172799825668,3.901416301727295,9.861052513122559,3.3765461444854736,0.8627018332481384
1011,29801,28,2,2,minus,0,-0.1,0.1,0.01005376223474741,0.009097020141780376,231832.0,180037056.0,1637800.7246988416,297.674574678702,8871.0,75.7269058227539,0.0007651544292457402,0.04488987848162651,0.021788086742162704,0.04174017533659935,0.025246916338801384,0.03339438885450363,2.15057635307312,6.021400451660156,0.422410249710083,0.3041475713253021
1011,29801,28,2,7,minus,0,-0.1,0.1,0.002189736580476165,0.0019813557155430317,12796.0,2662330.75,5275.024248178466,77.2457300090601,2302.0,47.99076843261719,0.00030573076219297945,0.025789793580770493,0.03251266852021217,0.021878911182284355,0.045277129858732224,0.017795966938138008,8.833017349243164,8.9212064743042,2.1577820777893066,0.5844389796257019
1011,29801,29,2,1,minus,1,-0.05,0.05,0.01662660576403141,0.015815716236829758,82503.0,183493424.0,2902079.925308287,217.30814402201267,6476.0,48.48685836791992,0.0011892077745869756,0.04431956261396408,0.030409296974539757,0.045158885419368744,0.02953779138624668,0.03650172799825668,3.901416301727295,9.861052513122559,3.3765461444854736,0.8627018332481384
1011,29801,29,2,2,minus,1,-0.05,0.05,0.01005376223474741,0.00956343486905098,237436.0,194161712.0,1856852.886775434,301.1643904566961,8975.0,75.7269058227539,0.0007651544292457402,0.04488987848162651,0.021788086742162704,0.04174017533659935,0.025246916338801384,0.03339438885450363,2.15057635307312,6.021400451660156,0.422410249710083,0.3041475713253021
1011,29801,29,2,7,minus,1,-0.05,0.05,0.002189736580476165,0.002082941820845008,13149.0,3141312.5,6543.171178593184,78.21885171638534,2331.0,47.99076843261719,0.00030573076219297945,0.025789793580770493,0.03251266852021217,0.021878911182284355,0.045277129858732224,0.017795966938138008,8.833017349243164,8.9212064743042,2.1577820777893066,0.5844389796257019
1011,29801,30,2,1,minus,2,-0.02,0.02,0.01662660576403141,0.01629737764596939,83149.0,187344784.0,3053228.694850564,218.04637428274216,6498.0,48.48685836791992,0.0011892077745869756,0.04431956261396408,0.030409296974539757,0.045158885419368744,0.02953779138624668,0.03650172799825668,3.901416301727295,9.861052513122559,3.3765461444854736,0.8627018332481384
1011,29801,30,2,2,minus,2,-0.02,0.02,0.01005376223474741,0.009854684583842754,240873.0,208438688.0,2054097.5253100097,303.1777457132311,9035.0,75.7269058227539,0.0007651544292457402,0.04488987848162651,0.021788086742162704,0.04174017533659935,0.025246916338801384,0.03339438885450363,2.15057635307312,6.021400451660156,0.422410249710083,0.3041475713253021
1011,29801,30,2,7,minus,2,-0.02,0.02,0.002189736580476165,0.002146376995369792,13333.0,3206650.0,6882.6797922025435,78.75574645146135,2347.0,47.99076843261719,0.00030573076219297945,0.025789793580770493,0.03251266852021217,0.021878911182284355,0.045277129858732224,0.017795966938138008,8.833017349243164,8.9212064743042,2.1577820777893066,0.5844389796257019
1011,29801,31,2,1,minus,3,-0.01,0.01,0.01662660576403141,0.016461167484521866,83274.0,203081376.0,3342956.543323159,218.28126572933792,6505.0,48.48685836791992,0.0011892077745869756,0.04431956261396408,0.030409296974539757,0.045158885419368744,0.02953779138624668,0.03650172799825668,3.901416301727295,9.861052513122559,3.3765461444854736,0.8627018332481384
1011,29801,31,2,2,minus,3,-0.01,0.01,0.01005376223474741,0.009953726083040237,242733.0,209048816.0,2080814.6524478793,304.3186470252676,9069.0,75.7269058227539,0.0007651544292457402,0.04488987848162651,0.021788086742162704,0.04174017533659935,0.025246916338801384,0.03339438885450363,2.15057635307312,6.021400451660156,0.422410249710083,0.3041475713253021
1011,29801,31,2,7,minus,3,-0.01,0.01,0.002189736580476165,0.0021679482888430357,13474.0,3395979.25,7362.307403983956,79.1919734237106,2360.0,47.99076843261719,0.00030573076219297945,0.025789793580770493,0.03251266852021217,0.021878911182284355,0.045277129858732224,0.017795966938138008,8.833017349243164,8.9212064743042,2.1577820777893066,0.5844389796257019
1011,29801,32,2,1,minus,4,-0.005,0.005,0.01662660576403141,0.016543680801987648,83583.0,204578032.0,3384473.6605068147,218.44904533404917,6510.0,48.48685836791992,0.0011892077745869756,0.04431956261396408,0.030409296974539757,0.045158885419368744,0.02953779138624668,0.03650172799825668,3.901416301727295,9.861052513122559,3.3765461444854736,0.8627018332481384
1011,29801,32,2,2,minus,4,-0.005,0.005,0.01005376223474741,0.010003618896007538,243158.0,209788608.0,2098645.283155918,304.62065031374783,9078.0,75.7269058227539,0.0007651544292457402,0.04488987848162651,0.021788086742162704,0.04174017533659935,0.025246916338801384,0.03339438885450363,2.15057635307312,6.021400451660156,0.422410249710083,0.3041475713253021
1011,29801,32,2,7,minus,4,-0.005,0.005,0.002189736580476165,0.0021788151934742928,13522.0,3294584.5,7178.290764784906,79.2590852655951,2362.0,47.99076843261719,0.00030573076219297945,0.025789793580770493,0.03251266852021217,0.021878911182284355,0.045277129858732224,0.017795966938138008,8.833017349243164,8.9212064743042,2.1577820777893066,0.5844389796257019
1011,29801,33,2,1,minus,5,-0.0025,0.0025,0.01662660576403141,0.01658509112894535,83693.0,205748208.0,3412352.779297203,218.58326901781817,6514.0,48.48685836791992,0.0011892077745869756,0.04431956261396408,0.030409296974539757,0.045158885419368744,0.02953779138624668,0.03650172799825668,3.901416301727295,9.861052513122559,3.3765461444854736,0.8627018332481384
1011,29801,33,2,2,minus,5,-0.0025,0.0025,0.01005376223474741,0.010028659366071224,243484.0,208879168.0,2094778.0245403647,304.82198583940135,9084.0,75.7269058227539,0.0007651544292457402,0.04488987848162651,0.021788086742162704,0.04174017533659935,0.025246916338801384,0.03339438885450363,2.15057635307312,6.021400451660156,0.422410249710083,0.3041475713253021
1011,29801,33,2,7,minus,5,-0.0025,0.0025,0.002189736580476165,0.002184269018471241,13534.0,3189278.0,6966.241126691923,79.2590852655951,2362.0,47.99076843261719,0.00030573076219297945,0.025789793580770493,0.03251266852021217,0.021878911182284355,0.045277129858732224,0.017795966938138008,8.833017349243164,8.9212064743042,2.1577820777893066,0.5844389796257019
1011,29801,34,2,1,center,6,0.0,0.0,0.01662660576403141,0.01662660576403141,83729.0,206358208.0,3431036.5705879927,218.6503808597027,6516.0,48.48685836791992,0.0011892077745869756,0.04431956261396408,0.030409296974539757,0.045158885419368744,0.02953779138624668,0.03650172799825668,3.901416301727295,9.861052513122559,3.3765461444854736,0.8627018332481384
1011,29801,34,2,2,center,6,0.0,0.0,0.01005376223474741,0.01005376223474741,244247.0,206961216.0,2080738.8574782014,305.22465689070833,9096.0,75.7269058227539,0.0007651544292457402,0.04488987848162651,0.021788086742162704,0.04174017533659935,0.025246916338801384,0.03339438885450363,2.15057635307312,6.021400451660156,0.422410249710083,0.3041475713253021
1011,29801,34,2,7,center,6,0.0,0.0,0.002189736580476165,0.002189736580476165,13569.0,3194621.0,6995.378464457346,79.35975302842186,2365.0,47.99076843261719,0.00030573076219297945,0.025789793580770493,0.03251266852021217,0.021878911182284355,0.045277129858732224,0.017795966938138008,8.833017349243164,8.9212064743042,2.1577820777893066,0.5844389796257019
1011,29801,35,2,1,plus,7,0.0025,0.0025,0.01662660576403141,0.016668224707245827,83909.0,211734864.0,3529244.291510135,218.7174927015872,6518.0,48.48685836791992,0.0011892077745869756,0.04431956261396408,0.030409296974539757,0.045158885419368744,0.02953779138624668,0.03650172799825668,3.901416301727295,9.861052513122559,3.3765461444854736,0.8627018332481384
1011,29801,35,2,2,plus,7,0.0025,0.0025,0.01005376223474741,0.01007892843335867,244491.0,210143712.0,2118023.4339683354,305.42599241636185,9102.0,75.7269058227539,0.0007651544292457402,0.04488987848162651,0.021788086742162704,0.04174017533659935,0.025246916338801384,0.03339438885450363,2.15057635307312,6.021400451660156,0.422410249710083,0.3041475713253021
1011,29801,35,2,7,plus,7,0.0025,0.0025,0.002189736580476165,0.002195217879489064,13538.0,3249214.5,7132.73376469512,79.2590852655951,2362.0,47.99076843261719,0.00030573076219297945,0.025789793580770493,0.03251266852021217,0.021878911182284355,0.045277129858732224,0.017795966938138008,8.833017349243164,8.9212064743042,2.1577820777893066,0.5844389796257019
1011,29801,36,2,1,plus,8,0.005,0.005,0.01662660576403141,0.01670994609594345,84051.0,208401904.0,3482384.582131982,218.85171638535618,6522.0,48.48685836791992,0.0011892077745869756,0.04431956261396408,0.030409296974539757,0.045158885419368744,0.02953779138624668,0.03650172799825668,3.901416301727295,9.861052513122559,3.3765461444854736,0.8627018332481384
1011,29801,36,2,2,plus,8,0.005,0.005,0.01005376223474741,0.010104157030582428,244771.0,213106160.0,2153258.104824424,305.56021610013084,9106.0,75.7269058227539,0.0007651544292457402,0.04488987848162651,0.021788086742162704,0.04174017533659935,0.025246916338801384,0.03339438885450363,2.15057635307312,6.021400451660156,0.422410249710083,0.3041475713253021
1011,29801,36,2,7,plus,8,0.005,0.005,0.002189736580476165,0.0022007126826792955,13549.0,3394229.5,7469.723908574204,79.35975302842186,2365.0,47.99076843261719,0.00030573076219297945,0.025789793580770493,0.03251266852021217,0.021878911182284355,0.045277129858732224,0.017795966938138008,8.833017349243164,8.9212064743042,2.1577820777893066,0.5844389796257019
1011,29801,37,2,1,plus,9,0.01,0.01,0.01662660576403141,0.01679370552301407,84009.0,211626240.0,3553988.755502701,218.85171638535618,6522.0,48.48685836791992,0.0011892077745869756,0.04431956261396408,0.030409296974539757,0.045158885419368744,0.02953779138624668,0.03650172799825668,3.901416301727295,9.861052513122559,3.3765461444854736,0.8627018332481384
1011,29801,37,2,2,plus,9,0.01,0.01,0.01005376223474741,0.010154804214835167,245344.0,218968016.0,2223577.3317908943,306.0635549142646,9121.0,75.7269058227539,0.0007651544292457402,0.04488987848162651,0.021788086742162704,0.04174017533659935,0.025246916338801384,0.03339438885450363,2.15057635307312,6.021400451660156,0.422410249710083,0.3041475713253021
1011,29801,37,2,7,plus,9,0.01,0.01,0.002189736580476165,0.0022117437329143286,13646.0,3373541.5,7461.409270351403,79.59464447501762,2372.0,47.99076843261719,0.00030573076219297945,0.025789793580770493,0.03251266852021217,0.021878911182284355,0.045277129858732224,0.017795966938138008,8.833017349243164,8.9212064743042,2.1577820777893066,0.5844389796257019
1011,29801,38,2,1,plus,10,0.02,0.02,0.01662660576403141,0.016962485387921333,84212.0,210166608.0,3564948.017228991,218.95238414818294,6525.0,48.48685836791992,0.0011892077745869756,0.04431956261396408,0.030409296974539757,0.045158885419368744,0.02953779138624668,0.03650172799825668,3.901416301727295,9.861052513122559,3.3765461444854736,0.8627018332481384
1011,29801,38,2,2,plus,10,0.02,0.02,0.01005376223474741,0.010256861336529255,246491.0,223998880.0,2297525.451697856,306.8017851749941,9143.0,75.7269058227539,0.0007651544292457402,0.04488987848162651,0.021788086742162704,0.04174017533659935,0.025246916338801384,0.03339438885450363,2.15057635307312,6.021400451660156,0.422410249710083,0.3041475713253021
1011,29801,38,2,7,plus,10,0.02,0.02,0.002189736580476165,0.0022339720744639635,13827.0,3192818.75,7132.667926324939,79.96375960538236,2383.0,47.99076843261719,0.00030573076219297945,0.025789793580770493,0.03251266852021217,0.021878911182284355,0.045277129858732224,0.017795966938138008,8.833017349243164,8.9212064743042,2.1577820777893066,0.5844389796257019
1011,29801,39,2,1,plus,11,0.05,0.05,0.01662660576403141,0.017479069530963898,84924.0,230372176.0,4026691.2823034525,219.7241703298547,6548.0,48.48685836791992,0.0011892077745869756,0.04431956261396408,0.030409296974539757,0.045158885419368744,0.02953779138624668,0.03650172799825668,3.901416301727295,9.861052513122559,3.3765461444854736,0.8627018332481384
1011,29801,39,2,2,plus,11,0.05,0.05,0.01005376223474741,0.01056922972202301,250154.0,241576400.0,2553276.4670193195,308.8486963524714,9204.0,75.7269058227539,0.0007651544292457402,0.04488987848162651,0.021788086742162704,0.04174017533659935,0.025246916338801384,0.03339438885450363,2.15057635307312,6.021400451660156,0.422410249710083,0.3041475713253021
1011,29801,39,2,7,plus,11,0.05,0.05,0.002189736580476165,0.00230200681835413,14080.0,3234850.75,7446.6484828579705,80.73554578705412,2406.0,47.99076843261719,0.00030573076219297945,0.025789793580770493,0.03251266852021217,0.021878911182284355,0.045277129858732224,0.017795966938138008,8.833017349243164,8.9212064743042,2.1577820777893066,0.5844389796257019
1011,29801,40,2,1,plus,12,0.1,0.1,0.01662660576403141,0.01837524212896824,85528.0,249586704.0,4586216.118171126,220.49595651152646,6571.0,48.48685836791992,0.0011892077745869756,0.04431956261396408,0.030409296974539757,0.045158885419368744,0.02953779138624668,0.03650172799825668,3.901416301727295,9.861052513122559,3.3765461444854736,0.8627018332481384
1011,29801,40,2,2,plus,12,0.1,0.1,0.01005376223474741,0.011111126281321049,256272.0,253803280.0,2820040.294693485,312.43917989329213,9311.0,75.7269058227539,0.0007651544292457402,0.04488987848162651,0.021788086742162704,0.04174017533659935,0.025246916338801384,0.03339438885450363,2.15057635307312,6.021400451660156,0.422410249710083,0.3041475713253021
1011,29801,40,2,7,plus,12,0.1,0.1,0.002189736580476165,0.0024200333282351494,14591.0,3205028.75,7756.2763929518405,82.04422670380188,2445.0,47.99076843261719,0.00030573076219297945,0.025789793580770493,0.03251266852021217,0.021878911182284355,0.045277129858732224,0.017795966938138008,8.833017349243164,8.9212064743042,2.1577820777893066,0.5844389796257019
1011,29801,41,2,1,center_duplicate,-1,0.0,0.0,0.01662660576403141,0.01662660576403141,83729.0,206358208.0,3431036.5705879927,218.6503808597027,6516.0,48.48685836791992,0.0011892077745869756,0.04431956261396408,0.030409296974539757,0.045158885419368744,0.02953779138624668,0.03650172799825668,3.901416301727295,9.861052513122559,3.3765461444854736,0.8627018332481384
1011,29801,41,2,2,center_duplicate,-1,0.0,0.0,0.01005376223474741,0.01005376223474741,244247.0,206961216.0,2080738.8574782014,305.22465689070833,9096.0,75.7269058227539,0.0007651544292457402,0.04488987848162651,0.021788086742162704,0.04174017533659935,0.025246916338801384,0.03339438885450363,2.15057635307312,6.021400451660156,0.422410249710083,0.3041475713253021
1011,29801,41,2,7,center_duplicate,-1,0.0,0.0,0.002189736580476165,0.002189736580476165,13569.0,3194621.0,6995.378464457346,79.35975302842186,2365.0,47.99076843261719,0.00030573076219297945,0.025789793580770493,0.03251266852021217,0.021878911182284355,0.045277129858732224,0.017795966938138008,8.833017349243164,8.9212064743042,2.1577820777893066,0.5844389796257019
1011,29801,42,3,1,minus,0,-0.1,0.1,0.0030624063219875097,0.0027709798887372017,4207.0,2118804.5,5871.164657665882,58.38730243951545,1740.0,68.69004821777344,0.0025674765929579735,0.011978385969996452,0.04919338971376419,0.03444961458444595,0.010044421069324017,0.013519922271370888,6.216831684112549,3.313960075378418,6.2783660888671875,0.7253406047821045
1011,29801,42,3,2,minus,0,-0.1,0.1,0.015210271812975407,0.013762823306024075,53698.0,60333304.0,830356.6024206355,154.0216771249287,4590.0,96.0049057006836,0.0020888946019113064,0.04925193637609482,0.033308882266283035,0.021827764809131622,0.023698577657341957,0.018696226179599762,5.5608625411987305,0.15370473265647888,5.821068286895752,0.7542546987533569
1011,29801,42,3,7,minus,0,-0.1,0.1,0.013987557031214237,0.01265646517276764,147824.0,117914400.0,1492379.4969677925,238.91815710882184,7120.0,89.26822662353516,0.0008241399773396552,0.04868676885962486,0.017292654141783714,0.013185249641537666,0.031820982694625854,0.03805147856473923,3.277904748916626,5.072831630706787,3.0204687118530273,0.4343680143356323
1011,29801,43,3,1,minus,1,-0.05,0.05,0.0030624063219875097,0.002913051052019,4317.0,1934669.25,5635.79029402131,59.72953927720546,1780.0,68.69004821777344,0.0025674765929579735,0.011978385969996452,0.04919338971376419,0.03444961458444595,0.010044421069324017,0.013519922271370888,6.216831684112549,3.313960075378418,6.2783660888671875,0.7253406047821045
1011,29801,43,3,2,minus,1,-0.05,0.05,0.015210271812975407,0.014468458481132984,54610.0,66607468.0,963707.3852913938,155.33035804167645,4629.0,96.0049057006836,0.0020888946019113064,0.04925193637609482,0.033308882266283035,0.021827764809131622,0.023698577657341957,0.018696226179599762,5.5608625411987305,0.15370473265647888,5.821068286895752,0.7542546987533569
1011,29801,43,3,7,minus,1,-0.05,0.05,0.013987557031214237,0.013305376283824444,150982.0,130710536.0,1739152.8657403812,241.0992919700681,7185.0,89.26822662353516,0.0008241399773396552,0.04868676885962486,0.017292654141783714,0.013185249641537666,0.031820982694625854,0.03805147856473923,3.277904748916626,5.072831630706787,3.0204687118530273,0.4343680143356323
1011,29801,44,3,1,minus,2,-0.02,0.02,0.0030624063219875097,0.0030017667450010777,4210.0,2069633.0,6212.555513756815,60.83688466829972,1813.0,68.69004821777344,0.0025674765929579735,0.011978385969996452,0.04919338971376419,0.03444961458444595,0.010044421069324017,0.013519922271370888,6.216831684112549,3.313960075378418,6.2783660888671875,0.7253406047821045
1011,29801,44,3,2,minus,2,-0.02,0.02,0.015210271812975407,0.014909088611602783,55200.0,69567160.0,1037182.9528975487,156.06858830240594,4651.0,96.0049057006836,0.0020888946019113064,0.04925193637609482,0.033308882266283035,0.021827764809131622,0.023698577657341957,0.018696226179599762,5.5608625411987305,0.15370473265647888,5.821068286895752,0.7542546987533569
1011,29801,44,3,7,minus,2,-0.02,0.02,0.013987557031214237,0.013710585422813892,152427.0,137381392.0,1883579.310521081,242.2401932821046,7219.0,89.26822662353516,0.0008241399773396552,0.04868676885962486,0.017292654141783714,0.013185249641537666,0.031820982694625854,0.03805147856473923,3.277904748916626,5.072831630706787,3.0204687118530273,0.4343680143356323
1011,29801,45,3,1,minus,3,-0.01,0.01,0.0030624063219875097,0.003031934844329953,4130.0,2168945.0,6576.09992093523,61.37377940337572,1829.0,68.69004821777344,0.0025674765929579735,0.011978385969996452,0.04919338971376419,0.03444961458444595,0.010044421069324017,0.013519922271370888,6.216831684112549,3.313960075378418,6.2783660888671875,0.7253406047821045
1011,29801,45,3,2,minus,3,-0.01,0.01,0.015210271812975407,0.015058927237987518,55286.0,71183320.0,1071944.4364383817,156.26992382805946,4657.0,96.0049057006836,0.0020888946019113064,0.04925193637609482,0.033308882266283035,0.021827764809131622,0.023698577657341957,0.018696226179599762,5.5608625411987305,0.15370473265647888,5.821068286895752,0.7542546987533569
1011,29801,45,3,7,minus,3,-0.01,0.01,0.013987557031214237,0.013848378323018551,153069.0,137726768.0,1907292.388470605,242.7099761752961,7233.0,89.26822662353516,0.0008241399773396552,0.04868676885962486,0.017292654141783714,0.013185249641537666,0.031820982694625854,0.03805147856473923,3.277904748916626,5.072831630706787,3.0204687118530273,0.4343680143356323
1011,29801,46,3,1,minus,4,-0.005,0.005,0.0030624063219875097,0.0030471323989331722,4177.0,2290997.75,6980.973469908,61.474447166202474,1832.0,68.69004821777344,0.0025674765929579735,0.011978385969996452,0.04919338971376419,0.03444961458444595,0.010044421069324017,0.013519922271370888,6.216831684112549,3.313960075378418,6.2783660888671875,0.7253406047821045
1011,29801,46,3,2,minus,4,-0.005,0.005,0.015210271812975407,0.015134410001337528,55392.0,72443304.0,1096386.664587535,156.40414751182846,4661.0,96.0049057006836,0.0020888946019113064,0.04925193637609482,0.033308882266283035,0.021827764809131622,0.023698577657341957,0.018696226179599762,5.5608625411987305,0.15370473265647888,5.821068286895752,0.7542546987533569
1011,29801,46,3,7,minus,4,-0.005,0.005,0.013987557031214237,0.013917793519794941,153375.0,137583392.0,1914857.2416090071,242.91131170094962,7239.0,89.26822662353516,0.0008241399773396552,0.04868676885962486,0.017292654141783714,0.013185249641537666,0.031820982694625854,0.03805147856473923,3.277904748916626,5.072831630706787,3.0204687118530273,0.4343680143356323
1011,29801,47,3,1,minus,5,-0.0025,0.0025,0.0030624063219875097,0.0030547596979886293,4137.0,2345392.0,7164.608957584947,61.474447166202474,1832.0,68.69004821777344,0.0025674765929579735,0.011978385969996452,0.04919338971376419,0.03444961458444595,0.010044421069324017,0.013519922271370888,6.216831684112549,3.313960075378418,6.2783660888671875,0.7253406047821045
1011,29801,47,3,2,minus,5,-0.0025,0.0025,0.015210271812975407,0.015172293409705162,55447.0,71283152.0,1081528.8973126113,156.40414751182846,4661.0,96.0049057006836,0.0020888946019113064,0.04925193637609482,0.033308882266283035,0.021827764809131622,0.023698577657341957,0.018696226179599762,5.5608625411987305,0.15370473265647888,5.821068286895752,0.7542546987533569
1011,29801,47,3,7,minus,5,-0.0025,0.0025,0.013987557031214237,0.013952631503343582,153508.0,140153152.0,1955505.2838881016,243.1797590684876,7247.0,89.26822662353516,0.0008241399773396552,0.04868676885962486,0.017292654141783714,0.013185249641537666,0.031820982694625854,0.03805147856473923,3.277904748916626,5.072831630706787,3.0204687118530273,0.4343680143356323
1011,29801,48,3,1,center,6,0.0,0.0,0.0030624063219875097,0.0030624063219875097,4180.0,2359638.75,7226.172625606705,61.440891245260225,1831.0,68.69004821777344,0.0025674765929579735,0.011978385969996452,0.04919338971376419,0.03444961458444595,0.010044421069324017,0.013519922271370888,6.216831684112549,3.313960075378418,6.2783660888671875,0.7253406047821045
1011,29801,48,3,2,center,6,0.0,0.0,0.015210271812975407,0.015210271812975407,55634.0,70319616.0,1069580.4731440544,156.6390389584242,4668.0,96.0049057006836,0.0020888946019113064,0.04925193637609482,0.033308882266283035,0.021827764809131622,0.023698577657341957,0.018696226179599762,5.5608625411987305,0.15370473265647888,5.821068286895752,0.7542546987533569
1011,29801,48,3,7,center,6,0.0,0.0,0.013987557031214237,0.013987557031214237,153824.0,139657232.0,1953463.497421518,243.38109459414113,7253.0,89.26822662353516,0.0008241399773396552,0.04868676885962486,0.017292654141783714,0.013185249641537666,0.031820982694625854,0.03805147856473923,3.277904748916626,5.072831630706787,3.0204687118530273,0.4343680143356323
1011,29801,49,3,1,plus,7,0.0025,0.0025,0.0030624063219875097,0.0030700720380991697,4202.0,2649678.25,8134.703105284541,61.37377940337572,1829.0,68.69004821777344,0.0025674765929579735,0.011978385969996452,0.04919338971376419,0.03444961458444595,0.010044421069324017,0.013519922271370888,6.216831684112549,3.313960075378418,6.2783660888671875,0.7253406047821045
1011,29801,49,3,2,plus,7,0.0025,0.0025,0.015210271812975407,0.015248345211148262,55747.0,71232520.0,1086178.0552200228,156.80681856313547,4673.0,96.0049057006836,0.0020888946019113064,0.04925193637609482,0.033308882266283035,0.021827764809131622,0.023698577657341957,0.018696226179599762,5.5608625411987305,0.15370473265647888,5.821068286895752,0.7542546987533569
1011,29801,49,3,7,plus,7,0.0025,0.0025,0.013987557031214237,0.014022570103406906,154311.0,140891776.0,1975664.8059535027,243.61598604073689,7260.0,89.26822662353516,0.0008241399773396552,0.04868676885962486,0.017292654141783714,0.013185249641537666,0.031820982694625854,0.03805147856473923,3.277904748916626,5.072831630706787,3.0204687118530273,0.4343680143356323
1011,29801,50,3,1,plus,8,0.005,0.005,0.0030624063219875097,0.0030777566134929657,4262.0,2699174.5,8307.402168346569,61.306667561491224,1827.0,68.69004821777344,0.0025674765929579735,0.011978385969996452,0.04919338971376419,0.03444961458444595,0.010044421069324017,0.013519922271370888,6.216831684112549,3.313960075378418,6.2783660888671875,0.7253406047821045
1011,29801,50,3,2,plus,8,0.005,0.005,0.015210271812975407,0.015286513604223728,55600.0,71361976.0,1090875.8169482872,156.6390389584242,4668.0,96.0049057006836,0.0020888946019113064,0.04925193637609482,0.033308882266283035,0.021827764809131622,0.023698577657341957,0.018696226179599762,5.5608625411987305,0.15370473265647888,5.821068286895752,0.7542546987533569
1011,29801,50,3,7,plus,8,0.005,0.005,0.013987557031214237,0.014057669788599014,154416.0,141349824.0,1987049.1504685879,243.7837656454481,7265.0,89.26822662353516,0.0008241399773396552,0.04868676885962486,0.017292654141783714,0.013185249641537666,0.031820982694625854,0.03805147856473923,3.277904748916626,5.072831630706787,3.0204687118530273,0.4343680143356323
1011,29801,51,3,1,plus,9,0.01,0.01,0.0030624063219875097,0.003093183971941471,4212.0,2814036.5,8704.332598258276,61.306667561491224,1827.0,68.69004821777344,0.0025674765929579735,0.011978385969996452,0.04919338971376419,0.03444961458444595,0.010044421069324017,0.013519922271370888,6.216831684112549,3.313960075378418,6.2783660888671875,0.7253406047821045
1011,29801,51,3,2,plus,9,0.01,0.01,0.015210271812975407,0.015363138169050217,55825.0,70932304.0,1089742.7870010734,156.80681856313547,4673.0,96.0049057006836,0.0020888946019113064,0.04925193637609482,0.033308882266283035,0.021827764809131622,0.023698577657341957,0.018696226179599762,5.5608625411987305,0.15370473265647888,5.821068286895752,0.7542546987533569
1011,29801,51,3,7,plus,9,0.01,0.01,0.013987557031214237,0.014128134585916996,154867.0,140955040.0,1991431.7756833136,244.01865709204387,7272.0,89.26822662353516,0.0008241399773396552,0.04868676885962486,0.017292654141783714,0.013185249641537666,0.031820982694625854,0.03805147856473923,3.277904748916626,5.072831630706787,3.0204687118530273,0.4343680143356323
1011,29801,52,3,1,plus,10,0.02,0.02,0.0030624063219875097,0.0031242710538208485,4342.0,2770323.0,8655.239958634134,61.37377940337572,1829.0,68.69004821777344,0.0025674765929579735,0.011978385969996452,0.04919338971376419,0.03444961458444595,0.010044421069324017,0.013519922271370888,6.216831684112549,3.313960075378418,6.2783660888671875,0.7253406047821045
1011,29801,52,3,2,plus,10,0.02,0.02,0.015210271812975407,0.015517539344727993,55890.0,71077720.0,1102951.3166335598,156.87393040501996,4675.0,96.0049057006836,0.0020888946019113064,0.04925193637609482,0.033308882266283035,0.021827764809131622,0.023698577657341957,0.018696226179599762,5.5608625411987305,0.15370473265647888,5.821068286895752,0.7542546987533569
1011,29801,52,3,7,plus,10,0.02,0.02,0.013987557031214237,0.014270124025642872,155425.0,142815408.0,2037993.5849327892,244.62266366900437,7290.0,89.26822662353516,0.0008241399773396552,0.04868676885962486,0.017292654141783714,0.013185249641537666,0.031820982694625854,0.03805147856473923,3.277904748916626,5.072831630706787,3.0204687118530273,0.4343680143356323
1011,29801,53,3,1,plus,11,0.05,0.05,0.0030624063219875097,0.0032194191589951515,4512.0,2891784.0,9309.864813275635,61.97778598033623,1847.0,68.69004821777344,0.0025674765929579735,0.011978385969996452,0.04919338971376419,0.03444961458444595,0.010044421069324017,0.013519922271370888,6.216831684112549,3.313960075378418,6.2783660888671875,0.7253406047821045
1011,29801,53,3,2,plus,11,0.05,0.05,0.015210271812975407,0.01599011942744255,56455.0,76150080.0,1217648.8736093044,157.71282842857622,4700.0,96.0049057006836,0.0020888946019113064,0.04925193637609482,0.033308882266283035,0.021827764809131622,0.023698577657341957,0.018696226179599762,5.5608625411987305,0.15370473265647888,5.821068286895752,0.7542546987533569
1011,29801,53,3,7,plus,11,0.05,0.05,0.013987557031214237,0.01470471452921629,156595.0,147341392.0,2166613.1076973528,245.39444985067612,7313.0,89.26822662353516,0.0008241399773396552,0.04868676885962486,0.017292654141783714,0.013185249641537666,0.031820982694625854,0.03805147856473923,3.277904748916626,5.072831630706787,3.0204687118530273,0.4343680143356323
1011,29801,54,3,1,plus,12,0.1,0.1,0.0030624063219875097,0.003384482581168413,4463.0,3023231.5,10232.074350589653,63.420690580852984,1890.0,68.69004821777344,0.0025674765929579735,0.011978385969996452,0.04919338971376419,0.03444961458444595,0.010044421069324017,0.013519922271370888,6.216831684112549,3.313960075378418,6.2783660888671875,0.7253406047821045
1011,29801,54,3,2,plus,12,0.1,0.1,0.015210271812975407,0.01680995151400566,57109.0,80412096.0,1351723.4348995686,158.5852823730747,4726.0,96.0049057006836,0.0020888946019113064,0.04925193637609482,0.033308882266283035,0.021827764809131622,0.023698577657341957,0.018696226179599762,5.5608625411987305,0.15370473265647888,5.821068286895752,0.7542546987533569
1011,29801,54,3,7,plus,12,0.1,0.1,0.013987557031214237,0.015458641573786736,159689.0,160876768.0,2486936.2940612435,247.67625247474916,7381.0,89.26822662353516,0.0008241399773396552,0.04868676885962486,0.017292654141783714,0.013185249641537666,0.031820982694625854,0.03805147856473923,3.277904748916626,5.072831630706787,3.0204687118530273,0.4343680143356323
1011,29801,55,3,1,center_duplicate,-1,0.0,0.0,0.0030624063219875097,0.0030624063219875097,4180.0,2359638.75,7226.172625606705,61.440891245260225,1831.0,68.69004821777344,0.0025674765929579735,0.011978385969996452,0.04919338971376419,0.03444961458444595,0.010044421069324017,0.013519922271370888,6.216831684112549,3.313960075378418,6.2783660888671875,0.7253406047821045
1011,29801,55,3,2,center_duplicate,-1,0.0,0.0,0.015210271812975407,0.015210271812975407,55634.0,70319616.0,1069580.4731440544,156.6390389584242,4668.0,96.0049057006836,0.0020888946019113064,0.04925193637609482,0.033308882266283035,0.021827764809131622,0.023698577657341957,0.018696226179599762,5.5608625411987305,0.15370473265647888,5.821068286895752,0.7542546987533569
1011,29801,55,3,7,center_duplicate,-1,0.0,0.0,0.013987557031214237,0.013987557031214237,153824.0,139657232.0,1953463.497421518,243.38109459414113,7253.0,89.26822662353516,0.0008241399773396552,0.04868676885962486,0.017292654141783714,0.013185249641537666,0.031820982694625854,0.03805147856473923,3.277904748916626,5.072831630706787,3.0204687118530273,0.4343680143356323
1011,29801,56,4,1,minus,0,-0.1,0.1,0.010890581645071507,0.009854205884039402,114396.0,35201892.0,346886.69127571955,247.00513405590414,7361.0,33.49873733520508,0.0002443856210447848,0.03864887356758118,0.02860582061111927,0.017027685418725014,0.04247899726033211,0.029159093275666237,3.1278157234191895,7.227877616882324,7.630624294281006,0.9706724286079407
1011,29801,56,4,2,minus,0,-0.1,0.1,0.011665408499538898,0.010555298067629337,127342.0,122022672.0,1287985.6739685684,209.12049931210362,6232.0,38.7281608581543,0.0025844236370176077,0.0295098964124918,0.04058080539107323,0.046412743628025055,0.04167976975440979,0.04483244940638542,0.7273001670837402,9.898069381713867,9.137249946594238,0.9603471159934998
1011,29801,56,4,7,minus,0,-0.1,0.1,0.009829248301684856,0.008893871679902077,4259.0,15648.4609375,139.17540356608515,24.529378208784937,731.0,4.61674165725708,0.003882353426888585,0.021245166659355164,0.026909608393907547,0.019780367612838745,0.019337840378284454,0.011820243671536446,1.170051097869873,1.0662606954574585,7.525685787200928,0.8699729442596436
1011,29801,57,4,1,minus,1,-0.05,0.05,0.010890581645071507,0.010359441861510277,117864.0,36563800.0,378780.56033588946,250.09227878259117,7453.0,33.49873733520508,0.0002443856210447848,0.03864887356758118,0.02860582061111927,0.017027685418725014,0.04247899726033211,0.029159093275666237,3.1278157234191895,7.227877616882324,7.630624294281006,0.9706724286079407
1011,29801,57,4,2,minus,1,-0.05,0.05,0.011665408499538898,0.011096480302512646,131049.0,139698864.0,1550165.692659393,212.00630851313713,6318.0,38.7281608581543,0.0025844236370176077,0.0295098964124918,0.04058080539107323,0.046412743628025055,0.04167976975440979,0.04483244940638542,0.7273001670837402,9.898069381713867,9.137249946594238,0.9603471159934998
1011,29801,57,4,7,minus,1,-0.05,0.05,0.009829248301684856,0.00934987049549818,4346.0,20981.8984375,196.17803314032062,25.301164390456695,754.0,4.61674165725708,0.003882353426888585,0.021245166659355164,0.026909608393907547,0.019780367612838745,0.019337840378284454,0.011820243671536446,1.170051097869873,1.0662606954574585,7.525685787200928,0.8699729442596436
1011,29801,58,4,1,minus,2,-0.02,0.02,0.010890581645071507,0.010674933902919292,119542.0,38697064.0,413088.60043703765,251.73651890876144,7502.0,33.49873733520508,0.0002443856210447848,0.03864887356758118,0.02860582061111927,0.017027685418725014,0.04247899726033211,0.029159093275666237,3.1278157234191895,7.227877616882324,7.630624294281006,0.9706724286079407
1011,29801,58,4,2,minus,2,-0.02,0.02,0.011665408499538898,0.011434418149292469,132658.0,145394208.0,1662498.1707572043,213.2478775880004,6355.0,38.7281608581543,0.0025844236370176077,0.0295098964124918,0.04058080539107323,0.046412743628025055,0.04167976975440979,0.04483244940638542,0.7273001670837402,9.898069381713867,9.137249946594238,0.9603471159934998
1011,29801,58,4,7,minus,2,-0.02,0.02,0.009829248301684856,0.00963461585342884,4383.0,22903.0,220.66160689108074,25.87161504647495,771.0,4.61674165725708,0.003882353426888585,0.021245166659355164,0.026909608393907547,0.019780367612838745,0.019337840378284454,0.011820243671536446,1.170051097869873,1.0662606954574585,7.525685787200928,0.8699729442596436
1011,29801,59,4,1,minus,3,-0.01,0.01,0.010890581645071507,0.010782218538224697,119649.0,38683980.0,417099.1262883134,251.93785443441493,7508.0,33.49873733520508,0.0002443856210447848,0.03864887356758118,0.02860582061111927,0.017027685418725014,0.04247899726033211,0.029159093275666237,3.1278157234191895,7.227877616882324,7.630624294281006,0.9706724286079407
1011,29801,59,4,2,minus,3,-0.01,0.01,0.011665408499538898,0.011549335904419422,133724.0,146052416.0,1686808.4120360017,213.9189960068454,6375.0,38.7281608581543,0.0025844236370176077,0.0295098964124918,0.04058080539107323,0.046412743628025055,0.04167976975440979,0.04483244940638542,0.7273001670837402,9.898069381713867,9.137249946594238,0.9603471159934998
1011,29801,59,4,7,minus,3,-0.01,0.01,0.009829248301684856,0.009731445461511612,4383.0,22241.3203125,216.44019561310415,26.00583873024395,775.0,4.61674165725708,0.003882353426888585,0.021245166659355164,0.026909608393907547,0.019780367612838745,0.019337840378284454,0.011820243671536446,1.170051097869873,1.0662606954574585,7.525685787200928,0.8699729442596436
1011,29801,60,4,1,minus,4,-0.005,0.005,0.010890581645071507,0.010836264118552208,120017.0,39389412.0,426834.07190646976,252.20630180195295,7516.0,33.49873733520508,0.0002443856210447848,0.03864887356758118,0.02860582061111927,0.017027685418725014,0.04247899726033211,0.029159093275666237,3.1278157234191895,7.227877616882324,7.630624294281006,0.9706724286079407
1011,29801,60,4,2,minus,4,-0.005,0.005,0.011665408499538898,0.01160722691565752,134030.0,149135296.0,1731047.2218057513,214.05321969061438,6379.0,38.7281608581543,0.0025844236370176077,0.0295098964124918,0.04058080539107323,0.046412743628025055,0.04167976975440979,0.04483244940638542,0.7273001670837402,9.898069381713867,9.137249946594238,0.9603471159934998
1011,29801,60,4,7,minus,4,-0.005,0.005,0.009829248301684856,0.009780224412679672,4429.0,22228.1015625,217.39582154908567,26.072950572128452,777.0,4.61674165725708,0.003882353426888585,0.021245166659355164,0.026909608393907547,0.019780367612838745,0.019337840378284454,0.011820243671536446,1.170051097869873,1.0662606954574585,7.525685787200928,0.8699729442596436
1011,29801,61,4,1,minus,5,-0.0025,0.0025,0.010890581645071507,0.010863388888537884,120460.0,39408380.0,428108.55740727857,252.5083050904332,7525.0,33.49873733520508,0.0002443856210447848,0.03864887356758118,0.02860582061111927,0.017027685418725014,0.04247899726033211,0.029159093275666237,3.1278157234191895,7.227877616882324,7.630624294281006,0.9706724286079407
1011,29801,61,4,2,minus,5,-0.0025,0.0025,0.011665408499538898,0.0116362813860178,134156.0,149566160.0,1740393.92358616,214.1203315324989,6381.0,38.7281608581543,0.0025844236370176077,0.0295098964124918,0.04058080539107323,0.046412743628025055,0.04167976975440979,0.04483244940638542,0.7273001670837402,9.898069381713867,9.137249946594238,0.9603471159934998
1011,29801,61,4,7,minus,5,-0.0025,0.0025,0.009829248301684856,0.00980470608919859,4432.0,24835.509765625,243.50487382737447,26.1736183349552,780.0,4.61674165725708,0.003882353426888585,0.021245166659355164,0.026909608393907547,0.019780367612838745,0.019337840378284454,0.011820243671536446,1.170051097869873,1.0662606954574585,7.525685787200928,0.8699729442596436
1011,29801,62,4,1,center,6,0.0,0.0,0.010890581645071507,0.010890581645071507,120594.0,39226680.0,427201.36120509356,252.6425287742022,7529.0,33.49873733520508,0.0002443856210447848,0.03864887356758118,0.02860582061111927,0.017027685418725014,0.04247899726033211,0.029159093275666237,3.1278157234191895,7.227877616882324,7.630624294281006,0.9706724286079407
1011,29801,62,4,2,center,6,0.0,0.0,0.011665408499538898,0.011665408499538898,134255.0,149982176.0,1749603.350689739,214.28811113721014,6386.0,38.7281608581543,0.0025844236370176077,0.0295098964124918,0.04058080539107323,0.046412743628025055,0.04167976975440979,0.04483244940638542,0.7273001670837402,9.898069381713867,9.137249946594238,0.9603471159934998
1011,29801,62,4,7,center,6,0.0,0.0,0.009829248301684856,0.009829248301684856,4455.0,23976.416015625,235.67014640207162,26.274286097781953,783.0,4.61674165725708,0.003882353426888585,0.021245166659355164,0.026909608393907547,0.019780367612838745,0.019337840378284454,0.011820243671536446,1.170051097869873,1.0662606954574585,7.525685787200928,0.8699729442596436
1011,29801,63,4,1,plus,7,0.0025,0.0025,0.010890581645071507,0.010917842388153076,120587.0,39711944.0,433568.7455191612,252.67608469514445,7530.0,33.49873733520508,0.0002443856210447848,0.03864887356758118,0.02860582061111927,0.017027685418725014,0.04247899726033211,0.029159093275666237,3.1278157234191895,7.227877616882324,7.630624294281006,0.9706724286079407
1011,29801,63,4,2,plus,7,0.0025,0.0025,0.011665408499538898,0.011694609187543392,134294.0,149680704.0,1750457.336196363,214.3216670581524,6387.0,38.7281608581543,0.0025844236370176077,0.0295098964124918,0.04058080539107323,0.046412743628025055,0.04167976975440979,0.04483244940638542,0.7273001670837402,9.898069381713867,9.137249946594238,0.9603471159934998
1011,29801,63,4,7,plus,7,0.0025,0.0025,0.009829248301684856,0.009853852912783623,4441.0,23942.29296875,235.92383330883604,26.341397939666454,785.0,4.61674165725708,0.003882353426888585,0.021245166659355164,0.026909608393907547,0.019780367612838745,0.019337840378284454,0.011820243671536446,1.170051097869873,1.0662606954574585,7.525685787200928,0.8699729442596436
1011,29801,64,4,1,plus,8,0.005,0.005,0.010890581645071507,0.010945171117782593,120641.0,40518064.0,443477.14384126663,252.74319653702895,7532.0,33.49873733520508,0.0002443856210447848,0.03864887356758118,0.02860582061111927,0.017027685418725014,0.04247899726033211,0.029159093275666237,3.1278157234191895,7.227877616882324,7.630624294281006,0.9706724286079407
1011,29801,64,4,2,plus,8,0.005,0.005,0.011665408499538898,0.011723881587386131,134743.0,151238736.0,1773105.032289952,214.62367034663265,6396.0,38.7281608581543,0.0025844236370176077,0.0295098964124918,0.04058080539107323,0.046412743628025055,0.04167976975440979,0.04483244940638542,0.7273001670837402,9.898069381713867,9.137249946594238,0.9603471159934998
1011,29801,64,4,7,plus,8,0.005,0.005,0.009829248301684856,0.009878517128527164,4456.0,21310.609375,210.51721973028907,26.374953860608702,786.0,4.61674165725708,0.003882353426888585,0.021245166659355164,0.026909608393907547,0.019780367612838745,0.019337840378284454,0.011820243671536446,1.170051097869873,1.0662606954574585,7.525685787200928,0.8699729442596436
1011,29801,65,4,1,plus,9,0.01,0.01,0.010890581645071507,0.011000033468008041,121195.0,41304248.0,454348.1103709042,253.14586758833593,7544.0,33.49873733520508,0.0002443856210447848,0.03864887356758118,0.02860582061111927,0.017027685418725014,0.04247899726033211,0.029159093275666237,3.1278157234191895,7.227877616882324,7.630624294281006,0.9706724286079407
1011,29801,65,4,2,plus,9,0.01,0.01,0.011665408499538898,0.011782648041844368,135339.0,151391312.0,1783790.5458890498,215.16056508170865,6412.0,38.7281608581543,0.0025844236370176077,0.0295098964124918,0.04058080539107323,0.046412743628025055,0.04167976975440979,0.04483244940638542,0.7273001670837402,9.898069381713867,9.137249946594238,0.9603471159934998
1011,29801,65,4,7,plus,9,0.01,0.01,0.009829248301684856,0.00992803368717432,4472.0,22056.44140625,218.97709330043654,26.576289386262204,792.0,4.61674165725708,0.003882353426888585,0.021245166659355164,0.026909608393907547,0.019780367612838745,0.019337840378284454,0.011820243671536446,1.170051097869873,1.0662606954574585,7.525685787200928,0.8699729442596436
1011,29801,66,4,1,plus,10,0.02,0.02,0.010890581645071507,0.011110586114227772,121300.0,41391620.0,459885.1584173925,253.1794235092782,7545.0,33.49873733520508,0.0002443856210447848,0.03864887356758118,0.02860582061111927,0.017027685418725014,0.04247899726033211,0.029159093275666237,3.1278157234191895,7.227877616882324,7.630624294281006,0.9706724286079407
1011,29801,66,4,2,plus,10,0.02,0.02,0.011665408499538898,0.011901064775884151,135816.0,156938368.0,1867733.6833895445,215.3954565283044,6419.0,38.7281608581543,0.0025844236370176077,0.0295098964124918,0.04058080539107323,0.046412743628025055,0.04167976975440979,0.04483244940638542,0.7273001670837402,9.898069381713867,9.137249946594238,0.9603471159934998
1011,29801,66,4,7,plus,10,0.02,0.02,0.009829248301684856,0.010027811862528324,4449.0,24626.994140625,246.9548639817749,26.744068990973457,797.0,4.61674165725708,0.003882353426888585,0.021245166659355164,0.026909608393907547,0.019780367612838745,0.019337840378284454,0.011820243671536446,1.170051097869873,1.0662606954574585,7.525685787200928,0.8699729442596436
1011,29801,67,4,1,plus,11,0.05,0.05,0.010890581645071507,0.011448953300714493,122479.0,41811596.0,478699.0100323409,254.1189892956612,7573.0,33.49873733520508,0.0002443856210447848,0.03864887356758118,0.02860582061111927,0.017027685418725014,0.04247899726033211,0.029159093275666237,3.1278157234191895,7.227877616882324,7.630624294281006,0.9706724286079407
1011,29801,67,4,2,plus,11,0.05,0.05,0.011665408499538898,0.012263506650924683,139016.0,167424624.0,2053212.9899525642,217.34169994295493,6477.0,38.7281608581543,0.0025844236370176077,0.0295098964124918,0.04058080539107323,0.046412743628025055,0.04167976975440979,0.04483244940638542,0.7273001670837402,9.898069381713867,9.137249946594238,0.9603471159934998
1011,29801,67,4,7,plus,11,0.05,0.05,0.009829248301684856,0.01033320464193821,4439.0,25622.78515625,264.76548251594795,27.41518740981846,817.0,4.61674165725708,0.003882353426888585,0.021245166659355164,0.026909608393907547,0.019780367612838745,0.019337840378284454,0.011820243671536446,1.170051097869873,1.0662606954574585,7.525685787200928,0.8699729442596436
1011,29801,68,4,1,plus,12,0.1,0.1,0.010890581645071507,0.012035954743623734,125707.0,45290988.0,545120.2818620056,256.904130733868,7656.0,33.49873733520508,0.0002443856210447848,0.03864887356758118,0.02860582061111927,0.017027685418725014,0.04247899726033211,0.029159093275666237,3.1278157234191895,7.227877616882324,7.630624294281006,0.9706724286079407
1011,29801,68,4,2,plus,12,0.1,0.1,0.011665408499538898,0.01289227046072483,142311.0,189805440.0,2447023.067396879,219.2543874366632,6534.0,38.7281608581543,0.0025844236370176077,0.0295098964124918,0.04058080539107323,0.046412743628025055,0.04167976975440979,0.04483244940638542,0.7273001670837402,9.898069381713867,9.137249946594238,0.9603471159934998
1011,29801,68,4,7,plus,12,0.1,0.1,0.009829248301684856,0.010862999595701694,4592.0,32941.30859375,357.841421935791,28.388309117143717,846.0,4.61674165725708,0.003882353426888585,0.021245166659355164,0.026909608393907547,0.019780367612838745,0.019337840378284454,0.011820243671536446,1.170051097869873,1.0662606954574585,7.525685787200928,0.8699729442596436
1011,29801,69,4,1,center_duplicate,-1,0.0,0.0,0.010890581645071507,0.010890581645071507,120594.0,39226680.0,427201.36120509356,252.6425287742022,7529.0,33.49873733520508,0.0002443856210447848,0.03864887356758118,0.02860582061111927,0.017027685418725014,0.04247899726033211,0.029159093275666237,3.1278157234191895,7.227877616882324,7.630624294281006,0.9706724286079407
1011,29801,69,4,2,center_duplicate,-1,0.0,0.0,0.011665408499538898,0.011665408499538898,134255.0,149982176.0,1749603.350689739,214.28811113721014,6386.0,38.7281608581543,0.0025844236370176077,0.0295098964124918,0.04058080539107323,0.046412743628025055,0.04167976975440979,0.04483244940638542,0.7273001670837402,9.898069381713867,9.137249946594238,0.9603471159934998
1011,29801,69,4,7,center_duplicate,-1,0.0,0.0,0.009829248301684856,0.009829248301684856,4455.0,23976.416015625,235.67014640207162,26.274286097781953,783.0,4.61674165725708,0.003882353426888585,0.021245166659355164,0.026909608393907547,0.019780367612838745,0.019337840378284454,0.011820243671536446,1.170051097869873,1.0662606954574585,7.525685787200928,0.8699729442596436
1011,29801,70,5,1,minus,0,-0.1,0.1,0.012977655045688152,0.011742668226361275,6887.0,1257328.375,14764.389959214954,88.55407536659843,2639.0,24.337238311767578,0.002409239998087287,0.03230954334139824,0.022391311824321747,0.01260021235793829,0.024699371308088303,0.01829836703836918,7.951542377471924,8.247520446777344,4.818588733673096,0.26707765460014343
1011,29801,70,5,2,minus,0,-0.1,0.1,0.004819092340767384,0.004360495135188103,5476.0,1080188.5,4710.156699336134,57.95107546726619,1727.0,31.63585090637207,0.0015944018959999084,0.017833586782217026,0.01037081889808178,0.013387742452323437,0.014229283668100834,0.0478997603058815,6.824490547180176,1.2873531579971313,2.1796975135803223,0.67423015832901
1011,29801,70,5,7,minus,0,-0.1,0.1,0.012707182206213474,0.011497934348881245,68480.0,12433343.0,142957.76155112218,164.524680379853,4903.0,26.436113357543945,0.0015469755744561553,0.037771038711071014,0.013894619420170784,0.02938656508922577,0.021010667085647583,0.04061645269393921,2.290356397628784,4.109940528869629,6.244213104248047,0.661459743976593
1011,29801,71,5,1,minus,1,-0.05,0.05,0.012977655045688152,0.012344727292656898,7206.0,1325417.25,16361.914500233252,89.52719707392369,2668.0,24.337238311767578,0.002409239998087287,0.03230954334139824,0.022391311824321747,0.01260021235793829,0.024699371308088303,0.01829836703836918,7.951542377471924,8.247520446777344,4.818588733673096,0.26707765460014343
1011,29801,71,5,2,minus,1,-0.05,0.05,0.004819092340767384,0.0045840623788535595,5749.0,1233454.375,5654.23179646983,59.058420858360456,1760.0,31.63585090637207,0.0015944018959999084,0.017833586782217026,0.01037081889808178,0.013387742452323437,0.014229283668100834,0.0478997603058815,6.824490547180176,1.2873531579971313,2.1796975135803223,0.67423015832901
1011,29801,71,5,7,minus,1,-0.05,0.05,0.012707182206213474,0.012087445706129074,71058.0,14098245.0,170411.7709892057,167.44404550182878,4990.0,26.436113357543945,0.0015469755744561553,0.037771038711071014,0.013894619420170784,0.02938656508922577,0.021010667085647583,0.04061645269393921,2.290356397628784,4.109940528869629,6.244213104248047,0.661459743976593
1011,29801,72,5,1,minus,2,-0.02,0.02,0.012977655045688152,0.012720680795609951,7401.0,1459372.375,18564.210144306184,90.2654273346532,2690.0,24.337238311767578,0.002409239998087287,0.03230954334139824,0.022391311824321747,0.01260021235793829,0.024699371308088303,0.01829836703836918,7.951542377471924,8.247520446777344,4.818588733673096,0.26707765460014343
1011,29801,72,5,2,minus,2,-0.02,0.02,0.004819092340767384,0.004723668098449707,6002.0,1263508.375,5968.394203111529,59.96443072380121,1787.0,31.63585090637207,0.0015944018959999084,0.017833586782217026,0.01037081889808178,0.013387742452323437,0.014229283668100834,0.0478997603058815,6.824490547180176,1.2873531579971313,2.1796975135803223,0.67423015832901
1011,29801,72,5,7,minus,2,-0.02,0.02,0.012707182206213474,0.012455563060939312,73151.0,13744418.0,171194.46513490938,169.69229220495956,5057.0,26.436113357543945,0.0015469755744561553,0.037771038711071014,0.013894619420170784,0.02938656508922577,0.021010667085647583,0.04061645269393921,2.290356397628784,4.109940528869629,6.244213104248047,0.661459743976593
1011,29801,73,5,1,minus,3,-0.01,0.01,0.012977655045688152,0.012848525308072567,7633.0,1517645.625,19499.50822149811,90.7352102278447,2704.0,24.337238311767578,0.002409239998087287,0.03230954334139824,0.022391311824321747,0.01260021235793829,0.024699371308088303,0.01829836703836918,7.951542377471924,8.247520446777344,4.818588733673096,0.26707765460014343
1011,29801,73,5,2,minus,3,-0.01,0.01,0.004819092340767384,0.004771141801029444,6048.0,1216684.125,5804.972487436433,60.16576624945471,1793.0,31.63585090637207,0.0015944018959999084,0.017833586782217026,0.01037081889808178,0.013387742452323437,0.014229283668100834,0.0478997603058815,6.824490547180176,1.2873531579971313,2.1796975135803223,0.67423015832901
1011,29801,73,5,7,minus,3,-0.01,0.01,0.012707182206213474,0.012580743990838528,73606.0,14151425.0,178035.4550305521,170.2627428609778,5074.0,26.436113357543945,0.0015469755744561553,0.037771038711071014,0.013894619420170784,0.02938656508922577,0.021010667085647583,0.04061645269393921,2.290356397628784,4.109940528869629,6.244213104248047,0.661459743976593
1011,29801,74,5,1,minus,4,-0.005,0.005,0.012977655045688152,0.012912928126752377,7628.0,1450500.625,18730.2103184344,90.76876614878695,2705.0,24.337238311767578,0.002409239998087287,0.03230954334139824,0.022391311824321747,0.01260021235793829,0.024699371308088303,0.01829836703836918,7.951542377471924,8.247520446777344,4.818588733673096,0.26707765460014343
1011,29801,74,5,2,minus,4,-0.005,0.005,0.004819092340767384,0.004795056767761707,6153.0,1261023.5,6046.679267981555,60.266434012281465,1796.0,31.63585090637207,0.0015944018959999084,0.017833586782217026,0.01037081889808178,0.013387742452323437,0.014229283668100834,0.0478997603058815,6.824490547180176,1.2873531579971313,2.1796975135803223,0.67423015832901
1011,29801,74,5,7,minus,4,-0.005,0.005,0.012707182206213474,0.012643804773688316,74005.0,13937127.0,176218.31289410032,170.76608167511156,5089.0,26.436113357543945,0.0015469755744561553,0.037771038711071014,0.013894619420170784,0.02938656508922577,0.021010667085647583,0.04061645269393921,2.290356397628784,4.109940528869629,6.244213104248047,0.661459743976593
1011,29801,75,5,1,minus,5,-0.0025,0.0025,0.012977655045688152,0.012945251539349556,7636.0,1412600.875,18286.47365158028,90.90298983255595,2709.0,24.337238311767578,0.002409239998087287,0.03230954334139824,0.022391311824321747,0.01260021235793829,0.024699371308088303,0.01829836703836918,7.951542377471924,8.247520446777344,4.818588733673096,0.26707765460014343
1011,29801,75,5,2,minus,5,-0.0025,0.0025,0.004819092340767384,0.004807059653103352,6158.0,1211233.25,5822.470486572245,60.23287809133921,1795.0,31.63585090637207,0.0015944018959999084,0.017833586782217026,0.01037081889808178,0.013387742452323437,0.014229283668100834,0.0478997603058815,6.824490547180176,1.2873531579971313,2.1796975135803223,0.67423015832901
1011,29801,75,5,7,minus,5,-0.0025,0.0025,0.012707182206213474,0.012675453908741474,74409.0,14272209.0,180906.72735542525,171.10164088453408,5099.0,26.436113357543945,0.0015469755744561553,0.037771038711071014,0.013894619420170784,0.02938656508922577,0.021010667085647583,0.04061645269393921,2.290356397628784,4.109940528869629,6.244213104248047,0.661459743976593
1011,29801,76,5,1,center,6,0.0,0.0,0.012977655045688152,0.012977655045688152,7724.0,1325508.5,17201.992073127534,90.97010167444044,2711.0,24.337238311767578,0.002409239998087287,0.03230954334139824,0.022391311824321747,0.01260021235793829,0.024699371308088303,0.01829836703836918,7.951542377471924,8.247520446777344,4.818588733673096,0.26707765460014343
1011,29801,76,5,2,center,6,0.0,0.0,0.004819092340767384,0.004819092340767384,6168.0,1282236.0,6179.213686656207,60.16576624945471,1793.0,31.63585090637207,0.0015944018959999084,0.017833586782217026,0.01037081889808178,0.013387742452323437,0.014229283668100834,0.0478997603058815,6.824490547180176,1.2873531579971313,2.1796975135803223,0.67423015832901
1011,29801,76,5,7,center,6,0.0,0.0,0.012707182206213474,0.012707182206213474,74415.0,14330033.0,182094.3403520519,171.16875272641857,5101.0,26.436113357543945,0.0015469755744561553,0.037771038711071014,0.013894619420170784,0.02938656508922577,0.021010667085647583,0.04061645269393921,2.290356397628784,4.109940528869629,6.244213104248047,0.661459743976593
1011,29801,77,5,1,plus,7,0.0025,0.0025,0.012977655045688152,0.013010140508413315,7763.0,1366268.0,17775.338652148843,91.0707694372672,2714.0,24.337238311767578,0.002409239998087287,0.03230954334139824,0.022391311824321747,0.01260021235793829,0.024699371308088303,0.01829836703836918,7.951542377471924,8.247520446777344,4.818588733673096,0.26707765460014343
1011,29801,77,5,2,plus,7,0.0025,0.0025,0.004819092340767384,0.0048311552964150906,6172.0,1274894.625,6159.213919939881,60.23287809133921,1795.0,31.63585090637207,0.0015944018959999084,0.017833586782217026,0.01037081889808178,0.013387742452323437,0.014229283668100834,0.0478997603058815,6.824490547180176,1.2873531579971313,2.1796975135803223,0.67423015832901
1011,29801,77,5,7,plus,7,0.0025,0.0025,0.012707182206213474,0.012738990597426891,74659.0,14340121.0,182678.6665849639,171.37008825207207,5107.0,26.436113357543945,0.0015469755744561553,0.037771038711071014,0.013894619420170784,0.02938656508922577,0.021010667085647583,0.04061645269393921,2.290356397628784,4.109940528869629,6.244213104248047,0.661459743976593
1011,29801,78,5,1,plus,8,0.005,0.005,0.012977655045688152,0.013042706064879894,7757.0,1382616.375,18033.058979614754,91.0036575953827,2712.0,24.337238311767578,0.002409239998087287,0.03230954334139824,0.022391311824321747,0.01260021235793829,0.024699371308088303,0.01829836703836918,7.951542377471924,8.247520446777344,4.818588733673096,0.26707765460014343
1011,29801,78,5,2,plus,8,0.005,0.005,0.004819092340767384,0.004843248054385185,6191.0,1280990.5,6204.154746810906,60.400657696050466,1800.0,31.63585090637207,0.0015944018959999084,0.017833586782217026,0.01037081889808178,0.013387742452323437,0.014229283668100834,0.0478997603058815,6.824490547180176,1.2873531579971313,2.1796975135803223,0.67423015832901
1011,29801,78,5,7,plus,8,0.005,0.005,0.012707182206213474,0.012770877219736576,74902.0,14616211.0,186661.83609876316,171.60497969866782,5114.0,26.436113357543945,0.0015469755744561553,0.037771038711071014,0.013894619420170784,0.02938656508922577,0.021010667085647583,0.04061645269393921,2.290356397628784,4.109940528869629,6.244213104248047,0.661459743976593
1011,29801,79,5,1,plus,9,0.01,0.01,0.012977655045688152,0.013108083046972752,7709.0,1404162.375,18405.877022934495,91.2049931210362,2718.0,24.337238311767578,0.002409239998087287,0.03230954334139824,0.022391311824321747,0.01260021235793829,0.024699371308088303,0.01829836703836918,7.951542377471924,8.247520446777344,4.818588733673096,0.26707765460014343
1011,29801,79,5,2,plus,9,0.01,0.01,0.004819092340767384,0.004867525305598974,6264.0,1259649.125,6131.3739921131055,60.90399651018422,1815.0,31.63585090637207,0.0015944018959999084,0.017833586782217026,0.01037081889808178,0.013387742452323437,0.014229283668100834,0.0478997603058815,6.824490547180176,1.2873531579971313,2.1796975135803223,0.67423015832901
1011,29801,79,5,7,plus,9,0.01,0.01,0.012707182206213474,0.012834891676902771,74978.0,14859388.0,190718.6353650689,171.7392033824368,5118.0,26.436113357543945,0.0015469755744561553,0.037771038711071014,0.013894619420170784,0.02938656508922577,0.021010667085647583,0.04061645269393921,2.290356397628784,4.109940528869629,6.244213104248047,0.661459743976593
1011,29801,80,5,1,plus,10,0.02,0.02,0.012977655045688152,0.01323982048779726,7895.0,1315393.125,17415.568845882663,91.4734404885742,2726.0,24.337238311767578,0.002409239998087287,0.03230954334139824,0.022391311824321747,0.01260021235793829,0.024699371308088303,0.01829836703836918,7.951542377471924,8.247520446777344,4.818588733673096,0.26707765460014343
1011,29801,80,5,2,plus,10,0.02,0.02,0.004819092340767384,0.004916444420814514,6290.0,1247203.875,6131.808532861993,61.03822019395322,1819.0,31.63585090637207,0.0015944018959999084,0.017833586782217026,0.01037081889808178,0.013387742452323437,0.014229283668100834,0.0478997603058815,6.824490547180176,1.2873531579971313,2.1796975135803223,0.67423015832901
1011,29801,80,5,7,plus,10,0.02,0.02,0.012707182206213474,0.012963884510099888,75442.0,15673858.0,203194.0849397052,172.41032180128184,5138.0,26.436113357543945,0.0015469755744561553,0.037771038711071014,0.013894619420170784,0.02938656508922577,0.021010667085647583,0.04061645269393921,2.290356397628784,4.109940528869629,6.244213104248047,0.661459743976593
1011,29801,81,5,1,plus,11,0.05,0.05,0.012977655045688152,0.013643033802509308,7968.0,1556444.375,21234.623219850473,92.14455890741921,2746.0,24.337238311767578,0.002409239998087287,0.03230954334139824,0.022391311824321747,0.01260021235793829,0.024699371308088303,0.01829836703836918,7.951542377471924,8.247520446777344,4.818588733673096,0.26707765460014343
1011,29801,81,5,2,plus,11,0.05,0.05,0.004819092340767384,0.00506617221981287,6492.0,1194225.375,6050.151419020607,61.64222677091372,1837.0,31.63585090637207,0.0015944018959999084,0.017833586782217026,0.01037081889808178,0.013387742452323437,0.014229283668100834,0.0478997603058815,6.824490547180176,1.2873531579971313,2.1796975135803223,0.67423015832901
1011,29801,81,5,7,plus,11,0.05,0.05,0.012707182206213474,0.013358693569898605,77223.0,16421248.0,219366.42006731033,174.18878561122108,5191.0,26.436113357543945,0.0015469755744561553,0.037771038711071014,0.013894619420170784,0.02938656508922577,0.021010667085647583,0.04061645269393921,2.290356397628784,4.109940528869629,6.244213104248047,0.661459743976593
1011,29801,82,5,1,plus,12,0.1,0.1,0.012977655045688152,0.014342527836561203,8083.0,1535930.625,22029.127744089346,92.88278916814872,2768.0,24.337238311767578,0.002409239998087287,0.03230954334139824,0.022391311824321747,0.01260021235793829,0.024699371308088303,0.01829836703836918,7.951542377471924,8.247520446777344,4.818588733673096,0.26707765460014343
1011,29801,82,5,2,plus,12,0.1,0.1,0.004819092340767384,0.005325920879840851,6785.0,1414429.5,7533.139607112855,63.085131371430485,1880.0,31.63585090637207,0.0015944018959999084,0.017833586782217026,0.01037081889808178,0.013387742452323437,0.014229283668100834,0.0478997603058815,6.824490547180176,1.2873531579971313,2.1796975135803223,0.67423015832901
1011,29801,82,5,7,plus,12,0.1,0.1,0.012707182206213474,0.01404360868036747,80286.0,17636618.0,247681.76163712516,177.84638099392637,5300.0,26.436113357543945,0.0015469755744561553,0.037771038711071014,0.013894619420170784,0.02938656508922577,0.021010667085647583,0.04061645269393921,2.290356397628784,4.109940528869629,6.244213104248047,0.661459743976593
1011,29801,83,5,1,center_duplicate,-1,0.0,0.0,0.012977655045688152,0.012977655045688152,7724.0,1325508.5,17201.992073127534,90.97010167444044,2711.0,24.337238311767578,0.002409239998087287,0.03230954334139824,0.022391311824321747,0.01260021235793829,0.024699371308088303,0.01829836703836918,7.951542377471924,8.247520446777344,4.818588733673096,0.26707765460014343
1011,29801,83,5,2,center_duplicate,-1,0.0,0.0,0.004819092340767384,0.004819092340767384,6168.0,1282236.0,6179.213686656207,60.16576624945471,1793.0,31.63585090637207,0.0015944018959999084,0.017833586782217026,0.01037081889808178,0.013387742452323437,0.014229283668100834,0.0478997603058815,6.824490547180176,1.2873531579971313,2.1796975135803223,0.67423015832901
1011,29801,83,5,7,center_duplicate,-1,0.0,0.0,0.012707182206213474,0.012707182206213474,74415.0,14330033.0,182094.3403520519,171.16875272641857,5101.0,26.436113357543945,0.0015469755744561553,0.037771038711071014,0.013894619420170784,0.02938656508922577,0.021010667085647583,0.04061645269393921,2.290356397628784,4.109940528869629,6.244213104248047,0.661459743976593
1011,29801,84,6,1,minus,0,-0.1,0.1,0.018187135457992554,0.016456400975584984,7886.0,17525298.0,288403.33110461757,83.9233582765679,2501.0,96.47991180419922,0.004879876971244812,0.02411128394305706,0.015877479687333107,0.0440637469291687,0.04745238646864891,0.024348696693778038,1.7147413492202759,2.418577194213867,1.9084950685501099,0.6177399754524231
1011,29801,84,6,2,minus,0,-0.1,0.1,0.016054220497608185,0.014526459388434887,19230.0,56395196.0,819222.5243968256,100.16442401261702,2985.0,71.22661590576172,0.003998503088951111,0.03332260996103287,0.04898757115006447,0.019731642678380013,0.017863517627120018,0.013543943874537945,8.574448585510254,3.511550188064575,4.462161540985107,0.47644639015197754
1011,29801,84,6,7,minus,0,-0.1,0.1,0.01834116317331791,0.01659577153623104,28652.0,6927485.5,114966.96667855326,107.51317069896983,3204.0,18.03076934814453,0.0031880333553999662,0.013988914899528027,0.049588657915592194,0.04881652444601059,0.03754022717475891,0.029685191810131073,5.470731735229492,2.148503541946411,4.848639011383057,0.7454955577850342
1011,29801,85,6,1,minus,1,-0.05,0.05,0.018187135457992554,0.017300138249993324,7931.0,18562226.0,321129.0760276206,84.76225630012415,2526.0,96.47991180419922,0.004879876971244812,0.02411128394305706,0.015877479687333107,0.0440637469291687,0.04745238646864891,0.024348696693778038,1.7147413492202759,2.418577194213867,1.9084950685501099,0.6177399754524231
1011,29801,85,6,2,minus,1,-0.05,0.05,0.016054220497608185,0.015271247364580631,19521.0,62169012.0,949398.3606635816,100.86909835240428,3006.0,71.22661590576172,0.003998503088951111,0.03332260996103287,0.04898757115006447,0.019731642678380013,0.017863517627120018,0.013543943874537945,8.574448585510254,3.511550188064575,4.462161540985107,0.47644639015197754
1011,29801,85,6,7,minus,1,-0.05,0.05,0.01834116317331791,0.01744665391743183,29355.0,7579063.5,132229.2979027396,109.29163450890908,3257.0,18.03076934814453,0.0031880333553999662,0.013988914899528027,0.049588657915592194,0.04881652444601059,0.03754022717475891,0.029685191810131073,5.470731735229492,2.148503541946411,4.848639011383057,0.7454955577850342
1011,29801,86,6,1,minus,2,-0.02,0.02,0.018187135457992554,0.017827006056904793,7944.0,19306718.0,344180.9787249528,84.7958122210664,2527.0,96.47991180419922,0.004879876971244812,0.02411128394305706,0.015877479687333107,0.0440637469291687,0.04745238646864891,0.024348696693778038,1.7147413492202759,2.418577194213867,1.9084950685501099,0.6177399754524231
1011,29801,86,6,2,minus,2,-0.02,0.02,0.016054220497608185,0.015736326575279236,19904.0,66450884.0,1045692.8118399978,101.23821348276903,3017.0,71.22661590576172,0.003998503088951111,0.03332260996103287,0.04898757115006447,0.019731642678380013,0.017863517627120018,0.013543943874537945,8.574448585510254,3.511550188064575,4.462161540985107,0.47644639015197754
1011,29801,86,6,7,minus,2,-0.02,0.02,0.01834116317331791,0.017977984622120857,29834.0,8174961.0,146969.32314443775,109.99630884869634,3278.0,18.03076934814453,0.0031880333553999662,0.013988914899528027,0.049588657915592194,0.04881652444601059,0.03754022717475891,0.029685191810131073,5.470731735229492,2.148503541946411,4.848639011383057,0.7454955577850342
1011,29801,87,6,1,minus,3,-0.01,0.01,0.018187135457992554,0.01800617016851902,7895.0,19905760.0,358426.50189369917,85.03070366766215,2534.0,96.47991180419922,0.004879876971244812,0.02411128394305706,0.015877479687333107,0.0440637469291687,0.04745238646864891,0.024348696693778038,1.7147413492202759,2.418577194213867,1.9084950685501099,0.6177399754524231
1011,29801,87,6,2,minus,3,-0.01,0.01,0.016054220497608185,0.01589447818696499,20000.0,65372252.0,1039057.8334467784,101.43954900842253,3023.0,71.22661590576172,0.003998503088951111,0.03332260996103287,0.04898757115006447,0.019731642678380013,0.017863517627120018,0.013543943874537945,8.574448585510254,3.511550188064575,4.462161540985107,0.47644639015197754
1011,29801,87,6,7,minus,3,-0.01,0.01,0.01834116317331791,0.01815866492688656,30032.0,8306482.0,150834.6233592145,110.26475621623435,3286.0,18.03076934814453,0.0031880333553999662,0.013988914899528027,0.049588657915592194,0.04881652444601059,0.03754022717475891,0.029685191810131073,5.470731735229492,2.148503541946411,4.848639011383057,0.7454955577850342
1011,29801,88,6,1,minus,4,-0.005,0.005,0.018187135457992554,0.018096426501870155,7904.0,20351428.0,368288.12101010233,84.9971477467199,2533.0,96.47991180419922,0.004879876971244812,0.02411128394305706,0.015877479687333107,0.0440637469291687,0.04745238646864891,0.024348696693778038,1.7147413492202759,2.418577194213867,1.9084950685501099,0.6177399754524231
1011,29801,88,6,2,minus,4,-0.005,0.005,0.016054220497608185,0.015974149107933044,19928.0,66867400.0,1068149.818059802,101.43954900842253,3023.0,71.22661590576172,0.003998503088951111,0.03332260996103287,0.04898757115006447,0.019731642678380013,0.017863517627120018,0.013543943874537945,8.574448585510254,3.511550188064575,4.462161540985107,0.47644639015197754
1011,29801,88,6,7,minus,4,-0.005,0.005,0.01834116317331791,0.018249686807394028,30110.0,8306076.5,151583.29472325556,110.53320358377235,3294.0,18.03076934814453,0.0031880333553999662,0.013988914899528027,0.049588657915592194,0.04881652444601059,0.03754022717475891,0.029685191810131073,5.470731735229492,2.148503541946411,4.848639011383057,0.7454955577850342
1011,29801,89,6,1,minus,5,-0.0025,0.0025,0.018187135457992554,0.018141724169254303,8004.0,21402866.0,388284.89140351117,84.9971477467199,2533.0,96.47991180419922,0.004879876971244812,0.02411128394305706,0.015877479687333107,0.0440637469291687,0.04745238646864891,0.024348696693778038,1.7147413492202759,2.418577194213867,1.9084950685501099,0.6177399754524231
1011,29801,89,6,2,minus,5,-0.0025,0.0025,0.016054220497608185,0.016014134511351585,20006.0,66469476.0,1064451.129563056,101.50666085030703,3025.0,71.22661590576172,0.003998503088951111,0.03332260996103287,0.04898757115006447,0.019731642678380013,0.017863517627120018,0.013543943874537945,8.574448585510254,3.511550188064575,4.462161540985107,0.47644639015197754
1011,29801,89,6,7,minus,5,-0.0025,0.0025,0.01834116317331791,0.018295366317033768,30173.0,8627162.0,157837.08906639367,110.7009831884836,3299.0,18.03076934814453,0.0031880333553999662,0.013988914899528027,0.049588657915592194,0.04881652444601059,0.03754022717475891,0.029685191810131073,5.470731735229492,2.148503541946411,4.848639011383057,0.7454955577850342
1011,29801,90,6,1,center,6,0.0,0.0,0.018187135457992554,0.018187135457992554,7981.0,21571390.0,392321.791947186,85.09781550954665,2536.0,96.47991180419922,0.004879876971244812,0.02411128394305706,0.015877479687333107,0.0440637469291687,0.04745238646864891,0.024348696693778038,1.7147413492202759,2.418577194213867,1.9084950685501099,0.6177399754524231
1011,29801,90,6,2,center,6,0.0,0.0,0.016054220497608185,0.016054220497608185,19972.0,67425496.0,1082463.7799445987,101.50666085030703,3025.0,71.22661590576172,0.003998503088951111,0.03332260996103287,0.04898757115006447,0.019731642678380013,0.017863517627120018,0.013543943874537945,8.574448585510254,3.511550188064575,4.462161540985107,0.47644639015197754
1011,29801,90,6,7,center,6,0.0,0.0,0.01834116317331791,0.01834116317331791,30048.0,8718638.0,159909.9622070901,110.53320358377235,3294.0,18.03076934814453,0.0031880333553999662,0.013988914899528027,0.049588657915592194,0.04881652444601059,0.03754022717475891,0.029685191810131073,5.470731735229492,2.148503541946411,4.848639011383057,0.7454955577850342
1011,29801,91,6,1,plus,7,0.0025,0.0025,0.018187135457992554,0.018232660368084908,7990.0,21714954.0,395921.38119058684,85.1313714304889,2537.0,96.47991180419922,0.004879876971244812,0.02411128394305706,0.015877479687333107,0.0440637469291687,0.04745238646864891,0.024348696693778038,1.7147413492202759,2.418577194213867,1.9084950685501099,0.6177399754524231
1011,29801,91,6,2,plus,7,0.0025,0.0025,0.016054220497608185,0.016094407066702843,19942.0,69742248.0,1122460.1290589422,101.43954900842253,3023.0,71.22661590576172,0.003998503088951111,0.03332260996103287,0.04898757115006447,0.019731642678380013,0.017863517627120018,0.013543943874537945,8.574448585510254,3.511550188064575,4.462161540985107,0.47644639015197754
1011,29801,91,6,7,plus,7,0.0025,0.0025,0.01834116317331791,0.018387073650956154,30226.0,8746609.0,160824.54387911595,110.86876279319485,3304.0,18.03076934814453,0.0031880333553999662,0.013988914899528027,0.049588657915592194,0.04881652444601059,0.03754022717475891,0.029685191810131073,5.470731735229492,2.148503541946411,4.848639011383057,0.7454955577850342
1011,29801,92,6,1,plus,8,0.005,0.005,0.018187135457992554,0.018278298899531364,7981.0,21589352.0,394616.62890319526,85.09781550954665,2536.0,96.47991180419922,0.004879876971244812,0.02411128394305706,0.015877479687333107,0.0440637469291687,0.04745238646864891,0.024348696693778038,1.7147413492202759,2.418577194213867,1.9084950685501099,0.6177399754524231
1011,29801,92,6,2,plus,8,0.005,0.005,0.016054220497608185,0.01613469235599041,19952.0,70734096.0,1141272.8780390918,101.50666085030703,3025.0,71.22661590576172,0.003998503088951111,0.03332260996103287,0.04898757115006447,0.019731642678380013,0.017863517627120018,0.013543943874537945,8.574448585510254,3.511550188064575,4.462161540985107,0.47644639015197754
1011,29801,92,6,7,plus,8,0.005,0.005,0.01834116317331791,0.0184330977499485,30269.0,8807019.0,162340.6421126537,110.8352068722526,3303.0,18.03076934814453,0.0031880333553999662,0.013988914899528027,0.049588657915592194,0.04881652444601059,0.03754022717475891,0.029685191810131073,5.470731735229492,2.148503541946411,4.848639011383057,0.7454955577850342
1011,29801,93,6,1,plus,9,0.01,0.01,0.018187135457992554,0.018369918689131737,8113.0,21008028.0,385915.7661790028,85.23203919331566,2540.0,96.47991180419922,0.004879876971244812,0.02411128394305706,0.015877479687333107,0.0440637469291687,0.04745238646864891,0.024348696693778038,1.7147413492202759,2.418577194213867,1.9084950685501099,0.6177399754524231
1011,29801,93,6,2,plus,9,0.01,0.01,0.016054220497608185,0.016215568408370018,19949.0,71282024.0,1155878.5364590734,101.47310492936478,3024.0,71.22661590576172,0.003998503088951111,0.03332260996103287,0.04898757115006447,0.019731642678380013,0.017863517627120018,0.013543943874537945,8.574448585510254,3.511550188064575,4.462161540985107,0.47644639015197754
1011,29801,93,6,7,plus,9,0.01,0.01,0.01834116317331791,0.018525494262576103,30319.0,8611673.0,159535.49875268154,111.0365423979061,3309.0,18.03076934814453,0.0031880333553999662,0.013988914899528027,0.049588657915592194,0.04881652444601059,0.03754022717475891,0.029685191810131073,5.470731735229492,2.148503541946411,4.848639011383057,0.7454955577850342
1011,29801,94,6,1,plus,10,0.02,0.02,0.018187135457992554,0.01855454035103321,8171.0,22654504.0,420343.9086006433,85.16492735143116,2538.0,96.47991180419922,0.004879876971244812,0.02411128394305706,0.015877479687333107,0.0440637469291687,0.04745238646864891,0.024348696693778038,1.7147413492202759,2.418577194213867,1.9084950685501099,0.6177399754524231
1011,29801,94,6,2,plus,10,0.02,0.02,0.016054220497608185,0.016378536820411682,19947.0,73991024.0,1211864.7109639645,101.67444045501828,3030.0,71.22661590576172,0.003998503088951111,0.03332260996103287,0.04898757115006447,0.019731642678380013,0.017863517627120018,0.013543943874537945,8.574448585510254,3.511550188064575,4.462161540985107,0.47644639015197754
1011,29801,94,6,7,plus,10,0.02,0.02,0.01834116317331791,0.018711678683757782,30488.0,9063950.0,169601.72000564635,111.13721016073285,3312.0,18.03076934814453,0.0031880333553999662,0.013988914899528027,0.049588657915592194,0.04881652444601059,0.03754022717475891,0.029685191810131073,5.470731735229492,2.148503541946411,4.848639011383057,0.7454955577850342
1011,29801,95,6,1,plus,11,0.05,0.05,0.018187135457992554,0.019119609147310257,8416.0,23656408.0,452301.27478930354,85.6682661655649,2553.0,96.47991180419922,0.004879876971244812,0.02411128394305706,0.015877479687333107,0.0440637469291687,0.04745238646864891,0.024348696693778038,1.7147413492202759,2.418577194213867,1.9084950685501099,0.6177399754524231
1011,29801,95,6,2,plus,11,0.05,0.05,0.016054220497608185,0.01687733829021454,20261.0,74544352.0,1258110.2463288307,102.34555887386328,3050.0,71.22661590576172,0.003998503088951111,0.03332260996103287,0.04898757115006447,0.019731642678380013,0.017863517627120018,0.013543943874537945,8.574448585510254,3.511550188064575,4.462161540985107,0.47644639015197754
1011,29801,95,6,7,plus,11,0.05,0.05,0.01834116317331791,0.019281534478068352,31199.0,9198589.0,177362.91095308028,112.58011476124962,3355.0,18.03076934814453,0.0031880333553999662,0.013988914899528027,0.049588657915592194,0.04881652444601059,0.03754022717475891,0.029685191810131073,5.470731735229492,2.148503541946411,4.848639011383057,0.7454955577850342
1011,29801,96,6,1,plus,12,0.1,0.1,0.018187135457992554,0.02009989321231842,8369.0,26581494.0,534285.1908238828,86.10449313781416,2566.0,96.47991180419922,0.004879876971244812,0.02411128394305706,0.015877479687333107,0.0440637469291687,0.04745238646864891,0.024348696693778038,1.7147413492202759,2.418577194213867,1.9084950685501099,0.6177399754524231
1011,29801,96,6,2,plus,12,0.1,0.1,0.016054220497608185,0.017742658033967018,20436.0,85956512.0,1525096.9982085824,102.58045032045904,3057.0,71.22661590576172,0.003998503088951111,0.03332260996103287,0.04898757115006447,0.019731642678380013,0.017863517627120018,0.013543943874537945,8.574448585510254,3.511550188064575,4.462161540985107,0.47644639015197754
1011,29801,96,6,7,plus,12,0.1,0.1,0.01834116317331791,0.020270120352506638,31995.0,10045739.0,203628.33855986968,113.72101607328612,3389.0,18.03076934814453,0.0031880333553999662,0.013988914899528027,0.049588657915592194,0.04881652444601059,0.03754022717475891,0.029685191810131073,5.470731735229492,2.148503541946411,4.848639011383057,0.7454955577850342
1011,29801,97,6,1,center_duplicate,-1,0.0,0.0,0.018187135457992554,0.018187135457992554,7981.0,21571390.0,392321.791947186,85.09781550954665,2536.0,96.47991180419922,0.004879876971244812,0.02411128394305706,0.015877479687333107,0.0440637469291687,0.04745238646864891,0.024348696693778038,1.7147413492202759,2.418577194213867,1.9084950685501099,0.6177399754524231
1011,29801,97,6,2,center_duplicate,-1,0.0,0.0,0.016054220497608185,0.016054220497608185,19972.0,67425496.0,1082463.7799445987,101.50666085030703,3025.0,71.22661590576172,0.003998503088951111,0.03332260996103287,0.04898757115006447,0.019731642678380013,0.017863517627120018,0.013543943874537945,8.574448585510254,3.511550188064575,4.462161540985107,0.47644639015197754
1011,29801,97,6,7,center_duplicate,-1,0.0,0.0,0.01834116317331791,0.01834116317331791,30048.0,8718638.0,159909.9622070901,110.53320358377235,3294.0,18.03076934814453,0.0031880333553999662,0.013988914899528027,0.049588657915592194,0.04881652444601059,0.03754022717475891,0.029685191810131073,5.470731735229492,2.148503541946411,4.848639011383057,0.7454955577850342
1011,29801,98,7,1,minus,0,-0.1,0.1,0.005644886288791895,0.005107704550027847,8474.0,5809172.0,29671.53425629437,92.04389114459245,2743.0,52.32191848754883,0.001907689031213522,0.028657300397753716,0.013177522458136082,0.02046092227101326,0.031077144667506218,0.049670636653900146,6.481612205505371,0.2743898928165436,1.009099006652832,0.3861621022224426
1011,29801,98,7,2,minus,0,-0.1,0.1,0.01847972720861435,0.016721148043870926,1317.0,320.2806396484375,5.3554599911472,21.341565719271163,636.0,1.9274224042892456,0.0006420366116799414,0.020790288224816322,0.027660297229886055,0.02674812823534012,0.03037550114095211,0.03694647178053856,4.407487869262695,6.496186256408691,3.348017930984497,0.552773118019104
1011,29801,98,7,7,minus,0,-0.1,0.1,0.006495960056781769,0.005877787712961435,12040.0,6829193.5,40140.5496437361,73.95724975671956,2204.0,81.40618896484375,0.0025993387680500746,0.016788994893431664,0.04067101329565048,0.03674013912677765,0.012556415051221848,0.04945344105362892,7.4825053215026855,6.3737263679504395,0.6165230870246887,0.23225137591362
1011,29801,99,7,1,minus,1,-0.05,0.05,0.005644886288791895,0.005369582213461399,8717.0,6532649.0,35077.595877186395,93.62101942887821,2790.0,52.32191848754883,0.001907689031213522,0.028657300397753716,0.013177522458136082,0.02046092227101326,0.031077144667506218,0.049670636653900146,6.481612205505371,0.2743898928165436,1.009099006652832,0.3861621022224426
1011,29801,99,7,2,minus,1,-0.05,0.05,0.01847972720861435,0.01757846027612686,1313.0,-122.50175476074219,-2.153392229817541,22.683802556961176,676.0,1.9274224042892456,0.0006420366116799414,0.020790288224816322,0.027660297229886055,0.02674812823534012,0.03037550114095211,0.03694647178053856,4.407487869262695,6.496186256408691,3.348017930984497,0.552773118019104
1011,29801,99,7,7,minus,1,-0.05,0.05,0.006495960056781769,0.006179148331284523,12371.0,7192535.5,44443.74373252969,74.59481225462233,2223.0,81.40618896484375,0.0025993387680500746,0.016788994893431664,0.04067101329565048,0.03674013912677765,0.012556415051221848,0.04945344105362892,7.4825053215026855,6.3737263679504395,0.6165230870246887,0.23225137591362
1011,29801,100,7,1,minus,2,-0.02,0.02,0.005644886288791895,0.00553310988470912,8929.0,6829328.5,37787.425029275706,94.02369048018522,2802.0,52.32191848754883,0.001907689031213522,0.028657300397753716,0.013177522458136082,0.02046092227101326,0.031077144667506218,0.049670636653900146,6.481612205505371,0.2743898928165436,1.009099006652832,0.3861621022224426
1011,29801,100,7,2,minus,2,-0.02,0.02,0.01847972720861435,0.01811380498111248,1388.0,281.7383728027344,5.103353940644695,23.38847689674843,697.0,1.9274224042892456,0.0006420366116799414,0.020790288224816322,0.027660297229886055,0.02674812823534012,0.03037550114095211,0.03694647178053856,4.407487869262695,6.496186256408691,3.348017930984497,0.552773118019104
1011,29801,100,7,7,minus,2,-0.02,0.02,0.006495960056781769,0.006367331370711327,12472.0,7578787.5,48256.65140070487,75.03103922687157,2236.0,81.40618896484375,0.0025993387680500746,0.016788994893431664,0.04067101329565048,0.03674013912677765,0.012556415051221848,0.04945344105362892,7.4825053215026855,6.3737263679504395,0.6165230870246887,0.23225137591362
1011,29801,101,7,1,minus,3,-0.01,0.01,0.005644886288791895,0.005588718689978123,9049.0,7199674.0,40236.95264554955,94.62769705714572,2820.0,52.32191848754883,0.001907689031213522,0.028657300397753716,0.013177522458136082,0.02046092227101326,0.031077144667506218,0.049670636653900146,6.481612205505371,0.2743898928165436,1.009099006652832,0.3861621022224426
1011,29801,101,7,2,minus,3,-0.01,0.01,0.01847972720861435,0.018295850604772568,1400.0,432.22076416015625,7.907846529354856,23.791147948055432,709.0,1.9274224042892456,0.0006420366116799414,0.020790288224816322,0.027660297229886055,0.02674812823534012,0.03037550114095211,0.03694647178053856,4.407487869262695,6.496186256408691,3.348017930984497,0.552773118019104
1011,29801,101,7,7,minus,3,-0.01,0.01,0.006495960056781769,0.006431324407458305,12764.0,7647016.0,49180.44064502418,75.76926948760108,2258.0,81.40618896484375,0.0025993387680500746,0.016788994893431664,0.04067101329565048,0.03674013912677765,0.012556415051221848,0.04945344105362892,7.4825053215026855,6.3737263679504395,0.6165230870246887,0.23225137591362
1011,29801,102,7,1,minus,4,-0.005,0.005,0.005644886288791895,0.005616732407361269,9056.0,7516697.5,42219.27844458143,94.66125297808797,2821.0,52.32191848754883,0.001907689031213522,0.028657300397753716,0.013177522458136082,0.02046092227101326,0.031077144667506218,0.049670636653900146,6.481612205505371,0.2743898928165436,1.009099006652832,0.3861621022224426
1011,29801,102,7,2,minus,4,-0.005,0.005,0.01847972720861435,0.018387557938694954,1400.0,413.72467041015625,7.607386347834222,23.925371631824433,713.0,1.9274224042892456,0.0006420366116799414,0.020790288224816322,0.027660297229886055,0.02674812823534012,0.03037550114095211,0.03694647178053856,4.407487869262695,6.496186256408691,3.348017930984497,0.552773118019104
1011,29801,102,7,7,minus,4,-0.005,0.005,0.006495960056781769,0.0064635612070560455,12855.0,7668301.5,49564.536099409685,75.86993725042784,2261.0,81.40618896484375,0.0025993387680500746,0.016788994893431664,0.04067101329565048,0.03674013912677765,0.012556415051221848,0.04945344105362892,7.4825053215026855,6.3737263679504395,0.6165230870246887,0.23225137591362
1011,29801,103,7,1,minus,5,-0.0025,0.0025,0.005644886288791895,0.005630791652947664,9023.0,7546893.5,42494.98492548498,94.56058521526123,2818.0,52.32191848754883,0.001907689031213522,0.028657300397753716,0.013177522458136082,0.02046092227101326,0.031077144667506218,0.049670636653900146,6.481612205505371,0.2743898928165436,1.009099006652832,0.3861621022224426
1011,29801,103,7,2,minus,5,-0.0025,0.0025,0.01847972720861435,0.0184335857629776,1395.0,411.46728515625,7.584817489587294,23.958927552766685,714.0,1.9274224042892456,0.0006420366116799414,0.020790288224816322,0.027660297229886055,0.02674812823534012,0.03037550114095211,0.03694647178053856,4.407487869262695,6.496186256408691,3.348017930984497,0.552773118019104
1011,29801,103,7,7,minus,5,-0.0025,0.0025,0.006495960056781769,0.006479740142822266,12845.0,7821974.5,50684.36216378212,75.80282540854333,2259.0,81.40618896484375,0.0025993387680500746,0.016788994893431664,0.04067101329565048,0.03674013912677765,0.012556415051221848,0.04945344105362892,7.4825053215026855,6.3737263679504395,0.6165230870246887,0.23225137591362
1011,29801,104,7,1,center,6,0.0,0.0,0.005644886288791895,0.005644886288791895,8979.0,7527876.5,42494.00683856872,94.56058521526123,2818.0,52.32191848754883,0.001907689031213522,0.028657300397753716,0.013177522458136082,0.02046092227101326,0.031077144667506218,0.049670636653900146,6.481612205505371,0.2743898928165436,1.009099006652832,0.3861621022224426
1011,29801,104,7,2,center,6,0.0,0.0,0.01847972720861435,0.01847972720861435,1405.0,355.10772705078125,6.56229392556952,24.026039394651185,716.0,1.9274224042892456,0.0006420366116799414,0.020790288224816322,0.027660297229886055,0.02674812823534012,0.03037550114095211,0.03694647178053856,4.407487869262695,6.496186256408691,3.348017930984497,0.552773118019104
1011,29801,104,7,7,center,6,0.0,0.0,0.006495960056781769,0.006495960056781769,12898.0,7819461.5,50794.909569542855,75.90349317137009,2262.0,81.40618896484375,0.0025993387680500746,0.016788994893431664,0.04067101329565048,0.03674013912677765,0.012556415051221848,0.04945344105362892,7.4825053215026855,6.3737263679504395,0.6165230870246887,0.23225137591362
1011,29801,105,7,1,plus,7,0.0025,0.0025,0.005644886288791895,0.005659016314893961,8995.0,7714577.0,43656.91710550571,94.69480889903022,2822.0,52.32191848754883,0.001907689031213522,0.028657300397753716,0.013177522458136082,0.02046092227101326,0.031077144667506218,0.049670636653900146,6.481612205505371,0.2743898928165436,1.009099006652832,0.3861621022224426
1011,29801,105,7,2,plus,7,0.0025,0.0025,0.01847972720861435,0.01852598413825035,1407.0,297.623046875,5.513759845583991,24.093151236535686,718.0,1.9274224042892456,0.0006420366116799414,0.020790288224816322,0.027660297229886055,0.02674812823534012,0.03037550114095211,0.03694647178053856,4.407487869262695,6.496186256408691,3.348017930984497,0.552773118019104
1011,29801,105,7,7,plus,7,0.0025,0.0025,0.006495960056781769,0.006512220483273268,12910.0,7969141.0,51896.80325429281,76.03771685513908,2266.0,81.40618896484375,0.0025993387680500746,0.016788994893431664,0.04067101329565048,0.03674013912677765,0.012556415051221848,0.04945344105362892,7.4825053215026855,6.3737263679504395,0.6165230870246887,0.23225137591362
1011,29801,106,7,1,plus,8,0.005,0.005,0.005644886288791895,0.005673181265592575,9016.0,7547376.5,42817.63496417366,94.72836481997248,2823.0,52.32191848754883,0.001907689031213522,0.028657300397753716,0.013177522458136082,0.02046092227101326,0.031077144667506218,0.049670636653900146,6.481612205505371,0.2743898928165436,1.009099006652832,0.3861621022224426
1011,29801,106,7,2,plus,8,0.005,0.005,0.01847972720861435,0.018572356551885605,1413.0,387.3990478515625,7.194913244560212,24.160263078420186,720.0,1.9274224042892456,0.0006420366116799414,0.020790288224816322,0.027660297229886055,0.02674812823534012,0.03037550114095211,0.03694647178053856,4.407487869262695,6.496186256408691,3.348017930984497,0.552773118019104
1011,29801,106,7,7,plus,8,0.005,0.005,0.006495960056781769,0.006528520956635475,12901.0,7876262.0,51420.34152695164,76.13838461796584,2269.0,81.40618896484375,0.0025993387680500746,0.016788994893431664,0.04067101329565048,0.03674013912677765,0.012556415051221848,0.04945344105362892,7.4825053215026855,6.3737263679504395,0.6165230870246887,0.23225137591362
1011,29801,107,7,1,plus,9,0.01,0.01,0.005644886288791895,0.005701618269085884,9033.0,7199439.5,41048.45578037854,95.09747995033723,2834.0,52.32191848754883,0.001907689031213522,0.028657300397753716,0.013177522458136082,0.02046092227101326,0.031077144667506218,0.049670636653900146,6.481612205505371,0.2743898928165436,1.009099006652832,0.3861621022224426
1011,29801,107,7,2,plus,9,0.01,0.01,0.01847972720861435,0.018665451556444168,1416.0,388.181640625,7.245585608186957,24.126707157477934,719.0,1.9274224042892456,0.0006420366116799414,0.020790288224816322,0.027660297229886055,0.02674812823534012,0.03037550114095211,0.03694647178053856,4.407487869262695,6.496186256408691,3.348017930984497,0.552773118019104
1011,29801,107,7,7,plus,9,0.01,0.01,0.006495960056781769,0.006561245769262314,12881.0,8052511.0,52834.503730688244,76.07127277608133,2267.0,81.40618896484375,0.0025993387680500746,0.016788994893431664,0.04067101329565048,0.03674013912677765,0.012556415051221848,0.04945344105362892,7.4825053215026855,6.3737263679504395,0.6165230870246887,0.23225137591362
1011,29801,108,7,1,plus,10,0.02,0.02,0.005644886288791895,0.005758920684456825,9237.0,7527664.0,43351.219915241,95.90282205295124,2858.0,52.32191848754883,0.001907689031213522,0.028657300397753716,0.013177522458136082,0.02046092227101326,0.031077144667506218,0.049670636653900146,6.481612205505371,0.2743898928165436,1.009099006652832,0.3861621022224426
1011,29801,108,7,2,plus,10,0.02,0.02,0.01847972720861435,0.018853042274713516,1426.0,313.3952331542969,5.908453579351658,24.462266366900437,729.0,1.9274224042892456,0.0006420366116799414,0.020790288224816322,0.027660297229886055,0.02674812823534012,0.03037550114095211,0.03694647178053856,4.407487869262695,6.496186256408691,3.348017930984497,0.552773118019104
1011,29801,108,7,7,plus,10,0.02,0.02,0.006495960056781769,0.006627187132835388,12903.0,8326995.0,55184.55411918461,76.13838461796584,2269.0,81.40618896484375,0.0025993387680500746,0.016788994893431664,0.04067101329565048,0.03674013912677765,0.012556415051221848,0.04945344105362892,7.4825053215026855,6.3737263679504395,0.6165230870246887,0.23225137591362
1011,29801,109,7,1,plus,11,0.05,0.05,0.005644886288791895,0.005934305489063263,9399.0,8550691.0,50742.41253658384,96.10415757860474,2864.0,52.32191848754883,0.001907689031213522,0.028657300397753716,0.013177522458136082,0.02046092227101326,0.031077144667506218,0.049670636653900146,6.481612205505371,0.2743898928165436,1.009099006652832,0.3861621022224426
1011,29801,109,7,2,plus,11,0.05,0.05,0.01847972720861435,0.01942720264196396,1402.0,259.7452697753906,5.04612399121811,25.267608469514443,753.0,1.9274224042892456,0.0006420366116799414,0.020790288224816322,0.027660297229886055,0.02674812823534012,0.03037550114095211,0.03694647178053856,4.407487869262695,6.496186256408691,3.348017930984497,0.552773118019104
1011,29801,109,7,7,plus,11,0.05,0.05,0.006495960056781769,0.006829014979302883,13294.0,8407940.0,57417.94820507988,77.2457300090601,2302.0,81.40618896484375,0.0025993387680500746,0.016788994893431664,0.04067101329565048,0.03674013912677765,0.012556415051221848,0.04945344105362892,7.4825053215026855,6.3737263679504395,0.6165230870246887,0.23225137591362
1011,29801,110,7,1,plus,12,0.1,0.1,0.005644886288791895,0.006238564383238554,9788.0,9022345.0,56286.48017029045,97.6812858628905,2911.0,52.32191848754883,0.001907689031213522,0.028657300397753716,0.013177522458136082,0.02046092227101326,0.031077144667506218,0.049670636653900146,6.481612205505371,0.2743898928165436,1.009099006652832,0.3861621022224426
1011,29801,110,7,2,plus,12,0.1,0.1,0.01847972720861435,0.02042325772345066,1454.0,356.1077575683594,7.272880510138691,26.408509781550954,787.0,1.9274224042892456,0.0006420366116799414,0.020790288224816322,0.027660297229886055,0.02674812823534012,0.03037550114095211,0.03694647178053856,4.407487869262695,6.496186256408691,3.348017930984497,0.552773118019104
1011,29801,110,7,7,plus,12,0.1,0.1,0.006495960056781769,0.007179146632552147,13809.0,9023886.0,64783.80078943446,78.82285829334586,2349.0,81.40618896484375,0.0025993387680500746,0.016788994893431664,0.04067101329565048,0.03674013912677765,0.012556415051221848,0.04945344105362892,7.4825053215026855,6.3737263679504395,0.6165230870246887,0.23225137591362
1011,29801,111,7,1,center_duplicate,-1,0.0,0.0,0.005644886288791895,0.005644886288791895,8979.0,7527876.5,42494.00683856872,94.56058521526123,2818.0,52.32191848754883,0.001907689031213522,0.028657300397753716,0.013177522458136082,0.02046092227101326,0.031077144667506218,0.049670636653900146,6.481612205505371,0.2743898928165436,1.009099006652832,0.3861621022224426
1011,29801,111,7,2,center_duplicate,-1,0.0,0.0,0.01847972720861435,0.01847972720861435,1405.0,355.10772705078125,6.56229392556952,24.026039394651185,716.0,1.9274224042892456,0.0006420366116799414,0.020790288224816322,0.027660297229886055,0.02674812823534012,0.03037550114095211,0.03694647178053856,4.407487869262695,6.496186256408691,3.348017930984497,0.552773118019104
1011,29801,111,7,7,center_duplicate,-1,0.0,0.0,0.006495960056781769,0.006495960056781769,12898.0,7819461.5,50794.909569542855,75.90349317137009,2262.0,81.40618896484375,0.0025993387680500746,0.016788994893431664,0.04067101329565048,0.03674013912677765,0.012556415051221848,0.04945344105362892,7.4825053215026855,6.3737263679504395,0.6165230870246887,0.23225137591362
