seed,sim_len,row_index,init_id,cell,row_kind,offset_index,log_offset,epsilon,center_gain,gain,loss,analytic_gradient_gain,analytic_gradient_log_gain,firing_rate_hz,spike_count,center_Strf_alpha,center_output_ad,center_on_ron_gSYN,center_off_ron_gSYN,center_on_sonoff_gSYN,center_off_sonoff_gSYN,center_sonoff_ron_gSYN,center_abs_ref,center_rel_ref_a,center_rel_ref_b,center_rel_ref_c
1213,29801,0,0,1,minus,0,-0.1,0.1,0.010369358584284782,0.009382584132254124,5547.0,-1115.026611328125,-10.461830990488352,34.562598570517764,1030.0,6.626354694366455,0.0035706069320440292,0.017586013302206993,0.0440235361456871,0.036416418850421906,0.015820348635315895,0.03075505420565605,9.734742164611816,4.234930515289307,6.025596618652344,0.5770443677902222
1213,29801,0,0,2,minus,0,-0.1,0.1,0.0017865144181996584,0.0016165050910785794,8693.0,5899333.5,9536.302636720415,67.91718398711453,2024.0,59.34796905517578,0.003477817866951227,0.03811865672469139,0.019889790564775467,0.039781637489795685,0.045002952218055725,0.024391407147049904,3.5100626945495605,4.31492280960083,8.399785995483398,0.2598817050457001
1213,29801,0,0,7,minus,0,-0.1,0.1,0.015980957075953484,0.014460167847573757,42124.0,178211568.0,2576969.1856593043,132.94855877319551,3962.0,59.11423873901367,0.004803546704351902,0.04223012551665306,0.038019679486751556,0.04160550981760025,0.04478614404797554,0.020792031660676003,4.51259708404541,8.273573875427246,6.738358020782471,0.34646177291870117
1213,29801,1,0,1,minus,1,-0.05,0.05,0.010369358584284782,0.009863639250397682,5396.0,-8488.2333984375,-83.72487211536463,35.80416764538103,1067.0,6.626354694366455,0.0035706069320440292,0.017586013302206993,0.0440235361456871,0.036416418850421906,0.015820348635315895,0.03075505420565605,9.734742164611816,4.234930515289307,6.025596618652344,0.5770443677902222
1213,29801,1,0,2,minus,1,-0.05,0.05,0.0017865144181996584,0.0016993851168081164,9419.0,6305407.5,10715.315660910273,69.93053924364953,2084.0,59.34796905517578,0.003477817866951227,0.03811865672469139,0.019889790564775467,0.039781637489795685,0.045002952218055725,0.024391407147049904,3.5100626945495605,4.31492280960083,8.399785995483398,0.2598817050457001
1213,29801,1,0,7,minus,1,-0.05,0.05,0.015980957075953484,0.01520155742764473,42842.0,196511392.0,2987279.210674405,134.15657192711654,3998.0,59.11423873901367,0.004803546704351902,0.04223012551665306,0.038019679486751556,0.04160550981760025,0.04478614404797554,0.020792031660676003,4.51259708404541,8.273573875427246,6.738358020782471,0.34646177291870117
1213,29801,2,0,1,minus,2,-0.02,0.02,0.010369358584284782,0.010164031758904457,5433.0,-7245.42578125,-73.64273774741014,36.30750645951478,1082.0,6.626354694366455,0.0035706069320440292,0.017586013302206993,0.0440235361456871,0.036416418850421906,0.015820348635315895,0.03075505420565605,9.734742164611816,4.234930515289307,6.025596618652344,0.5770443677902222
1213,29801,2,0,2,minus,2,-0.02,0.02,0.0017865144181996584,0.001751139061525464,9634.0,5773252.5,10109.76796479954,71.1721083185128,2121.0,59.34796905517578,0.003477817866951227,0.03811865672469139,0.019889790564775467,0.039781637489795685,0.045002952218055725,0.024391407147049904,3.5100626945495605,4.31492280960083,8.399785995483398,0.2598817050457001
1213,29801,2,0,7,minus,2,-0.02,0.02,0.015980957075953484,0.015664512291550636,43707.0,212089456.0,3322277.890420288,135.0625817925573,4025.0,59.11423873901367,0.004803546704351902,0.04223012551665306,0.038019679486751556,0.04160550981760025,0.04478614404797554,0.020792031660676003,4.51259708404541,8.273573875427246,6.738358020782471,0.34646177291870117
1213,29801,3,0,1,minus,3,-0.01,0.01,0.010369358584284782,0.010266182012856007,5420.0,-6251.65625,-64.18064094430883,36.54239790611053,1089.0,6.626354694366455,0.0035706069320440292,0.017586013302206993,0.0440235361456871,0.036416418850421906,0.015820348635315895,0.03075505420565605,9.734742164611816,4.234930515289307,6.025596618652344,0.5770443677902222
1213,29801,3,0,2,minus,3,-0.01,0.01,0.0017865144181996584,0.0017687382642179728,9800.0,6023280.0,10653.605812098831,71.4405556860508,2129.0,59.34796905517578,0.003477817866951227,0.03811865672469139,0.019889790564775467,0.039781637489795685,0.045002952218055725,0.024391407147049904,3.5100626945495605,4.31492280960083,8.399785995483398,0.2598817050457001
1213,29801,3,0,7,minus,3,-0.01,0.01,0.015980957075953484,0.015821943059563637,43874.0,214738464.0,3397579.750106156,135.23036139726855,4030.0,59.11423873901367,0.004803546704351902,0.04223012551665306,0.038019679486751556,0.04160550981760025,0.04478614404797554,0.020792031660676003,4.51259708404541,8.273573875427246,6.738358020782471,0.34646177291870117
1213,29801,4,0,1,minus,4,-0.005,0.005,0.010369358584284782,0.01031764131039381,5422.0,-4377.0732421875,-45.16107170221312,36.67662158987953,1093.0,6.626354694366455,0.0035706069320440292,0.017586013302206993,0.0440235361456871,0.036416418850421906,0.015820348635315895,0.03075505420565605,9.734742164611816,4.234930515289307,6.025596618652344,0.5770443677902222
1213,29801,4,0,2,minus,4,-0.005,0.005,0.0017865144181996584,0.0017776041058823466,9884.0,6247969.5,11106.416236627672,71.5747793698198,2133.0,59.34796905517578,0.003477817866951227,0.03811865672469139,0.019889790564775467,0.039781637489795685,0.045002952218055725,0.024391407147049904,3.5100626945495605,4.31492280960083,8.399785995483398,0.2598817050457001
1213,29801,4,0,7,minus,4,-0.005,0.005,0.015980957075953484,0.015901250764727592,43987.0,224744288.0,3573715.2814281583,135.46525284386428,4037.0,59.11423873901367,0.004803546704351902,0.04223012551665306,0.038019679486751556,0.04160550981760025,0.04478614404797554,0.020792031660676003,4.51259708404541,8.273573875427246,6.738358020782471,0.34646177291870117
1213,29801,5,0,1,minus,5,-0.0025,0.0025,0.010369358584284782,0.010343467816710472,5459.0,-3432.78125,-35.506862381182145,36.77728935270628,1096.0,6.626354694366455,0.0035706069320440292,0.017586013302206993,0.0440235361456871,0.036416418850421906,0.015820348635315895,0.03075505420565605,9.734742164611816,4.234930515289307,6.025596618652344,0.5770443677902222
1213,29801,5,0,2,minus,5,-0.0025,0.0025,0.0017865144181996584,0.001782053615897894,9961.0,6346039.0,11308.981746579055,71.67544713264655,2136.0,59.34796905517578,0.003477817866951227,0.03811865672469139,0.019889790564775467,0.039781637489795685,0.045002952218055725,0.024391407147049904,3.5100626945495605,4.31492280960083,8.399785995483398,0.2598817050457001
1213,29801,5,0,7,minus,5,-0.0025,0.0025,0.015980957075953484,0.01594105362892151,43886.0,222071744.0,3540057.5805721283,135.36458508103755,4034.0,59.11423873901367,0.004803546704351902,0.04223012551665306,0.038019679486751556,0.04160550981760025,0.04478614404797554,0.020792031660676003,4.51259708404541,8.273573875427246,6.738358020782471,0.34646177291870117
1213,29801,6,0,1,center,6,0.0,0.0,0.010369358584284782,0.010369358584284782,5406.0,-5366.25439453125,-55.644616071388555,36.94506895741753,1101.0,6.626354694366455,0.0035706069320440292,0.017586013302206993,0.0440235361456871,0.036416418850421906,0.015820348635315895,0.03075505420565605,9.734742164611816,4.234930515289307,6.025596618652344,0.5770443677902222
1213,29801,6,0,2,center,6,0.0,0.0,0.0017865144181996584,0.0017865144181996584,9983.0,6414688.0,11459.93260025233,71.87678265830006,2142.0,59.34796905517578,0.003477817866951227,0.03811865672469139,0.019889790564775467,0.039781637489795685,0.045002952218055725,0.024391407147049904,3.5100626945495605,4.31492280960083,8.399785995483398,0.2598817050457001
1213,29801,6,0,7,center,6,0.0,0.0,0.015980957075953484,0.015980957075953484,43911.0,222467776.0,3555247.9790388346,135.46525284386428,4037.0,59.11423873901367,0.004803546704351902,0.04223012551665306,0.038019679486751556,0.04160550981760025,0.04478614404797554,0.020792031660676003,4.51259708404541,8.273573875427246,6.738358020782471,0.34646177291870117
1213,29801,7,0,1,plus,7,0.0025,0.0025,0.010369358584284782,0.010395314544439316,5424.0,-4662.017578125,-48.46313913631457,37.01218079930204,1103.0,6.626354694366455,0.0035706069320440292,0.017586013302206993,0.0440235361456871,0.036416418850421906,0.015820348635315895,0.03075505420565605,9.734742164611816,4.234930515289307,6.025596618652344,0.5770443677902222
1213,29801,7,0,2,plus,7,0.0025,0.0025,0.0017865144181996584,0.0017909863963723183,10089.0,6272095.0,11233.236821754836,72.07811818395355,2148.0,59.34796905517578,0.003477817866951227,0.03811865672469139,0.019889790564775467,0.039781637489795685,0.045002952218055725,0.024391407147049904,3.5100626945495605,4.31492280960083,8.399785995483398,0.2598817050457001
1213,29801,7,0,7,plus,7,0.0025,0.0025,0.015980957075953484,0.016020959243178368,43969.0,222767376.0,3568947.051605791,135.5323646857488,4039.0,59.11423873901367,0.004803546704351902,0.04223012551665306,0.038019679486751556,0.04160550981760025,0.04478614404797554,0.020792031660676003,4.51259708404541,8.273573875427246,6.738358020782471,0.34646177291870117
1213,29801,8,0,1,plus,8,0.005,0.005,0.010369358584284782,0.010421334765851498,5427.0,-6490.11376953125,-67.63564826074753,37.11284856212878,1106.0,6.626354694366455,0.0035706069320440292,0.017586013302206993,0.0440235361456871,0.036416418850421906,0.015820348635315895,0.03075505420565605,9.734742164611816,4.234930515289307,6.025596618652344,0.5770443677902222
1213,29801,8,0,2,plus,8,0.005,0.005,0.0017865144181996584,0.0017954693175852299,10222.0,6252519.0,11226.206022118684,72.3130096305493,2155.0,59.34796905517578,0.003477817866951227,0.03811865672469139,0.019889790564775467,0.039781637489795685,0.045002952218055725,0.024391407147049904,3.5100626945495605,4.31492280960083,8.399785995483398,0.2598817050457001
1213,29801,8,0,7,plus,8,0.005,0.005,0.015980957075953484,0.01606106199324131,43896.0,224627536.0,3607756.781085044,135.49880876480654,4038.0,59.11423873901367,0.004803546704351902,0.04223012551665306,0.038019679486751556,0.04160550981760025,0.04478614404797554,0.020792031660676003,4.51259708404541,8.273573875427246,6.738358020782471,0.34646177291870117
1213,29801,9,0,1,plus,9,0.01,0.01,0.010369358584284782,0.01047357264906168,5397.0,-7186.203125,-75.26522050060157,37.24707224589778,1110.0,6.626354694366455,0.0035706069320440292,0.017586013302206993,0.0440235361456871,0.036416418850421906,0.015820348635315895,0.03075505420565605,9.734742164611816,4.234930515289307,6.025596618652344,0.5770443677902222
1213,29801,9,0,2,plus,9,0.01,0.01,0.0017865144181996584,0.0018044691532850266,10336.0,6025848.0,10873.45683838427,72.71568068185631,2167.0,59.34796905517578,0.003477817866951227,0.03811865672469139,0.019889790564775467,0.039781637489795685,0.045002952218055725,0.024391407147049904,3.5100626945495605,4.31492280960083,8.399785995483398,0.2598817050457001
1213,29801,9,0,7,plus,9,0.01,0.01,0.015980957075953484,0.01614156924188137,44071.0,229852208.0,3710175.330831319,135.5994765276333,4041.0,59.11423873901367,0.004803546704351902,0.04223012551665306,0.038019679486751556,0.04160550981760025,0.04478614404797554,0.020792031660676003,4.51259708404541,8.273573875427246,6.738358020782471,0.34646177291870117
1213,29801,10,0,1,plus,10,0.02,0.02,0.010369358584284782,0.010578833520412445,5429.0,-4018.383544921875,-42.50981054289332,37.179960404013286,1108.0,6.626354694366455,0.0035706069320440292,0.017586013302206993,0.0440235361456871,0.036416418850421906,0.015820348635315895,0.03075505420565605,9.734742164611816,4.234930515289307,6.025596618652344,0.5770443677902222
1213,29801,10,0,2,plus,10,0.02,0.02,0.0017865144181996584,0.0018226043321192265,10334.0,5757105.5,10492.925424767425,72.71568068185631,2167.0,59.34796905517578,0.003477817866951227,0.03811865672469139,0.019889790564775467,0.039781637489795685,0.045002952218055725,0.024391407147049904,3.5100626945495605,4.31492280960083,8.399785995483398,0.2598817050457001
1213,29801,10,0,7,plus,10,0.02,0.02,0.015980957075953484,0.01630379445850849,44188.0,237297056.0,3868842.426633179,135.76725613234456,4046.0,59.11423873901367,0.004803546704351902,0.04223012551665306,0.038019679486751556,0.04160550981760025,0.04478614404797554,0.020792031660676003,4.51259708404541,8.273573875427246,6.738358020782471,0.34646177291870117
1213,29801,11,0,1,plus,11,0.05,0.05,0.010369358584284782,0.010901006869971752,5410.0,-1947.5386962890625,-21.2301327077829,38.15308211133854,1137.0,6.626354694366455,0.0035706069320440292,0.017586013302206993,0.0440235361456871,0.036416418850421906,0.015820348635315895,0.03075505420565605,9.734742164611816,4.234930515289307,6.025596618652344,0.5770443677902222
1213,29801,11,0,2,plus,11,0.05,0.05,0.0017865144181996584,0.0018781109247356653,10709.0,6352070.5,11929.89300074114,74.09147344048857,2208.0,59.34796905517578,0.003477817866951227,0.03811865672469139,0.019889790564775467,0.039781637489795685,0.045002952218055725,0.024391407147049904,3.5100626945495605,4.31492280960083,8.399785995483398,0.2598817050457001
1213,29801,11,0,7,plus,11,0.05,0.05,0.015980957075953484,0.01680031791329384,44767.0,255423760.0,4291200.370608866,136.2034831045938,4059.0,59.11423873901367,0.004803546704351902,0.04223012551665306,0.038019679486751556,0.04160550981760025,0.04478614404797554,0.020792031660676003,4.51259708404541,8.273573875427246,6.738358020782471,0.34646177291870117
1213,29801,12,0,1,plus,12,0.1,0.1,0.010369358584284782,0.011459914036095142,5261.0,-3661.60107421875,-41.961633545020504,39.3275393443173,1172.0,6.626354694366455,0.0035706069320440292,0.017586013302206993,0.0440235361456871,0.036416418850421906,0.015820348635315895,0.03075505420565605,9.734742164611816,4.234930515289307,6.025596618652344,0.5770443677902222
1213,29801,12,0,2,plus,12,0.1,0.1,0.0017865144181996584,0.0019744038581848145,11307.0,6733425.0,13294.500298798084,75.90349317137009,2262.0,59.34796905517578,0.003477817866951227,0.03811865672469139,0.019889790564775467,0.039781637489795685,0.045002952218055725,0.024391407147049904,3.5100626945495605,4.31492280960083,8.399785995483398,0.2598817050457001
1213,29801,12,0,7,plus,12,0.1,0.1,0.015980957075953484,0.01766168884932995,45660.0,283805632.0,5012486.766071439,137.51216402134156,4098.0,59.11423873901367,0.004803546704351902,0.04223012551665306,0.038019679486751556,0.04160550981760025,0.04478614404797554,0.020792031660676003,4.51259708404541,8.273573875427246,6.738358020782471,0.34646177291870117
1213,29801,13,0,1,center_duplicate,-1,0.0,0.0,0.010369358584284782,0.010369358584284782,5406.0,-5366.25439453125,-55.644616071388555,36.94506895741753,1101.0,6.626354694366455,0.0035706069320440292,0.017586013302206993,0.0440235361456871,0.036416418850421906,0.015820348635315895,0.03075505420565605,9.734742164611816,4.234930515289307,6.025596618652344,0.5770443677902222
1213,29801,13,0,2,center_duplicate,-1,0.0,0.0,0.0017865144181996584,0.0017865144181996584,9983.0,6414688.0,11459.93260025233,71.87678265830006,2142.0,59.34796905517578,0.003477817866951227,0.03811865672469139,0.019889790564775467,0.039781637489795685,0.045002952218055725,0.024391407147049904,3.5100626945495605,4.31492280960083,8.399785995483398,0.2598817050457001
1213,29801,13,0,7,center_duplicate,-1,0.0,0.0,0.015980957075953484,0.015980957075953484,43911.0,222467776.0,3555247.9790388346,135.46525284386428,4037.0,59.11423873901367,0.004803546704351902,0.04223012551665306,0.038019679486751556,0.04160550981760025,0.04478614404797554,0.020792031660676003,4.51259708404541,8.273573875427246,6.738358020782471,0.34646177291870117
1213,29801,14,1,1,minus,0,-0.1,0.1,0.00654630409553647,0.005923341028392315,39613.0,40469812.0,239716.49783092365,155.4981376463877,4634.0,82.565185546875,0.0040601445361971855,0.0467863455414772,0.03732769191265106,0.025265473872423172,0.03627234324812889,0.04088784381747246,1.3129640817642212,5.302206039428711,8.969371795654297,0.42847421765327454
1213,29801,14,1,2,minus,0,-0.1,0.1,0.005940642673522234,0.005375315900892019,4002.0,796045.6875,4278.997041855269,49.36075970605013,1471.0,22.052663803100586,0.004763214383274317,0.012258819304406643,0.038533229380846024,0.03268948569893837,0.03575180843472481,0.025060711428523064,9.433023452758789,8.444083213806152,6.955045700073242,0.8759985566139221
1213,29801,14,1,7,minus,0,-0.1,0.1,0.005434128455817699,0.004917002748697996,15819.0,6540965.5,32161.945342638763,85.3998187980269,2545.0,74.29742431640625,0.0021332968026399612,0.03313383460044861,0.024333057925105095,0.031500790268182755,0.029038436710834503,0.030220912769436836,8.710350036621094,3.6867733001708984,8.966926574707031,0.9366800785064697
1213,29801,15,1,1,minus,1,-0.05,0.05,0.00654630409553647,0.006227037403732538,41464.0,45265268.0,281868.51692597754,158.35039092647898,4719.0,82.565185546875,0.0040601445361971855,0.0467863455414772,0.03732769191265106,0.025265473872423172,0.03627234324812889,0.04088784381747246,1.3129640817642212,5.302206039428711,8.969371795654297,0.42847421765327454
1213,29801,15,1,2,minus,1,-0.05,0.05,0.005940642673522234,0.005650914274156094,4136.0,813117.8125,4594.859053226828,49.96476628301063,1489.0,22.052663803100586,0.004763214383274317,0.012258819304406643,0.038533229380846024,0.03268948569893837,0.03575180843472481,0.025060711428523064,9.433023452758789,8.444083213806152,6.955045700073242,0.8759985566139221
1213,29801,15,1,7,minus,1,-0.05,0.05,0.005434128455817699,0.005169102922081947,16195.0,6714945.0,34710.24182111956,86.54072011006342,2579.0,74.29742431640625,0.0021332968026399612,0.03313383460044861,0.024333057925105095,0.031500790268182755,0.029038436710834503,0.030220912769436836,8.710350036621094,3.6867733001708984,8.966926574707031,0.9366800785064697
1213,29801,16,1,1,minus,2,-0.02,0.02,0.00654630409553647,0.006416678428649902,42253.0,48024268.0,308156.2845273018,159.59196000134222,4756.0,82.565185546875,0.0040601445361971855,0.0467863455414772,0.03732769191265106,0.025265473872423172,0.03627234324812889,0.04088784381747246,1.3129640817642212,5.302206039428711,8.969371795654297,0.42847421765327454
1213,29801,16,1,2,minus,2,-0.02,0.02,0.005940642673522234,0.005823010113090277,4360.0,867326.25,5050.449525098666,50.77010838562464,1513.0,22.052663803100586,0.004763214383274317,0.012258819304406643,0.038533229380846024,0.03268948569893837,0.03575180843472481,0.025060711428523064,9.433023452758789,8.444083213806152,6.955045700073242,0.8759985566139221
1213,29801,16,1,7,minus,2,-0.02,0.02,0.005434128455817699,0.005326525773853064,16402.0,7444207.0,39651.76045139739,87.17828260796617,2598.0,74.29742431640625,0.0021332968026399612,0.03313383460044861,0.024333057925105095,0.031500790268182755,0.029038436710834503,0.030220912769436836,8.710350036621094,3.6867733001708984,8.966926574707031,0.9366800785064697
1213,29801,17,1,1,minus,3,-0.01,0.01,0.00654630409553647,0.006481167394667864,42602.0,49171884.0,318691.2113151904,160.22952249924498,4775.0,82.565185546875,0.0040601445361971855,0.0467863455414772,0.03732769191265106,0.025265473872423172,0.03627234324812889,0.04088784381747246,1.3129640817642212,5.302206039428711,8.969371795654297,0.42847421765327454
1213,29801,17,1,2,minus,3,-0.01,0.01,0.005940642673522234,0.005881532095372677,4238.0,821543.6875,4831.935565782071,50.83722022750914,1515.0,22.052663803100586,0.004763214383274317,0.012258819304406643,0.038533229380846024,0.03268948569893837,0.03575180843472481,0.025060711428523064,9.433023452758789,8.444083213806152,6.955045700073242,0.8759985566139221
1213,29801,17,1,7,minus,3,-0.01,0.01,0.005434128455817699,0.005380058195441961,16508.0,7328379.0,39427.105498254765,87.51384181738867,2608.0,74.29742431640625,0.0021332968026399612,0.03313383460044861,0.024333057925105095,0.031500790268182755,0.029038436710834503,0.030220912769436836,8.710350036621094,3.6867733001708984,8.966926574707031,0.9366800785064697
1213,29801,18,1,1,minus,4,-0.005,0.005,0.00654630409553647,0.006513654254376888,42756.0,48937252.0,318760.3396873139,160.29663434112948,4777.0,82.565185546875,0.0040601445361971855,0.0467863455414772,0.03732769191265106,0.025265473872423172,0.03627234324812889,0.04088784381747246,1.3129640817642212,5.302206039428711,8.969371795654297,0.42847421765327454
1213,29801,18,1,2,minus,4,-0.005,0.005,0.005940642673522234,0.005911013577133417,4276.0,848374.9375,5014.755774062214,50.90433206939364,1517.0,22.052663803100586,0.004763214383274317,0.012258819304406643,0.038533229380846024,0.03268948569893837,0.03575180843472481,0.025060711428523064,9.433023452758789,8.444083213806152,6.955045700073242,0.8759985566139221
1213,29801,18,1,7,minus,4,-0.005,0.005,0.005434128455817699,0.005407025571912527,16477.0,7357269.5,39780.94432595209,87.48028589644642,2607.0,74.29742431640625,0.0021332968026399612,0.03313383460044861,0.024333057925105095,0.031500790268182755,0.029038436710834503,0.030220912769436836,8.710350036621094,3.6867733001708984,8.966926574707031,0.9366800785064697
1213,29801,19,1,1,minus,5,-0.0025,0.0025,0.00654630409553647,0.006529958453029394,42685.0,48757316.0,318383.2477612253,160.33019026207174,4778.0,82.565185546875,0.0040601445361971855,0.0467863455414772,0.03732769191265106,0.025265473872423172,0.03627234324812889,0.04088784381747246,1.3129640817642212,5.302206039428711,8.969371795654297,0.42847421765327454
1213,29801,19,1,2,minus,5,-0.0025,0.0025,0.005940642673522234,0.005925809498876333,4279.0,832364.625,4932.434201353637,51.072111674104896,1522.0,22.052663803100586,0.004763214383274317,0.012258819304406643,0.038533229380846024,0.03268948569893837,0.03575180843472481,0.025060711428523064,9.433023452758789,8.444083213806152,6.955045700073242,0.8759985566139221
1213,29801,19,1,7,minus,5,-0.0025,0.0025,0.005434128455817699,0.0054205600172281265,16491.0,7488804.0,40593.51153925806,87.54739773833093,2609.0,74.29742431640625,0.0021332968026399612,0.03313383460044861,0.024333057925105095,0.031500790268182755,0.029038436710834503,0.030220912769436836,8.710350036621094,3.6867733001708984,8.966926574707031,0.9366800785064697
1213,29801,20,1,1,center,6,0.0,0.0,0.00654630409553647,0.00654630409553647,42774.0,49532644.0,324255.75027995,160.16241065736048,4773.0,82.565185546875,0.0040601445361971855,0.0467863455414772,0.03732769191265106,0.025265473872423172,0.03627234324812889,0.04088784381747246,1.3129640817642212,5.302206039428711,8.969371795654297,0.42847421765327454
1213,29801,20,1,2,center,6,0.0,0.0,0.005940642673522234,0.005940642673522234,4317.0,847545.25,5034.96347989107,51.2063353578739,1526.0,22.052663803100586,0.004763214383274317,0.012258819304406643,0.038533229380846024,0.03268948569893837,0.03575180843472481,0.025060711428523064,9.433023452758789,8.444083213806152,6.955045700073242,0.8759985566139221
1213,29801,20,1,7,center,6,0.0,0.0,0.005434128455817699,0.005434128455817699,16524.0,7629158.0,41457.82458172925,87.58095365927318,2610.0,74.29742431640625,0.0021332968026399612,0.03313383460044861,0.024333057925105095,0.031500790268182755,0.029038436710834503,0.030220912769436836,8.710350036621094,3.6867733001708984,8.966926574707031,0.9366800785064697
1213,29801,21,1,1,plus,7,0.0025,0.0025,0.00654630409553647,0.00656269071623683,42790.0,48536704.0,318531.376737535,160.09529881547599,4771.0,82.565185546875,0.0040601445361971855,0.0467863455414772,0.03732769191265106,0.025265473872423172,0.03627234324812889,0.04088784381747246,1.3129640817642212,5.302206039428711,8.969371795654297,0.42847421765327454
1213,29801,21,1,2,plus,7,0.0025,0.0025,0.005940642673522234,0.005955513101071119,4311.0,837486.625,4987.662567159336,51.072111674104896,1522.0,22.052663803100586,0.004763214383274317,0.012258819304406643,0.038533229380846024,0.03268948569893837,0.03575180843472481,0.025060711428523064,9.433023452758789,8.444083213806152,6.955045700073242,0.8759985566139221
1213,29801,21,1,7,plus,7,0.0025,0.0025,0.005434128455817699,0.005447730887681246,16586.0,7848500.5,42756.5185958317,87.71517734304217,2614.0,74.29742431640625,0.0021332968026399612,0.03313383460044861,0.024333057925105095,0.031500790268182755,0.029038436710834503,0.030220912769436836,8.710350036621094,3.6867733001708984,8.966926574707031,0.9366800785064697
1213,29801,22,1,1,plus,8,0.005,0.005,0.00654630409553647,0.006579117383807898,42928.0,48009692.0,315861.39922846295,160.09529881547599,4771.0,82.565185546875,0.0040601445361971855,0.0467863455414772,0.03732769191265106,0.025265473872423172,0.03627234324812889,0.04088784381747246,1.3129640817642212,5.302206039428711,8.969371795654297,0.42847421765327454
1213,29801,22,1,2,plus,8,0.005,0.005,0.005940642673522234,0.005970420315861702,4301.0,830533.6875,4958.635200857534,51.00499983222039,1520.0,22.052663803100586,0.004763214383274317,0.012258819304406643,0.038533229380846024,0.03268948569893837,0.03575180843472481,0.025060711428523064,9.433023452758789,8.444083213806152,6.955045700073242,0.8759985566139221
1213,29801,22,1,7,plus,8,0.005,0.005,0.005434128455817699,0.005461367312818766,16603.0,7847291.0,42856.938561576884,87.74873326398442,2615.0,74.29742431640625,0.0021332968026399612,0.03313383460044861,0.024333057925105095,0.031500790268182755,0.029038436710834503,0.030220912769436836,8.710350036621094,3.6867733001708984,8.966926574707031,0.9366800785064697
1213,29801,23,1,1,plus,9,0.01,0.01,0.00654630409553647,0.006612095516175032,43068.0,48262164.0,319114.03818530403,160.16241065736048,4773.0,82.565185546875,0.0040601445361971855,0.0467863455414772,0.03732769191265106,0.025265473872423172,0.03627234324812889,0.04088784381747246,1.3129640817642212,5.302206039428711,8.969371795654297,0.42847421765327454
1213,29801,23,1,2,plus,9,0.01,0.01,0.005940642673522234,0.0060003469698131084,4361.0,863831.1875,5183.286848345684,51.273447199758394,1528.0,22.052663803100586,0.004763214383274317,0.012258819304406643,0.038533229380846024,0.03268948569893837,0.03575180843472481,0.025060711428523064,9.433023452758789,8.444083213806152,6.955045700073242,0.8759985566139221
1213,29801,23,1,7,plus,9,0.01,0.01,0.005434128455817699,0.005488742608577013,16590.0,7856511.5,43122.3694248253,87.78228918492667,2616.0,74.29742431640625,0.0021332968026399612,0.03313383460044861,0.024333057925105095,0.031500790268182755,0.029038436710834503,0.030220912769436836,8.710350036621094,3.6867733001708984,8.966926574707031,0.9366800785064697
1213,29801,24,1,1,plus,10,0.02,0.02,0.00654630409553647,0.00667854817584157,43243.0,50482624.0,337150.63642689586,160.59863762960973,4786.0,82.565185546875,0.0040601445361971855,0.0467863455414772,0.03732769191265106,0.025265473872423172,0.03627234324812889,0.04088784381747246,1.3129640817642212,5.302206039428711,8.969371795654297,0.42847421765327454
1213,29801,24,1,2,plus,10,0.02,0.02,0.005940642673522234,0.006060651503503323,4328.0,832271.0,5044.104487472214,51.374114962585146,1531.0,22.052663803100586,0.004763214383274317,0.012258819304406643,0.038533229380846024,0.03268948569893837,0.03575180843472481,0.025060711428523064,9.433023452758789,8.444083213806152,6.955045700073242,0.8759985566139221
1213,29801,24,1,7,plus,10,0.02,0.02,0.005434128455817699,0.005543904844671488,16762.0,8060141.0,44684.65473863529,88.11784839434918,2626.0,74.29742431640625,0.0021332968026399612,0.03313383460044861,0.024333057925105095,0.031500790268182755,0.029038436710834503,0.030220912769436836,8.710350036621094,3.6867733001708984,8.966926574707031,0.9366800785064697
1213,29801,25,1,1,plus,11,0.05,0.05,0.00654630409553647,0.0068819401785731316,44848.0,53987124.0,371536.1577812098,162.511325123318,4843.0,82.565185546875,0.0040601445361971855,0.0467863455414772,0.03732769191265106,0.025265473872423172,0.03627234324812889,0.04088784381747246,1.3129640817642212,5.302206039428711,8.969371795654297,0.42847421765327454
1213,29801,25,1,2,plus,11,0.05,0.05,0.005940642673522234,0.006245225667953491,4513.0,872813.1875,5450.915321903303,52.0787893023724,1552.0,22.052663803100586,0.004763214383274317,0.012258819304406643,0.038533229380846024,0.03268948569893837,0.03575180843472481,0.025060711428523064,9.433023452758789,8.444083213806152,6.955045700073242,0.8759985566139221
1213,29801,25,1,7,plus,11,0.05,0.05,0.005434128455817699,0.005712741985917091,17187.0,7428943.0,42439.634587084875,89.09097010167443,2655.0,74.29742431640625,0.0021332968026399612,0.03313383460044861,0.024333057925105095,0.031500790268182755,0.029038436710834503,0.030220912769436836,8.710350036621094,3.6867733001708984,8.966926574707031,0.9366800785064697
1213,29801,26,1,1,plus,12,0.1,0.1,0.00654630409553647,0.0072347852401435375,46265.0,58073392.0,420148.5192866698,164.42401261702625,4900.0,82.565185546875,0.0040601445361971855,0.0467863455414772,0.03732769191265106,0.025265473872423172,0.03627234324812889,0.04088784381747246,1.3129640817642212,5.302206039428711,8.969371795654297,0.42847421765327454
1213,29801,26,1,2,plus,12,0.1,0.1,0.005940642673522234,0.006565426010638475,4759.0,909246.125,5969.588159147243,53.15257877252441,1584.0,22.052663803100586,0.004763214383274317,0.012258819304406643,0.038533229380846024,0.03268948569893837,0.03575180843472481,0.025060711428523064,9.433023452758789,8.444083213806152,6.955045700073242,0.8759985566139221
1213,29801,26,1,7,plus,12,0.1,0.1,0.005434128455817699,0.00600564107298851,17481.0,8258073.0,49595.022392537445,89.62786483675043,2671.0,74.29742431640625,0.0021332968026399612,0.03313383460044861,0.024333057925105095,0.031500790268182755,0.029038436710834503,0.030220912769436836,8.710350036621094,3.6867733001708984,8.966926574707031,0.9366800785064697
1213,29801,27,1,1,center_duplicate,-1,0.0,0.0,0.00654630409553647,0.00654630409553647,42774.0,49532644.0,324255.75027995,160.16241065736048,4773.0,82.565185546875,0.0040601445361971855,0.0467863455414772,0.03732769191265106,0.025265473872423172,0.03627234324812889,0.04088784381747246,1.3129640817642212,5.302206039428711,8.969371795654297,0.42847421765327454
1213,29801,27,1,2,center_duplicate,-1,0.0,0.0,0.005940642673522234,0.005940642673522234,4317.0,847545.25,5034.96347989107,51.2063353578739,1526.0,22.052663803100586,0.004763214383274317,0.012258819304406643,0.038533229380846024,0.03268948569893837,0.03575180843472481,0.025060711428523064,9.433023452758789,8.444083213806152,6.955045700073242,0.8759985566139221
1213,29801,27,1,7,center_duplicate,-1,0.0,0.0,0.005434128455817699,0.005434128455817699,16524.0,7629158.0,41457.82458172925,87.58095365927318,2610.0,74.29742431640625,0.0021332968026399612,0.03313383460044861,0.024333057925105095,0.031500790268182755,0.029038436710834503,0.030220912769436836,8.710350036621094,3.6867733001708984,8.966926574707031,0.9366800785064697
1213,29801,28,2,1,minus,0,-0.1,0.1,0.01662660576403141,0.015044375322759151,81909.0,167250352.0,2516177.0683515817,216.70413744505217,6458.0,48.48685836791992,0.0011892077745869756,0.04431956261396408,0.030409296974539757,0.045158885419368744,0.02953779138624668,0.03650172799825668,3.901416301727295,9.861052513122559,3.3765461444854736,0.8627018332481384
1213,29801,28,2,2,minus,0,-0.1,0.1,0.01005376223474741,0.009097020141780376,228633.0,178022224.0,1619471.757412538,296.198114157243,8827.0,75.7269058227539,0.0007651544292457402,0.04488987848162651,0.021788086742162704,0.04174017533659935,0.025246916338801384,0.03339438885450363,2.15057635307312,6.021400451660156,0.422410249710083,0.3041475713253021
1213,29801,28,2,7,minus,0,-0.1,0.1,0.002189736580476165,0.0019813557155430317,12557.0,2930446.25,5806.256426529144,76.40683198550384,2277.0,47.99076843261719,0.00030573076219297945,0.025789793580770493,0.03251266852021217,0.021878911182284355,0.045277129858732224,0.017795966938138008,8.833017349243164,8.9212064743042,2.1577820777893066,0.5844389796257019
1213,29801,29,2,1,minus,1,-0.05,0.05,0.01662660576403141,0.015815716236829758,82532.0,185110320.0,2927652.293628752,217.2745881010704,6475.0,48.48685836791992,0.0011892077745869756,0.04431956261396408,0.030409296974539757,0.045158885419368744,0.02953779138624668,0.03650172799825668,3.901416301727295,9.861052513122559,3.3765461444854736,0.8627018332481384
1213,29801,29,2,2,minus,1,-0.05,0.05,0.01005376223474741,0.00956343486905098,236455.0,192746560.0,1843319.1727936268,300.86238716821583,8966.0,75.7269058227539,0.0007651544292457402,0.04488987848162651,0.021788086742162704,0.04174017533659935,0.025246916338801384,0.03339438885450363,2.15057635307312,6.021400451660156,0.422410249710083,0.3041475713253021
1213,29801,29,2,7,minus,1,-0.05,0.05,0.002189736580476165,0.002082941820845008,13311.0,2978836.75,6204.743644045026,78.42018724203885,2337.0,47.99076843261719,0.00030573076219297945,0.025789793580770493,0.03251266852021217,0.021878911182284355,0.045277129858732224,0.017795966938138008,8.833017349243164,8.9212064743042,2.1577820777893066,0.5844389796257019
1213,29801,30,2,1,minus,2,-0.02,0.02,0.01662660576403141,0.01629737764596939,83623.0,193559088.0,3154505.553945422,218.38193349216468,6508.0,48.48685836791992,0.0011892077745869756,0.04431956261396408,0.030409296974539757,0.045158885419368744,0.02953779138624668,0.03650172799825668,3.901416301727295,9.861052513122559,3.3765461444854736,0.8627018332481384
1213,29801,30,2,2,minus,2,-0.02,0.02,0.01005376223474741,0.009854684583842754,240624.0,204978848.0,2020001.8933994472,303.3119693970001,9039.0,75.7269058227539,0.0007651544292457402,0.04488987848162651,0.021788086742162704,0.04174017533659935,0.025246916338801384,0.03339438885450363,2.15057635307312,6.021400451660156,0.422410249710083,0.3041475713253021
1213,29801,30,2,7,minus,2,-0.02,0.02,0.002189736580476165,0.002146376995369792,13441.0,3063317.0,6575.033138325205,79.02419381899935,2355.0,47.99076843261719,0.00030573076219297945,0.025789793580770493,0.03251266852021217,0.021878911182284355,0.045277129858732224,0.017795966938138008,8.833017349243164,8.9212064743042,2.1577820777893066,0.5844389796257019
1213,29801,31,2,1,minus,3,-0.01,0.01,0.01662660576403141,0.016461167484521866,83780.0,197911152.0,3257848.6201266646,218.58326901781817,6514.0,48.48685836791992,0.0011892077745869756,0.04431956261396408,0.030409296974539757,0.045158885419368744,0.02953779138624668,0.03650172799825668,3.901416301727295,9.861052513122559,3.3765461444854736,0.8627018332481384
1213,29801,31,2,2,minus,3,-0.01,0.01,0.01005376223474741,0.009953726083040237,242069.0,206358480.0,2054035.7848325372,304.21797926244085,9066.0,75.7269058227539,0.0007651544292457402,0.04488987848162651,0.021788086742162704,0.04174017533659935,0.025246916338801384,0.03339438885450363,2.15057635307312,6.021400451660156,0.422410249710083,0.3041475713253021
1213,29801,31,2,7,minus,3,-0.01,0.01,0.002189736580476165,0.0021679482888430357,13482.0,3073686.5,6663.593388114939,79.1919734237106,2360.0,47.99076843261719,0.00030573076219297945,0.025789793580770493,0.03251266852021217,0.021878911182284355,0.045277129858732224,0.017795966938138008,8.833017349243164,8.9212064743042,2.1577820777893066,0.5844389796257019
1213,29801,32,2,1,minus,4,-0.005,0.005,0.01662660576403141,0.016543680801987648,84021.0,199561520.0,3301482.087239474,218.75104862252942,6519.0,48.48685836791992,0.0011892077745869756,0.04431956261396408,0.030409296974539757,0.045158885419368744,0.02953779138624668,0.03650172799825668,3.901416301727295,9.861052513122559,3.3765461444854736,0.8627018332481384
1213,29801,32,2,2,minus,4,-0.005,0.005,0.01005376223474741,0.010003618896007538,242755.0,209798208.0,2098741.31789732,304.48642662997884,9074.0,75.7269058227539,0.0007651544292457402,0.04488987848162651,0.021788086742162704,0.04174017533659935,0.025246916338801384,0.03339438885450363,2.15057635307312,6.021400451660156,0.422410249710083,0.3041475713253021
1213,29801,32,2,7,minus,4,-0.005,0.005,0.002189736580476165,0.0021788151934742928,13588.0,3135839.25,6832.414202193031,79.5275326331331,2370.0,47.99076843261719,0.00030573076219297945,0.025789793580770493,0.03251266852021217,0.021878911182284355,0.045277129858732224,0.017795966938138008,8.833017349243164,8.9212064743042,2.1577820777893066,0.5844389796257019
1213,29801,33,2,1,minus,5,-0.0025,0.0025,0.01662660576403141,0.01658509112894535,84061.0,199143344.0,3302810.5079629123,218.81816046441392,6521.0,48.48685836791992,0.0011892077745869756,0.04431956261396408,0.030409296974539757,0.045158885419368744,0.02953779138624668,0.03650172799825668,3.901416301727295,9.861052513122559,3.3765461444854736,0.8627018332481384
1213,29801,33,2,2,minus,5,-0.0025,0.0025,0.01005376223474741,0.010028659366071224,242715.0,210416128.0,2110191.6728396416,304.5199825509211,9075.0,75.7269058227539,0.0007651544292457402,0.04488987848162651,0.021788086742162704,0.04174017533659935,0.025246916338801384,0.03339438885450363,2.15057635307312,6.021400451660156,0.422410249710083,0.3041475713253021
1213,29801,33,2,7,minus,5,-0.0025,0.0025,0.002189736580476165,0.002184269018471241,13549.0,3206725.75,7004.351706458954,79.49397671219086,2369.0,47.99076843261719,0.00030573076219297945,0.025789793580770493,0.03251266852021217,0.021878911182284355,0.045277129858732224,0.017795966938138008,8.833017349243164,8.9212064743042,2.1577820777893066,0.5844389796257019
1213,29801,34,2,1,center,6,0.0,0.0,0.01662660576403141,0.01662660576403141,83902.0,202544944.0,3367634.933385819,218.7846045434717,6520.0,48.48685836791992,0.0011892077745869756,0.04431956261396408,0.030409296974539757,0.045158885419368744,0.02953779138624668,0.03650172799825668,3.901416301727295,9.861052513122559,3.3765461444854736,0.8627018332481384
1213,29801,34,2,2,center,6,0.0,0.0,0.01005376223474741,0.01005376223474741,243269.0,211931408.0,2130707.986107245,304.9226536022281,9087.0,75.7269058227539,0.0007651544292457402,0.04488987848162651,0.021788086742162704,0.04174017533659935,0.025246916338801384,0.03339438885450363,2.15057635307312,6.021400451660156,0.422410249710083,0.3041475713253021
1213,29801,34,2,7,center,6,0.0,0.0,0.002189736580476165,0.002189736580476165,13607.0,3092149.25,6770.992325016938,79.69531223784436,2375.0,47.99076843261719,0.00030573076219297945,0.025789793580770493,0.03251266852021217,0.021878911182284355,0.045277129858732224,0.017795966938138008,8.833017349243164,8.9212064743042,2.1577820777893066,0.5844389796257019
1213,29801,35,2,1,plus,7,0.0025,0.0025,0.01662660576403141,0.016668224707245827,83916.0,201943280.0,3366035.969158262,218.85171638535618,6522.0,48.48685836791992,0.0011892077745869756,0.04431956261396408,0.030409296974539757,0.045158885419368744,0.02953779138624668,0.03650172799825668,3.901416301727295,9.861052513122559,3.3765461444854736,0.8627018332481384
1213,29801,35,2,2,plus,7,0.0025,0.0025,0.01005376223474741,0.01007892843335867,243801.0,211703808.0,2133747.5299015045,305.15754504882386,9094.0,75.7269058227539,0.0007651544292457402,0.04488987848162651,0.021788086742162704,0.04174017533659935,0.025246916338801384,0.03339438885450363,2.15057635307312,6.021400451660156,0.422410249710083,0.3041475713253021
1213,29801,35,2,7,plus,7,0.0025,0.0025,0.002189736580476165,0.002195217879489064,13607.0,3114627.0,6837.284878339386,79.69531223784436,2375.0,47.99076843261719,0.00030573076219297945,0.025789793580770493,0.03251266852021217,0.021878911182284355,0.045277129858732224,0.017795966938138008,8.833017349243164,8.9212064743042,2.1577820777893066,0.5844389796257019
1213,29801,36,2,1,plus,8,0.005,0.005,0.01662660576403141,0.01670994609594345,84068.0,202079696.0,3376740.8272446394,218.98594006912518,6526.0,48.48685836791992,0.0011892077745869756,0.04431956261396408,0.030409296974539757,0.045158885419368744,0.02953779138624668,0.03650172799825668,3.901416301727295,9.861052513122559,3.3765461444854736,0.8627018332481384
1213,29801,36,2,2,plus,8,0.005,0.005,0.01005376223474741,0.010104157030582428,243204.0,212873840.0,2150910.707063079,304.7884299184591,9083.0,75.7269058227539,0.0007651544292457402,0.04488987848162651,0.021788086742162704,0.04174017533659935,0.025246916338801384,0.03339438885450363,2.15057635307312,6.021400451660156,0.422410249710083,0.3041475713253021
1213,29801,36,2,7,plus,8,0.005,0.005,0.002189736580476165,0.0022007126826792955,13631.0,3087141.0,6793.910351919243,79.69531223784436,2375.0,47.99076843261719,0.00030573076219297945,0.025789793580770493,0.03251266852021217,0.021878911182284355,0.045277129858732224,0.017795966938138008,8.833017349243164,8.9212064743042,2.1577820777893066,0.5844389796257019
1213,29801,37,2,1,plus,9,0.01,0.01,0.01662660576403141,0.01679370552301407,84074.0,200105808.0,3360518.012996793,218.98594006912518,6526.0,48.48685836791992,0.0011892077745869756,0.04431956261396408,0.030409296974539757,0.045158885419368744,0.02953779138624668,0.03650172799825668,3.901416301727295,9.861052513122559,3.3765461444854736,0.8627018332481384
1213,29801,37,2,2,plus,9,0.01,0.01,0.01005376223474741,0.010154804214835167,244952.0,216411104.0,2197612.3910363317,305.82866346766883,9114.0,75.7269058227539,0.0007651544292457402,0.04488987848162651,0.021788086742162704,0.04174017533659935,0.025246916338801384,0.03339438885450363,2.15057635307312,6.021400451660156,0.422410249710083,0.3041475713253021
1213,29801,37,2,7,plus,9,0.01,0.01,0.002189736580476165,0.0022117437329143286,13604.0,2995521.0,6625.324798563262,79.66175631690211,2374.0,47.99076843261719,0.00030573076219297945,0.025789793580770493,0.03251266852021217,0.021878911182284355,0.045277129858732224,0.017795966938138008,8.833017349243164,8.9212064743042,2.1577820777893066,0.5844389796257019
1213,29801,38,2,1,plus,10,0.02,0.02,0.01662660576403141,0.016962485387921333,84156.0,213105648.0,3614801.440283507,219.1872755947787,6532.0,48.48685836791992,0.0011892077745869756,0.04431956261396408,0.030409296974539757,0.045158885419368744,0.02953779138624668,0.03650172799825668,3.901416301727295,9.861052513122559,3.3765461444854736,0.8627018332481384
1213,29801,38,2,2,plus,10,0.02,0.02,0.01005376223474741,0.010256861336529255,246047.0,221208352.0,2268903.392946154,306.5333378074561,9135.0,75.7269058227539,0.0007651544292457402,0.04488987848162651,0.021788086742162704,0.04174017533659935,0.025246916338801384,0.03339438885450363,2.15057635307312,6.021400451660156,0.422410249710083,0.3041475713253021
1213,29801,38,2,7,plus,10,0.02,0.02,0.002189736580476165,0.0022339720744639635,13606.0,3061094.5,6838.399630295229,79.86309184255562,2380.0,47.99076843261719,0.00030573076219297945,0.025789793580770493,0.03251266852021217,0.021878911182284355,0.045277129858732224,0.017795966938138008,8.833017349243164,8.9212064743042,2.1577820777893066,0.5844389796257019
1213,29801,39,2,1,plus,11,0.05,0.05,0.01662660576403141,0.017479069530963898,84576.0,232520224.0,4064237.1626513004,219.48927888325895,6541.0,48.48685836791992,0.0011892077745869756,0.04431956261396408,0.030409296974539757,0.045158885419368744,0.02953779138624668,0.03650172799825668,3.901416301727295,9.861052513122559,3.3765461444854736,0.8627018332481384
1213,29801,39,2,2,plus,11,0.05,0.05,0.01005376223474741,0.01056922972202301,249982.0,229138368.0,2421816.049521446,308.81514043152913,9203.0,75.7269058227539,0.0007651544292457402,0.04488987848162651,0.021788086742162704,0.04174017533659935,0.025246916338801384,0.03339438885450363,2.15057635307312,6.021400451660156,0.422410249710083,0.3041475713253021
1213,29801,39,2,7,plus,11,0.05,0.05,0.002189736580476165,0.00230200681835413,13903.0,3167520.25,7291.653212774778,80.43354249857387,2397.0,47.99076843261719,0.00030573076219297945,0.025789793580770493,0.03251266852021217,0.021878911182284355,0.045277129858732224,0.017795966938138008,8.833017349243164,8.9212064743042,2.1577820777893066,0.5844389796257019
1213,29801,40,2,1,plus,12,0.1,0.1,0.01662660576403141,0.01837524212896824,85519.0,255538608.0,4695583.7952995,220.3281769068152,6566.0,48.48685836791992,0.0011892077745869756,0.04431956261396408,0.030409296974539757,0.045158885419368744,0.02953779138624668,0.03650172799825668,3.901416301727295,9.861052513122559,3.3765461444854736,0.8627018332481384
1213,29801,40,2,2,plus,12,0.1,0.1,0.01005376223474741,0.011111126281321049,256528.0,245819136.0,2731327.462461233,312.7411831817724,9320.0,75.7269058227539,0.0007651544292457402,0.04488987848162651,0.021788086742162704,0.04174017533659935,0.025246916338801384,0.03339438885450363,2.15057635307312,6.021400451660156,0.422410249710083,0.3041475713253021
1213,29801,40,2,7,plus,12,0.1,0.1,0.002189736580476165,0.0024200333282351494,14455.0,3096940.5,7494.699225561228,81.97711486191739,2443.0,47.99076843261719,0.00030573076219297945,0.025789793580770493,0.03251266852021217,0.021878911182284355,0.045277129858732224,0.017795966938138008,8.833017349243164,8.9212064743042,2.1577820777893066,0.5844389796257019
1213,29801,41,2,1,center_duplicate,-1,0.0,0.0,0.01662660576403141,0.01662660576403141,83902.0,202544944.0,3367634.933385819,218.7846045434717,6520.0,48.48685836791992,0.0011892077745869756,0.04431956261396408,0.030409296974539757,0.045158885419368744,0.02953779138624668,0.03650172799825668,3.901416301727295,9.861052513122559,3.3765461444854736,0.8627018332481384
1213,29801,41,2,2,center_duplicate,-1,0.0,0.0,0.01005376223474741,0.01005376223474741,243269.0,211931408.0,2130707.986107245,304.9226536022281,9087.0,75.7269058227539,0.0007651544292457402,0.04488987848162651,0.021788086742162704,0.04174017533659935,0.025246916338801384,0.03339438885450363,2.15057635307312,6.021400451660156,0.422410249710083,0.3041475713253021
1213,29801,41,2,7,center_duplicate,-1,0.0,0.0,0.002189736580476165,0.002189736580476165,13607.0,3092149.25,6770.992325016938,79.69531223784436,2375.0,47.99076843261719,0.00030573076219297945,0.025789793580770493,0.03251266852021217,0.021878911182284355,0.045277129858732224,0.017795966938138008,8.833017349243164,8.9212064743042,2.1577820777893066,0.5844389796257019
1213,29801,42,3,1,minus,0,-0.1,0.1,0.0030624063219875097,0.0027709798887372017,4369.0,2008449.375,5565.372825671802,58.0181873091507,1729.0,68.69004821777344,0.0025674765929579735,0.011978385969996452,0.04919338971376419,0.03444961458444595,0.010044421069324017,0.013519922271370888,6.216831684112549,3.313960075378418,6.2783660888671875,0.7253406047821045
1213,29801,42,3,2,minus,0,-0.1,0.1,0.015210271812975407,0.013762823306024075,53611.0,62897868.0,865652.2436096258,154.0216771249287,4590.0,96.0049057006836,0.0020888946019113064,0.04925193637609482,0.033308882266283035,0.021827764809131622,0.023698577657341957,0.018696226179599762,5.5608625411987305,0.15370473265647888,5.821068286895752,0.7542546987533569
1213,29801,42,3,7,minus,0,-0.1,0.1,0.013987557031214237,0.01265646517276764,148143.0,111526296.0,1411528.6811717749,238.95171302976408,7121.0,89.26822662353516,0.0008241399773396552,0.04868676885962486,0.017292654141783714,0.013185249641537666,0.031820982694625854,0.03805147856473923,3.277904748916626,5.072831630706787,3.0204687118530273,0.4343680143356323
1213,29801,43,3,1,minus,1,-0.05,0.05,0.0030624063219875097,0.002913051052019,4661.0,2141974.75,6239.681798885635,59.72953927720546,1780.0,68.69004821777344,0.0025674765929579735,0.011978385969996452,0.04919338971376419,0.03444961458444595,0.010044421069324017,0.013519922271370888,6.216831684112549,3.313960075378418,6.2783660888671875,0.7253406047821045
1213,29801,43,3,2,minus,1,-0.05,0.05,0.015210271812975407,0.014468458481132984,54328.0,67873488.0,982024.7430976778,154.92768699036944,4617.0,96.0049057006836,0.0020888946019113064,0.04925193637609482,0.033308882266283035,0.021827764809131622,0.023698577657341957,0.018696226179599762,5.5608625411987305,0.15370473265647888,5.821068286895752,0.7542546987533569
1213,29801,43,3,7,minus,1,-0.05,0.05,0.013987557031214237,0.013305376283824444,151074.0,123190800.0,1639099.9487053603,241.26707157477935,7190.0,89.26822662353516,0.0008241399773396552,0.04868676885962486,0.017292654141783714,0.013185249641537666,0.031820982694625854,0.03805147856473923,3.277904748916626,5.072831630706787,3.0204687118530273,0.4343680143356323
1213,29801,44,3,1,minus,2,-0.02,0.02,0.0030624063219875097,0.0030017667450010777,4612.0,2960568.0,8886.93456871435,60.29998993322371,1797.0,68.69004821777344,0.0025674765929579735,0.011978385969996452,0.04919338971376419,0.03444961458444595,0.010044421069324017,0.013519922271370888,6.216831684112549,3.313960075378418,6.2783660888671875,0.7253406047821045
1213,29801,44,3,2,minus,2,-0.02,0.02,0.015210271812975407,0.014909088611602783,54851.0,69088328.0,1030044.0041794777,155.73302909298346,4641.0,96.0049057006836,0.0020888946019113064,0.04925193637609482,0.033308882266283035,0.021827764809131622,0.023698577657341957,0.018696226179599762,5.5608625411987305,0.15370473265647888,5.821068286895752,0.7542546987533569
1213,29801,44,3,7,minus,2,-0.02,0.02,0.013987557031214237,0.013710585422813892,152743.0,135006912.0,1851023.799646318,242.54219657058488,7228.0,89.26822662353516,0.0008241399773396552,0.04868676885962486,0.017292654141783714,0.013185249641537666,0.031820982694625854,0.03805147856473923,3.277904748916626,5.072831630706787,3.0204687118530273,0.4343680143356323
1213,29801,45,3,1,minus,3,-0.01,0.01,0.0030624063219875097,0.003031934844329953,4447.0,2872699.75,8709.838469322945,60.53488137981947,1804.0,68.69004821777344,0.0025674765929579735,0.011978385969996452,0.04919338971376419,0.03444961458444595,0.010044421069324017,0.013519922271370888,6.216831684112549,3.313960075378418,6.2783660888671875,0.7253406047821045
1213,29801,45,3,2,minus,3,-0.01,0.01,0.015210271812975407,0.015058927237987518,55219.0,68130112.0,1025966.3993239403,156.2363679071172,4656.0,96.0049057006836,0.0020888946019113064,0.04925193637609482,0.033308882266283035,0.021827764809131622,0.023698577657341957,0.018696226179599762,5.5608625411987305,0.15370473265647888,5.821068286895752,0.7542546987533569
1213,29801,45,3,7,minus,3,-0.01,0.01,0.013987557031214237,0.013848378323018551,153279.0,133866688.0,1853836.5402734876,242.94486762189186,7240.0,89.26822662353516,0.0008241399773396552,0.04868676885962486,0.017292654141783714,0.013185249641537666,0.031820982694625854,0.03805147856473923,3.277904748916626,5.072831630706787,3.0204687118530273,0.4343680143356323
1213,29801,46,3,1,minus,4,-0.005,0.005,0.0030624063219875097,0.0030471323989331722,4468.0,2839114.25,8651.157015447854,60.702660984530716,1809.0,68.69004821777344,0.0025674765929579735,0.011978385969996452,0.04919338971376419,0.03444961458444595,0.010044421069324017,0.013519922271370888,6.216831684112549,3.313960075378418,6.2783660888671875,0.7253406047821045
1213,29801,46,3,2,minus,4,-0.005,0.005,0.015210271812975407,0.015134410001337528,55310.0,68675760.0,1039367.1089934558,156.33703566994396,4659.0,96.0049057006836,0.0020888946019113064,0.04925193637609482,0.033308882266283035,0.021827764809131622,0.023698577657341957,0.018696226179599762,5.5608625411987305,0.15370473265647888,5.821068286895752,0.7542546987533569
1213,29801,46,3,7,minus,4,-0.005,0.005,0.013987557031214237,0.013917793519794941,153841.0,135950384.0,1892129.3734488338,243.48176235696786,7256.0,89.26822662353516,0.0008241399773396552,0.04868676885962486,0.017292654141783714,0.013185249641537666,0.031820982694625854,0.03805147856473923,3.277904748916626,5.072831630706787,3.0204687118530273,0.4343680143356323
1213,29801,47,3,1,minus,5,-0.0025,0.0025,0.0030624063219875097,0.0030547596979886293,4480.0,2718047.5,8302.981960218749,60.76977282641522,1811.0,68.69004821777344,0.0025674765929579735,0.011978385969996452,0.04919338971376419,0.03444961458444595,0.010044421069324017,0.013519922271370888,6.216831684112549,3.313960075378418,6.2783660888671875,0.7253406047821045
1213,29801,47,3,2,minus,5,-0.0025,0.0025,0.015210271812975407,0.015172293409705162,55546.0,69715472.0,1057743.5963800848,156.53837119559745,4665.0,96.0049057006836,0.0020888946019113064,0.04925193637609482,0.033308882266283035,0.021827764809131622,0.023698577657341957,0.018696226179599762,5.5608625411987305,0.15370473265647888,5.821068286895752,0.7542546987533569
1213,29801,47,3,7,minus,5,-0.0025,0.0025,0.013987557031214237,0.013952631503343582,153927.0,135809984.0,1894906.6612269878,243.48176235696786,7256.0,89.26822662353516,0.0008241399773396552,0.04868676885962486,0.017292654141783714,0.013185249641537666,0.031820982694625854,0.03805147856473923,3.277904748916626,5.072831630706787,3.0204687118530273,0.4343680143356323
1213,29801,48,3,1,center,6,0.0,0.0,0.0030624063219875097,0.0030624063219875097,4514.0,2808011.75,8599.27293541521,60.90399651018422,1815.0,68.69004821777344,0.0025674765929579735,0.011978385969996452,0.04919338971376419,0.03444961458444595,0.010044421069324017,0.013519922271370888,6.216831684112549,3.313960075378418,6.2783660888671875,0.7253406047821045
1213,29801,48,3,2,center,6,0.0,0.0,0.015210271812975407,0.015210271812975407,55431.0,70377472.0,1070460.478630066,156.4377034327707,4662.0,96.0049057006836,0.0020888946019113064,0.04925193637609482,0.033308882266283035,0.021827764809131622,0.023698577657341957,0.018696226179599762,5.5608625411987305,0.15370473265647888,5.821068286895752,0.7542546987533569
1213,29801,48,3,7,center,6,0.0,0.0,0.013987557031214237,0.013987557031214237,154022.0,135639232.0,1897261.4932700992,243.58243011979462,7259.0,89.26822662353516,0.0008241399773396552,0.04868676885962486,0.017292654141783714,0.013185249641537666,0.031820982694625854,0.03805147856473923,3.277904748916626,5.072831630706787,3.0204687118530273,0.4343680143356323
1213,29801,49,3,1,plus,7,0.0025,0.0025,0.0030624063219875097,0.0030700720380991697,4522.0,2689219.5,8256.09759126103,60.76977282641522,1811.0,68.69004821777344,0.0025674765929579735,0.011978385969996452,0.04919338971376419,0.03444961458444595,0.010044421069324017,0.013519922271370888,6.216831684112549,3.313960075378418,6.2783660888671875,0.7253406047821045
1213,29801,49,3,2,plus,7,0.0025,0.0025,0.015210271812975407,0.015248345211148262,55404.0,71576056.0,1091416.4107404798,156.33703566994396,4659.0,96.0049057006836,0.0020888946019113064,0.04925193637609482,0.033308882266283035,0.021827764809131622,0.023698577657341957,0.018696226179599762,5.5608625411987305,0.15370473265647888,5.821068286895752,0.7542546987533569
1213,29801,49,3,7,plus,7,0.0025,0.0025,0.013987557031214237,0.014022570103406906,154284.0,138391376.0,1940602.771666944,243.75020972450588,7264.0,89.26822662353516,0.0008241399773396552,0.04868676885962486,0.017292654141783714,0.013185249641537666,0.031820982694625854,0.03805147856473923,3.277904748916626,5.072831630706787,3.0204687118530273,0.4343680143356323
1213,29801,50,3,1,plus,8,0.005,0.005,0.0030624063219875097,0.0030777566134929657,4484.0,2781073.5,8559.46735723503,60.90399651018422,1815.0,68.69004821777344,0.0025674765929579735,0.011978385969996452,0.04919338971376419,0.03444961458444595,0.010044421069324017,0.013519922271370888,6.216831684112549,3.313960075378418,6.2783660888671875,0.7253406047821045
1213,29801,50,3,2,plus,8,0.005,0.005,0.015210271812975407,0.015286513604223728,55544.0,71604832.0,1094588.2384961545,156.40414751182846,4661.0,96.0049057006836,0.0020888946019113064,0.04925193637609482,0.033308882266283035,0.021827764809131622,0.023698577657341957,0.018696226179599762,5.5608625411987305,0.15370473265647888,5.821068286895752,0.7542546987533569
1213,29801,50,3,7,plus,8,0.005,0.005,0.013987557031214237,0.014057669788599014,154447.0,137988656.0,1939798.960620582,243.95154525015937,7270.0,89.26822662353516,0.0008241399773396552,0.04868676885962486,0.017292654141783714,0.013185249641537666,0.031820982694625854,0.03805147856473923,3.277904748916626,5.072831630706787,3.0204687118530273,0.4343680143356323
1213,29801,51,3,1,plus,9,0.01,0.01,0.0030624063219875097,0.003093183971941471,4412.0,2652470.75,8204.580009943573,61.10533203583772,1821.0,68.69004821777344,0.0025674765929579735,0.011978385969996452,0.04919338971376419,0.03444961458444595,0.010044421069324017,0.013519922271370888,6.216831684112549,3.313960075378418,6.2783660888671875,0.7253406047821045
1213,29801,51,3,2,plus,9,0.01,0.01,0.015210271812975407,0.015363138169050217,55615.0,73357432.0,1127000.3635427058,156.5719271165397,4666.0,96.0049057006836,0.0020888946019113064,0.04925193637609482,0.033308882266283035,0.021827764809131622,0.023698577657341957,0.018696226179599762,5.5608625411987305,0.15370473265647888,5.821068286895752,0.7542546987533569
1213,29801,51,3,7,plus,9,0.01,0.01,0.013987557031214237,0.014128134585916996,154922.0,136294000.0,1925579.975252971,244.25354853863962,7279.0,89.26822662353516,0.0008241399773396552,0.04868676885962486,0.017292654141783714,0.013185249641537666,0.031820982694625854,0.03805147856473923,3.277904748916626,5.072831630706787,3.0204687118530273,0.4343680143356323
1213,29801,52,3,1,plus,10,0.02,0.02,0.0030624063219875097,0.0031242710538208485,4544.0,2622052.75,8192.003508416354,61.440891245260225,1831.0,68.69004821777344,0.0025674765929579735,0.011978385969996452,0.04919338971376419,0.03444961458444595,0.010044421069324017,0.013519922271370888,6.216831684112549,3.313960075378418,6.2783660888671875,0.7253406047821045
1213,29801,52,3,2,plus,10,0.02,0.02,0.015210271812975407,0.015517539344727993,55699.0,72506496.0,1125122.4044283628,156.7061508003087,4670.0,96.0049057006836,0.0020888946019113064,0.04925193637609482,0.033308882266283035,0.021827764809131622,0.023698577657341957,0.018696226179599762,5.5608625411987305,0.15370473265647888,5.821068286895752,0.7542546987533569
1213,29801,52,3,7,plus,10,0.02,0.02,0.013987557031214237,0.014270124025642872,155417.0,138571504.0,1977432.5484998673,244.62266366900437,7290.0,89.26822662353516,0.0008241399773396552,0.04868676885962486,0.017292654141783714,0.013185249641537666,0.031820982694625854,0.03805147856473923,3.277904748916626,5.072831630706787,3.0204687118530273,0.4343680143356323
1213,29801,53,3,1,plus,11,0.05,0.05,0.0030624063219875097,0.0032194191589951515,4553.0,2473890.0,7964.488863246515,62.81668400389248,1872.0,68.69004821777344,0.0025674765929579735,0.011978385969996452,0.04919338971376419,0.03444961458444595,0.010044421069324017,0.013519922271370888,6.216831684112549,3.313960075378418,6.2783660888671875,0.7253406047821045
1213,29801,53,3,2,plus,11,0.05,0.05,0.015210271812975407,0.01599011942744255,56247.0,76511232.0,1223423.7372207642,157.4443810610382,4692.0,96.0049057006836,0.0020888946019113064,0.04925193637609482,0.033308882266283035,0.021827764809131622,0.023698577657341957,0.018696226179599762,5.5608625411987305,0.15370473265647888,5.821068286895752,0.7542546987533569
1213,29801,53,3,7,plus,11,0.05,0.05,0.013987557031214237,0.01470471452921629,157109.0,144897936.0,2130682.784752652,245.73000906009864,7323.0,89.26822662353516,0.0008241399773396552,0.04868676885962486,0.017292654141783714,0.013185249641537666,0.031820982694625854,0.03805147856473923,3.277904748916626,5.072831630706787,3.0204687118530273,0.4343680143356323
1213,29801,54,3,1,plus,12,0.1,0.1,0.0030624063219875097,0.003384482581168413,4474.0,2232723.75,7556.614640436019,63.99114123687124,1907.0,68.69004821777344,0.0025674765929579735,0.011978385969996452,0.04919338971376419,0.03444961458444595,0.010044421069324017,0.013519922271370888,6.216831684112549,3.313960075378418,6.2783660888671875,0.7253406047821045
1213,29801,54,3,2,plus,12,0.1,0.1,0.015210271812975407,0.01680995151400566,56854.0,84010400.0,1412210.7506722212,158.24972316365222,4716.0,96.0049057006836,0.0020888946019113064,0.04925193637609482,0.033308882266283035,0.021827764809131622,0.023698577657341957,0.018696226179599762,5.5608625411987305,0.15370473265647888,5.821068286895752,0.7542546987533569
1213,29801,54,3,7,plus,12,0.1,0.1,0.013987557031214237,0.015458641573786736,159596.0,157639744.0,2436896.300279498,247.5755847119224,7378.0,89.26822662353516,0.0008241399773396552,0.04868676885962486,0.017292654141783714,0.013185249641537666,0.031820982694625854,0.03805147856473923,3.277904748916626,5.072831630706787,3.0204687118530273,0.4343680143356323
1213,29801,55,3,1,center_duplicate,-1,0.0,0.0,0.0030624063219875097,0.0030624063219875097,4514.0,2808011.75,8599.27293541521,60.90399651018422,1815.0,68.69004821777344,0.0025674765929579735,0.011978385969996452,0.04919338971376419,0.03444961458444595,0.010044421069324017,0.013519922271370888,6.216831684112549,3.313960075378418,6.2783660888671875,0.7253406047821045
1213,29801,55,3,2,center_duplicate,-1,0.0,0.0,0.015210271812975407,0.015210271812975407,55431.0,70377472.0,1070460.478630066,156.4377034327707,4662.0,96.0049057006836,0.0020888946019113064,0.04925193637609482,0.033308882266283035,0.021827764809131622,0.023698577657341957,0.018696226179599762,5.5608625411987305,0.15370473265647888,5.821068286895752,0.7542546987533569
1213,29801,55,3,7,center_duplicate,-1,0.0,0.0,0.013987557031214237,0.013987557031214237,154022.0,135639232.0,1897261.4932700992,243.58243011979462,7259.0,89.26822662353516,0.0008241399773396552,0.04868676885962486,0.017292654141783714,0.013185249641537666,0.031820982694625854,0.03805147856473923,3.277904748916626,5.072831630706787,3.0204687118530273,0.4343680143356323
1213,29801,56,4,1,minus,0,-0.1,0.1,0.010890581645071507,0.009854205884039402,114273.0,34150088.0,336521.9981100634,246.9715781349619,7360.0,33.49873733520508,0.0002443856210447848,0.03864887356758118,0.02860582061111927,0.017027685418725014,0.04247899726033211,0.029159093275666237,3.1278157234191895,7.227877616882324,7.630624294281006,0.9706724286079407
1213,29801,56,4,2,minus,0,-0.1,0.1,0.011665408499538898,0.010555298067629337,125406.0,126093840.0,1330958.0656919628,208.01315392100935,6199.0,38.7281608581543,0.0025844236370176077,0.0295098964124918,0.04058080539107323,0.046412743628025055,0.04167976975440979,0.04483244940638542,0.7273001670837402,9.898069381713867,9.137249946594238,0.9603471159934998
1213,29801,56,4,7,minus,0,-0.1,0.1,0.009829248301684856,0.008893871679902077,4225.0,10147.0380859375,90.2464546674073,24.79782557632294,739.0,4.61674165725708,0.003882353426888585,0.021245166659355164,0.026909608393907547,0.019780367612838745,0.019337840378284454,0.011820243671536446,1.170051097869873,1.0662606954574585,7.525685787200928,0.8699729442596436
1213,29801,57,4,1,minus,1,-0.05,0.05,0.010890581645071507,0.010359441861510277,117665.0,38345592.0,397238.9309691936,249.9244991778799,7448.0,33.49873733520508,0.0002443856210447848,0.03864887356758118,0.02860582061111927,0.017027685418725014,0.04247899726033211,0.029159093275666237,3.1278157234191895,7.227877616882324,7.630624294281006,0.9706724286079407
1213,29801,57,4,2,minus,1,-0.05,0.05,0.011665408499538898,0.011096480302512646,129904.0,135571552.0,1504367.0563490689,211.23452233146537,6295.0,38.7281608581543,0.0025844236370176077,0.0295098964124918,0.04058080539107323,0.046412743628025055,0.04167976975440979,0.04483244940638542,0.7273001670837402,9.898069381713867,9.137249946594238,0.9603471159934998
1213,29801,57,4,7,minus,1,-0.05,0.05,0.009829248301684856,0.00934987049549818,4297.0,16078.3349609375,150.33034966800642,25.80450320459045,769.0,4.61674165725708,0.003882353426888585,0.021245166659355164,0.026909608393907547,0.019780367612838745,0.019337840378284454,0.011820243671536446,1.170051097869873,1.0662606954574585,7.525685787200928,0.8699729442596436
1213,29801,58,4,1,minus,2,-0.02,0.02,0.010890581645071507,0.010674933902919292,119892.0,40354228.0,430778.716603335,251.70296298781918,7501.0,33.49873733520508,0.0002443856210447848,0.03864887356758118,0.02860582061111927,0.017027685418725014,0.04247899726033211,0.029159093275666237,3.1278157234191895,7.227877616882324,7.630624294281006,0.9706724286079407
1213,29801,58,4,2,minus,2,-0.02,0.02,0.011665408499538898,0.011434418149292469,131954.0,143436416.0,1640111.9583798647,212.91231837857788,6345.0,38.7281608581543,0.0025844236370176077,0.0295098964124918,0.04058080539107323,0.046412743628025055,0.04167976975440979,0.04483244940638542,0.7273001670837402,9.898069381713867,9.137249946594238,0.9603471159934998
1213,29801,58,4,7,minus,2,-0.02,0.02,0.009829248301684856,0.00963461585342884,4533.0,21893.033203125,210.93096477847212,26.542733465319955,791.0,4.61674165725708,0.003882353426888585,0.021245166659355164,0.026909608393907547,0.019780367612838745,0.019337840378284454,0.011820243671536446,1.170051097869873,1.0662606954574585,7.525685787200928,0.8699729442596436
1213,29801,59,4,1,minus,3,-0.01,0.01,0.010890581645071507,0.010782218538224697,120423.0,40367856.0,435255.04531158507,252.07207811818392,7512.0,33.49873733520508,0.0002443856210447848,0.03864887356758118,0.02860582061111927,0.017027685418725014,0.04247899726033211,0.029159093275666237,3.1278157234191895,7.227877616882324,7.630624294281006,0.9706724286079407
1213,29801,59,4,2,minus,3,-0.01,0.01,0.011665408499538898,0.011549335904419422,133596.0,145608944.0,1681686.604943797,213.8518841649609,6373.0,38.7281608581543,0.0025844236370176077,0.0295098964124918,0.04058080539107323,0.046412743628025055,0.04167976975440979,0.04483244940638542,0.7273001670837402,9.898069381713867,9.137249946594238,0.9603471159934998
1213,29801,59,4,7,minus,3,-0.01,0.01,0.009829248301684856,0.009731445461511612,4517.0,24890.62109375,242.22172167697863,26.744068990973457,797.0,4.61674165725708,0.003882353426888585,0.021245166659355164,0.026909608393907547,0.019780367612838745,0.019337840378284454,0.011820243671536446,1.170051097869873,1.0662606954574585,7.525685787200928,0.8699729442596436
1213,29801,60,4,1,minus,4,-0.005,0.005,0.010890581645071507,0.010836264118552208,120503.0,40497400.0,438840.5225146562,252.30696956477968,7519.0,33.49873733520508,0.0002443856210447848,0.03864887356758118,0.02860582061111927,0.017027685418725014,0.04247899726033211,0.029159093275666237,3.1278157234191895,7.227877616882324,7.630624294281006,0.9706724286079407
1213,29801,60,4,2,minus,4,-0.005,0.005,0.011665408499538898,0.01160722691565752,133677.0,147875056.0,1716419.330157563,214.01966376967215,6378.0,38.7281608581543,0.0025844236370176077,0.0295098964124918,0.04058080539107323,0.046412743628025055,0.04167976975440979,0.04483244940638542,0.7273001670837402,9.898069381713867,9.137249946594238,0.9603471159934998
1213,29801,60,4,7,minus,4,-0.005,0.005,0.009829248301684856,0.009780224412679672,4542.0,23339.43359375,228.2648982117098,26.844736753800206,800.0,4.61674165725708,0.003882353426888585,0.021245166659355164,0.026909608393907547,0.019780367612838745,0.019337840378284454,0.011820243671536446,1.170051097869873,1.0662606954574585,7.525685787200928,0.8699729442596436
1213,29801,61,4,1,minus,5,-0.0025,0.0025,0.010890581645071507,0.010863388888537884,120570.0,40772948.0,442932.39025613293,252.34052548572194,7520.0,33.49873733520508,0.0002443856210447848,0.03864887356758118,0.02860582061111927,0.017027685418725014,0.04247899726033211,0.029159093275666237,3.1278157234191895,7.227877616882324,7.630624294281006,0.9706724286079407
1213,29801,61,4,2,minus,5,-0.0025,0.0025,0.011665408499538898,0.0116362813860178,133820.0,148373376.0,1726514.35332942,214.1874433743834,6383.0,38.7281608581543,0.0025844236370176077,0.0295098964124918,0.04058080539107323,0.046412743628025055,0.04167976975440979,0.04483244940638542,0.7273001670837402,9.898069381713867,9.137249946594238,0.9603471159934998
1213,29801,61,4,7,minus,5,-0.0025,0.0025,0.009829248301684856,0.00980470608919859,4509.0,24280.349609375,238.06169166290965,26.811180832857957,799.0,4.61674165725708,0.003882353426888585,0.021245166659355164,0.026909608393907547,0.019780367612838745,0.019337840378284454,0.011820243671536446,1.170051097869873,1.0662606954574585,7.525685787200928,0.8699729442596436
1213,29801,62,4,1,center,6,0.0,0.0,0.010890581645071507,0.010890581645071507,120820.0,41058340.0,447149.20398110524,252.54186101137543,7526.0,33.49873733520508,0.0002443856210447848,0.03864887356758118,0.02860582061111927,0.017027685418725014,0.04247899726033211,0.029159093275666237,3.1278157234191895,7.227877616882324,7.630624294281006,0.9706724286079407
1213,29801,62,4,2,center,6,0.0,0.0,0.011665408499538898,0.011665408499538898,134027.0,148199616.0,1728809.060114801,214.35522297909463,6388.0,38.7281608581543,0.0025844236370176077,0.0295098964124918,0.04058080539107323,0.046412743628025055,0.04167976975440979,0.04483244940638542,0.7273001670837402,9.898069381713867,9.137249946594238,0.9603471159934998
1213,29801,62,4,7,center,6,0.0,0.0,0.009829248301684856,0.009829248301684856,4520.0,23811.013671875,234.04436569567224,26.777624911915705,798.0,4.61674165725708,0.003882353426888585,0.021245166659355164,0.026909608393907547,0.019780367612838745,0.019337840378284454,0.011820243671536446,1.170051097869873,1.0662606954574585,7.525685787200928,0.8699729442596436
1213,29801,63,4,1,plus,7,0.0025,0.0025,0.010890581645071507,0.010917842388153076,121142.0,40833796.0,445816.94883799553,252.74319653702895,7532.0,33.49873733520508,0.0002443856210447848,0.03864887356758118,0.02860582061111927,0.017027685418725014,0.04247899726033211,0.029159093275666237,3.1278157234191895,7.227877616882324,7.630624294281006,0.9706724286079407
1213,29801,63,4,2,plus,7,0.0025,0.0025,0.011665408499538898,0.011694609187543392,134133.0,148228896.0,1733479.009021014,214.42233482097916,6390.0,38.7281608581543,0.0025844236370176077,0.0295098964124918,0.04058080539107323,0.046412743628025055,0.04167976975440979,0.04483244940638542,0.7273001670837402,9.898069381713867,9.137249946594238,0.9603471159934998
1213,29801,63,4,7,plus,7,0.0025,0.0025,0.009829248301684856,0.009853852912783623,4488.0,23368.564453125,230.2703969039976,26.844736753800206,800.0,4.61674165725708,0.003882353426888585,0.021245166659355164,0.026909608393907547,0.019780367612838745,0.019337840378284454,0.011820243671536446,1.170051097869873,1.0662606954574585,7.525685787200928,0.8699729442596436
1213,29801,64,4,1,plus,8,0.005,0.005,0.010890581645071507,0.010945171117782593,121233.0,41063896.0,449451.36848282814,252.9109761417402,7537.0,33.49873733520508,0.0002443856210447848,0.03864887356758118,0.02860582061111927,0.017027685418725014,0.04247899726033211,0.029159093275666237,3.1278157234191895,7.227877616882324,7.630624294281006,0.9706724286079407
1213,29801,64,4,2,plus,8,0.005,0.005,0.011665408499538898,0.011723881587386131,134738.0,148515184.0,1741174.4311448634,214.5901144256904,6395.0,38.7281608581543,0.0025844236370176077,0.0295098964124918,0.04058080539107323,0.046412743628025055,0.04167976975440979,0.04483244940638542,0.7273001670837402,9.898069381713867,9.137249946594238,0.9603471159934998
1213,29801,64,4,7,plus,8,0.005,0.005,0.009829248301684856,0.009878517128527164,4530.0,22191.642578125,219.22052131816054,26.911848595684706,802.0,4.61674165725708,0.003882353426888585,0.021245166659355164,0.026909608393907547,0.019780367612838745,0.019337840378284454,0.011820243671536446,1.170051097869873,1.0662606954574585,7.525685787200928,0.8699729442596436
1213,29801,65,4,1,plus,9,0.01,0.01,0.010890581645071507,0.011000033468008041,121750.0,40610032.0,446711.71113687754,253.2465353511627,7547.0,33.49873733520508,0.0002443856210447848,0.03864887356758118,0.02860582061111927,0.017027685418725014,0.04247899726033211,0.029159093275666237,3.1278157234191895,7.227877616882324,7.630624294281006,0.9706724286079407
1213,29801,65,4,2,plus,9,0.01,0.01,0.011665408499538898,0.011782648041844368,134798.0,149638480.0,1763137.5433565676,214.7914499513439,6401.0,38.7281608581543,0.0025844236370176077,0.0295098964124918,0.04058080539107323,0.046412743628025055,0.04167976975440979,0.04483244940638542,0.7273001670837402,9.898069381713867,9.137249946594238,0.9603471159934998
1213,29801,65,4,7,plus,9,0.01,0.01,0.009829248301684856,0.00992803368717432,4570.0,22319.44140625,221.58816616016338,27.046072279453707,806.0,4.61674165725708,0.003882353426888585,0.021245166659355164,0.026909608393907547,0.019780367612838745,0.019337840378284454,0.011820243671536446,1.170051097869873,1.0662606954574585,7.525685787200928,0.8699729442596436
1213,29801,66,4,1,plus,10,0.02,0.02,0.010890581645071507,0.011110586114227772,122297.0,41384252.0,459803.2956189029,253.74987416529646,7562.0,33.49873733520508,0.0002443856210447848,0.03864887356758118,0.02860582061111927,0.017027685418725014,0.04247899726033211,0.029159093275666237,3.1278157234191895,7.227877616882324,7.630624294281006,0.9706724286079407
1213,29801,66,4,2,plus,10,0.02,0.02,0.011665408499538898,0.011901064775884151,135603.0,154046320.0,1833315.2328065783,215.42901244924664,6420.0,38.7281608581543,0.0025844236370176077,0.0295098964124918,0.04058080539107323,0.046412743628025055,0.04167976975440979,0.04483244940638542,0.7273001670837402,9.898069381713867,9.137249946594238,0.9603471159934998
1213,29801,66,4,7,plus,10,0.02,0.02,0.009829248301684856,0.010027811862528324,4584.0,24666.37890625,247.34980700171218,27.38163148887621,816.0,4.61674165725708,0.003882353426888585,0.021245166659355164,0.026909608393907547,0.019780367612838745,0.019337840378284454,0.011820243671536446,1.170051097869873,1.0662606954574585,7.525685787200928,0.8699729442596436
1213,29801,67,4,1,plus,11,0.05,0.05,0.010890581645071507,0.011448953300714493,123555.0,42575988.0,487450.49834378064,255.02499916110196,7600.0,33.49873733520508,0.0002443856210447848,0.03864887356758118,0.02860582061111927,0.017027685418725014,0.04247899726033211,0.029159093275666237,3.1278157234191895,7.227877616882324,7.630624294281006,0.9706724286079407
1213,29801,67,4,2,plus,11,0.05,0.05,0.011665408499538898,0.012263506650924683,137487.0,160385280.0,1966885.9479904175,216.70413744505217,6458.0,38.7281608581543,0.0025844236370176077,0.0295098964124918,0.04058080539107323,0.046412743628025055,0.04167976975440979,0.04483244940638542,0.7273001670837402,9.898069381713867,9.137249946594238,0.9603471159934998
1213,29801,67,4,7,plus,11,0.05,0.05,0.009829248301684856,0.01033320464193821,4525.0,26109.751953125,269.7974100818865,27.817858461125464,829.0,4.61674165725708,0.003882353426888585,0.021245166659355164,0.026909608393907547,0.019780367612838745,0.019337840378284454,0.011820243671536446,1.170051097869873,1.0662606954574585,7.525685787200928,0.8699729442596436
1213,29801,68,4,1,plus,12,0.1,0.1,0.010890581645071507,0.012035954743623734,126133.0,47347672.0,569874.4374079406,257.3739136270595,7670.0,33.49873733520508,0.0002443856210447848,0.03864887356758118,0.02860582061111927,0.017027685418725014,0.04247899726033211,0.029159093275666237,3.1278157234191895,7.227877616882324,7.630624294281006,0.9706724286079407
1213,29801,68,4,2,plus,12,0.1,0.1,0.011665408499538898,0.01289227046072483,142695.0,177074112.0,2282887.3434966803,219.9926176973927,6556.0,38.7281608581543,0.0025844236370176077,0.0295098964124918,0.04058080539107323,0.046412743628025055,0.04167976975440979,0.04483244940638542,0.7273001670837402,9.898069381713867,9.137249946594238,0.9603471159934998
1213,29801,68,4,7,plus,12,0.1,0.1,0.009829248301684856,0.010862999595701694,4804.0,28906.185546875,314.0078819089813,28.925203852219724,862.0,4.61674165725708,0.003882353426888585,0.021245166659355164,0.026909608393907547,0.019780367612838745,0.019337840378284454,0.011820243671536446,1.170051097869873,1.0662606954574585,7.525685787200928,0.8699729442596436
1213,29801,69,4,1,center_duplicate,-1,0.0,0.0,0.010890581645071507,0.010890581645071507,120820.0,41058340.0,447149.20398110524,252.54186101137543,7526.0,33.49873733520508,0.0002443856210447848,0.03864887356758118,0.02860582061111927,0.017027685418725014,0.04247899726033211,0.029159093275666237,3.1278157234191895,7.227877616882324,7.630624294281006,0.9706724286079407
1213,29801,69,4,2,center_duplicate,-1,0.0,0.0,0.011665408499538898,0.011665408499538898,134027.0,148199616.0,1728809.060114801,214.35522297909463,6388.0,38.7281608581543,0.0025844236370176077,0.0295098964124918,0.04058080539107323,0.046412743628025055,0.04167976975440979,0.04483244940638542,0.7273001670837402,9.898069381713867,9.137249946594238,0.9603471159934998
1213,29801,69,4,7,center_duplicate,-1,0.0,0.0,0.009829248301684856,0.009829248301684856,4520.0,23811.013671875,234.04436569567224,26.777624911915705,798.0,4.61674165725708,0.003882353426888585,0.021245166659355164,0.026909608393907547,0.019780367612838745,0.019337840378284454,0.011820243671536446,1.170051097869873,1.0662606954574585,7.525685787200928,0.8699729442596436
1213,29801,70,5,1,minus,0,-0.1,0.1,0.012977655045688152,0.011742668226361275,7167.0,1214467.125,14261.084520697827,88.92319049696319,2650.0,24.337238311767578,0.002409239998087287,0.03230954334139824,0.022391311824321747,0.01260021235793829,0.024699371308088303,0.01829836703836918,7.951542377471924,8.247520446777344,4.818588733673096,0.26707765460014343
1213,29801,70,5,2,minus,0,-0.1,0.1,0.004819092340767384,0.004360495135188103,5896.0,1095949.75,4778.883553285617,58.1524109929197,1733.0,31.63585090637207,0.0015944018959999084,0.017833586782217026,0.01037081889808178,0.013387742452323437,0.014229283668100834,0.0478997603058815,6.824490547180176,1.2873531579971313,2.1796975135803223,0.67423015832901
1213,29801,70,5,7,minus,0,-0.1,0.1,0.012707182206213474,0.011497934348881245,68934.0,12387786.0,142433.9501559902,165.22935471964027,4924.0,26.436113357543945,0.0015469755744561553,0.037771038711071014,0.013894619420170784,0.02938656508922577,0.021010667085647583,0.04061645269393921,2.290356397628784,4.109940528869629,6.244213104248047,0.661459743976593
1213,29801,71,5,1,minus,1,-0.05,0.05,0.012977655045688152,0.012344727292656898,7420.0,1286438.0,15880.726288910955,90.03053588805744,2683.0,24.337238311767578,0.002409239998087287,0.03230954334139824,0.022391311824321747,0.01260021235793829,0.024699371308088303,0.01829836703836918,7.951542377471924,8.247520446777344,4.818588733673096,0.26707765460014343
1213,29801,71,5,2,minus,1,-0.05,0.05,0.004819092340767384,0.0045840623788535595,6123.0,1112524.75,5099.882852018462,59.058420858360456,1760.0,31.63585090637207,0.0015944018959999084,0.017833586782217026,0.01037081889808178,0.013387742452323437,0.014229283668100834,0.0478997603058815,6.824490547180176,1.2873531579971313,2.1796975135803223,0.67423015832901
1213,29801,71,5,7,minus,1,-0.05,0.05,0.012707182206213474,0.012087445706129074,71224.0,13805702.0,166875.67335999757,167.8467165531358,5002.0,26.436113357543945,0.0015469755744561553,0.037771038711071014,0.013894619420170784,0.02938656508922577,0.021010667085647583,0.04061645269393921,2.290356397628784,4.109940528869629,6.244213104248047,0.661459743976593
1213,29801,72,5,1,minus,2,-0.02,0.02,0.012977655045688152,0.012720680795609951,7355.0,1423883.875,18112.77226389118,90.6009865440757,2700.0,24.337238311767578,0.002409239998087287,0.03230954334139824,0.022391311824321747,0.01260021235793829,0.024699371308088303,0.01829836703836918,7.951542377471924,8.247520446777344,4.818588733673096,0.26707765460014343
1213,29801,72,5,2,minus,2,-0.02,0.02,0.004819092340767384,0.004723668098449707,6328.0,1149659.375,5430.609313771129,59.96443072380121,1787.0,31.63585090637207,0.0015944018959999084,0.017833586782217026,0.01037081889808178,0.013387742452323437,0.014229283668100834,0.0478997603058815,6.824490547180176,1.2873531579971313,2.1796975135803223,0.67423015832901
1213,29801,72,5,7,minus,2,-0.02,0.02,0.012707182206213474,0.012455563060939312,72887.0,14339264.0,178603.60699945688,169.55806852119056,5053.0,26.436113357543945,0.0015469755744561553,0.037771038711071014,0.013894619420170784,0.02938656508922577,0.021010667085647583,0.04061645269393921,2.290356397628784,4.109940528869629,6.244213104248047,0.661459743976593
1213,29801,73,5,1,minus,3,-0.01,0.01,0.012977655045688152,0.012848525308072567,7528.0,1299336.75,16694.561116083758,90.83587799067145,2707.0,24.337238311767578,0.002409239998087287,0.03230954334139824,0.022391311824321747,0.01260021235793829,0.024699371308088303,0.01829836703836918,7.951542377471924,8.247520446777344,4.818588733673096,0.26707765460014343
1213,29801,73,5,2,minus,3,-0.01,0.01,0.004819092340767384,0.004771141801029444,6438.0,1233215.125,5883.844232549251,60.29998993322371,1797.0,31.63585090637207,0.0015944018959999084,0.017833586782217026,0.01037081889808178,0.013387742452323437,0.014229283668100834,0.0478997603058815,6.824490547180176,1.2873531579971313,2.1796975135803223,0.67423015832901
1213,29801,73,5,7,minus,3,-0.01,0.01,0.012707182206213474,0.012580743990838528,73533.0,14406977.0,181250.48931889888,170.32985470286232,5076.0,26.436113357543945,0.0015469755744561553,0.037771038711071014,0.013894619420170784,0.02938656508922577,0.021010667085647583,0.04061645269393921,2.290356397628784,4.109940528869629,6.244213104248047,0.661459743976593
1213,29801,74,5,1,minus,4,-0.005,0.005,0.012977655045688152,0.012912928126752377,7453.0,1276763.25,16486.752082128776,90.9365457534982,2710.0,24.337238311767578,0.002409239998087287,0.03230954334139824,0.022391311824321747,0.01260021235793829,0.024699371308088303,0.01829836703836918,7.951542377471924,8.247520446777344,4.818588733673096,0.26707765460014343
1213,29801,74,5,2,minus,4,-0.005,0.005,0.004819092340767384,0.004795056767761707,6487.0,1303213.125,6248.980914867134,60.400657696050466,1800.0,31.63585090637207,0.0015944018959999084,0.017833586782217026,0.01037081889808178,0.013387742452323437,0.014229283668100834,0.0478997603058815,6.824490547180176,1.2873531579971313,2.1796975135803223,0.67423015832901
1213,29801,74,5,7,minus,4,-0.005,0.005,0.012707182206213474,0.012643804773688316,73788.0,14843071.0,187672.8919659946,170.63185799134257,5085.0,26.436113357543945,0.0015469755744561553,0.037771038711071014,0.013894619420170784,0.02938656508922577,0.021010667085647583,0.04061645269393921,2.290356397628784,4.109940528869629,6.244213104248047,0.661459743976593
1213,29801,75,5,1,minus,5,-0.0025,0.0025,0.012977655045688152,0.012945251539349556,7471.0,1362915.125,17643.279119909042,90.9365457534982,2710.0,24.337238311767578,0.002409239998087287,0.03230954334139824,0.022391311824321747,0.01260021235793829,0.024699371308088303,0.01829836703836918,7.951542377471924,8.247520446777344,4.818588733673096,0.26707765460014343
1213,29801,75,5,2,minus,5,-0.0025,0.0025,0.004819092340767384,0.004807059653103352,6472.0,1277507.25,6141.053558022017,60.36710177510821,1799.0,31.63585090637207,0.0015944018959999084,0.017833586782217026,0.01037081889808178,0.013387742452323437,0.014229283668100834,0.0478997603058815,6.824490547180176,1.2873531579971313,2.1796975135803223,0.67423015832901
1213,29801,75,5,7,minus,5,-0.0025,0.0025,0.012707182206213474,0.012675453908741474,74183.0,14726915.0,186670.33230045345,171.00097312170732,5096.0,26.436113357543945,0.0015469755744561553,0.037771038711071014,0.013894619420170784,0.02938656508922577,0.021010667085647583,0.04061645269393921,2.290356397628784,4.109940528869629,6.244213104248047,0.661459743976593
1213,29801,76,5,1,center,6,0.0,0.0,0.012977655045688152,0.012977655045688152,7429.0,1331833.375,17284.07411908463,91.0707694372672,2714.0,24.337238311767578,0.002409239998087287,0.03230954334139824,0.022391311824321747,0.01260021235793829,0.024699371308088303,0.01829836703836918,7.951542377471924,8.247520446777344,4.818588733673096,0.26707765460014343
1213,29801,76,5,2,center,6,0.0,0.0,0.004819092340767384,0.004819092340767384,6445.0,1253608.375,6041.254518284346,60.53488137981947,1804.0,31.63585090637207,0.0015944018959999084,0.017833586782217026,0.01037081889808178,0.013387742452323437,0.014229283668100834,0.0478997603058815,6.824490547180176,1.2873531579971313,2.1796975135803223,0.67423015832901
1213,29801,76,5,7,center,6,0.0,0.0,0.012707182206213474,0.012707182206213474,74133.0,14699202.0,186785.4380999375,170.93386127982282,5094.0,26.436113357543945,0.0015469755744561553,0.037771038711071014,0.013894619420170784,0.02938656508922577,0.021010667085647583,0.04061645269393921,2.290356397628784,4.109940528869629,6.244213104248047,0.661459743976593
1213,29801,77,5,1,plus,7,0.0025,0.0025,0.012977655045688152,0.013010140508413315,7435.0,1395618.125,18157.187902338337,91.0707694372672,2714.0,24.337238311767578,0.002409239998087287,0.03230954334139824,0.022391311824321747,0.01260021235793829,0.024699371308088303,0.01829836703836918,7.951542377471924,8.247520446777344,4.818588733673096,0.26707765460014343
1213,29801,77,5,2,plus,7,0.0025,0.0025,0.004819092340767384,0.0048311552964150906,6484.0,1247356.625,6026.173565387202,60.568437300761715,1805.0,31.63585090637207,0.0015944018959999084,0.017833586782217026,0.01037081889808178,0.013387742452323437,0.014229283668100834,0.0478997603058815,6.824490547180176,1.2873531579971313,2.1796975135803223,0.67423015832901
1213,29801,77,5,7,plus,7,0.0025,0.0025,0.012707182206213474,0.012738990597426891,74435.0,14759263.0,188018.1125819506,171.23586456830307,5103.0,26.436113357543945,0.0015469755744561553,0.037771038711071014,0.013894619420170784,0.02938656508922577,0.021010667085647583,0.04061645269393921,2.290356397628784,4.109940528869629,6.244213104248047,0.661459743976593
1213,29801,78,5,1,plus,8,0.005,0.005,0.012977655045688152,0.013042706064879894,7486.0,1409810.875,18387.74884969613,91.37277272574745,2723.0,24.337238311767578,0.002409239998087287,0.03230954334139824,0.022391311824321747,0.01260021235793829,0.024699371308088303,0.01829836703836918,7.951542377471924,8.247520446777344,4.818588733673096,0.26707765460014343
1213,29801,78,5,2,plus,8,0.005,0.005,0.004819092340767384,0.004843248054385185,6490.0,1253570.375,6071.352279753657,60.568437300761715,1805.0,31.63585090637207,0.0015944018959999084,0.017833586782217026,0.01037081889808178,0.013387742452323437,0.014229283668100834,0.0478997603058815,6.824490547180176,1.2873531579971313,2.1796975135803223,0.67423015832901
1213,29801,78,5,7,plus,8,0.005,0.005,0.012707182206213474,0.012770877219736576,74622.0,14914142.0,190466.6763197165,171.40364417301433,5108.0,26.436113357543945,0.0015469755744561553,0.037771038711071014,0.013894619420170784,0.02938656508922577,0.021010667085647583,0.04061645269393921,2.290356397628784,4.109940528869629,6.244213104248047,0.661459743976593
1213,29801,79,5,1,plus,9,0.01,0.01,0.012977655045688152,0.013108083046972752,7530.0,1444583.125,18935.71557075542,91.37277272574745,2723.0,24.337238311767578,0.002409239998087287,0.03230954334139824,0.022391311824321747,0.01260021235793829,0.024699371308088303,0.01829836703836918,7.951542377471924,8.247520446777344,4.818588733673096,0.26707765460014343
1213,29801,79,5,2,plus,9,0.01,0.01,0.004819092340767384,0.004867525305598974,6556.0,1320381.5,6426.990364294732,60.63554914264622,1807.0,31.63585090637207,0.0015944018959999084,0.017833586782217026,0.01037081889808178,0.013387742452323437,0.014229283668100834,0.0478997603058815,6.824490547180176,1.2873531579971313,2.1796975135803223,0.67423015832901
1213,29801,79,5,7,plus,9,0.01,0.01,0.012707182206213474,0.012834891676902771,75088.0,15116415.0,194017.5490681082,171.87342706620583,5122.0,26.436113357543945,0.0015469755744561553,0.037771038711071014,0.013894619420170784,0.02938656508922577,0.021010667085647583,0.04061645269393921,2.290356397628784,4.109940528869629,6.244213104248047,0.661459743976593
1213,29801,80,5,1,plus,10,0.02,0.02,0.012977655045688152,0.01323982048779726,7631.0,1471607.5,19483.819128496107,91.6747760142277,2732.0,24.337238311767578,0.002409239998087287,0.03230954334139824,0.022391311824321747,0.01260021235793829,0.024699371308088303,0.01829836703836918,7.951542377471924,8.247520446777344,4.818588733673096,0.26707765460014343
1213,29801,80,5,2,plus,10,0.02,0.02,0.004819092340767384,0.004916444420814514,6641.0,1311674.75,6448.776006560773,60.83688466829972,1813.0,31.63585090637207,0.0015944018959999084,0.017833586782217026,0.01037081889808178,0.013387742452323437,0.014229283668100834,0.0478997603058815,6.824490547180176,1.2873531579971313,2.1796975135803223,0.67423015832901
1213,29801,80,5,7,plus,10,0.02,0.02,0.012707182206213474,0.012963884510099888,75632.0,15754716.0,204242.31871342286,172.47743364316634,5140.0,26.436113357543945,0.0015469755744561553,0.037771038711071014,0.013894619420170784,0.02938656508922577,0.021010667085647583,0.04061645269393921,2.290356397628784,4.109940528869629,6.244213104248047,0.661459743976593
1213,29801,81,5,1,plus,11,0.05,0.05,0.012977655045688152,0.013643033802509308,7840.0,1512810.25,20639.321377532557,92.51367403778396,2757.0,24.337238311767578,0.002409239998087287,0.03230954334139824,0.022391311824321747,0.01260021235793829,0.024699371308088303,0.01829836703836918,7.951542377471924,8.247520446777344,4.818588733673096,0.26707765460014343
1213,29801,81,5,2,plus,11,0.05,0.05,0.004819092340767384,0.00506617221981287,6883.0,1313897.375,6656.430380910053,61.97778598033623,1847.0,31.63585090637207,0.0015944018959999084,0.017833586782217026,0.01037081889808178,0.013387742452323437,0.014229283668100834,0.0478997603058815,6.824490547180176,1.2873531579971313,2.1796975135803223,0.67423015832901
1213,29801,81,5,7,plus,11,0.05,0.05,0.012707182206213474,0.013358693569898605,77014.0,17096114.0,228381.74816205353,173.95389416462532,5184.0,26.436113357543945,0.0015469755744561553,0.037771038711071014,0.013894619420170784,0.02938656508922577,0.021010667085647583,0.04061645269393921,2.290356397628784,4.109940528869629,6.244213104248047,0.661459743976593
1213,29801,82,5,1,plus,12,0.1,0.1,0.012977655045688152,0.014342527836561203,8093.0,1631000.0,23392.662901431322,93.62101942887821,2790.0,24.337238311767578,0.002409239998087287,0.03230954334139824,0.022391311824321747,0.01260021235793829,0.024699371308088303,0.01829836703836918,7.951542377471924,8.247520446777344,4.818588733673096,0.26707765460014343
1213,29801,82,5,2,plus,12,0.1,0.1,0.004819092340767384,0.005325920879840851,7047.0,1392458.875,7416.125796682201,63.085131371430485,1880.0,31.63585090637207,0.0015944018959999084,0.017833586782217026,0.01037081889808178,0.013387742452323437,0.014229283668100834,0.0478997603058815,6.824490547180176,1.2873531579971313,2.1796975135803223,0.67423015832901
1213,29801,82,5,7,plus,12,0.1,0.1,0.012707182206213474,0.01404360868036747,79617.0,17688800.0,248414.5852252841,177.3430421797926,5285.0,26.436113357543945,0.0015469755744561553,0.037771038711071014,0.013894619420170784,0.02938656508922577,0.021010667085647583,0.04061645269393921,2.290356397628784,4.109940528869629,6.244213104248047,0.661459743976593
1213,29801,83,5,1,center_duplicate,-1,0.0,0.0,0.012977655045688152,0.012977655045688152,7429.0,1331833.375,17284.07411908463,91.0707694372672,2714.0,24.337238311767578,0.002409239998087287,0.03230954334139824,0.022391311824321747,0.01260021235793829,0.024699371308088303,0.01829836703836918,7.951542377471924,8.247520446777344,4.818588733673096,0.26707765460014343
1213,29801,83,5,2,center_duplicate,-1,0.0,0.0,0.004819092340767384,0.004819092340767384,6445.0,1253608.375,6041.254518284346,60.53488137981947,1804.0,31.63585090637207,0.0015944018959999084,0.017833586782217026,0.01037081889808178,0.013387742452323437,0.014229283668100834,0.0478997603058815,6.824490547180176,1.2873531579971313,2.1796975135803223,0.67423015832901
1213,29801,83,5,7,center_duplicate,-1,0.0,0.0,0.012707182206213474,0.012707182206213474,74133.0,14699202.0,186785.4380999375,170.93386127982282,5094.0,26.436113357543945,0.0015469755744561553,0.037771038711071014,0.013894619420170784,0.02938656508922577,0.021010667085647583,0.04061645269393921,2.290356397628784,4.109940528869629,6.244213104248047,0.661459743976593
1213,29801,84,6,1,minus,0,-0.1,0.1,0.018187135457992554,0.016456400975584984,8296.0,18018598.0,296521.27370587364,83.72202275091439,2495.0,96.47991180419922,0.004879876971244812,0.02411128394305706,0.015877479687333107,0.0440637469291687,0.04745238646864891,0.024348696693778038,1.7147413492202759,2.418577194213867,1.9084950685501099,0.6177399754524231
1213,29801,84,6,2,minus,0,-0.1,0.1,0.016054220497608185,0.014526459388434887,19290.0,52544540.0,763286.1263939925,99.89597664507902,2977.0,71.22661590576172,0.003998503088951111,0.03332260996103287,0.04898757115006447,0.019731642678380013,0.017863517627120018,0.013543943874537945,8.574448585510254,3.511550188064575,4.462161540985107,0.47644639015197754
1213,29801,84,6,7,minus,0,-0.1,0.1,0.01834116317331791,0.01659577153623104,29722.0,7522441.5,124840.72052866314,108.05006543404583,3220.0,18.03076934814453,0.0031880333553999662,0.013988914899528027,0.049588657915592194,0.04881652444601059,0.03754022717475891,0.029685191810131073,5.470731735229492,2.148503541946411,4.848639011383057,0.7454955577850342
1213,29801,85,6,1,minus,1,-0.05,0.05,0.018187135457992554,0.017300138249993324,8394.0,20398568.0,352898.0465018898,84.2589174859904,2511.0,96.47991180419922,0.004879876971244812,0.02411128394305706,0.015877479687333107,0.0440637469291687,0.04745238646864891,0.024348696693778038,1.7147413492202759,2.418577194213867,1.9084950685501099,0.6177399754524231
1213,29801,85,6,2,minus,1,-0.05,0.05,0.016054220497608185,0.015271247364580631,19458.0,59183956.0,903812.832090456,100.36575953827052,2991.0,71.22661590576172,0.003998503088951111,0.03332260996103287,0.04898757115006447,0.019731642678380013,0.017863517627120018,0.013543943874537945,8.574448585510254,3.511550188064575,4.462161540985107,0.47644639015197754
1213,29801,85,6,7,minus,1,-0.05,0.05,0.01834116317331791,0.01744665391743183,30363.0,8270627.0,144294.76694916748,109.42585819267809,3261.0,18.03076934814453,0.0031880333553999662,0.013988914899528027,0.049588657915592194,0.04881652444601059,0.03754022717475891,0.029685191810131073,5.470731735229492,2.148503541946411,4.848639011383057,0.7454955577850342
1213,29801,86,6,1,minus,2,-0.02,0.02,0.018187135457992554,0.017827006056904793,8830.0,21229242.0,378453.8257174976,84.4602530116439,2517.0,96.47991180419922,0.004879876971244812,0.02411128394305706,0.015877479687333107,0.0440637469291687,0.04745238646864891,0.024348696693778038,1.7147413492202759,2.418577194213867,1.9084950685501099,0.6177399754524231
1213,29801,86,6,2,minus,2,-0.02,0.02,0.016054220497608185,0.015736326575279236,19489.0,65064712.0,1023879.5565584898,100.53353914298177,2996.0,71.22661590576172,0.003998503088951111,0.03332260996103287,0.04898757115006447,0.019731642678380013,0.017863517627120018,0.013543943874537945,8.574448585510254,3.511550188064575,4.462161540985107,0.47644639015197754
1213,29801,86,6,7,minus,2,-0.02,0.02,0.01834116317331791,0.017977984622120857,31120.0,8394059.0,150908.26361917518,110.73453910942585,3300.0,18.03076934814453,0.0031880333553999662,0.013988914899528027,0.049588657915592194,0.04881652444601059,0.03754022717475891,0.029685191810131073,5.470731735229492,2.148503541946411,4.848639011383057,0.7454955577850342
1213,29801,87,6,1,minus,3,-0.01,0.01,0.018187135457992554,0.01800617016851902,8982.0,21175396.0,381287.783761777,84.62803261635516,2522.0,96.47991180419922,0.004879876971244812,0.02411128394305706,0.015877479687333107,0.0440637469291687,0.04745238646864891,0.024348696693778038,1.7147413492202759,2.418577194213867,1.9084950685501099,0.6177399754524231
1213,29801,87,6,2,minus,3,-0.01,0.01,0.016054220497608185,0.01589447818696499,19673.0,66998416.0,1064904.861673206,100.93621019428878,3008.0,71.22661590576172,0.003998503088951111,0.03332260996103287,0.04898757115006447,0.019731642678380013,0.017863517627120018,0.013543943874537945,8.574448585510254,3.511550188064575,4.462161540985107,0.47644639015197754
1213,29801,87,6,7,minus,3,-0.01,0.01,0.01834116317331791,0.01815866492688656,31237.0,8671094.0,157455.49049553648,110.9694305560216,3307.0,18.03076934814453,0.0031880333553999662,0.013988914899528027,0.049588657915592194,0.04881652444601059,0.03754022717475891,0.029685191810131073,5.470731735229492,2.148503541946411,4.848639011383057,0.7454955577850342
1213,29801,88,6,1,minus,4,-0.005,0.005,0.018187135457992554,0.018096426501870155,8945.0,21316528.0,385752.9822270572,84.82936814200865,2528.0,96.47991180419922,0.004879876971244812,0.02411128394305706,0.015877479687333107,0.0440637469291687,0.04745238646864891,0.024348696693778038,1.7147413492202759,2.418577194213867,1.9084950685501099,0.6177399754524231
1213,29801,88,6,2,minus,4,-0.005,0.005,0.016054220497608185,0.015974149107933044,19624.0,68346680.0,1091780.0573521852,100.90265427334653,3007.0,71.22661590576172,0.003998503088951111,0.03332260996103287,0.04898757115006447,0.019731642678380013,0.017863517627120018,0.013543943874537945,8.574448585510254,3.511550188064575,4.462161540985107,0.47644639015197754
1213,29801,88,6,7,minus,4,-0.005,0.005,0.01834116317331791,0.018249686807394028,31198.0,8765811.0,159973.30536280945,111.00298647696386,3308.0,18.03076934814453,0.0031880333553999662,0.013988914899528027,0.049588657915592194,0.04881652444601059,0.03754022717475891,0.029685191810131073,5.470731735229492,2.148503541946411,4.848639011383057,0.7454955577850342
1213,29801,89,6,1,minus,5,-0.0025,0.0025,0.018187135457992554,0.018141724169254303,9045.0,21665004.0,393040.52669379115,84.7958122210664,2527.0,96.47991180419922,0.004879876971244812,0.02411128394305706,0.015877479687333107,0.0440637469291687,0.04745238646864891,0.024348696693778038,1.7147413492202759,2.418577194213867,1.9084950685501099,0.6177399754524231
1213,29801,89,6,2,minus,5,-0.0025,0.0025,0.016054220497608185,0.016014134511351585,19687.0,69481848.0,1112691.6599692851,100.93621019428878,3008.0,71.22661590576172,0.003998503088951111,0.03332260996103287,0.04898757115006447,0.019731642678380013,0.017863517627120018,0.013543943874537945,8.574448585510254,3.511550188064575,4.462161540985107,0.47644639015197754
1213,29801,89,6,7,minus,5,-0.0025,0.0025,0.01834116317331791,0.018295366317033768,31186.0,8719979.0,159535.2100818418,111.13721016073285,3312.0,18.03076934814453,0.0031880333553999662,0.013988914899528027,0.049588657915592194,0.04881652444601059,0.03754022717475891,0.029685191810131073,5.470731735229492,2.148503541946411,4.848639011383057,0.7454955577850342
1213,29801,90,6,1,center,6,0.0,0.0,0.018187135457992554,0.018187135457992554,9084.0,21487792.0,390801.38379716873,84.82936814200865,2528.0,96.47991180419922,0.004879876971244812,0.02411128394305706,0.015877479687333107,0.0440637469291687,0.04745238646864891,0.024348696693778038,1.7147413492202759,2.418577194213867,1.9084950685501099,0.6177399754524231
1213,29801,90,6,2,center,6,0.0,0.0,0.016054220497608185,0.016054220497608185,19750.0,69546992.0,1116522.7445133924,101.10398979900003,3013.0,71.22661590576172,0.003998503088951111,0.03332260996103287,0.04898757115006447,0.019731642678380013,0.017863517627120018,0.013543943874537945,8.574448585510254,3.511550188064575,4.462161540985107,0.47644639015197754
1213,29801,90,6,7,center,6,0.0,0.0,0.01834116317331791,0.01834116317331791,31311.0,8548881.0,156796.42137027718,111.3049897654441,3317.0,18.03076934814453,0.0031880333553999662,0.013988914899528027,0.049588657915592194,0.04881652444601059,0.03754022717475891,0.029685191810131073,5.470731735229492,2.148503541946411,4.848639011383057,0.7454955577850342
1213,29801,91,6,1,plus,7,0.0025,0.0025,0.018187135457992554,0.018232660368084908,9061.0,21018314.0,383219.78067176417,84.89647998389316,2530.0,96.47991180419922,0.004879876971244812,0.02411128394305706,0.015877479687333107,0.0440637469291687,0.04745238646864891,0.024348696693778038,1.7147413492202759,2.418577194213867,1.9084950685501099,0.6177399754524231
1213,29801,91,6,2,plus,7,0.0025,0.0025,0.016054220497608185,0.016094407066702843,19676.0,69520016.0,1118883.4367876947,100.96976611523102,3009.0,71.22661590576172,0.003998503088951111,0.03332260996103287,0.04898757115006447,0.019731642678380013,0.017863517627120018,0.013543943874537945,8.574448585510254,3.511550188064575,4.462161540985107,0.47644639015197754
1213,29801,91,6,7,plus,7,0.0025,0.0025,0.01834116317331791,0.018387073650956154,31485.0,8363245.0,153775.6017759908,111.50632529109761,3323.0,18.03076934814453,0.0031880333553999662,0.013988914899528027,0.049588657915592194,0.04881652444601059,0.03754022717475891,0.029685191810131073,5.470731735229492,2.148503541946411,4.848639011383057,0.7454955577850342
1213,29801,92,6,1,plus,8,0.005,0.005,0.018187135457992554,0.018278298899531364,8951.0,21866810.0,399688.08915926144,84.96359182577766,2532.0,96.47991180419922,0.004879876971244812,0.02411128394305706,0.015877479687333107,0.0440637469291687,0.04745238646864891,0.024348696693778038,1.7147413492202759,2.418577194213867,1.9084950685501099,0.6177399754524231
1213,29801,92,6,2,plus,8,0.005,0.005,0.016054220497608185,0.01613469235599041,19716.0,70472568.0,1137053.2042166144,101.03687795711552,3011.0,71.22661590576172,0.003998503088951111,0.03332260996103287,0.04898757115006447,0.019731642678380013,0.017863517627120018,0.013543943874537945,8.574448585510254,3.511550188064575,4.462161540985107,0.47644639015197754
1213,29801,92,6,7,plus,8,0.005,0.005,0.01834116317331791,0.0184330977499485,31615.0,8534490.0,157317.088415958,111.70766081675112,3329.0,18.03076934814453,0.0031880333553999662,0.013988914899528027,0.049588657915592194,0.04881652444601059,0.03754022717475891,0.029685191810131073,5.470731735229492,2.148503541946411,4.848639011383057,0.7454955577850342
1213,29801,93,6,1,plus,9,0.01,0.01,0.018187135457992554,0.018369918689131737,8869.0,23031292.0,423082.96134565026,84.76225630012415,2526.0,96.47991180419922,0.004879876971244812,0.02411128394305706,0.015877479687333107,0.0440637469291687,0.04745238646864891,0.024348696693778038,1.7147413492202759,2.418577194213867,1.9084950685501099,0.6177399754524231
1213,29801,93,6,2,plus,9,0.01,0.01,0.016054220497608185,0.016215568408370018,19743.0,70758808.0,1147394.2916187197,101.13754571994228,3014.0,71.22661590576172,0.003998503088951111,0.03332260996103287,0.04898757115006447,0.019731642678380013,0.017863517627120018,0.013543943874537945,8.574448585510254,3.511550188064575,4.462161540985107,0.47644639015197754
1213,29801,93,6,7,plus,9,0.01,0.01,0.01834116317331791,0.018525494262576103,31546.0,8686750.0,160926.33728543296,111.67410489580885,3328.0,18.03076934814453,0.0031880333553999662,0.013988914899528027,0.049588657915592194,0.04881652444601059,0.03754022717475891,0.029685191810131073,5.470731735229492,2.148503541946411,4.848639011383057,0.7454955577850342
1213,29801,94,6,1,plus,10,0.02,0.02,0.018187135457992554,0.01855454035103321,8956.0,22630538.0,419899.2304865904,85.03070366766215,2534.0,96.47991180419922,0.004879876971244812,0.02411128394305706,0.015877479687333107,0.0440637469291687,0.04745238646864891,0.024348696693778038,1.7147413492202759,2.418577194213867,1.9084950685501099,0.6177399754524231
1213,29801,94,6,2,plus,10,0.02,0.02,0.016054220497608185,0.016378536820411682,19831.0,71679264.0,1174001.4646840096,101.33888124559577,3020.0,71.22661590576172,0.003998503088951111,0.03332260996103287,0.04898757115006447,0.019731642678380013,0.017863517627120018,0.013543943874537945,8.574448585510254,3.511550188064575,4.462161540985107,0.47644639015197754
1213,29801,94,6,7,plus,10,0.02,0.02,0.01834116317331791,0.018711678683757782,31883.0,8957285.0,167605.83879884332,112.17744370994261,3343.0,18.03076934814453,0.0031880333553999662,0.013988914899528027,0.049588657915592194,0.04881652444601059,0.03754022717475891,0.029685191810131073,5.470731735229492,2.148503541946411,4.848639011383057,0.7454955577850342
1213,29801,95,6,1,plus,11,0.05,0.05,0.018187135457992554,0.019119609147310257,8910.0,23862480.0,456241.29088550806,85.3327069561424,2543.0,96.47991180419922,0.004879876971244812,0.02411128394305706,0.015877479687333107,0.0440637469291687,0.04745238646864891,0.024348696693778038,1.7147413492202759,2.418577194213867,1.9084950685501099,0.6177399754524231
1213,29801,95,6,2,plus,11,0.05,0.05,0.016054220497608185,0.01687733829021454,20045.0,76139504.0,1285032.166257143,101.67444045501828,3030.0,71.22661590576172,0.003998503088951111,0.03332260996103287,0.04898757115006447,0.019731642678380013,0.017863517627120018,0.013543943874537945,8.574448585510254,3.511550188064575,4.462161540985107,0.47644639015197754
1213,29801,95,6,7,plus,11,0.05,0.05,0.01834116317331791,0.019281534478068352,32204.0,9668177.0,186417.28816556744,113.15056541726787,3372.0,18.03076934814453,0.0031880333553999662,0.013988914899528027,0.049588657915592194,0.04881652444601059,0.03754022717475891,0.029685191810131073,5.470731735229492,2.148503541946411,4.848639011383057,0.7454955577850342
1213,29801,96,6,1,plus,12,0.1,0.1,0.018187135457992554,0.02009989321231842,9223.0,28744230.0,577755.9534703195,85.76893392839166,2556.0,96.47991180419922,0.004879876971244812,0.02411128394305706,0.015877479687333107,0.0440637469291687,0.04745238646864891,0.024348696693778038,1.7147413492202759,2.418577194213867,1.9084950685501099,0.6177399754524231
1213,29801,96,6,2,plus,12,0.1,0.1,0.016054220497608185,0.017742658033967018,20274.0,85647208.0,1519609.1231080443,102.31200295292103,3049.0,71.22661590576172,0.003998503088951111,0.03332260996103287,0.04898757115006447,0.019731642678380013,0.017863517627120018,0.013543943874537945,8.574448585510254,3.511550188064575,4.462161540985107,0.47644639015197754
1213,29801,96,6,7,plus,12,0.1,0.1,0.01834116317331791,0.020270120352506638,32946.0,10383640.0,210477.63249710202,114.35857857118887,3408.0,18.03076934814453,0.0031880333553999662,0.013988914899528027,0.049588657915592194,0.04881652444601059,0.03754022717475891,0.029685191810131073,5.470731735229492,2.148503541946411,4.848639011383057,0.7454955577850342
1213,29801,97,6,1,center_duplicate,-1,0.0,0.0,0.018187135457992554,0.018187135457992554,9084.0,21487792.0,390801.38379716873,84.82936814200865,2528.0,96.47991180419922,0.004879876971244812,0.02411128394305706,0.015877479687333107,0.0440637469291687,0.04745238646864891,0.024348696693778038,1.7147413492202759,2.418577194213867,1.9084950685501099,0.6177399754524231
1213,29801,97,6,2,center_duplicate,-1,0.0,0.0,0.016054220497608185,0.016054220497608185,19750.0,69546992.0,1116522.7445133924,101.10398979900003,3013.0,71.22661590576172,0.003998503088951111,0.03332260996103287,0.04898757115006447,0.019731642678380013,0.017863517627120018,0.013543943874537945,8.574448585510254,3.511550188064575,4.462161540985107,0.47644639015197754
1213,29801,97,6,7,center_duplicate,-1,0.0,0.0,0.01834116317331791,0.01834116317331791,31311.0,8548881.0,156796.42137027718,111.3049897654441,3317.0,18.03076934814453,0.0031880333553999662,0.013988914899528027,0.049588657915592194,0.04881652444601059,0.03754022717475891,0.029685191810131073,5.470731735229492,2.148503541946411,4.848639011383057,0.7454955577850342
1213,29801,98,7,1,minus,0,-0.1,0.1,0.005644886288791895,0.005107704550027847,8262.0,6281378.0,32083.42299104482,91.10432535820945,2715.0,52.32191848754883,0.001907689031213522,0.028657300397753716,0.013177522458136082,0.02046092227101326,0.031077144667506218,0.049670636653900146,6.481612205505371,0.2743898928165436,1.009099006652832,0.3861621022224426
1213,29801,98,7,2,minus,0,-0.1,0.1,0.01847972720861435,0.016721148043870926,1295.0,77.19742584228516,1.2908295861145973,21.945572296231667,654.0,1.9274224042892456,0.0006420366116799414,0.020790288224816322,0.027660297229886055,0.02674812823534012,0.03037550114095211,0.03694647178053856,4.407487869262695,6.496186256408691,3.348017930984497,0.552773118019104
1213,29801,98,7,7,minus,0,-0.1,0.1,0.006495960056781769,0.005877787712961435,12502.0,5914722.0,34765.48029718269,74.02436159860407,2206.0,81.40618896484375,0.0025993387680500746,0.016788994893431664,0.04067101329565048,0.03674013912677765,0.012556415051221848,0.04945344105362892,7.4825053215026855,6.3737263679504395,0.6165230870246887,0.23225137591362
1213,29801,99,7,1,minus,1,-0.05,0.05,0.005644886288791895,0.005369582213461399,8736.0,6639437.5,35651.00550738862,93.31901614039796,2781.0,52.32191848754883,0.001907689031213522,0.028657300397753716,0.013177522458136082,0.02046092227101326,0.031077144667506218,0.049670636653900146,6.481612205505371,0.2743898928165436,1.009099006652832,0.3861621022224426
1213,29801,99,7,2,minus,1,-0.05,0.05,0.01847972720861435,0.01757846027612686,1275.0,-220.78868103027344,-3.881125058909106,23.08647360826818,688.0,1.9274224042892456,0.0006420366116799414,0.020790288224816322,0.027660297229886055,0.02674812823534012,0.03037550114095211,0.03694647178053856,4.407487869262695,6.496186256408691,3.348017930984497,0.552773118019104
1213,29801,99,7,7,minus,1,-0.05,0.05,0.006495960056781769,0.006179148331284523,12932.0,6650829.0,41096.45891700871,75.50082212006308,2250.0,81.40618896484375,0.0025993387680500746,0.016788994893431664,0.04067101329565048,0.03674013912677765,0.012556415051221848,0.04945344105362892,7.4825053215026855,6.3737263679504395,0.6165230870246887,0.23225137591362
1213,29801,100,7,1,minus,2,-0.02,0.02,0.005644886288791895,0.00553310988470912,8825.0,7872889.5,43561.56271367264,94.22502600583873,2808.0,52.32191848754883,0.001907689031213522,0.028657300397753716,0.013177522458136082,0.02046092227101326,0.031077144667506218,0.049670636653900146,6.481612205505371,0.2743898928165436,1.009099006652832,0.3861621022224426
1213,29801,100,7,2,minus,2,-0.02,0.02,0.01847972720861435,0.01811380498111248,1302.0,77.13801574707031,1.3972629738724152,23.65692426428643,705.0,1.9274224042892456,0.0006420366116799414,0.020790288224816322,0.027660297229886055,0.02674812823534012,0.03037550114095211,0.03694647178053856,4.407487869262695,6.496186256408691,3.348017930984497,0.552773118019104
1213,29801,100,7,7,minus,2,-0.02,0.02,0.006495960056781769,0.006367331370711327,12889.0,6719623.5,42786.06951091904,75.66860172477433,2255.0,81.40618896484375,0.0025993387680500746,0.016788994893431664,0.04067101329565048,0.03674013912677765,0.012556415051221848,0.04945344105362892,7.4825053215026855,6.3737263679504395,0.6165230870246887,0.23225137591362
1213,29801,101,7,1,minus,3,-0.01,0.01,0.005644886288791895,0.005588718689978123,8992.0,7806157.0,43626.41552280355,94.59414113620348,2819.0,52.32191848754883,0.001907689031213522,0.028657300397753716,0.013177522458136082,0.02046092227101326,0.031077144667506218,0.049670636653900146,6.481612205505371,0.2743898928165436,1.009099006652832,0.3861621022224426
1213,29801,101,7,2,minus,3,-0.01,0.01,0.01847972720861435,0.018295850604772568,1302.0,203.9931640625,3.7322284540823603,23.858259789939932,711.0,1.9274224042892456,0.0006420366116799414,0.020790288224816322,0.027660297229886055,0.02674812823534012,0.03037550114095211,0.03694647178053856,4.407487869262695,6.496186256408691,3.348017930984497,0.552773118019104
1213,29801,101,7,7,minus,3,-0.01,0.01,0.006495960056781769,0.006431324407458305,12927.0,6678828.0,42953.70952961594,75.80282540854333,2259.0,81.40618896484375,0.0025993387680500746,0.016788994893431664,0.04067101329565048,0.03674013912677765,0.012556415051221848,0.04945344105362892,7.4825053215026855,6.3737263679504395,0.6165230870246887,0.23225137591362
1213,29801,102,7,1,minus,4,-0.005,0.005,0.005644886288791895,0.005616732407361269,9014.0,7733594.0,43437.528045174666,94.59414113620348,2819.0,52.32191848754883,0.001907689031213522,0.028657300397753716,0.013177522458136082,0.02046092227101326,0.031077144667506218,0.049670636653900146,6.481612205505371,0.2743898928165436,1.009099006652832,0.3861621022224426
1213,29801,102,7,2,minus,4,-0.005,0.005,0.01847972720861435,0.018387557938694954,1307.0,197.75726318359375,3.6362731345860766,24.026039394651185,716.0,1.9274224042892456,0.0006420366116799414,0.020790288224816322,0.027660297229886055,0.02674812823534012,0.03037550114095211,0.03694647178053856,4.407487869262695,6.496186256408691,3.348017930984497,0.552773118019104
1213,29801,102,7,7,minus,4,-0.005,0.005,0.006495960056781769,0.0064635612070560455,13086.0,6902674.5,44615.859123134986,75.97060501325458,2264.0,81.40618896484375,0.0025993387680500746,0.016788994893431664,0.04067101329565048,0.03674013912677765,0.012556415051221848,0.04945344105362892,7.4825053215026855,6.3737263679504395,0.6165230870246887,0.23225137591362
1213,29801,103,7,1,minus,5,-0.0025,0.0025,0.005644886288791895,0.005630791652947664,8957.0,7987744.5,44977.325056478614,94.62769705714572,2820.0,52.32191848754883,0.001907689031213522,0.028657300397753716,0.013177522458136082,0.02046092227101326,0.031077144667506218,0.049670636653900146,6.481612205505371,0.2743898928165436,1.009099006652832,0.3861621022224426
1213,29801,103,7,2,minus,5,-0.0025,0.0025,0.01847972720861435,0.0184335857629776,1306.0,142.09410095214844,2.6193037963146253,24.126707157477934,719.0,1.9274224042892456,0.0006420366116799414,0.020790288224816322,0.027660297229886055,0.02674812823534012,0.03037550114095211,0.03694647178053856,4.407487869262695,6.496186256408691,3.348017930984497,0.552773118019104
1213,29801,103,7,7,minus,5,-0.0025,0.0025,0.006495960056781769,0.006479740142822266,13179.0,7019093.0,45481.898678302765,76.27260830173483,2273.0,81.40618896484375,0.0025993387680500746,0.016788994893431664,0.04067101329565048,0.03674013912677765,0.012556415051221848,0.04945344105362892,7.4825053215026855,6.3737263679504395,0.6165230870246887,0.23225137591362
1213,29801,104,7,1,center,6,0.0,0.0,0.005644886288791895,0.005644886288791895,9023.0,7970055.0,44990.054190417286,94.96325626656822,2830.0,52.32191848754883,0.001907689031213522,0.028657300397753716,0.013177522458136082,0.02046092227101326,0.031077144667506218,0.049670636653900146,6.481612205505371,0.2743898928165436,1.009099006652832,0.3861621022224426
1213,29801,104,7,2,center,6,0.0,0.0,0.01847972720861435,0.01847972720861435,1302.0,247.40322875976562,4.571944178010881,24.260930841246935,723.0,1.9274224042892456,0.0006420366116799414,0.020790288224816322,0.027660297229886055,0.02674812823534012,0.03037550114095211,0.03694647178053856,4.407487869262695,6.496186256408691,3.348017930984497,0.552773118019104
1213,29801,104,7,7,center,6,0.0,0.0,0.006495960056781769,0.006495960056781769,13182.0,7128934.5,46309.27375941351,76.23905238079259,2272.0,81.40618896484375,0.0025993387680500746,0.016788994893431664,0.04067101329565048,0.03674013912677765,0.012556415051221848,0.04945344105362892,7.4825053215026855,6.3737263679504395,0.6165230870246887,0.23225137591362
1213,29801,105,7,1,plus,7,0.0025,0.0025,0.005644886288791895,0.005659016314893961,9007.0,8075607.0,45699.991765671875,95.09747995033723,2834.0,52.32191848754883,0.001907689031213522,0.028657300397753716,0.013177522458136082,0.02046092227101326,0.031077144667506218,0.049670636653900146,6.481612205505371,0.2743898928165436,1.009099006652832,0.3861621022224426
1213,29801,105,7,2,plus,7,0.0025,0.0025,0.01847972720861435,0.01852598413825035,1310.0,399.8209533691406,7.407076640256832,24.462266366900437,729.0,1.9274224042892456,0.0006420366116799414,0.020790288224816322,0.027660297229886055,0.02674812823534012,0.03037550114095211,0.03694647178053856,4.407487869262695,6.496186256408691,3.348017930984497,0.552773118019104
1213,29801,105,7,7,plus,7,0.0025,0.0025,0.006495960056781769,0.006512220483273268,13209.0,6932233.5,45144.232993533136,76.27260830173483,2273.0,81.40618896484375,0.0025993387680500746,0.016788994893431664,0.04067101329565048,0.03674013912677765,0.012556415051221848,0.04945344105362892,7.4825053215026855,6.3737263679504395,0.6165230870246887,0.23225137591362
1213,29801,106,7,1,plus,8,0.005,0.005,0.005644886288791895,0.005673181265592575,9006.0,8007587.5,45428.495387593284,95.16459179222173,2836.0,52.32191848754883,0.001907689031213522,0.028657300397753716,0.013177522458136082,0.02046092227101326,0.031077144667506218,0.049670636653900146,6.481612205505371,0.2743898928165436,1.009099006652832,0.3861621022224426
1213,29801,106,7,2,plus,8,0.005,0.005,0.01847972720861435,0.018572356551885605,1323.0,399.859130859375,7.426326348847397,24.49582228784269,730.0,1.9274224042892456,0.0006420366116799414,0.020790288224816322,0.027660297229886055,0.02674812823534012,0.03037550114095211,0.03694647178053856,4.407487869262695,6.496186256408691,3.348017930984497,0.552773118019104
1213,29801,106,7,7,plus,8,0.005,0.005,0.006495960056781769,0.006528520956635475,13230.0,6854124.5,44747.29543763865,76.23905238079259,2272.0,81.40618896484375,0.0025993387680500746,0.016788994893431664,0.04067101329565048,0.03674013912677765,0.012556415051221848,0.04945344105362892,7.4825053215026855,6.3737263679504395,0.6165230870246887,0.23225137591362
1213,29801,107,7,1,plus,9,0.01,0.01,0.005644886288791895,0.005701618269085884,9012.0,7902440.5,45056.69912516419,95.16459179222173,2836.0,52.32191848754883,0.001907689031213522,0.028657300397753716,0.013177522458136082,0.02046092227101326,0.031077144667506218,0.049670636653900146,6.481612205505371,0.2743898928165436,1.009099006652832,0.3861621022224426
1213,29801,107,7,2,plus,9,0.01,0.01,0.01847972720861435,0.018665451556444168,1321.0,397.95916748046875,7.428087562049541,24.63004597161169,734.0,1.9274224042892456,0.0006420366116799414,0.020790288224816322,0.027660297229886055,0.02674812823534012,0.03037550114095211,0.03694647178053856,4.407487869262695,6.496186256408691,3.348017930984497,0.552773118019104
1213,29801,107,7,7,plus,9,0.01,0.01,0.006495960056781769,0.006561245769262314,13123.0,7149100.5,46907.00540965609,76.20549645985034,2271.0,81.40618896484375,0.0025993387680500746,0.016788994893431664,0.04067101329565048,0.03674013912677765,0.012556415051221848,0.04945344105362892,7.4825053215026855,6.3737263679504395,0.6165230870246887,0.23225137591362
1213,29801,108,7,1,plus,10,0.02,0.02,0.005644886288791895,0.005758920684456825,9036.0,8393931.0,48339.982859803364,95.36592731787523,2842.0,52.32191848754883,0.001907689031213522,0.028657300397753716,0.013177522458136082,0.02046092227101326,0.031077144667506218,0.049670636653900146,6.481612205505371,0.2743898928165436,1.009099006652832,0.3861621022224426
1213,29801,108,7,2,plus,10,0.02,0.02,0.01847972720861435,0.018853042274713516,1356.0,361.5475158691406,6.816270600998564,24.79782557632294,739.0,1.9274224042892456,0.0006420366116799414,0.020790288224816322,0.027660297229886055,0.02674812823534012,0.03037550114095211,0.03694647178053856,4.407487869262695,6.496186256408691,3.348017930984497,0.552773118019104
1213,29801,108,7,7,plus,10,0.02,0.02,0.006495960056781769,0.006627187132835388,13116.0,7105129.0,47087.01948593557,76.23905238079259,2272.0,81.40618896484375,0.0025993387680500746,0.016788994893431664,0.04067101329565048,0.03674013912677765,0.012556415051221848,0.04945344105362892,7.4825053215026855,6.3737263679504395,0.6165230870246887,0.23225137591362
1213,29801,109,7,1,plus,11,0.05,0.05,0.005644886288791895,0.005934305489063263,9231.0,8814118.0,52305.66882865131,95.90282205295124,2858.0,52.32191848754883,0.001907689031213522,0.028657300397753716,0.013177522458136082,0.02046092227101326,0.031077144667506218,0.049670636653900146,6.481612205505371,0.2743898928165436,1.009099006652832,0.3861621022224426
1213,29801,109,7,2,plus,11,0.05,0.05,0.01847972720861435,0.01942720264196396,1403.0,1527.943115234375,29.68366052505189,25.703835441763697,766.0,1.9274224042892456,0.0006420366116799414,0.020790288224816322,0.027660297229886055,0.02674812823534012,0.03037550114095211,0.03694647178053856,4.407487869262695,6.496186256408691,3.348017930984497,0.552773118019104
1213,29801,109,7,7,plus,11,0.05,0.05,0.006495960056781769,0.006829014979302883,13581.0,7079851.5,48348.411944739986,77.41350961377134,2307.0,81.40618896484375,0.0025993387680500746,0.016788994893431664,0.04067101329565048,0.03674013912677765,0.012556415051221848,0.04945344105362892,7.4825053215026855,6.3737263679504395,0.6165230870246887,0.23225137591362
1213,29801,110,7,1,plus,12,0.1,0.1,0.005644886288791895,0.006238564383238554,9538.0,9447641.0,58939.716648224276,97.5470621791215,2907.0,52.32191848754883,0.001907689031213522,0.028657300397753716,0.013177522458136082,0.02046092227101326,0.031077144667506218,0.049670636653900146,6.481612205505371,0.2743898928165436,1.009099006652832,0.3861621022224426
1213,29801,110,7,2,plus,12,0.1,0.1,0.01847972720861435,0.02042325772345066,1513.0,2125.626220703125,43.412212129144336,26.978960437569206,804.0,1.9274224042892456,0.0006420366116799414,0.020790288224816322,0.027660297229886055,0.02674812823534012,0.03037550114095211,0.03694647178053856,4.407487869262695,6.496186256408691,3.348017930984497,0.552773118019104
1213,29801,110,7,7,plus,12,0.1,0.1,0.006495960056781769,0.007179146632552147,13739.0,8058141.5,57850.579414353706,78.28596355826986,2333.0,81.40618896484375,0.0025993387680500746,0.016788994893431664,0.04067101329565048,0.03674013912677765,0.012556415051221848,0.04945344105362892,7.4825053215026855,6.3737263679504395,0.6165230870246887,0.23225137591362
1213,29801,111,7,1,center_duplicate,-1,0.0,0.0,0.005644886288791895,0.005644886288791895,9023.0,7970055.0,44990.054190417286,94.96325626656822,2830.0,52.32191848754883,0.001907689031213522,0.028657300397753716,0.013177522458136082,0.02046092227101326,0.031077144667506218,0.049670636653900146,6.481612205505371,0.2743898928165436,1.009099006652832,0.3861621022224426
1213,29801,111,7,2,center_duplicate,-1,0.0,0.0,0.01847972720861435,0.01847972720861435,1302.0,247.40322875976562,4.571944178010881,24.260930841246935,723.0,1.9274224042892456,0.0006420366116799414,0.020790288224816322,0.027660297229886055,0.02674812823534012,0.03037550114095211,0.03694647178053856,4.407487869262695,6.496186256408691,3.348017930984497,0.552773118019104
1213,29801,111,7,7,center_duplicate,-1,0.0,0.0,0.006495960056781769,0.006495960056781769,13182.0,7128934.5,46309.27375941351,76.23905238079259,2272.0,81.40618896484375,0.0025993387680500746,0.016788994893431664,0.04067101329565048,0.03674013912677765,0.012556415051221848,0.04945344105362892,7.4825053215026855,6.3737263679504395,0.6165230870246887,0.23225137591362
